onset	duration	sample	trial_type	value	stimulus_index	PicIDs_Encoding1	PicIDs_Encoding2	PicIDs_Encoding3	PicIDs_Probe	loads	probe_in_out	response_accuracy	timestamps_Encoding1	timestamps_Encoding1_end	timestamps_Encoding2	timestamps_Encoding2_end	timestamps_Encoding3	timestamps_Encoding3_end	timestamps_FixationCross	timestamps_Maintenance	timestamps_Probe	timestamps_Response	source_table	source_row_id	source_start_time	source_stop_time
-0.002485	0.000000	-1	ttl	61	n/a	n/a	n/a	n/a	n/a	n/a	n/a	n/a	n/a	n/a	n/a	n/a	n/a	n/a	n/a	n/a	n/a	n/a	n/a	n/a	0.000000	n/a
0.032297	11.582807	13	sternberg_trial	n/a	n/a	201	101	501	501	3	1	1	1.101875	3.1172489999999997	3.167093	5.183655	5.350842	7.366340999999999	0.034782	7.366340999999999	10.033996	11.617588999999999	intervals/trials	0	0.034782	11.617589
0.032297	0.000000	13	ttl	11	n/a	n/a	n/a	n/a	n/a	n/a	n/a	n/a	n/a	n/a	n/a	n/a	n/a	n/a	n/a	n/a	n/a	n/a	n/a	n/a	0.034782	n/a
1.099390	0.000000	440	stimulus_presentation	n/a	58	n/a	n/a	n/a	n/a	n/a	n/a	n/a	n/a	n/a	n/a	n/a	n/a	n/a	n/a	n/a	n/a	n/a	n/a	n/a	1.101875	n/a
1.099390	0.000000	440	ttl	1	n/a	n/a	n/a	n/a	n/a	n/a	n/a	n/a	n/a	n/a	n/a	n/a	n/a	n/a	n/a	n/a	n/a	n/a	n/a	n/a	1.101875	n/a
3.114764	0.000000	1246	ttl	5	n/a	n/a	n/a	n/a	n/a	n/a	n/a	n/a	n/a	n/a	n/a	n/a	n/a	n/a	n/a	n/a	n/a	n/a	n/a	n/a	3.117249	n/a
3.164608	0.000000	1266	stimulus_presentation	n/a	1	n/a	n/a	n/a	n/a	n/a	n/a	n/a	n/a	n/a	n/a	n/a	n/a	n/a	n/a	n/a	n/a	n/a	n/a	n/a	3.167093	n/a
3.164608	0.000000	1266	ttl	2	n/a	n/a	n/a	n/a	n/a	n/a	n/a	n/a	n/a	n/a	n/a	n/a	n/a	n/a	n/a	n/a	n/a	n/a	n/a	n/a	3.167093	n/a
5.181170	0.000000	2072	ttl	5	n/a	n/a	n/a	n/a	n/a	n/a	n/a	n/a	n/a	n/a	n/a	n/a	n/a	n/a	n/a	n/a	n/a	n/a	n/a	n/a	5.183655	n/a
5.348357	0.000000	2139	stimulus_presentation	n/a	226	n/a	n/a	n/a	n/a	n/a	n/a	n/a	n/a	n/a	n/a	n/a	n/a	n/a	n/a	n/a	n/a	n/a	n/a	n/a	5.350842	n/a
5.348357	0.000000	2139	ttl	3	n/a	n/a	n/a	n/a	n/a	n/a	n/a	n/a	n/a	n/a	n/a	n/a	n/a	n/a	n/a	n/a	n/a	n/a	n/a	n/a	5.350842	n/a
7.363856	0.000000	2946	ttl	6	n/a	n/a	n/a	n/a	n/a	n/a	n/a	n/a	n/a	n/a	n/a	n/a	n/a	n/a	n/a	n/a	n/a	n/a	n/a	n/a	7.366341	n/a
10.031511	0.000000	4013	stimulus_presentation	n/a	226	n/a	n/a	n/a	n/a	n/a	n/a	n/a	n/a	n/a	n/a	n/a	n/a	n/a	n/a	n/a	n/a	n/a	n/a	n/a	10.033996	n/a
10.031511	0.000000	4013	ttl	7	n/a	n/a	n/a	n/a	n/a	n/a	n/a	n/a	n/a	n/a	n/a	n/a	n/a	n/a	n/a	n/a	n/a	n/a	n/a	n/a	10.033996	n/a
11.615104	0.000000	4646	ttl	8	n/a	n/a	n/a	n/a	n/a	n/a	n/a	n/a	n/a	n/a	n/a	n/a	n/a	n/a	n/a	n/a	n/a	n/a	n/a	n/a	11.617589	n/a
11.646386	10.942152	4659	sternberg_trial	n/a	n/a	202	102	502	502	3	1	1	12.849933	14.865526	14.981432	16.998806	17.047994	19.064774	11.648871	19.064774	21.682523	22.591023	intervals/trials	1	11.648871	22.591023
11.646386	0.000000	4659	ttl	11	n/a	n/a	n/a	n/a	n/a	n/a	n/a	n/a	n/a	n/a	n/a	n/a	n/a	n/a	n/a	n/a	n/a	n/a	n/a	n/a	11.648871	n/a
12.847448	0.000000	5139	stimulus_presentation	n/a	59	n/a	n/a	n/a	n/a	n/a	n/a	n/a	n/a	n/a	n/a	n/a	n/a	n/a	n/a	n/a	n/a	n/a	n/a	n/a	12.849933	n/a
12.847448	0.000000	5139	ttl	1	n/a	n/a	n/a	n/a	n/a	n/a	n/a	n/a	n/a	n/a	n/a	n/a	n/a	n/a	n/a	n/a	n/a	n/a	n/a	n/a	12.849933	n/a
14.863041	0.000000	5945	ttl	5	n/a	n/a	n/a	n/a	n/a	n/a	n/a	n/a	n/a	n/a	n/a	n/a	n/a	n/a	n/a	n/a	n/a	n/a	n/a	n/a	14.865526	n/a
14.978947	0.000000	5992	stimulus_presentation	n/a	2	n/a	n/a	n/a	n/a	n/a	n/a	n/a	n/a	n/a	n/a	n/a	n/a	n/a	n/a	n/a	n/a	n/a	n/a	n/a	14.981432	n/a
14.978947	0.000000	5992	ttl	2	n/a	n/a	n/a	n/a	n/a	n/a	n/a	n/a	n/a	n/a	n/a	n/a	n/a	n/a	n/a	n/a	n/a	n/a	n/a	n/a	14.981432	n/a
16.996321	0.000000	6799	ttl	5	n/a	n/a	n/a	n/a	n/a	n/a	n/a	n/a	n/a	n/a	n/a	n/a	n/a	n/a	n/a	n/a	n/a	n/a	n/a	n/a	16.998806	n/a
17.045509	0.000000	6818	stimulus_presentation	n/a	227	n/a	n/a	n/a	n/a	n/a	n/a	n/a	n/a	n/a	n/a	n/a	n/a	n/a	n/a	n/a	n/a	n/a	n/a	n/a	17.047994	n/a
17.045509	0.000000	6818	ttl	3	n/a	n/a	n/a	n/a	n/a	n/a	n/a	n/a	n/a	n/a	n/a	n/a	n/a	n/a	n/a	n/a	n/a	n/a	n/a	n/a	17.047994	n/a
19.062289	0.000000	7625	ttl	6	n/a	n/a	n/a	n/a	n/a	n/a	n/a	n/a	n/a	n/a	n/a	n/a	n/a	n/a	n/a	n/a	n/a	n/a	n/a	n/a	19.064774	n/a
21.680038	0.000000	8672	stimulus_presentation	n/a	227	n/a	n/a	n/a	n/a	n/a	n/a	n/a	n/a	n/a	n/a	n/a	n/a	n/a	n/a	n/a	n/a	n/a	n/a	n/a	21.682523	n/a
21.680038	0.000000	8672	ttl	7	n/a	n/a	n/a	n/a	n/a	n/a	n/a	n/a	n/a	n/a	n/a	n/a	n/a	n/a	n/a	n/a	n/a	n/a	n/a	n/a	21.682523	n/a
22.588538	0.000000	9035	ttl	8	n/a	n/a	n/a	n/a	n/a	n/a	n/a	n/a	n/a	n/a	n/a	n/a	n/a	n/a	n/a	n/a	n/a	n/a	n/a	n/a	22.591023	n/a
22.611038	11.238933	9044	sternberg_trial	n/a	n/a	301	401	103	301	3	1	1	23.730366	25.74624	25.812928	27.829145	28.029457999999998	30.045363	22.613523	30.045363	32.662019	33.852456	intervals/trials	2	22.613523	33.852456
22.611038	0.000000	9044	ttl	11	n/a	n/a	n/a	n/a	n/a	n/a	n/a	n/a	n/a	n/a	n/a	n/a	n/a	n/a	n/a	n/a	n/a	n/a	n/a	n/a	22.613523	n/a
23.727881	0.000000	9491	stimulus_presentation	n/a	115	n/a	n/a	n/a	n/a	n/a	n/a	n/a	n/a	n/a	n/a	n/a	n/a	n/a	n/a	n/a	n/a	n/a	n/a	n/a	23.730366	n/a
23.727881	0.000000	9491	ttl	1	n/a	n/a	n/a	n/a	n/a	n/a	n/a	n/a	n/a	n/a	n/a	n/a	n/a	n/a	n/a	n/a	n/a	n/a	n/a	n/a	23.730366	n/a
25.743755	0.000000	10298	ttl	5	n/a	n/a	n/a	n/a	n/a	n/a	n/a	n/a	n/a	n/a	n/a	n/a	n/a	n/a	n/a	n/a	n/a	n/a	n/a	n/a	25.746240	n/a
25.810443	0.000000	10324	stimulus_presentation	n/a	171	n/a	n/a	n/a	n/a	n/a	n/a	n/a	n/a	n/a	n/a	n/a	n/a	n/a	n/a	n/a	n/a	n/a	n/a	n/a	25.812928	n/a
25.810443	0.000000	10324	ttl	2	n/a	n/a	n/a	n/a	n/a	n/a	n/a	n/a	n/a	n/a	n/a	n/a	n/a	n/a	n/a	n/a	n/a	n/a	n/a	n/a	25.812928	n/a
27.826660	0.000000	11131	ttl	5	n/a	n/a	n/a	n/a	n/a	n/a	n/a	n/a	n/a	n/a	n/a	n/a	n/a	n/a	n/a	n/a	n/a	n/a	n/a	n/a	27.829145	n/a
28.026973	0.000000	11211	stimulus_presentation	n/a	3	n/a	n/a	n/a	n/a	n/a	n/a	n/a	n/a	n/a	n/a	n/a	n/a	n/a	n/a	n/a	n/a	n/a	n/a	n/a	28.029458	n/a
28.026973	0.000000	11211	ttl	3	n/a	n/a	n/a	n/a	n/a	n/a	n/a	n/a	n/a	n/a	n/a	n/a	n/a	n/a	n/a	n/a	n/a	n/a	n/a	n/a	28.029458	n/a
30.042878	0.000000	12017	ttl	6	n/a	n/a	n/a	n/a	n/a	n/a	n/a	n/a	n/a	n/a	n/a	n/a	n/a	n/a	n/a	n/a	n/a	n/a	n/a	n/a	30.045363	n/a
32.659534	0.000000	13064	stimulus_presentation	n/a	115	n/a	n/a	n/a	n/a	n/a	n/a	n/a	n/a	n/a	n/a	n/a	n/a	n/a	n/a	n/a	n/a	n/a	n/a	n/a	32.662019	n/a
32.659534	0.000000	13064	ttl	7	n/a	n/a	n/a	n/a	n/a	n/a	n/a	n/a	n/a	n/a	n/a	n/a	n/a	n/a	n/a	n/a	n/a	n/a	n/a	n/a	32.662019	n/a
33.849971	0.000000	13540	ttl	8	n/a	n/a	n/a	n/a	n/a	n/a	n/a	n/a	n/a	n/a	n/a	n/a	n/a	n/a	n/a	n/a	n/a	n/a	n/a	n/a	33.852456	n/a
33.875377	6.629028	13550	sternberg_trial	n/a	n/a	503	0	0	503	1	1	1	34.962049	36.978423	0.0	0.0	0.0	0.0	33.877862	36.978423	39.679452999999995	40.50689	intervals/trials	3	33.877862	40.506890
33.875377	0.000000	13550	ttl	11	n/a	n/a	n/a	n/a	n/a	n/a	n/a	n/a	n/a	n/a	n/a	n/a	n/a	n/a	n/a	n/a	n/a	n/a	n/a	n/a	33.877862	n/a
34.959564	0.000000	13984	stimulus_presentation	n/a	228	n/a	n/a	n/a	n/a	n/a	n/a	n/a	n/a	n/a	n/a	n/a	n/a	n/a	n/a	n/a	n/a	n/a	n/a	n/a	34.962049	n/a
34.959564	0.000000	13984	ttl	1	n/a	n/a	n/a	n/a	n/a	n/a	n/a	n/a	n/a	n/a	n/a	n/a	n/a	n/a	n/a	n/a	n/a	n/a	n/a	n/a	34.962049	n/a
34.969564	0.000000	13988	stimulus_presentation	n/a	0	n/a	n/a	n/a	n/a	n/a	n/a	n/a	n/a	n/a	n/a	n/a	n/a	n/a	n/a	n/a	n/a	n/a	n/a	n/a	34.972049	n/a
34.979564	0.000000	13992	stimulus_presentation	n/a	0	n/a	n/a	n/a	n/a	n/a	n/a	n/a	n/a	n/a	n/a	n/a	n/a	n/a	n/a	n/a	n/a	n/a	n/a	n/a	34.982049	n/a
36.975938	0.000000	14790	ttl	6	n/a	n/a	n/a	n/a	n/a	n/a	n/a	n/a	n/a	n/a	n/a	n/a	n/a	n/a	n/a	n/a	n/a	n/a	n/a	n/a	36.978423	n/a
39.676968	0.000000	15871	stimulus_presentation	n/a	228	n/a	n/a	n/a	n/a	n/a	n/a	n/a	n/a	n/a	n/a	n/a	n/a	n/a	n/a	n/a	n/a	n/a	n/a	n/a	39.679453	n/a
39.676968	0.000000	15871	ttl	7	n/a	n/a	n/a	n/a	n/a	n/a	n/a	n/a	n/a	n/a	n/a	n/a	n/a	n/a	n/a	n/a	n/a	n/a	n/a	n/a	39.679453	n/a
40.504405	0.000000	16202	ttl	8	n/a	n/a	n/a	n/a	n/a	n/a	n/a	n/a	n/a	n/a	n/a	n/a	n/a	n/a	n/a	n/a	n/a	n/a	n/a	n/a	40.506890	n/a
40.524218	11.609464	16210	sternberg_trial	n/a	n/a	402	203	504	103	3	0	1	41.693920999999996	43.709514	43.776858	45.793231999999996	45.960013	47.976355999999996	40.526703	47.976355999999996	50.72548	52.136167	intervals/trials	4	40.526703	52.136167
40.524218	0.000000	16210	ttl	11	n/a	n/a	n/a	n/a	n/a	n/a	n/a	n/a	n/a	n/a	n/a	n/a	n/a	n/a	n/a	n/a	n/a	n/a	n/a	n/a	40.526703	n/a
41.691436	0.000000	16677	stimulus_presentation	n/a	172	n/a	n/a	n/a	n/a	n/a	n/a	n/a	n/a	n/a	n/a	n/a	n/a	n/a	n/a	n/a	n/a	n/a	n/a	n/a	41.693921	n/a
41.691436	0.000000	16677	ttl	1	n/a	n/a	n/a	n/a	n/a	n/a	n/a	n/a	n/a	n/a	n/a	n/a	n/a	n/a	n/a	n/a	n/a	n/a	n/a	n/a	41.693921	n/a
43.707029	0.000000	17483	ttl	5	n/a	n/a	n/a	n/a	n/a	n/a	n/a	n/a	n/a	n/a	n/a	n/a	n/a	n/a	n/a	n/a	n/a	n/a	n/a	n/a	43.709514	n/a
43.774373	0.000000	17510	stimulus_presentation	n/a	60	n/a	n/a	n/a	n/a	n/a	n/a	n/a	n/a	n/a	n/a	n/a	n/a	n/a	n/a	n/a	n/a	n/a	n/a	n/a	43.776858	n/a
43.774373	0.000000	17510	ttl	2	n/a	n/a	n/a	n/a	n/a	n/a	n/a	n/a	n/a	n/a	n/a	n/a	n/a	n/a	n/a	n/a	n/a	n/a	n/a	n/a	43.776858	n/a
45.790747	0.000000	18316	ttl	5	n/a	n/a	n/a	n/a	n/a	n/a	n/a	n/a	n/a	n/a	n/a	n/a	n/a	n/a	n/a	n/a	n/a	n/a	n/a	n/a	45.793232	n/a
45.957528	0.000000	18383	stimulus_presentation	n/a	229	n/a	n/a	n/a	n/a	n/a	n/a	n/a	n/a	n/a	n/a	n/a	n/a	n/a	n/a	n/a	n/a	n/a	n/a	n/a	45.960013	n/a
45.957528	0.000000	18383	ttl	3	n/a	n/a	n/a	n/a	n/a	n/a	n/a	n/a	n/a	n/a	n/a	n/a	n/a	n/a	n/a	n/a	n/a	n/a	n/a	n/a	45.960013	n/a
47.973871	0.000000	19190	ttl	6	n/a	n/a	n/a	n/a	n/a	n/a	n/a	n/a	n/a	n/a	n/a	n/a	n/a	n/a	n/a	n/a	n/a	n/a	n/a	n/a	47.976356	n/a
50.722995	0.000000	20289	stimulus_presentation	n/a	3	n/a	n/a	n/a	n/a	n/a	n/a	n/a	n/a	n/a	n/a	n/a	n/a	n/a	n/a	n/a	n/a	n/a	n/a	n/a	50.725480	n/a
50.722995	0.000000	20289	ttl	7	n/a	n/a	n/a	n/a	n/a	n/a	n/a	n/a	n/a	n/a	n/a	n/a	n/a	n/a	n/a	n/a	n/a	n/a	n/a	n/a	50.725480	n/a
52.133682	0.000000	20853	ttl	8	n/a	n/a	n/a	n/a	n/a	n/a	n/a	n/a	n/a	n/a	n/a	n/a	n/a	n/a	n/a	n/a	n/a	n/a	n/a	n/a	52.136167	n/a
52.154994	11.576027	20862	sternberg_trial	n/a	n/a	302	403	505	201	3	0	1	53.107884999999996	55.124978	55.241133999999995	57.257101999999996	57.424226999999995	59.439789	52.157478999999995	59.439789	62.2071	63.733506	intervals/trials	5	52.157479	63.733506
52.154994	0.000000	20862	ttl	11	n/a	n/a	n/a	n/a	n/a	n/a	n/a	n/a	n/a	n/a	n/a	n/a	n/a	n/a	n/a	n/a	n/a	n/a	n/a	n/a	52.157479	n/a
53.105400	0.000000	21242	stimulus_presentation	n/a	116	n/a	n/a	n/a	n/a	n/a	n/a	n/a	n/a	n/a	n/a	n/a	n/a	n/a	n/a	n/a	n/a	n/a	n/a	n/a	53.107885	n/a
53.105400	0.000000	21242	ttl	1	n/a	n/a	n/a	n/a	n/a	n/a	n/a	n/a	n/a	n/a	n/a	n/a	n/a	n/a	n/a	n/a	n/a	n/a	n/a	n/a	53.107885	n/a
55.122493	0.000000	22049	ttl	5	n/a	n/a	n/a	n/a	n/a	n/a	n/a	n/a	n/a	n/a	n/a	n/a	n/a	n/a	n/a	n/a	n/a	n/a	n/a	n/a	55.124978	n/a
55.238649	0.000000	22095	stimulus_presentation	n/a	173	n/a	n/a	n/a	n/a	n/a	n/a	n/a	n/a	n/a	n/a	n/a	n/a	n/a	n/a	n/a	n/a	n/a	n/a	n/a	55.241134	n/a
55.238649	0.000000	22095	ttl	2	n/a	n/a	n/a	n/a	n/a	n/a	n/a	n/a	n/a	n/a	n/a	n/a	n/a	n/a	n/a	n/a	n/a	n/a	n/a	n/a	55.241134	n/a
57.254617	0.000000	22902	ttl	5	n/a	n/a	n/a	n/a	n/a	n/a	n/a	n/a	n/a	n/a	n/a	n/a	n/a	n/a	n/a	n/a	n/a	n/a	n/a	n/a	57.257102	n/a
57.421742	0.000000	22969	stimulus_presentation	n/a	230	n/a	n/a	n/a	n/a	n/a	n/a	n/a	n/a	n/a	n/a	n/a	n/a	n/a	n/a	n/a	n/a	n/a	n/a	n/a	57.424227	n/a
57.421742	0.000000	22969	ttl	3	n/a	n/a	n/a	n/a	n/a	n/a	n/a	n/a	n/a	n/a	n/a	n/a	n/a	n/a	n/a	n/a	n/a	n/a	n/a	n/a	57.424227	n/a
59.437304	0.000000	23775	ttl	6	n/a	n/a	n/a	n/a	n/a	n/a	n/a	n/a	n/a	n/a	n/a	n/a	n/a	n/a	n/a	n/a	n/a	n/a	n/a	n/a	59.439789	n/a
62.204615	0.000000	24882	stimulus_presentation	n/a	58	n/a	n/a	n/a	n/a	n/a	n/a	n/a	n/a	n/a	n/a	n/a	n/a	n/a	n/a	n/a	n/a	n/a	n/a	n/a	62.207100	n/a
62.204615	0.000000	24882	ttl	7	n/a	n/a	n/a	n/a	n/a	n/a	n/a	n/a	n/a	n/a	n/a	n/a	n/a	n/a	n/a	n/a	n/a	n/a	n/a	n/a	62.207100	n/a
63.731021	0.000000	25492	ttl	8	n/a	n/a	n/a	n/a	n/a	n/a	n/a	n/a	n/a	n/a	n/a	n/a	n/a	n/a	n/a	n/a	n/a	n/a	n/a	n/a	63.733506	n/a
63.753084	11.367182	25501	sternberg_trial	n/a	n/a	404	303	506	203	3	0	1	64.722381	66.73906699999999	66.82250499999999	68.83887899999999	68.88875399999999	70.905253	63.755568999999994	70.905253	73.637502	75.122751	intervals/trials	6	63.755569	75.122751
63.753084	0.000000	25501	ttl	11	n/a	n/a	n/a	n/a	n/a	n/a	n/a	n/a	n/a	n/a	n/a	n/a	n/a	n/a	n/a	n/a	n/a	n/a	n/a	n/a	63.755569	n/a
64.719896	0.000000	25888	stimulus_presentation	n/a	174	n/a	n/a	n/a	n/a	n/a	n/a	n/a	n/a	n/a	n/a	n/a	n/a	n/a	n/a	n/a	n/a	n/a	n/a	n/a	64.722381	n/a
64.719896	0.000000	25888	ttl	1	n/a	n/a	n/a	n/a	n/a	n/a	n/a	n/a	n/a	n/a	n/a	n/a	n/a	n/a	n/a	n/a	n/a	n/a	n/a	n/a	64.722381	n/a
66.736582	0.000000	26695	ttl	5	n/a	n/a	n/a	n/a	n/a	n/a	n/a	n/a	n/a	n/a	n/a	n/a	n/a	n/a	n/a	n/a	n/a	n/a	n/a	n/a	66.739067	n/a
66.820020	0.000000	26728	stimulus_presentation	n/a	117	n/a	n/a	n/a	n/a	n/a	n/a	n/a	n/a	n/a	n/a	n/a	n/a	n/a	n/a	n/a	n/a	n/a	n/a	n/a	66.822505	n/a
66.820020	0.000000	26728	ttl	2	n/a	n/a	n/a	n/a	n/a	n/a	n/a	n/a	n/a	n/a	n/a	n/a	n/a	n/a	n/a	n/a	n/a	n/a	n/a	n/a	66.822505	n/a
68.836394	0.000000	27535	ttl	5	n/a	n/a	n/a	n/a	n/a	n/a	n/a	n/a	n/a	n/a	n/a	n/a	n/a	n/a	n/a	n/a	n/a	n/a	n/a	n/a	68.838879	n/a
68.886269	0.000000	27555	stimulus_presentation	n/a	231	n/a	n/a	n/a	n/a	n/a	n/a	n/a	n/a	n/a	n/a	n/a	n/a	n/a	n/a	n/a	n/a	n/a	n/a	n/a	68.888754	n/a
68.886269	0.000000	27555	ttl	3	n/a	n/a	n/a	n/a	n/a	n/a	n/a	n/a	n/a	n/a	n/a	n/a	n/a	n/a	n/a	n/a	n/a	n/a	n/a	n/a	68.888754	n/a
70.902768	0.000000	28361	ttl	6	n/a	n/a	n/a	n/a	n/a	n/a	n/a	n/a	n/a	n/a	n/a	n/a	n/a	n/a	n/a	n/a	n/a	n/a	n/a	n/a	70.905253	n/a
73.635017	0.000000	29454	stimulus_presentation	n/a	60	n/a	n/a	n/a	n/a	n/a	n/a	n/a	n/a	n/a	n/a	n/a	n/a	n/a	n/a	n/a	n/a	n/a	n/a	n/a	73.637502	n/a
73.635017	0.000000	29454	ttl	7	n/a	n/a	n/a	n/a	n/a	n/a	n/a	n/a	n/a	n/a	n/a	n/a	n/a	n/a	n/a	n/a	n/a	n/a	n/a	n/a	73.637502	n/a
75.120266	0.000000	30048	ttl	8	n/a	n/a	n/a	n/a	n/a	n/a	n/a	n/a	n/a	n/a	n/a	n/a	n/a	n/a	n/a	n/a	n/a	n/a	n/a	n/a	75.122751	n/a
75.150923	11.598651	30060	sternberg_trial	n/a	n/a	104	204	304	304	3	1	1	76.221126	78.23712499999999	78.303938	80.31962399999999	80.469093	82.486436	75.153408	82.486436	85.23527899999999	86.752059	intervals/trials	7	75.153408	86.752059
75.150923	0.000000	30060	ttl	11	n/a	n/a	n/a	n/a	n/a	n/a	n/a	n/a	n/a	n/a	n/a	n/a	n/a	n/a	n/a	n/a	n/a	n/a	n/a	n/a	75.153408	n/a
76.218641	0.000000	30487	stimulus_presentation	n/a	4	n/a	n/a	n/a	n/a	n/a	n/a	n/a	n/a	n/a	n/a	n/a	n/a	n/a	n/a	n/a	n/a	n/a	n/a	n/a	76.221126	n/a
76.218641	0.000000	30487	ttl	1	n/a	n/a	n/a	n/a	n/a	n/a	n/a	n/a	n/a	n/a	n/a	n/a	n/a	n/a	n/a	n/a	n/a	n/a	n/a	n/a	76.221126	n/a
78.234640	0.000000	31294	ttl	5	n/a	n/a	n/a	n/a	n/a	n/a	n/a	n/a	n/a	n/a	n/a	n/a	n/a	n/a	n/a	n/a	n/a	n/a	n/a	n/a	78.237125	n/a
78.301453	0.000000	31321	stimulus_presentation	n/a	61	n/a	n/a	n/a	n/a	n/a	n/a	n/a	n/a	n/a	n/a	n/a	n/a	n/a	n/a	n/a	n/a	n/a	n/a	n/a	78.303938	n/a
78.301453	0.000000	31321	ttl	2	n/a	n/a	n/a	n/a	n/a	n/a	n/a	n/a	n/a	n/a	n/a	n/a	n/a	n/a	n/a	n/a	n/a	n/a	n/a	n/a	78.303938	n/a
80.317139	0.000000	32127	ttl	5	n/a	n/a	n/a	n/a	n/a	n/a	n/a	n/a	n/a	n/a	n/a	n/a	n/a	n/a	n/a	n/a	n/a	n/a	n/a	n/a	80.319624	n/a
80.466608	0.000000	32187	stimulus_presentation	n/a	118	n/a	n/a	n/a	n/a	n/a	n/a	n/a	n/a	n/a	n/a	n/a	n/a	n/a	n/a	n/a	n/a	n/a	n/a	n/a	80.469093	n/a
80.466608	0.000000	32187	ttl	3	n/a	n/a	n/a	n/a	n/a	n/a	n/a	n/a	n/a	n/a	n/a	n/a	n/a	n/a	n/a	n/a	n/a	n/a	n/a	n/a	80.469093	n/a
82.483951	0.000000	32994	ttl	6	n/a	n/a	n/a	n/a	n/a	n/a	n/a	n/a	n/a	n/a	n/a	n/a	n/a	n/a	n/a	n/a	n/a	n/a	n/a	n/a	82.486436	n/a
85.232794	0.000000	34093	stimulus_presentation	n/a	118	n/a	n/a	n/a	n/a	n/a	n/a	n/a	n/a	n/a	n/a	n/a	n/a	n/a	n/a	n/a	n/a	n/a	n/a	n/a	85.235279	n/a
85.232794	0.000000	34093	ttl	7	n/a	n/a	n/a	n/a	n/a	n/a	n/a	n/a	n/a	n/a	n/a	n/a	n/a	n/a	n/a	n/a	n/a	n/a	n/a	n/a	85.235279	n/a
86.749574	0.000000	34700	ttl	8	n/a	n/a	n/a	n/a	n/a	n/a	n/a	n/a	n/a	n/a	n/a	n/a	n/a	n/a	n/a	n/a	n/a	n/a	n/a	n/a	86.752059	n/a
86.781949	11.404964	34713	sternberg_trial	n/a	n/a	507	405	205	405	3	1	1	87.768684	89.78518299999999	89.983964	92.001588	92.051401	94.067088	86.78443399999999	94.067088	96.850493	98.189398	intervals/trials	8	86.784434	98.189398
86.781949	0.000000	34713	ttl	11	n/a	n/a	n/a	n/a	n/a	n/a	n/a	n/a	n/a	n/a	n/a	n/a	n/a	n/a	n/a	n/a	n/a	n/a	n/a	n/a	86.784434	n/a
87.766199	0.000000	35106	stimulus_presentation	n/a	232	n/a	n/a	n/a	n/a	n/a	n/a	n/a	n/a	n/a	n/a	n/a	n/a	n/a	n/a	n/a	n/a	n/a	n/a	n/a	87.768684	n/a
87.766199	0.000000	35106	ttl	1	n/a	n/a	n/a	n/a	n/a	n/a	n/a	n/a	n/a	n/a	n/a	n/a	n/a	n/a	n/a	n/a	n/a	n/a	n/a	n/a	87.768684	n/a
89.782698	0.000000	35913	ttl	5	n/a	n/a	n/a	n/a	n/a	n/a	n/a	n/a	n/a	n/a	n/a	n/a	n/a	n/a	n/a	n/a	n/a	n/a	n/a	n/a	89.785183	n/a
89.981479	0.000000	35993	stimulus_presentation	n/a	175	n/a	n/a	n/a	n/a	n/a	n/a	n/a	n/a	n/a	n/a	n/a	n/a	n/a	n/a	n/a	n/a	n/a	n/a	n/a	89.983964	n/a
89.981479	0.000000	35993	ttl	2	n/a	n/a	n/a	n/a	n/a	n/a	n/a	n/a	n/a	n/a	n/a	n/a	n/a	n/a	n/a	n/a	n/a	n/a	n/a	n/a	89.983964	n/a
91.999103	0.000000	36800	ttl	5	n/a	n/a	n/a	n/a	n/a	n/a	n/a	n/a	n/a	n/a	n/a	n/a	n/a	n/a	n/a	n/a	n/a	n/a	n/a	n/a	92.001588	n/a
92.048916	0.000000	36820	stimulus_presentation	n/a	62	n/a	n/a	n/a	n/a	n/a	n/a	n/a	n/a	n/a	n/a	n/a	n/a	n/a	n/a	n/a	n/a	n/a	n/a	n/a	92.051401	n/a
92.048916	0.000000	36820	ttl	3	n/a	n/a	n/a	n/a	n/a	n/a	n/a	n/a	n/a	n/a	n/a	n/a	n/a	n/a	n/a	n/a	n/a	n/a	n/a	n/a	92.051401	n/a
94.064603	0.000000	37626	ttl	6	n/a	n/a	n/a	n/a	n/a	n/a	n/a	n/a	n/a	n/a	n/a	n/a	n/a	n/a	n/a	n/a	n/a	n/a	n/a	n/a	94.067088	n/a
96.848008	0.000000	38739	stimulus_presentation	n/a	175	n/a	n/a	n/a	n/a	n/a	n/a	n/a	n/a	n/a	n/a	n/a	n/a	n/a	n/a	n/a	n/a	n/a	n/a	n/a	96.850493	n/a
96.848008	0.000000	38739	ttl	7	n/a	n/a	n/a	n/a	n/a	n/a	n/a	n/a	n/a	n/a	n/a	n/a	n/a	n/a	n/a	n/a	n/a	n/a	n/a	n/a	96.850493	n/a
98.186913	0.000000	39275	ttl	8	n/a	n/a	n/a	n/a	n/a	n/a	n/a	n/a	n/a	n/a	n/a	n/a	n/a	n/a	n/a	n/a	n/a	n/a	n/a	n/a	98.189398	n/a
98.213320	6.852028	39285	sternberg_trial	n/a	n/a	305	0	0	402	1	0	1	99.232586	101.24961599999999	0.0	0.0	0.0	0.0	98.21580499999999	101.24961599999999	103.915146	105.067833	intervals/trials	9	98.215805	105.067833
98.213320	0.000000	39285	ttl	11	n/a	n/a	n/a	n/a	n/a	n/a	n/a	n/a	n/a	n/a	n/a	n/a	n/a	n/a	n/a	n/a	n/a	n/a	n/a	n/a	98.215805	n/a
99.230101	0.000000	39692	stimulus_presentation	n/a	119	n/a	n/a	n/a	n/a	n/a	n/a	n/a	n/a	n/a	n/a	n/a	n/a	n/a	n/a	n/a	n/a	n/a	n/a	n/a	99.232586	n/a
99.230101	0.000000	39692	ttl	1	n/a	n/a	n/a	n/a	n/a	n/a	n/a	n/a	n/a	n/a	n/a	n/a	n/a	n/a	n/a	n/a	n/a	n/a	n/a	n/a	99.232586	n/a
99.240101	0.000000	39696	stimulus_presentation	n/a	0	n/a	n/a	n/a	n/a	n/a	n/a	n/a	n/a	n/a	n/a	n/a	n/a	n/a	n/a	n/a	n/a	n/a	n/a	n/a	99.242586	n/a
99.250101	0.000000	39700	stimulus_presentation	n/a	0	n/a	n/a	n/a	n/a	n/a	n/a	n/a	n/a	n/a	n/a	n/a	n/a	n/a	n/a	n/a	n/a	n/a	n/a	n/a	99.252586	n/a
101.247131	0.000000	40499	ttl	6	n/a	n/a	n/a	n/a	n/a	n/a	n/a	n/a	n/a	n/a	n/a	n/a	n/a	n/a	n/a	n/a	n/a	n/a	n/a	n/a	101.249616	n/a
103.912661	0.000000	41565	stimulus_presentation	n/a	172	n/a	n/a	n/a	n/a	n/a	n/a	n/a	n/a	n/a	n/a	n/a	n/a	n/a	n/a	n/a	n/a	n/a	n/a	n/a	103.915146	n/a
103.912661	0.000000	41565	ttl	7	n/a	n/a	n/a	n/a	n/a	n/a	n/a	n/a	n/a	n/a	n/a	n/a	n/a	n/a	n/a	n/a	n/a	n/a	n/a	n/a	103.915146	n/a
105.065348	0.000000	42026	ttl	8	n/a	n/a	n/a	n/a	n/a	n/a	n/a	n/a	n/a	n/a	n/a	n/a	n/a	n/a	n/a	n/a	n/a	n/a	n/a	n/a	105.067833	n/a
105.095161	6.928528	42038	sternberg_trial	n/a	n/a	306	0	0	306	1	1	1	106.26620799999999	108.28048799999999	0.0	0.0	0.0	0.0	105.097646	108.28048799999999	111.014893	112.026174	intervals/trials	10	105.097646	112.026174
105.095161	0.000000	42038	ttl	11	n/a	n/a	n/a	n/a	n/a	n/a	n/a	n/a	n/a	n/a	n/a	n/a	n/a	n/a	n/a	n/a	n/a	n/a	n/a	n/a	105.097646	n/a
106.263723	0.000000	42505	stimulus_presentation	n/a	120	n/a	n/a	n/a	n/a	n/a	n/a	n/a	n/a	n/a	n/a	n/a	n/a	n/a	n/a	n/a	n/a	n/a	n/a	n/a	106.266208	n/a
106.263723	0.000000	42505	ttl	1	n/a	n/a	n/a	n/a	n/a	n/a	n/a	n/a	n/a	n/a	n/a	n/a	n/a	n/a	n/a	n/a	n/a	n/a	n/a	n/a	106.266208	n/a
106.273723	0.000000	42509	stimulus_presentation	n/a	0	n/a	n/a	n/a	n/a	n/a	n/a	n/a	n/a	n/a	n/a	n/a	n/a	n/a	n/a	n/a	n/a	n/a	n/a	n/a	106.276208	n/a
106.283723	0.000000	42513	stimulus_presentation	n/a	0	n/a	n/a	n/a	n/a	n/a	n/a	n/a	n/a	n/a	n/a	n/a	n/a	n/a	n/a	n/a	n/a	n/a	n/a	n/a	106.286208	n/a
108.278003	0.000000	43311	ttl	6	n/a	n/a	n/a	n/a	n/a	n/a	n/a	n/a	n/a	n/a	n/a	n/a	n/a	n/a	n/a	n/a	n/a	n/a	n/a	n/a	108.280488	n/a
111.012408	0.000000	44405	stimulus_presentation	n/a	120	n/a	n/a	n/a	n/a	n/a	n/a	n/a	n/a	n/a	n/a	n/a	n/a	n/a	n/a	n/a	n/a	n/a	n/a	n/a	111.014893	n/a
111.012408	0.000000	44405	ttl	7	n/a	n/a	n/a	n/a	n/a	n/a	n/a	n/a	n/a	n/a	n/a	n/a	n/a	n/a	n/a	n/a	n/a	n/a	n/a	n/a	111.014893	n/a
112.023689	0.000000	44809	ttl	8	n/a	n/a	n/a	n/a	n/a	n/a	n/a	n/a	n/a	n/a	n/a	n/a	n/a	n/a	n/a	n/a	n/a	n/a	n/a	n/a	112.026174	n/a
112.043877	11.209276	44818	sternberg_trial	n/a	n/a	206	406	307	507	3	0	1	113.16404899999999	115.18070399999999	115.279704	117.29614099999999	117.49548399999999	119.511859	112.046362	119.511859	122.094764	123.25563799999999	intervals/trials	11	112.046362	123.255638
112.043877	0.000000	44818	ttl	11	n/a	n/a	n/a	n/a	n/a	n/a	n/a	n/a	n/a	n/a	n/a	n/a	n/a	n/a	n/a	n/a	n/a	n/a	n/a	n/a	112.046362	n/a
113.161564	0.000000	45265	stimulus_presentation	n/a	63	n/a	n/a	n/a	n/a	n/a	n/a	n/a	n/a	n/a	n/a	n/a	n/a	n/a	n/a	n/a	n/a	n/a	n/a	n/a	113.164049	n/a
113.161564	0.000000	45265	ttl	1	n/a	n/a	n/a	n/a	n/a	n/a	n/a	n/a	n/a	n/a	n/a	n/a	n/a	n/a	n/a	n/a	n/a	n/a	n/a	n/a	113.164049	n/a
115.178219	0.000000	46071	ttl	5	n/a	n/a	n/a	n/a	n/a	n/a	n/a	n/a	n/a	n/a	n/a	n/a	n/a	n/a	n/a	n/a	n/a	n/a	n/a	n/a	115.180704	n/a
115.277219	0.000000	46111	stimulus_presentation	n/a	176	n/a	n/a	n/a	n/a	n/a	n/a	n/a	n/a	n/a	n/a	n/a	n/a	n/a	n/a	n/a	n/a	n/a	n/a	n/a	115.279704	n/a
115.277219	0.000000	46111	ttl	2	n/a	n/a	n/a	n/a	n/a	n/a	n/a	n/a	n/a	n/a	n/a	n/a	n/a	n/a	n/a	n/a	n/a	n/a	n/a	n/a	115.279704	n/a
117.293656	0.000000	46917	ttl	5	n/a	n/a	n/a	n/a	n/a	n/a	n/a	n/a	n/a	n/a	n/a	n/a	n/a	n/a	n/a	n/a	n/a	n/a	n/a	n/a	117.296141	n/a
117.492999	0.000000	46997	stimulus_presentation	n/a	121	n/a	n/a	n/a	n/a	n/a	n/a	n/a	n/a	n/a	n/a	n/a	n/a	n/a	n/a	n/a	n/a	n/a	n/a	n/a	117.495484	n/a
117.492999	0.000000	46997	ttl	3	n/a	n/a	n/a	n/a	n/a	n/a	n/a	n/a	n/a	n/a	n/a	n/a	n/a	n/a	n/a	n/a	n/a	n/a	n/a	n/a	117.495484	n/a
119.509374	0.000000	47804	ttl	6	n/a	n/a	n/a	n/a	n/a	n/a	n/a	n/a	n/a	n/a	n/a	n/a	n/a	n/a	n/a	n/a	n/a	n/a	n/a	n/a	119.511859	n/a
122.092279	0.000000	48837	stimulus_presentation	n/a	232	n/a	n/a	n/a	n/a	n/a	n/a	n/a	n/a	n/a	n/a	n/a	n/a	n/a	n/a	n/a	n/a	n/a	n/a	n/a	122.094764	n/a
122.092279	0.000000	48837	ttl	7	n/a	n/a	n/a	n/a	n/a	n/a	n/a	n/a	n/a	n/a	n/a	n/a	n/a	n/a	n/a	n/a	n/a	n/a	n/a	n/a	122.094764	n/a
123.253153	0.000000	49301	ttl	8	n/a	n/a	n/a	n/a	n/a	n/a	n/a	n/a	n/a	n/a	n/a	n/a	n/a	n/a	n/a	n/a	n/a	n/a	n/a	n/a	123.255638	n/a
123.275060	11.943245	49310	sternberg_trial	n/a	n/a	105	407	207	407	3	1	1	124.395044	126.411481	126.54498099999999	128.560855	128.694355	130.711229	123.27754499999999	130.711229	133.361134	135.22079	intervals/trials	12	123.277545	135.220790
123.275060	0.000000	49310	ttl	11	n/a	n/a	n/a	n/a	n/a	n/a	n/a	n/a	n/a	n/a	n/a	n/a	n/a	n/a	n/a	n/a	n/a	n/a	n/a	n/a	123.277545	n/a
124.392559	0.000000	49757	stimulus_presentation	n/a	5	n/a	n/a	n/a	n/a	n/a	n/a	n/a	n/a	n/a	n/a	n/a	n/a	n/a	n/a	n/a	n/a	n/a	n/a	n/a	124.395044	n/a
124.392559	0.000000	49757	ttl	1	n/a	n/a	n/a	n/a	n/a	n/a	n/a	n/a	n/a	n/a	n/a	n/a	n/a	n/a	n/a	n/a	n/a	n/a	n/a	n/a	124.395044	n/a
126.408996	0.000000	50564	ttl	5	n/a	n/a	n/a	n/a	n/a	n/a	n/a	n/a	n/a	n/a	n/a	n/a	n/a	n/a	n/a	n/a	n/a	n/a	n/a	n/a	126.411481	n/a
126.542496	0.000000	50617	stimulus_presentation	n/a	177	n/a	n/a	n/a	n/a	n/a	n/a	n/a	n/a	n/a	n/a	n/a	n/a	n/a	n/a	n/a	n/a	n/a	n/a	n/a	126.544981	n/a
126.542496	0.000000	50617	ttl	2	n/a	n/a	n/a	n/a	n/a	n/a	n/a	n/a	n/a	n/a	n/a	n/a	n/a	n/a	n/a	n/a	n/a	n/a	n/a	n/a	126.544981	n/a
128.558370	0.000000	51423	ttl	5	n/a	n/a	n/a	n/a	n/a	n/a	n/a	n/a	n/a	n/a	n/a	n/a	n/a	n/a	n/a	n/a	n/a	n/a	n/a	n/a	128.560855	n/a
128.691870	0.000000	51477	stimulus_presentation	n/a	64	n/a	n/a	n/a	n/a	n/a	n/a	n/a	n/a	n/a	n/a	n/a	n/a	n/a	n/a	n/a	n/a	n/a	n/a	n/a	128.694355	n/a
128.691870	0.000000	51477	ttl	3	n/a	n/a	n/a	n/a	n/a	n/a	n/a	n/a	n/a	n/a	n/a	n/a	n/a	n/a	n/a	n/a	n/a	n/a	n/a	n/a	128.694355	n/a
130.708744	0.000000	52283	ttl	6	n/a	n/a	n/a	n/a	n/a	n/a	n/a	n/a	n/a	n/a	n/a	n/a	n/a	n/a	n/a	n/a	n/a	n/a	n/a	n/a	130.711229	n/a
133.358649	0.000000	53343	stimulus_presentation	n/a	177	n/a	n/a	n/a	n/a	n/a	n/a	n/a	n/a	n/a	n/a	n/a	n/a	n/a	n/a	n/a	n/a	n/a	n/a	n/a	133.361134	n/a
133.358649	0.000000	53343	ttl	7	n/a	n/a	n/a	n/a	n/a	n/a	n/a	n/a	n/a	n/a	n/a	n/a	n/a	n/a	n/a	n/a	n/a	n/a	n/a	n/a	133.361134	n/a
135.218305	0.000000	54087	ttl	8	n/a	n/a	n/a	n/a	n/a	n/a	n/a	n/a	n/a	n/a	n/a	n/a	n/a	n/a	n/a	n/a	n/a	n/a	n/a	n/a	135.220790	n/a
135.256117	6.744529	54102	sternberg_trial	n/a	n/a	208	0	0	208	1	1	1	136.308508	138.324601	0.0	0.0	0.0	0.0	135.258602	138.324601	140.9591	142.003131	intervals/trials	13	135.258602	142.003131
135.256117	0.000000	54102	ttl	11	n/a	n/a	n/a	n/a	n/a	n/a	n/a	n/a	n/a	n/a	n/a	n/a	n/a	n/a	n/a	n/a	n/a	n/a	n/a	n/a	135.258602	n/a
136.306023	0.000000	54522	stimulus_presentation	n/a	65	n/a	n/a	n/a	n/a	n/a	n/a	n/a	n/a	n/a	n/a	n/a	n/a	n/a	n/a	n/a	n/a	n/a	n/a	n/a	136.308508	n/a
136.306023	0.000000	54522	ttl	1	n/a	n/a	n/a	n/a	n/a	n/a	n/a	n/a	n/a	n/a	n/a	n/a	n/a	n/a	n/a	n/a	n/a	n/a	n/a	n/a	136.308508	n/a
136.316023	0.000000	54526	stimulus_presentation	n/a	0	n/a	n/a	n/a	n/a	n/a	n/a	n/a	n/a	n/a	n/a	n/a	n/a	n/a	n/a	n/a	n/a	n/a	n/a	n/a	136.318508	n/a
136.326023	0.000000	54530	stimulus_presentation	n/a	0	n/a	n/a	n/a	n/a	n/a	n/a	n/a	n/a	n/a	n/a	n/a	n/a	n/a	n/a	n/a	n/a	n/a	n/a	n/a	136.328508	n/a
138.322116	0.000000	55329	ttl	6	n/a	n/a	n/a	n/a	n/a	n/a	n/a	n/a	n/a	n/a	n/a	n/a	n/a	n/a	n/a	n/a	n/a	n/a	n/a	n/a	138.324601	n/a
140.956615	0.000000	56383	stimulus_presentation	n/a	65	n/a	n/a	n/a	n/a	n/a	n/a	n/a	n/a	n/a	n/a	n/a	n/a	n/a	n/a	n/a	n/a	n/a	n/a	n/a	140.959100	n/a
140.956615	0.000000	56383	ttl	7	n/a	n/a	n/a	n/a	n/a	n/a	n/a	n/a	n/a	n/a	n/a	n/a	n/a	n/a	n/a	n/a	n/a	n/a	n/a	n/a	140.959100	n/a
142.000646	0.000000	56800	ttl	8	n/a	n/a	n/a	n/a	n/a	n/a	n/a	n/a	n/a	n/a	n/a	n/a	n/a	n/a	n/a	n/a	n/a	n/a	n/a	n/a	142.003131	n/a
142.021427	11.048746	56809	sternberg_trial	n/a	n/a	508	408	209	307	3	0	1	142.990662	145.00847299999998	145.074505	147.090754	147.190879	149.20684699999998	142.023912	149.20684699999998	151.858033	153.072658	intervals/trials	14	142.023912	153.072658
142.021427	0.000000	56809	ttl	11	n/a	n/a	n/a	n/a	n/a	n/a	n/a	n/a	n/a	n/a	n/a	n/a	n/a	n/a	n/a	n/a	n/a	n/a	n/a	n/a	142.023912	n/a
142.988177	0.000000	57195	stimulus_presentation	n/a	233	n/a	n/a	n/a	n/a	n/a	n/a	n/a	n/a	n/a	n/a	n/a	n/a	n/a	n/a	n/a	n/a	n/a	n/a	n/a	142.990662	n/a
142.988177	0.000000	57195	ttl	1	n/a	n/a	n/a	n/a	n/a	n/a	n/a	n/a	n/a	n/a	n/a	n/a	n/a	n/a	n/a	n/a	n/a	n/a	n/a	n/a	142.990662	n/a
145.005988	0.000000	58002	ttl	5	n/a	n/a	n/a	n/a	n/a	n/a	n/a	n/a	n/a	n/a	n/a	n/a	n/a	n/a	n/a	n/a	n/a	n/a	n/a	n/a	145.008473	n/a
145.072020	0.000000	58029	stimulus_presentation	n/a	178	n/a	n/a	n/a	n/a	n/a	n/a	n/a	n/a	n/a	n/a	n/a	n/a	n/a	n/a	n/a	n/a	n/a	n/a	n/a	145.074505	n/a
145.072020	0.000000	58029	ttl	2	n/a	n/a	n/a	n/a	n/a	n/a	n/a	n/a	n/a	n/a	n/a	n/a	n/a	n/a	n/a	n/a	n/a	n/a	n/a	n/a	145.074505	n/a
147.088269	0.000000	58835	ttl	5	n/a	n/a	n/a	n/a	n/a	n/a	n/a	n/a	n/a	n/a	n/a	n/a	n/a	n/a	n/a	n/a	n/a	n/a	n/a	n/a	147.090754	n/a
147.188394	0.000000	58875	stimulus_presentation	n/a	66	n/a	n/a	n/a	n/a	n/a	n/a	n/a	n/a	n/a	n/a	n/a	n/a	n/a	n/a	n/a	n/a	n/a	n/a	n/a	147.190879	n/a
147.188394	0.000000	58875	ttl	3	n/a	n/a	n/a	n/a	n/a	n/a	n/a	n/a	n/a	n/a	n/a	n/a	n/a	n/a	n/a	n/a	n/a	n/a	n/a	n/a	147.190879	n/a
149.204362	0.000000	59682	ttl	6	n/a	n/a	n/a	n/a	n/a	n/a	n/a	n/a	n/a	n/a	n/a	n/a	n/a	n/a	n/a	n/a	n/a	n/a	n/a	n/a	149.206847	n/a
151.855548	0.000000	60742	stimulus_presentation	n/a	121	n/a	n/a	n/a	n/a	n/a	n/a	n/a	n/a	n/a	n/a	n/a	n/a	n/a	n/a	n/a	n/a	n/a	n/a	n/a	151.858033	n/a
151.855548	0.000000	60742	ttl	7	n/a	n/a	n/a	n/a	n/a	n/a	n/a	n/a	n/a	n/a	n/a	n/a	n/a	n/a	n/a	n/a	n/a	n/a	n/a	n/a	151.858033	n/a
153.070173	0.000000	61228	ttl	8	n/a	n/a	n/a	n/a	n/a	n/a	n/a	n/a	n/a	n/a	n/a	n/a	n/a	n/a	n/a	n/a	n/a	n/a	n/a	n/a	153.072658	n/a
153.102610	6.669935	61241	sternberg_trial	n/a	n/a	409	0	0	205	1	0	1	154.17250099999998	156.189031	0.0	0.0	0.0	0.0	153.105095	156.189031	158.905749	159.77503	intervals/trials	15	153.105095	159.775030
153.102610	0.000000	61241	ttl	11	n/a	n/a	n/a	n/a	n/a	n/a	n/a	n/a	n/a	n/a	n/a	n/a	n/a	n/a	n/a	n/a	n/a	n/a	n/a	n/a	153.105095	n/a
154.170016	0.000000	61668	stimulus_presentation	n/a	179	n/a	n/a	n/a	n/a	n/a	n/a	n/a	n/a	n/a	n/a	n/a	n/a	n/a	n/a	n/a	n/a	n/a	n/a	n/a	154.172501	n/a
154.170016	0.000000	61668	ttl	1	n/a	n/a	n/a	n/a	n/a	n/a	n/a	n/a	n/a	n/a	n/a	n/a	n/a	n/a	n/a	n/a	n/a	n/a	n/a	n/a	154.172501	n/a
154.180016	0.000000	61672	stimulus_presentation	n/a	0	n/a	n/a	n/a	n/a	n/a	n/a	n/a	n/a	n/a	n/a	n/a	n/a	n/a	n/a	n/a	n/a	n/a	n/a	n/a	154.182501	n/a
154.190016	0.000000	61676	stimulus_presentation	n/a	0	n/a	n/a	n/a	n/a	n/a	n/a	n/a	n/a	n/a	n/a	n/a	n/a	n/a	n/a	n/a	n/a	n/a	n/a	n/a	154.192501	n/a
156.186546	0.000000	62475	ttl	6	n/a	n/a	n/a	n/a	n/a	n/a	n/a	n/a	n/a	n/a	n/a	n/a	n/a	n/a	n/a	n/a	n/a	n/a	n/a	n/a	156.189031	n/a
158.903264	0.000000	63561	stimulus_presentation	n/a	62	n/a	n/a	n/a	n/a	n/a	n/a	n/a	n/a	n/a	n/a	n/a	n/a	n/a	n/a	n/a	n/a	n/a	n/a	n/a	158.905749	n/a
158.903264	0.000000	63561	ttl	7	n/a	n/a	n/a	n/a	n/a	n/a	n/a	n/a	n/a	n/a	n/a	n/a	n/a	n/a	n/a	n/a	n/a	n/a	n/a	n/a	158.905749	n/a
159.772545	0.000000	63909	ttl	8	n/a	n/a	n/a	n/a	n/a	n/a	n/a	n/a	n/a	n/a	n/a	n/a	n/a	n/a	n/a	n/a	n/a	n/a	n/a	n/a	159.775030	n/a
159.801389	10.976558	63921	sternberg_trial	n/a	n/a	308	210	410	506	3	0	1	160.88803	162.903529	162.98662199999998	165.003997	165.070997	167.08690199999998	159.80387399999998	167.08690199999998	169.720588	170.780432	intervals/trials	16	159.803874	170.780432
159.801389	0.000000	63921	ttl	11	n/a	n/a	n/a	n/a	n/a	n/a	n/a	n/a	n/a	n/a	n/a	n/a	n/a	n/a	n/a	n/a	n/a	n/a	n/a	n/a	159.803874	n/a
160.885545	0.000000	64354	stimulus_presentation	n/a	122	n/a	n/a	n/a	n/a	n/a	n/a	n/a	n/a	n/a	n/a	n/a	n/a	n/a	n/a	n/a	n/a	n/a	n/a	n/a	160.888030	n/a
160.885545	0.000000	64354	ttl	1	n/a	n/a	n/a	n/a	n/a	n/a	n/a	n/a	n/a	n/a	n/a	n/a	n/a	n/a	n/a	n/a	n/a	n/a	n/a	n/a	160.888030	n/a
162.901044	0.000000	65160	ttl	5	n/a	n/a	n/a	n/a	n/a	n/a	n/a	n/a	n/a	n/a	n/a	n/a	n/a	n/a	n/a	n/a	n/a	n/a	n/a	n/a	162.903529	n/a
162.984137	0.000000	65194	stimulus_presentation	n/a	67	n/a	n/a	n/a	n/a	n/a	n/a	n/a	n/a	n/a	n/a	n/a	n/a	n/a	n/a	n/a	n/a	n/a	n/a	n/a	162.986622	n/a
162.984137	0.000000	65194	ttl	2	n/a	n/a	n/a	n/a	n/a	n/a	n/a	n/a	n/a	n/a	n/a	n/a	n/a	n/a	n/a	n/a	n/a	n/a	n/a	n/a	162.986622	n/a
165.001512	0.000000	66001	ttl	5	n/a	n/a	n/a	n/a	n/a	n/a	n/a	n/a	n/a	n/a	n/a	n/a	n/a	n/a	n/a	n/a	n/a	n/a	n/a	n/a	165.003997	n/a
165.068512	0.000000	66027	stimulus_presentation	n/a	180	n/a	n/a	n/a	n/a	n/a	n/a	n/a	n/a	n/a	n/a	n/a	n/a	n/a	n/a	n/a	n/a	n/a	n/a	n/a	165.070997	n/a
165.068512	0.000000	66027	ttl	3	n/a	n/a	n/a	n/a	n/a	n/a	n/a	n/a	n/a	n/a	n/a	n/a	n/a	n/a	n/a	n/a	n/a	n/a	n/a	n/a	165.070997	n/a
167.084417	0.000000	66834	ttl	6	n/a	n/a	n/a	n/a	n/a	n/a	n/a	n/a	n/a	n/a	n/a	n/a	n/a	n/a	n/a	n/a	n/a	n/a	n/a	n/a	167.086902	n/a
169.718103	0.000000	67887	stimulus_presentation	n/a	231	n/a	n/a	n/a	n/a	n/a	n/a	n/a	n/a	n/a	n/a	n/a	n/a	n/a	n/a	n/a	n/a	n/a	n/a	n/a	169.720588	n/a
169.718103	0.000000	67887	ttl	7	n/a	n/a	n/a	n/a	n/a	n/a	n/a	n/a	n/a	n/a	n/a	n/a	n/a	n/a	n/a	n/a	n/a	n/a	n/a	n/a	169.720588	n/a
170.777947	0.000000	68311	ttl	8	n/a	n/a	n/a	n/a	n/a	n/a	n/a	n/a	n/a	n/a	n/a	n/a	n/a	n/a	n/a	n/a	n/a	n/a	n/a	n/a	170.780432	n/a
170.799384	11.192027	68320	sternberg_trial	n/a	n/a	106	411	309	309	3	1	1	172.019963	174.035087	174.167868	176.185305	176.217961	178.233679	170.80186899999998	178.233679	180.850428	181.99389599999998	intervals/trials	17	170.801869	181.993896
170.799384	0.000000	68320	ttl	11	n/a	n/a	n/a	n/a	n/a	n/a	n/a	n/a	n/a	n/a	n/a	n/a	n/a	n/a	n/a	n/a	n/a	n/a	n/a	n/a	170.801869	n/a
172.017478	0.000000	68807	stimulus_presentation	n/a	6	n/a	n/a	n/a	n/a	n/a	n/a	n/a	n/a	n/a	n/a	n/a	n/a	n/a	n/a	n/a	n/a	n/a	n/a	n/a	172.019963	n/a
172.017478	0.000000	68807	ttl	1	n/a	n/a	n/a	n/a	n/a	n/a	n/a	n/a	n/a	n/a	n/a	n/a	n/a	n/a	n/a	n/a	n/a	n/a	n/a	n/a	172.019963	n/a
174.032602	0.000000	69613	ttl	5	n/a	n/a	n/a	n/a	n/a	n/a	n/a	n/a	n/a	n/a	n/a	n/a	n/a	n/a	n/a	n/a	n/a	n/a	n/a	n/a	174.035087	n/a
174.165383	0.000000	69666	stimulus_presentation	n/a	181	n/a	n/a	n/a	n/a	n/a	n/a	n/a	n/a	n/a	n/a	n/a	n/a	n/a	n/a	n/a	n/a	n/a	n/a	n/a	174.167868	n/a
174.165383	0.000000	69666	ttl	2	n/a	n/a	n/a	n/a	n/a	n/a	n/a	n/a	n/a	n/a	n/a	n/a	n/a	n/a	n/a	n/a	n/a	n/a	n/a	n/a	174.167868	n/a
176.182820	0.000000	70473	ttl	5	n/a	n/a	n/a	n/a	n/a	n/a	n/a	n/a	n/a	n/a	n/a	n/a	n/a	n/a	n/a	n/a	n/a	n/a	n/a	n/a	176.185305	n/a
176.215476	0.000000	70486	stimulus_presentation	n/a	123	n/a	n/a	n/a	n/a	n/a	n/a	n/a	n/a	n/a	n/a	n/a	n/a	n/a	n/a	n/a	n/a	n/a	n/a	n/a	176.217961	n/a
176.215476	0.000000	70486	ttl	3	n/a	n/a	n/a	n/a	n/a	n/a	n/a	n/a	n/a	n/a	n/a	n/a	n/a	n/a	n/a	n/a	n/a	n/a	n/a	n/a	176.217961	n/a
178.231194	0.000000	71292	ttl	6	n/a	n/a	n/a	n/a	n/a	n/a	n/a	n/a	n/a	n/a	n/a	n/a	n/a	n/a	n/a	n/a	n/a	n/a	n/a	n/a	178.233679	n/a
180.847943	0.000000	72339	stimulus_presentation	n/a	123	n/a	n/a	n/a	n/a	n/a	n/a	n/a	n/a	n/a	n/a	n/a	n/a	n/a	n/a	n/a	n/a	n/a	n/a	n/a	180.850428	n/a
180.847943	0.000000	72339	ttl	7	n/a	n/a	n/a	n/a	n/a	n/a	n/a	n/a	n/a	n/a	n/a	n/a	n/a	n/a	n/a	n/a	n/a	n/a	n/a	n/a	180.850428	n/a
181.991411	0.000000	72797	ttl	8	n/a	n/a	n/a	n/a	n/a	n/a	n/a	n/a	n/a	n/a	n/a	n/a	n/a	n/a	n/a	n/a	n/a	n/a	n/a	n/a	181.993896	n/a
182.013942	6.343873	72806	sternberg_trial	n/a	n/a	211	0	0	211	1	1	1	182.949771	184.96695699999998	0.0	0.0	0.0	0.0	182.016427	184.96695699999998	187.61679999999998	188.3603	intervals/trials	18	182.016427	188.360300
182.013942	0.000000	72806	ttl	11	n/a	n/a	n/a	n/a	n/a	n/a	n/a	n/a	n/a	n/a	n/a	n/a	n/a	n/a	n/a	n/a	n/a	n/a	n/a	n/a	182.016427	n/a
182.947286	0.000000	73179	stimulus_presentation	n/a	68	n/a	n/a	n/a	n/a	n/a	n/a	n/a	n/a	n/a	n/a	n/a	n/a	n/a	n/a	n/a	n/a	n/a	n/a	n/a	182.949771	n/a
182.947286	0.000000	73179	ttl	1	n/a	n/a	n/a	n/a	n/a	n/a	n/a	n/a	n/a	n/a	n/a	n/a	n/a	n/a	n/a	n/a	n/a	n/a	n/a	n/a	182.949771	n/a
182.957286	0.000000	73183	stimulus_presentation	n/a	0	n/a	n/a	n/a	n/a	n/a	n/a	n/a	n/a	n/a	n/a	n/a	n/a	n/a	n/a	n/a	n/a	n/a	n/a	n/a	182.959771	n/a
182.967286	0.000000	73187	stimulus_presentation	n/a	0	n/a	n/a	n/a	n/a	n/a	n/a	n/a	n/a	n/a	n/a	n/a	n/a	n/a	n/a	n/a	n/a	n/a	n/a	n/a	182.969771	n/a
184.964472	0.000000	73986	ttl	6	n/a	n/a	n/a	n/a	n/a	n/a	n/a	n/a	n/a	n/a	n/a	n/a	n/a	n/a	n/a	n/a	n/a	n/a	n/a	n/a	184.966957	n/a
187.614315	0.000000	75046	stimulus_presentation	n/a	68	n/a	n/a	n/a	n/a	n/a	n/a	n/a	n/a	n/a	n/a	n/a	n/a	n/a	n/a	n/a	n/a	n/a	n/a	n/a	187.616800	n/a
187.614315	0.000000	75046	ttl	7	n/a	n/a	n/a	n/a	n/a	n/a	n/a	n/a	n/a	n/a	n/a	n/a	n/a	n/a	n/a	n/a	n/a	n/a	n/a	n/a	187.616800	n/a
188.357815	0.000000	75343	ttl	8	n/a	n/a	n/a	n/a	n/a	n/a	n/a	n/a	n/a	n/a	n/a	n/a	n/a	n/a	n/a	n/a	n/a	n/a	n/a	n/a	188.360300	n/a
188.379283	12.279777	75352	sternberg_trial	n/a	n/a	310	107	212	310	3	1	1	189.466206	191.48226699999998	191.59795499999998	193.61436	193.68086	195.697078	188.381768	195.697078	198.415921	200.661545	intervals/trials	19	188.381768	200.661545
188.379283	0.000000	75352	ttl	11	n/a	n/a	n/a	n/a	n/a	n/a	n/a	n/a	n/a	n/a	n/a	n/a	n/a	n/a	n/a	n/a	n/a	n/a	n/a	n/a	188.381768	n/a
189.463721	0.000000	75785	stimulus_presentation	n/a	124	n/a	n/a	n/a	n/a	n/a	n/a	n/a	n/a	n/a	n/a	n/a	n/a	n/a	n/a	n/a	n/a	n/a	n/a	n/a	189.466206	n/a
189.463721	0.000000	75785	ttl	1	n/a	n/a	n/a	n/a	n/a	n/a	n/a	n/a	n/a	n/a	n/a	n/a	n/a	n/a	n/a	n/a	n/a	n/a	n/a	n/a	189.466206	n/a
191.479782	0.000000	76592	ttl	5	n/a	n/a	n/a	n/a	n/a	n/a	n/a	n/a	n/a	n/a	n/a	n/a	n/a	n/a	n/a	n/a	n/a	n/a	n/a	n/a	191.482267	n/a
191.595470	0.000000	76638	stimulus_presentation	n/a	7	n/a	n/a	n/a	n/a	n/a	n/a	n/a	n/a	n/a	n/a	n/a	n/a	n/a	n/a	n/a	n/a	n/a	n/a	n/a	191.597955	n/a
191.595470	0.000000	76638	ttl	2	n/a	n/a	n/a	n/a	n/a	n/a	n/a	n/a	n/a	n/a	n/a	n/a	n/a	n/a	n/a	n/a	n/a	n/a	n/a	n/a	191.597955	n/a
193.611875	0.000000	77445	ttl	5	n/a	n/a	n/a	n/a	n/a	n/a	n/a	n/a	n/a	n/a	n/a	n/a	n/a	n/a	n/a	n/a	n/a	n/a	n/a	n/a	193.614360	n/a
193.678375	0.000000	77471	stimulus_presentation	n/a	69	n/a	n/a	n/a	n/a	n/a	n/a	n/a	n/a	n/a	n/a	n/a	n/a	n/a	n/a	n/a	n/a	n/a	n/a	n/a	193.680860	n/a
193.678375	0.000000	77471	ttl	3	n/a	n/a	n/a	n/a	n/a	n/a	n/a	n/a	n/a	n/a	n/a	n/a	n/a	n/a	n/a	n/a	n/a	n/a	n/a	n/a	193.680860	n/a
195.694593	0.000000	78278	ttl	6	n/a	n/a	n/a	n/a	n/a	n/a	n/a	n/a	n/a	n/a	n/a	n/a	n/a	n/a	n/a	n/a	n/a	n/a	n/a	n/a	195.697078	n/a
198.413436	0.000000	79365	stimulus_presentation	n/a	124	n/a	n/a	n/a	n/a	n/a	n/a	n/a	n/a	n/a	n/a	n/a	n/a	n/a	n/a	n/a	n/a	n/a	n/a	n/a	198.415921	n/a
198.413436	0.000000	79365	ttl	7	n/a	n/a	n/a	n/a	n/a	n/a	n/a	n/a	n/a	n/a	n/a	n/a	n/a	n/a	n/a	n/a	n/a	n/a	n/a	n/a	198.415921	n/a
200.659060	0.000000	80264	ttl	8	n/a	n/a	n/a	n/a	n/a	n/a	n/a	n/a	n/a	n/a	n/a	n/a	n/a	n/a	n/a	n/a	n/a	n/a	n/a	n/a	200.661545	n/a
200.693529	11.274870	80277	sternberg_trial	n/a	n/a	311	108	412	311	3	1	1	201.713138	203.729044	203.879606	205.89610499999998	206.06197999999998	208.078386	200.696014	208.078386	210.72922799999998	211.97088399999998	intervals/trials	20	200.696014	211.970884
200.693529	0.000000	80277	ttl	11	n/a	n/a	n/a	n/a	n/a	n/a	n/a	n/a	n/a	n/a	n/a	n/a	n/a	n/a	n/a	n/a	n/a	n/a	n/a	n/a	200.696014	n/a
201.710653	0.000000	80684	stimulus_presentation	n/a	125	n/a	n/a	n/a	n/a	n/a	n/a	n/a	n/a	n/a	n/a	n/a	n/a	n/a	n/a	n/a	n/a	n/a	n/a	n/a	201.713138	n/a
201.710653	0.000000	80684	ttl	1	n/a	n/a	n/a	n/a	n/a	n/a	n/a	n/a	n/a	n/a	n/a	n/a	n/a	n/a	n/a	n/a	n/a	n/a	n/a	n/a	201.713138	n/a
203.726559	0.000000	81491	ttl	5	n/a	n/a	n/a	n/a	n/a	n/a	n/a	n/a	n/a	n/a	n/a	n/a	n/a	n/a	n/a	n/a	n/a	n/a	n/a	n/a	203.729044	n/a
203.877121	0.000000	81551	stimulus_presentation	n/a	8	n/a	n/a	n/a	n/a	n/a	n/a	n/a	n/a	n/a	n/a	n/a	n/a	n/a	n/a	n/a	n/a	n/a	n/a	n/a	203.879606	n/a
203.877121	0.000000	81551	ttl	2	n/a	n/a	n/a	n/a	n/a	n/a	n/a	n/a	n/a	n/a	n/a	n/a	n/a	n/a	n/a	n/a	n/a	n/a	n/a	n/a	203.879606	n/a
205.893620	0.000000	82357	ttl	5	n/a	n/a	n/a	n/a	n/a	n/a	n/a	n/a	n/a	n/a	n/a	n/a	n/a	n/a	n/a	n/a	n/a	n/a	n/a	n/a	205.896105	n/a
206.059495	0.000000	82424	stimulus_presentation	n/a	182	n/a	n/a	n/a	n/a	n/a	n/a	n/a	n/a	n/a	n/a	n/a	n/a	n/a	n/a	n/a	n/a	n/a	n/a	n/a	206.061980	n/a
206.059495	0.000000	82424	ttl	3	n/a	n/a	n/a	n/a	n/a	n/a	n/a	n/a	n/a	n/a	n/a	n/a	n/a	n/a	n/a	n/a	n/a	n/a	n/a	n/a	206.061980	n/a
208.075901	0.000000	83230	ttl	6	n/a	n/a	n/a	n/a	n/a	n/a	n/a	n/a	n/a	n/a	n/a	n/a	n/a	n/a	n/a	n/a	n/a	n/a	n/a	n/a	208.078386	n/a
210.726743	0.000000	84291	stimulus_presentation	n/a	125	n/a	n/a	n/a	n/a	n/a	n/a	n/a	n/a	n/a	n/a	n/a	n/a	n/a	n/a	n/a	n/a	n/a	n/a	n/a	210.729228	n/a
210.726743	0.000000	84291	ttl	7	n/a	n/a	n/a	n/a	n/a	n/a	n/a	n/a	n/a	n/a	n/a	n/a	n/a	n/a	n/a	n/a	n/a	n/a	n/a	n/a	210.729228	n/a
211.968399	0.000000	84787	ttl	8	n/a	n/a	n/a	n/a	n/a	n/a	n/a	n/a	n/a	n/a	n/a	n/a	n/a	n/a	n/a	n/a	n/a	n/a	n/a	n/a	211.970884	n/a
211.991555	6.663310	84797	sternberg_trial	n/a	n/a	213	0	0	305	1	0	1	213.04413399999999	215.06206999999998	0.0	0.0	0.0	0.0	211.99403999999998	215.06206999999998	217.727225	218.65734999999998	intervals/trials	21	211.994040	218.657350
211.991555	0.000000	84797	ttl	11	n/a	n/a	n/a	n/a	n/a	n/a	n/a	n/a	n/a	n/a	n/a	n/a	n/a	n/a	n/a	n/a	n/a	n/a	n/a	n/a	211.994040	n/a
213.041649	0.000000	85217	stimulus_presentation	n/a	70	n/a	n/a	n/a	n/a	n/a	n/a	n/a	n/a	n/a	n/a	n/a	n/a	n/a	n/a	n/a	n/a	n/a	n/a	n/a	213.044134	n/a
213.041649	0.000000	85217	ttl	1	n/a	n/a	n/a	n/a	n/a	n/a	n/a	n/a	n/a	n/a	n/a	n/a	n/a	n/a	n/a	n/a	n/a	n/a	n/a	n/a	213.044134	n/a
213.051649	0.000000	85221	stimulus_presentation	n/a	0	n/a	n/a	n/a	n/a	n/a	n/a	n/a	n/a	n/a	n/a	n/a	n/a	n/a	n/a	n/a	n/a	n/a	n/a	n/a	213.054134	n/a
213.061649	0.000000	85225	stimulus_presentation	n/a	0	n/a	n/a	n/a	n/a	n/a	n/a	n/a	n/a	n/a	n/a	n/a	n/a	n/a	n/a	n/a	n/a	n/a	n/a	n/a	213.064134	n/a
215.059585	0.000000	86024	ttl	6	n/a	n/a	n/a	n/a	n/a	n/a	n/a	n/a	n/a	n/a	n/a	n/a	n/a	n/a	n/a	n/a	n/a	n/a	n/a	n/a	215.062070	n/a
217.724740	0.000000	87090	stimulus_presentation	n/a	119	n/a	n/a	n/a	n/a	n/a	n/a	n/a	n/a	n/a	n/a	n/a	n/a	n/a	n/a	n/a	n/a	n/a	n/a	n/a	217.727225	n/a
217.724740	0.000000	87090	ttl	7	n/a	n/a	n/a	n/a	n/a	n/a	n/a	n/a	n/a	n/a	n/a	n/a	n/a	n/a	n/a	n/a	n/a	n/a	n/a	n/a	217.727225	n/a
218.654865	0.000000	87462	ttl	8	n/a	n/a	n/a	n/a	n/a	n/a	n/a	n/a	n/a	n/a	n/a	n/a	n/a	n/a	n/a	n/a	n/a	n/a	n/a	n/a	218.657350	n/a
218.690240	11.241964	87476	sternberg_trial	n/a	n/a	214	413	109	109	3	1	1	219.826662	221.843911	222.00938	224.025254	224.17547299999998	226.19234699999998	218.692725	226.19234699999998	228.925752	229.934689	intervals/trials	22	218.692725	229.934689
218.690240	0.000000	87476	ttl	11	n/a	n/a	n/a	n/a	n/a	n/a	n/a	n/a	n/a	n/a	n/a	n/a	n/a	n/a	n/a	n/a	n/a	n/a	n/a	n/a	218.692725	n/a
219.824177	0.000000	87930	stimulus_presentation	n/a	71	n/a	n/a	n/a	n/a	n/a	n/a	n/a	n/a	n/a	n/a	n/a	n/a	n/a	n/a	n/a	n/a	n/a	n/a	n/a	219.826662	n/a
219.824177	0.000000	87930	ttl	1	n/a	n/a	n/a	n/a	n/a	n/a	n/a	n/a	n/a	n/a	n/a	n/a	n/a	n/a	n/a	n/a	n/a	n/a	n/a	n/a	219.826662	n/a
221.841426	0.000000	88737	ttl	5	n/a	n/a	n/a	n/a	n/a	n/a	n/a	n/a	n/a	n/a	n/a	n/a	n/a	n/a	n/a	n/a	n/a	n/a	n/a	n/a	221.843911	n/a
222.006895	0.000000	88803	stimulus_presentation	n/a	183	n/a	n/a	n/a	n/a	n/a	n/a	n/a	n/a	n/a	n/a	n/a	n/a	n/a	n/a	n/a	n/a	n/a	n/a	n/a	222.009380	n/a
222.006895	0.000000	88803	ttl	2	n/a	n/a	n/a	n/a	n/a	n/a	n/a	n/a	n/a	n/a	n/a	n/a	n/a	n/a	n/a	n/a	n/a	n/a	n/a	n/a	222.009380	n/a
224.022769	0.000000	89609	ttl	5	n/a	n/a	n/a	n/a	n/a	n/a	n/a	n/a	n/a	n/a	n/a	n/a	n/a	n/a	n/a	n/a	n/a	n/a	n/a	n/a	224.025254	n/a
224.172988	0.000000	89669	stimulus_presentation	n/a	9	n/a	n/a	n/a	n/a	n/a	n/a	n/a	n/a	n/a	n/a	n/a	n/a	n/a	n/a	n/a	n/a	n/a	n/a	n/a	224.175473	n/a
224.172988	0.000000	89669	ttl	3	n/a	n/a	n/a	n/a	n/a	n/a	n/a	n/a	n/a	n/a	n/a	n/a	n/a	n/a	n/a	n/a	n/a	n/a	n/a	n/a	224.175473	n/a
226.189862	0.000000	90476	ttl	6	n/a	n/a	n/a	n/a	n/a	n/a	n/a	n/a	n/a	n/a	n/a	n/a	n/a	n/a	n/a	n/a	n/a	n/a	n/a	n/a	226.192347	n/a
228.923267	0.000000	91569	stimulus_presentation	n/a	9	n/a	n/a	n/a	n/a	n/a	n/a	n/a	n/a	n/a	n/a	n/a	n/a	n/a	n/a	n/a	n/a	n/a	n/a	n/a	228.925752	n/a
228.923267	0.000000	91569	ttl	7	n/a	n/a	n/a	n/a	n/a	n/a	n/a	n/a	n/a	n/a	n/a	n/a	n/a	n/a	n/a	n/a	n/a	n/a	n/a	n/a	228.925752	n/a
229.932204	0.000000	91973	ttl	8	n/a	n/a	n/a	n/a	n/a	n/a	n/a	n/a	n/a	n/a	n/a	n/a	n/a	n/a	n/a	n/a	n/a	n/a	n/a	n/a	229.934689	n/a
229.954704	12.518558	91982	sternberg_trial	n/a	n/a	215	110	414	215	3	1	1	231.10822	233.124532	233.324469	235.340687	235.473781	237.490311	229.957189	237.490311	240.205748	242.47574699999998	intervals/trials	23	229.957189	242.475747
229.954704	0.000000	91982	ttl	11	n/a	n/a	n/a	n/a	n/a	n/a	n/a	n/a	n/a	n/a	n/a	n/a	n/a	n/a	n/a	n/a	n/a	n/a	n/a	n/a	229.957189	n/a
231.105735	0.000000	92442	stimulus_presentation	n/a	72	n/a	n/a	n/a	n/a	n/a	n/a	n/a	n/a	n/a	n/a	n/a	n/a	n/a	n/a	n/a	n/a	n/a	n/a	n/a	231.108220	n/a
231.105735	0.000000	92442	ttl	1	n/a	n/a	n/a	n/a	n/a	n/a	n/a	n/a	n/a	n/a	n/a	n/a	n/a	n/a	n/a	n/a	n/a	n/a	n/a	n/a	231.108220	n/a
233.122047	0.000000	93249	ttl	5	n/a	n/a	n/a	n/a	n/a	n/a	n/a	n/a	n/a	n/a	n/a	n/a	n/a	n/a	n/a	n/a	n/a	n/a	n/a	n/a	233.124532	n/a
233.321984	0.000000	93329	stimulus_presentation	n/a	10	n/a	n/a	n/a	n/a	n/a	n/a	n/a	n/a	n/a	n/a	n/a	n/a	n/a	n/a	n/a	n/a	n/a	n/a	n/a	233.324469	n/a
233.321984	0.000000	93329	ttl	2	n/a	n/a	n/a	n/a	n/a	n/a	n/a	n/a	n/a	n/a	n/a	n/a	n/a	n/a	n/a	n/a	n/a	n/a	n/a	n/a	233.324469	n/a
235.338202	0.000000	94135	ttl	5	n/a	n/a	n/a	n/a	n/a	n/a	n/a	n/a	n/a	n/a	n/a	n/a	n/a	n/a	n/a	n/a	n/a	n/a	n/a	n/a	235.340687	n/a
235.471296	0.000000	94189	stimulus_presentation	n/a	184	n/a	n/a	n/a	n/a	n/a	n/a	n/a	n/a	n/a	n/a	n/a	n/a	n/a	n/a	n/a	n/a	n/a	n/a	n/a	235.473781	n/a
235.471296	0.000000	94189	ttl	3	n/a	n/a	n/a	n/a	n/a	n/a	n/a	n/a	n/a	n/a	n/a	n/a	n/a	n/a	n/a	n/a	n/a	n/a	n/a	n/a	235.473781	n/a
237.487826	0.000000	94995	ttl	6	n/a	n/a	n/a	n/a	n/a	n/a	n/a	n/a	n/a	n/a	n/a	n/a	n/a	n/a	n/a	n/a	n/a	n/a	n/a	n/a	237.490311	n/a
240.203263	0.000000	96081	stimulus_presentation	n/a	72	n/a	n/a	n/a	n/a	n/a	n/a	n/a	n/a	n/a	n/a	n/a	n/a	n/a	n/a	n/a	n/a	n/a	n/a	n/a	240.205748	n/a
240.203263	0.000000	96081	ttl	7	n/a	n/a	n/a	n/a	n/a	n/a	n/a	n/a	n/a	n/a	n/a	n/a	n/a	n/a	n/a	n/a	n/a	n/a	n/a	n/a	240.205748	n/a
242.473262	0.000000	96989	ttl	8	n/a	n/a	n/a	n/a	n/a	n/a	n/a	n/a	n/a	n/a	n/a	n/a	n/a	n/a	n/a	n/a	n/a	n/a	n/a	n/a	242.475747	n/a
242.502356	10.816401	97001	sternberg_trial	n/a	n/a	111	509	415	308	3	0	1	243.555903	245.57212099999998	245.638308	247.65508799999998	247.838245	249.85461899999999	242.504841	249.85461899999999	252.472524	253.32124199999998	intervals/trials	24	242.504841	253.321242
242.502356	0.000000	97001	ttl	11	n/a	n/a	n/a	n/a	n/a	n/a	n/a	n/a	n/a	n/a	n/a	n/a	n/a	n/a	n/a	n/a	n/a	n/a	n/a	n/a	242.504841	n/a
243.553418	0.000000	97421	stimulus_presentation	n/a	11	n/a	n/a	n/a	n/a	n/a	n/a	n/a	n/a	n/a	n/a	n/a	n/a	n/a	n/a	n/a	n/a	n/a	n/a	n/a	243.555903	n/a
243.553418	0.000000	97421	ttl	1	n/a	n/a	n/a	n/a	n/a	n/a	n/a	n/a	n/a	n/a	n/a	n/a	n/a	n/a	n/a	n/a	n/a	n/a	n/a	n/a	243.555903	n/a
245.569636	0.000000	98228	ttl	5	n/a	n/a	n/a	n/a	n/a	n/a	n/a	n/a	n/a	n/a	n/a	n/a	n/a	n/a	n/a	n/a	n/a	n/a	n/a	n/a	245.572121	n/a
245.635823	0.000000	98254	stimulus_presentation	n/a	234	n/a	n/a	n/a	n/a	n/a	n/a	n/a	n/a	n/a	n/a	n/a	n/a	n/a	n/a	n/a	n/a	n/a	n/a	n/a	245.638308	n/a
245.635823	0.000000	98254	ttl	2	n/a	n/a	n/a	n/a	n/a	n/a	n/a	n/a	n/a	n/a	n/a	n/a	n/a	n/a	n/a	n/a	n/a	n/a	n/a	n/a	245.638308	n/a
247.652603	0.000000	99061	ttl	5	n/a	n/a	n/a	n/a	n/a	n/a	n/a	n/a	n/a	n/a	n/a	n/a	n/a	n/a	n/a	n/a	n/a	n/a	n/a	n/a	247.655088	n/a
247.835760	0.000000	99134	stimulus_presentation	n/a	185	n/a	n/a	n/a	n/a	n/a	n/a	n/a	n/a	n/a	n/a	n/a	n/a	n/a	n/a	n/a	n/a	n/a	n/a	n/a	247.838245	n/a
247.835760	0.000000	99134	ttl	3	n/a	n/a	n/a	n/a	n/a	n/a	n/a	n/a	n/a	n/a	n/a	n/a	n/a	n/a	n/a	n/a	n/a	n/a	n/a	n/a	247.838245	n/a
249.852134	0.000000	99941	ttl	6	n/a	n/a	n/a	n/a	n/a	n/a	n/a	n/a	n/a	n/a	n/a	n/a	n/a	n/a	n/a	n/a	n/a	n/a	n/a	n/a	249.854619	n/a
252.470039	0.000000	100988	stimulus_presentation	n/a	122	n/a	n/a	n/a	n/a	n/a	n/a	n/a	n/a	n/a	n/a	n/a	n/a	n/a	n/a	n/a	n/a	n/a	n/a	n/a	252.472524	n/a
252.470039	0.000000	100988	ttl	7	n/a	n/a	n/a	n/a	n/a	n/a	n/a	n/a	n/a	n/a	n/a	n/a	n/a	n/a	n/a	n/a	n/a	n/a	n/a	n/a	252.472524	n/a
253.318757	0.000000	101328	ttl	8	n/a	n/a	n/a	n/a	n/a	n/a	n/a	n/a	n/a	n/a	n/a	n/a	n/a	n/a	n/a	n/a	n/a	n/a	n/a	n/a	253.321242	n/a
253.350320	11.453777	101340	sternberg_trial	n/a	n/a	312	416	216	101	3	0	1	254.38696099999999	256.40277199999997	256.485647	258.50289699999996	258.702928	260.71873899999997	253.352805	260.71873899999997	263.385207	264.806582	intervals/trials	25	253.352805	264.806582
253.350320	0.000000	101340	ttl	11	n/a	n/a	n/a	n/a	n/a	n/a	n/a	n/a	n/a	n/a	n/a	n/a	n/a	n/a	n/a	n/a	n/a	n/a	n/a	n/a	253.352805	n/a
254.384476	0.000000	101754	stimulus_presentation	n/a	126	n/a	n/a	n/a	n/a	n/a	n/a	n/a	n/a	n/a	n/a	n/a	n/a	n/a	n/a	n/a	n/a	n/a	n/a	n/a	254.386961	n/a
254.384476	0.000000	101754	ttl	1	n/a	n/a	n/a	n/a	n/a	n/a	n/a	n/a	n/a	n/a	n/a	n/a	n/a	n/a	n/a	n/a	n/a	n/a	n/a	n/a	254.386961	n/a
256.400287	0.000000	102560	ttl	5	n/a	n/a	n/a	n/a	n/a	n/a	n/a	n/a	n/a	n/a	n/a	n/a	n/a	n/a	n/a	n/a	n/a	n/a	n/a	n/a	256.402772	n/a
256.483162	0.000000	102593	stimulus_presentation	n/a	186	n/a	n/a	n/a	n/a	n/a	n/a	n/a	n/a	n/a	n/a	n/a	n/a	n/a	n/a	n/a	n/a	n/a	n/a	n/a	256.485647	n/a
256.483162	0.000000	102593	ttl	2	n/a	n/a	n/a	n/a	n/a	n/a	n/a	n/a	n/a	n/a	n/a	n/a	n/a	n/a	n/a	n/a	n/a	n/a	n/a	n/a	256.485647	n/a
258.500412	0.000000	103400	ttl	5	n/a	n/a	n/a	n/a	n/a	n/a	n/a	n/a	n/a	n/a	n/a	n/a	n/a	n/a	n/a	n/a	n/a	n/a	n/a	n/a	258.502897	n/a
258.700443	0.000000	103480	stimulus_presentation	n/a	73	n/a	n/a	n/a	n/a	n/a	n/a	n/a	n/a	n/a	n/a	n/a	n/a	n/a	n/a	n/a	n/a	n/a	n/a	n/a	258.702928	n/a
258.700443	0.000000	103480	ttl	3	n/a	n/a	n/a	n/a	n/a	n/a	n/a	n/a	n/a	n/a	n/a	n/a	n/a	n/a	n/a	n/a	n/a	n/a	n/a	n/a	258.702928	n/a
260.716254	0.000000	104287	ttl	6	n/a	n/a	n/a	n/a	n/a	n/a	n/a	n/a	n/a	n/a	n/a	n/a	n/a	n/a	n/a	n/a	n/a	n/a	n/a	n/a	260.718739	n/a
263.382722	0.000000	105353	stimulus_presentation	n/a	1	n/a	n/a	n/a	n/a	n/a	n/a	n/a	n/a	n/a	n/a	n/a	n/a	n/a	n/a	n/a	n/a	n/a	n/a	n/a	263.385207	n/a
263.382722	0.000000	105353	ttl	7	n/a	n/a	n/a	n/a	n/a	n/a	n/a	n/a	n/a	n/a	n/a	n/a	n/a	n/a	n/a	n/a	n/a	n/a	n/a	n/a	263.385207	n/a
264.804097	0.000000	105922	ttl	8	n/a	n/a	n/a	n/a	n/a	n/a	n/a	n/a	n/a	n/a	n/a	n/a	n/a	n/a	n/a	n/a	n/a	n/a	n/a	n/a	264.806582	n/a
264.831472	11.345932	105933	sternberg_trial	n/a	n/a	417	313	510	510	3	1	1	265.95151899999996	267.967237	268.001018	270.017423	270.08401699999996	272.100422	264.833957	272.100422	274.801578	276.179889	intervals/trials	26	264.833957	276.179889
264.831472	0.000000	105933	ttl	11	n/a	n/a	n/a	n/a	n/a	n/a	n/a	n/a	n/a	n/a	n/a	n/a	n/a	n/a	n/a	n/a	n/a	n/a	n/a	n/a	264.833957	n/a
265.949034	0.000000	106380	stimulus_presentation	n/a	187	n/a	n/a	n/a	n/a	n/a	n/a	n/a	n/a	n/a	n/a	n/a	n/a	n/a	n/a	n/a	n/a	n/a	n/a	n/a	265.951519	n/a
265.949034	0.000000	106380	ttl	1	n/a	n/a	n/a	n/a	n/a	n/a	n/a	n/a	n/a	n/a	n/a	n/a	n/a	n/a	n/a	n/a	n/a	n/a	n/a	n/a	265.951519	n/a
267.964752	0.000000	107186	ttl	5	n/a	n/a	n/a	n/a	n/a	n/a	n/a	n/a	n/a	n/a	n/a	n/a	n/a	n/a	n/a	n/a	n/a	n/a	n/a	n/a	267.967237	n/a
267.998533	0.000000	107199	stimulus_presentation	n/a	127	n/a	n/a	n/a	n/a	n/a	n/a	n/a	n/a	n/a	n/a	n/a	n/a	n/a	n/a	n/a	n/a	n/a	n/a	n/a	268.001018	n/a
267.998533	0.000000	107199	ttl	2	n/a	n/a	n/a	n/a	n/a	n/a	n/a	n/a	n/a	n/a	n/a	n/a	n/a	n/a	n/a	n/a	n/a	n/a	n/a	n/a	268.001018	n/a
270.014938	0.000000	108006	ttl	5	n/a	n/a	n/a	n/a	n/a	n/a	n/a	n/a	n/a	n/a	n/a	n/a	n/a	n/a	n/a	n/a	n/a	n/a	n/a	n/a	270.017423	n/a
270.081532	0.000000	108033	stimulus_presentation	n/a	235	n/a	n/a	n/a	n/a	n/a	n/a	n/a	n/a	n/a	n/a	n/a	n/a	n/a	n/a	n/a	n/a	n/a	n/a	n/a	270.084017	n/a
270.081532	0.000000	108033	ttl	3	n/a	n/a	n/a	n/a	n/a	n/a	n/a	n/a	n/a	n/a	n/a	n/a	n/a	n/a	n/a	n/a	n/a	n/a	n/a	n/a	270.084017	n/a
272.097937	0.000000	108839	ttl	6	n/a	n/a	n/a	n/a	n/a	n/a	n/a	n/a	n/a	n/a	n/a	n/a	n/a	n/a	n/a	n/a	n/a	n/a	n/a	n/a	272.100422	n/a
274.799093	0.000000	109920	stimulus_presentation	n/a	235	n/a	n/a	n/a	n/a	n/a	n/a	n/a	n/a	n/a	n/a	n/a	n/a	n/a	n/a	n/a	n/a	n/a	n/a	n/a	274.801578	n/a
274.799093	0.000000	109920	ttl	7	n/a	n/a	n/a	n/a	n/a	n/a	n/a	n/a	n/a	n/a	n/a	n/a	n/a	n/a	n/a	n/a	n/a	n/a	n/a	n/a	274.801578	n/a
276.177404	0.000000	110471	ttl	8	n/a	n/a	n/a	n/a	n/a	n/a	n/a	n/a	n/a	n/a	n/a	n/a	n/a	n/a	n/a	n/a	n/a	n/a	n/a	n/a	276.179889	n/a
276.212342	13.082026	110485	sternberg_trial	n/a	n/a	217	314	418	509	3	0	1	277.33167	279.34820099999996	279.398013	281.414169	281.44745	283.46385499999997	276.214827	283.46385499999997	286.097167	289.296853	intervals/trials	27	276.214827	289.296853
276.212342	0.000000	110485	ttl	11	n/a	n/a	n/a	n/a	n/a	n/a	n/a	n/a	n/a	n/a	n/a	n/a	n/a	n/a	n/a	n/a	n/a	n/a	n/a	n/a	276.214827	n/a
277.329185	0.000000	110932	stimulus_presentation	n/a	74	n/a	n/a	n/a	n/a	n/a	n/a	n/a	n/a	n/a	n/a	n/a	n/a	n/a	n/a	n/a	n/a	n/a	n/a	n/a	277.331670	n/a
277.329185	0.000000	110932	ttl	1	n/a	n/a	n/a	n/a	n/a	n/a	n/a	n/a	n/a	n/a	n/a	n/a	n/a	n/a	n/a	n/a	n/a	n/a	n/a	n/a	277.331670	n/a
279.345716	0.000000	111738	ttl	5	n/a	n/a	n/a	n/a	n/a	n/a	n/a	n/a	n/a	n/a	n/a	n/a	n/a	n/a	n/a	n/a	n/a	n/a	n/a	n/a	279.348201	n/a
279.395528	0.000000	111758	stimulus_presentation	n/a	128	n/a	n/a	n/a	n/a	n/a	n/a	n/a	n/a	n/a	n/a	n/a	n/a	n/a	n/a	n/a	n/a	n/a	n/a	n/a	279.398013	n/a
279.395528	0.000000	111758	ttl	2	n/a	n/a	n/a	n/a	n/a	n/a	n/a	n/a	n/a	n/a	n/a	n/a	n/a	n/a	n/a	n/a	n/a	n/a	n/a	n/a	279.398013	n/a
281.411684	0.000000	112565	ttl	5	n/a	n/a	n/a	n/a	n/a	n/a	n/a	n/a	n/a	n/a	n/a	n/a	n/a	n/a	n/a	n/a	n/a	n/a	n/a	n/a	281.414169	n/a
281.444965	0.000000	112578	stimulus_presentation	n/a	188	n/a	n/a	n/a	n/a	n/a	n/a	n/a	n/a	n/a	n/a	n/a	n/a	n/a	n/a	n/a	n/a	n/a	n/a	n/a	281.447450	n/a
281.444965	0.000000	112578	ttl	3	n/a	n/a	n/a	n/a	n/a	n/a	n/a	n/a	n/a	n/a	n/a	n/a	n/a	n/a	n/a	n/a	n/a	n/a	n/a	n/a	281.447450	n/a
283.461370	0.000000	113385	ttl	6	n/a	n/a	n/a	n/a	n/a	n/a	n/a	n/a	n/a	n/a	n/a	n/a	n/a	n/a	n/a	n/a	n/a	n/a	n/a	n/a	283.463855	n/a
286.094682	0.000000	114438	stimulus_presentation	n/a	234	n/a	n/a	n/a	n/a	n/a	n/a	n/a	n/a	n/a	n/a	n/a	n/a	n/a	n/a	n/a	n/a	n/a	n/a	n/a	286.097167	n/a
286.094682	0.000000	114438	ttl	7	n/a	n/a	n/a	n/a	n/a	n/a	n/a	n/a	n/a	n/a	n/a	n/a	n/a	n/a	n/a	n/a	n/a	n/a	n/a	n/a	286.097167	n/a
289.294368	0.000000	115718	ttl	8	n/a	n/a	n/a	n/a	n/a	n/a	n/a	n/a	n/a	n/a	n/a	n/a	n/a	n/a	n/a	n/a	n/a	n/a	n/a	n/a	289.296853	n/a
289.326805	6.829935	115731	sternberg_trial	n/a	n/a	218	0	0	508	1	0	1	290.33004	292.345664	0.0	0.0	0.0	0.0	289.32929	292.345664	295.04650699999996	296.159225	intervals/trials	28	289.329290	296.159225
289.326805	0.000000	115731	ttl	11	n/a	n/a	n/a	n/a	n/a	n/a	n/a	n/a	n/a	n/a	n/a	n/a	n/a	n/a	n/a	n/a	n/a	n/a	n/a	n/a	289.329290	n/a
290.327555	0.000000	116131	stimulus_presentation	n/a	75	n/a	n/a	n/a	n/a	n/a	n/a	n/a	n/a	n/a	n/a	n/a	n/a	n/a	n/a	n/a	n/a	n/a	n/a	n/a	290.330040	n/a
290.327555	0.000000	116131	ttl	1	n/a	n/a	n/a	n/a	n/a	n/a	n/a	n/a	n/a	n/a	n/a	n/a	n/a	n/a	n/a	n/a	n/a	n/a	n/a	n/a	290.330040	n/a
290.337555	0.000000	116135	stimulus_presentation	n/a	0	n/a	n/a	n/a	n/a	n/a	n/a	n/a	n/a	n/a	n/a	n/a	n/a	n/a	n/a	n/a	n/a	n/a	n/a	n/a	290.340040	n/a
290.347555	0.000000	116139	stimulus_presentation	n/a	0	n/a	n/a	n/a	n/a	n/a	n/a	n/a	n/a	n/a	n/a	n/a	n/a	n/a	n/a	n/a	n/a	n/a	n/a	n/a	290.350040	n/a
292.343179	0.000000	116937	ttl	6	n/a	n/a	n/a	n/a	n/a	n/a	n/a	n/a	n/a	n/a	n/a	n/a	n/a	n/a	n/a	n/a	n/a	n/a	n/a	n/a	292.345664	n/a
295.044022	0.000000	118018	stimulus_presentation	n/a	233	n/a	n/a	n/a	n/a	n/a	n/a	n/a	n/a	n/a	n/a	n/a	n/a	n/a	n/a	n/a	n/a	n/a	n/a	n/a	295.046507	n/a
295.044022	0.000000	118018	ttl	7	n/a	n/a	n/a	n/a	n/a	n/a	n/a	n/a	n/a	n/a	n/a	n/a	n/a	n/a	n/a	n/a	n/a	n/a	n/a	n/a	295.046507	n/a
296.156740	0.000000	118463	ttl	8	n/a	n/a	n/a	n/a	n/a	n/a	n/a	n/a	n/a	n/a	n/a	n/a	n/a	n/a	n/a	n/a	n/a	n/a	n/a	n/a	296.159225	n/a
296.192053	7.450997	118477	sternberg_trial	n/a	n/a	419	0	0	419	1	1	1	297.36288099999996	299.377911	0.0	0.0	0.0	0.0	296.19453799999997	299.377911	302.077317	303.645535	intervals/trials	29	296.194538	303.645535
296.192053	0.000000	118477	ttl	11	n/a	n/a	n/a	n/a	n/a	n/a	n/a	n/a	n/a	n/a	n/a	n/a	n/a	n/a	n/a	n/a	n/a	n/a	n/a	n/a	296.194538	n/a
297.360396	0.000000	118944	stimulus_presentation	n/a	189	n/a	n/a	n/a	n/a	n/a	n/a	n/a	n/a	n/a	n/a	n/a	n/a	n/a	n/a	n/a	n/a	n/a	n/a	n/a	297.362881	n/a
297.360396	0.000000	118944	ttl	1	n/a	n/a	n/a	n/a	n/a	n/a	n/a	n/a	n/a	n/a	n/a	n/a	n/a	n/a	n/a	n/a	n/a	n/a	n/a	n/a	297.362881	n/a
297.370396	0.000000	118948	stimulus_presentation	n/a	0	n/a	n/a	n/a	n/a	n/a	n/a	n/a	n/a	n/a	n/a	n/a	n/a	n/a	n/a	n/a	n/a	n/a	n/a	n/a	297.372881	n/a
297.380396	0.000000	118952	stimulus_presentation	n/a	0	n/a	n/a	n/a	n/a	n/a	n/a	n/a	n/a	n/a	n/a	n/a	n/a	n/a	n/a	n/a	n/a	n/a	n/a	n/a	297.382881	n/a
299.375426	0.000000	119750	ttl	6	n/a	n/a	n/a	n/a	n/a	n/a	n/a	n/a	n/a	n/a	n/a	n/a	n/a	n/a	n/a	n/a	n/a	n/a	n/a	n/a	299.377911	n/a
302.074832	0.000000	120830	stimulus_presentation	n/a	189	n/a	n/a	n/a	n/a	n/a	n/a	n/a	n/a	n/a	n/a	n/a	n/a	n/a	n/a	n/a	n/a	n/a	n/a	n/a	302.077317	n/a
302.074832	0.000000	120830	ttl	7	n/a	n/a	n/a	n/a	n/a	n/a	n/a	n/a	n/a	n/a	n/a	n/a	n/a	n/a	n/a	n/a	n/a	n/a	n/a	n/a	302.077317	n/a
303.643050	0.000000	121457	ttl	8	n/a	n/a	n/a	n/a	n/a	n/a	n/a	n/a	n/a	n/a	n/a	n/a	n/a	n/a	n/a	n/a	n/a	n/a	n/a	n/a	303.645535	n/a
303.674081	6.751403	121470	sternberg_trial	n/a	n/a	511	0	0	415	1	0	1	304.826378	306.84459599999997	0.0	0.0	0.0	0.0	303.676566	306.84459599999997	309.54250099999996	310.42796899999996	intervals/trials	30	303.676566	310.427969
303.674081	0.000000	121470	ttl	11	n/a	n/a	n/a	n/a	n/a	n/a	n/a	n/a	n/a	n/a	n/a	n/a	n/a	n/a	n/a	n/a	n/a	n/a	n/a	n/a	303.676566	n/a
304.823893	0.000000	121930	stimulus_presentation	n/a	236	n/a	n/a	n/a	n/a	n/a	n/a	n/a	n/a	n/a	n/a	n/a	n/a	n/a	n/a	n/a	n/a	n/a	n/a	n/a	304.826378	n/a
304.823893	0.000000	121930	ttl	1	n/a	n/a	n/a	n/a	n/a	n/a	n/a	n/a	n/a	n/a	n/a	n/a	n/a	n/a	n/a	n/a	n/a	n/a	n/a	n/a	304.826378	n/a
304.833893	0.000000	121934	stimulus_presentation	n/a	0	n/a	n/a	n/a	n/a	n/a	n/a	n/a	n/a	n/a	n/a	n/a	n/a	n/a	n/a	n/a	n/a	n/a	n/a	n/a	304.836378	n/a
304.843893	0.000000	121938	stimulus_presentation	n/a	0	n/a	n/a	n/a	n/a	n/a	n/a	n/a	n/a	n/a	n/a	n/a	n/a	n/a	n/a	n/a	n/a	n/a	n/a	n/a	304.846378	n/a
306.842111	0.000000	122737	ttl	6	n/a	n/a	n/a	n/a	n/a	n/a	n/a	n/a	n/a	n/a	n/a	n/a	n/a	n/a	n/a	n/a	n/a	n/a	n/a	n/a	306.844596	n/a
309.540016	0.000000	123816	stimulus_presentation	n/a	185	n/a	n/a	n/a	n/a	n/a	n/a	n/a	n/a	n/a	n/a	n/a	n/a	n/a	n/a	n/a	n/a	n/a	n/a	n/a	309.542501	n/a
309.540016	0.000000	123816	ttl	7	n/a	n/a	n/a	n/a	n/a	n/a	n/a	n/a	n/a	n/a	n/a	n/a	n/a	n/a	n/a	n/a	n/a	n/a	n/a	n/a	309.542501	n/a
310.425484	0.000000	124170	ttl	8	n/a	n/a	n/a	n/a	n/a	n/a	n/a	n/a	n/a	n/a	n/a	n/a	n/a	n/a	n/a	n/a	n/a	n/a	n/a	n/a	310.427969	n/a
310.456203	6.767685	124182	sternberg_trial	n/a	n/a	420	0	0	505	1	0	1	311.558969	313.574749	0.0	0.0	0.0	0.0	310.458688	313.574749	316.291905	317.22637299999997	intervals/trials	31	310.458688	317.226373
310.456203	0.000000	124182	ttl	11	n/a	n/a	n/a	n/a	n/a	n/a	n/a	n/a	n/a	n/a	n/a	n/a	n/a	n/a	n/a	n/a	n/a	n/a	n/a	n/a	310.458688	n/a
311.556484	0.000000	124623	stimulus_presentation	n/a	190	n/a	n/a	n/a	n/a	n/a	n/a	n/a	n/a	n/a	n/a	n/a	n/a	n/a	n/a	n/a	n/a	n/a	n/a	n/a	311.558969	n/a
311.556484	0.000000	124623	ttl	1	n/a	n/a	n/a	n/a	n/a	n/a	n/a	n/a	n/a	n/a	n/a	n/a	n/a	n/a	n/a	n/a	n/a	n/a	n/a	n/a	311.558969	n/a
311.566484	0.000000	124627	stimulus_presentation	n/a	0	n/a	n/a	n/a	n/a	n/a	n/a	n/a	n/a	n/a	n/a	n/a	n/a	n/a	n/a	n/a	n/a	n/a	n/a	n/a	311.568969	n/a
311.576484	0.000000	124631	stimulus_presentation	n/a	0	n/a	n/a	n/a	n/a	n/a	n/a	n/a	n/a	n/a	n/a	n/a	n/a	n/a	n/a	n/a	n/a	n/a	n/a	n/a	311.578969	n/a
313.572264	0.000000	125429	ttl	6	n/a	n/a	n/a	n/a	n/a	n/a	n/a	n/a	n/a	n/a	n/a	n/a	n/a	n/a	n/a	n/a	n/a	n/a	n/a	n/a	313.574749	n/a
316.289420	0.000000	126516	stimulus_presentation	n/a	230	n/a	n/a	n/a	n/a	n/a	n/a	n/a	n/a	n/a	n/a	n/a	n/a	n/a	n/a	n/a	n/a	n/a	n/a	n/a	316.291905	n/a
316.289420	0.000000	126516	ttl	7	n/a	n/a	n/a	n/a	n/a	n/a	n/a	n/a	n/a	n/a	n/a	n/a	n/a	n/a	n/a	n/a	n/a	n/a	n/a	n/a	316.291905	n/a
317.223888	0.000000	126890	ttl	8	n/a	n/a	n/a	n/a	n/a	n/a	n/a	n/a	n/a	n/a	n/a	n/a	n/a	n/a	n/a	n/a	n/a	n/a	n/a	n/a	317.226373	n/a
317.254888	7.407247	126902	sternberg_trial	n/a	n/a	112	0	0	112	1	1	1	318.291466	320.306747	0.0	0.0	0.0	0.0	317.257373	320.306747	323.106683	324.66462	intervals/trials	32	317.257373	324.664620
317.254888	0.000000	126902	ttl	11	n/a	n/a	n/a	n/a	n/a	n/a	n/a	n/a	n/a	n/a	n/a	n/a	n/a	n/a	n/a	n/a	n/a	n/a	n/a	n/a	317.257373	n/a
318.288981	0.000000	127316	stimulus_presentation	n/a	12	n/a	n/a	n/a	n/a	n/a	n/a	n/a	n/a	n/a	n/a	n/a	n/a	n/a	n/a	n/a	n/a	n/a	n/a	n/a	318.291466	n/a
318.288981	0.000000	127316	ttl	1	n/a	n/a	n/a	n/a	n/a	n/a	n/a	n/a	n/a	n/a	n/a	n/a	n/a	n/a	n/a	n/a	n/a	n/a	n/a	n/a	318.291466	n/a
318.298981	0.000000	127320	stimulus_presentation	n/a	0	n/a	n/a	n/a	n/a	n/a	n/a	n/a	n/a	n/a	n/a	n/a	n/a	n/a	n/a	n/a	n/a	n/a	n/a	n/a	318.301466	n/a
318.308981	0.000000	127324	stimulus_presentation	n/a	0	n/a	n/a	n/a	n/a	n/a	n/a	n/a	n/a	n/a	n/a	n/a	n/a	n/a	n/a	n/a	n/a	n/a	n/a	n/a	318.311466	n/a
320.304262	0.000000	128122	ttl	6	n/a	n/a	n/a	n/a	n/a	n/a	n/a	n/a	n/a	n/a	n/a	n/a	n/a	n/a	n/a	n/a	n/a	n/a	n/a	n/a	320.306747	n/a
323.104198	0.000000	129242	stimulus_presentation	n/a	12	n/a	n/a	n/a	n/a	n/a	n/a	n/a	n/a	n/a	n/a	n/a	n/a	n/a	n/a	n/a	n/a	n/a	n/a	n/a	323.106683	n/a
323.104198	0.000000	129242	ttl	7	n/a	n/a	n/a	n/a	n/a	n/a	n/a	n/a	n/a	n/a	n/a	n/a	n/a	n/a	n/a	n/a	n/a	n/a	n/a	n/a	323.106683	n/a
324.662135	0.000000	129865	ttl	8	n/a	n/a	n/a	n/a	n/a	n/a	n/a	n/a	n/a	n/a	n/a	n/a	n/a	n/a	n/a	n/a	n/a	n/a	n/a	n/a	324.664620	n/a
324.686729	11.140839	129875	sternberg_trial	n/a	n/a	512	421	113	213	3	0	1	325.672807	327.689869	327.77205599999996	329.789274	329.938805	331.955648	324.689214	331.955648	334.60546	335.83005299999996	intervals/trials	33	324.689214	335.830053
324.686729	0.000000	129875	ttl	11	n/a	n/a	n/a	n/a	n/a	n/a	n/a	n/a	n/a	n/a	n/a	n/a	n/a	n/a	n/a	n/a	n/a	n/a	n/a	n/a	324.689214	n/a
325.670322	0.000000	130268	stimulus_presentation	n/a	237	n/a	n/a	n/a	n/a	n/a	n/a	n/a	n/a	n/a	n/a	n/a	n/a	n/a	n/a	n/a	n/a	n/a	n/a	n/a	325.672807	n/a
325.670322	0.000000	130268	ttl	1	n/a	n/a	n/a	n/a	n/a	n/a	n/a	n/a	n/a	n/a	n/a	n/a	n/a	n/a	n/a	n/a	n/a	n/a	n/a	n/a	325.672807	n/a
327.687384	0.000000	131075	ttl	5	n/a	n/a	n/a	n/a	n/a	n/a	n/a	n/a	n/a	n/a	n/a	n/a	n/a	n/a	n/a	n/a	n/a	n/a	n/a	n/a	327.689869	n/a
327.769571	0.000000	131108	stimulus_presentation	n/a	191	n/a	n/a	n/a	n/a	n/a	n/a	n/a	n/a	n/a	n/a	n/a	n/a	n/a	n/a	n/a	n/a	n/a	n/a	n/a	327.772056	n/a
327.769571	0.000000	131108	ttl	2	n/a	n/a	n/a	n/a	n/a	n/a	n/a	n/a	n/a	n/a	n/a	n/a	n/a	n/a	n/a	n/a	n/a	n/a	n/a	n/a	327.772056	n/a
329.786789	0.000000	131915	ttl	5	n/a	n/a	n/a	n/a	n/a	n/a	n/a	n/a	n/a	n/a	n/a	n/a	n/a	n/a	n/a	n/a	n/a	n/a	n/a	n/a	329.789274	n/a
329.936320	0.000000	131975	stimulus_presentation	n/a	13	n/a	n/a	n/a	n/a	n/a	n/a	n/a	n/a	n/a	n/a	n/a	n/a	n/a	n/a	n/a	n/a	n/a	n/a	n/a	329.938805	n/a
329.936320	0.000000	131975	ttl	3	n/a	n/a	n/a	n/a	n/a	n/a	n/a	n/a	n/a	n/a	n/a	n/a	n/a	n/a	n/a	n/a	n/a	n/a	n/a	n/a	329.938805	n/a
331.953163	0.000000	132781	ttl	6	n/a	n/a	n/a	n/a	n/a	n/a	n/a	n/a	n/a	n/a	n/a	n/a	n/a	n/a	n/a	n/a	n/a	n/a	n/a	n/a	331.955648	n/a
334.602975	0.000000	133841	stimulus_presentation	n/a	70	n/a	n/a	n/a	n/a	n/a	n/a	n/a	n/a	n/a	n/a	n/a	n/a	n/a	n/a	n/a	n/a	n/a	n/a	n/a	334.605460	n/a
334.602975	0.000000	133841	ttl	7	n/a	n/a	n/a	n/a	n/a	n/a	n/a	n/a	n/a	n/a	n/a	n/a	n/a	n/a	n/a	n/a	n/a	n/a	n/a	n/a	334.605460	n/a
335.827568	0.000000	134331	ttl	8	n/a	n/a	n/a	n/a	n/a	n/a	n/a	n/a	n/a	n/a	n/a	n/a	n/a	n/a	n/a	n/a	n/a	n/a	n/a	n/a	335.830053	n/a
335.851287	6.854685	134341	sternberg_trial	n/a	n/a	513	0	0	303	1	0	1	336.937646	338.953489	0.0	0.0	0.0	0.0	335.853772	338.953489	341.72061299999996	342.708457	intervals/trials	34	335.853772	342.708457
335.851287	0.000000	134341	ttl	11	n/a	n/a	n/a	n/a	n/a	n/a	n/a	n/a	n/a	n/a	n/a	n/a	n/a	n/a	n/a	n/a	n/a	n/a	n/a	n/a	335.853772	n/a
336.935161	0.000000	134774	stimulus_presentation	n/a	238	n/a	n/a	n/a	n/a	n/a	n/a	n/a	n/a	n/a	n/a	n/a	n/a	n/a	n/a	n/a	n/a	n/a	n/a	n/a	336.937646	n/a
336.935161	0.000000	134774	ttl	1	n/a	n/a	n/a	n/a	n/a	n/a	n/a	n/a	n/a	n/a	n/a	n/a	n/a	n/a	n/a	n/a	n/a	n/a	n/a	n/a	336.937646	n/a
336.945161	0.000000	134778	stimulus_presentation	n/a	0	n/a	n/a	n/a	n/a	n/a	n/a	n/a	n/a	n/a	n/a	n/a	n/a	n/a	n/a	n/a	n/a	n/a	n/a	n/a	336.947646	n/a
336.955161	0.000000	134782	stimulus_presentation	n/a	0	n/a	n/a	n/a	n/a	n/a	n/a	n/a	n/a	n/a	n/a	n/a	n/a	n/a	n/a	n/a	n/a	n/a	n/a	n/a	336.957646	n/a
338.951004	0.000000	135580	ttl	6	n/a	n/a	n/a	n/a	n/a	n/a	n/a	n/a	n/a	n/a	n/a	n/a	n/a	n/a	n/a	n/a	n/a	n/a	n/a	n/a	338.953489	n/a
341.718128	0.000000	136687	stimulus_presentation	n/a	117	n/a	n/a	n/a	n/a	n/a	n/a	n/a	n/a	n/a	n/a	n/a	n/a	n/a	n/a	n/a	n/a	n/a	n/a	n/a	341.720613	n/a
341.718128	0.000000	136687	ttl	7	n/a	n/a	n/a	n/a	n/a	n/a	n/a	n/a	n/a	n/a	n/a	n/a	n/a	n/a	n/a	n/a	n/a	n/a	n/a	n/a	341.720613	n/a
342.705972	0.000000	137082	ttl	8	n/a	n/a	n/a	n/a	n/a	n/a	n/a	n/a	n/a	n/a	n/a	n/a	n/a	n/a	n/a	n/a	n/a	n/a	n/a	n/a	342.708457	n/a
342.733253	8.386715	137093	sternberg_trial	n/a	n/a	422	0	0	422	1	1	0	343.80226899999997	345.820174	0.0	0.0	0.0	0.0	342.73573799999997	345.820174	348.53795399999996	351.122453	intervals/trials	35	342.735738	351.122453
342.733253	0.000000	137093	ttl	11	n/a	n/a	n/a	n/a	n/a	n/a	n/a	n/a	n/a	n/a	n/a	n/a	n/a	n/a	n/a	n/a	n/a	n/a	n/a	n/a	342.735738	n/a
343.799784	0.000000	137520	stimulus_presentation	n/a	192	n/a	n/a	n/a	n/a	n/a	n/a	n/a	n/a	n/a	n/a	n/a	n/a	n/a	n/a	n/a	n/a	n/a	n/a	n/a	343.802269	n/a
343.799784	0.000000	137520	ttl	1	n/a	n/a	n/a	n/a	n/a	n/a	n/a	n/a	n/a	n/a	n/a	n/a	n/a	n/a	n/a	n/a	n/a	n/a	n/a	n/a	343.802269	n/a
343.809784	0.000000	137524	stimulus_presentation	n/a	0	n/a	n/a	n/a	n/a	n/a	n/a	n/a	n/a	n/a	n/a	n/a	n/a	n/a	n/a	n/a	n/a	n/a	n/a	n/a	343.812269	n/a
343.819784	0.000000	137528	stimulus_presentation	n/a	0	n/a	n/a	n/a	n/a	n/a	n/a	n/a	n/a	n/a	n/a	n/a	n/a	n/a	n/a	n/a	n/a	n/a	n/a	n/a	343.822269	n/a
345.817689	0.000000	138327	ttl	6	n/a	n/a	n/a	n/a	n/a	n/a	n/a	n/a	n/a	n/a	n/a	n/a	n/a	n/a	n/a	n/a	n/a	n/a	n/a	n/a	345.820174	n/a
348.535469	0.000000	139414	stimulus_presentation	n/a	192	n/a	n/a	n/a	n/a	n/a	n/a	n/a	n/a	n/a	n/a	n/a	n/a	n/a	n/a	n/a	n/a	n/a	n/a	n/a	348.537954	n/a
348.535469	0.000000	139414	ttl	7	n/a	n/a	n/a	n/a	n/a	n/a	n/a	n/a	n/a	n/a	n/a	n/a	n/a	n/a	n/a	n/a	n/a	n/a	n/a	n/a	348.537954	n/a
351.119968	0.000000	140448	ttl	8	n/a	n/a	n/a	n/a	n/a	n/a	n/a	n/a	n/a	n/a	n/a	n/a	n/a	n/a	n/a	n/a	n/a	n/a	n/a	n/a	351.122453	n/a
351.148406	6.930028	140459	sternberg_trial	n/a	n/a	219	0	0	219	1	1	1	352.251671	354.268264	0.0	0.0	0.0	0.0	351.150891	354.268264	357.002482	358.080919	intervals/trials	36	351.150891	358.080919
351.148406	0.000000	140459	ttl	11	n/a	n/a	n/a	n/a	n/a	n/a	n/a	n/a	n/a	n/a	n/a	n/a	n/a	n/a	n/a	n/a	n/a	n/a	n/a	n/a	351.150891	n/a
352.249186	0.000000	140900	stimulus_presentation	n/a	76	n/a	n/a	n/a	n/a	n/a	n/a	n/a	n/a	n/a	n/a	n/a	n/a	n/a	n/a	n/a	n/a	n/a	n/a	n/a	352.251671	n/a
352.249186	0.000000	140900	ttl	1	n/a	n/a	n/a	n/a	n/a	n/a	n/a	n/a	n/a	n/a	n/a	n/a	n/a	n/a	n/a	n/a	n/a	n/a	n/a	n/a	352.251671	n/a
352.259186	0.000000	140904	stimulus_presentation	n/a	0	n/a	n/a	n/a	n/a	n/a	n/a	n/a	n/a	n/a	n/a	n/a	n/a	n/a	n/a	n/a	n/a	n/a	n/a	n/a	352.261671	n/a
352.269186	0.000000	140908	stimulus_presentation	n/a	0	n/a	n/a	n/a	n/a	n/a	n/a	n/a	n/a	n/a	n/a	n/a	n/a	n/a	n/a	n/a	n/a	n/a	n/a	n/a	352.271671	n/a
354.265779	0.000000	141706	ttl	6	n/a	n/a	n/a	n/a	n/a	n/a	n/a	n/a	n/a	n/a	n/a	n/a	n/a	n/a	n/a	n/a	n/a	n/a	n/a	n/a	354.268264	n/a
356.999997	0.000000	142800	stimulus_presentation	n/a	76	n/a	n/a	n/a	n/a	n/a	n/a	n/a	n/a	n/a	n/a	n/a	n/a	n/a	n/a	n/a	n/a	n/a	n/a	n/a	357.002482	n/a
356.999997	0.000000	142800	ttl	7	n/a	n/a	n/a	n/a	n/a	n/a	n/a	n/a	n/a	n/a	n/a	n/a	n/a	n/a	n/a	n/a	n/a	n/a	n/a	n/a	357.002482	n/a
358.078434	0.000000	143231	ttl	8	n/a	n/a	n/a	n/a	n/a	n/a	n/a	n/a	n/a	n/a	n/a	n/a	n/a	n/a	n/a	n/a	n/a	n/a	n/a	n/a	358.080919	n/a
358.113715	7.290935	143245	sternberg_trial	n/a	n/a	315	0	0	512	1	0	1	359.266887	361.282262	0.0	0.0	0.0	0.0	358.1162	361.282262	364.032198	365.407135	intervals/trials	37	358.116200	365.407135
358.113715	0.000000	143245	ttl	11	n/a	n/a	n/a	n/a	n/a	n/a	n/a	n/a	n/a	n/a	n/a	n/a	n/a	n/a	n/a	n/a	n/a	n/a	n/a	n/a	358.116200	n/a
359.264402	0.000000	143706	stimulus_presentation	n/a	129	n/a	n/a	n/a	n/a	n/a	n/a	n/a	n/a	n/a	n/a	n/a	n/a	n/a	n/a	n/a	n/a	n/a	n/a	n/a	359.266887	n/a
359.264402	0.000000	143706	ttl	1	n/a	n/a	n/a	n/a	n/a	n/a	n/a	n/a	n/a	n/a	n/a	n/a	n/a	n/a	n/a	n/a	n/a	n/a	n/a	n/a	359.266887	n/a
359.274402	0.000000	143710	stimulus_presentation	n/a	0	n/a	n/a	n/a	n/a	n/a	n/a	n/a	n/a	n/a	n/a	n/a	n/a	n/a	n/a	n/a	n/a	n/a	n/a	n/a	359.276887	n/a
359.284402	0.000000	143714	stimulus_presentation	n/a	0	n/a	n/a	n/a	n/a	n/a	n/a	n/a	n/a	n/a	n/a	n/a	n/a	n/a	n/a	n/a	n/a	n/a	n/a	n/a	359.286887	n/a
361.279777	0.000000	144512	ttl	6	n/a	n/a	n/a	n/a	n/a	n/a	n/a	n/a	n/a	n/a	n/a	n/a	n/a	n/a	n/a	n/a	n/a	n/a	n/a	n/a	361.282262	n/a
364.029713	0.000000	145612	stimulus_presentation	n/a	237	n/a	n/a	n/a	n/a	n/a	n/a	n/a	n/a	n/a	n/a	n/a	n/a	n/a	n/a	n/a	n/a	n/a	n/a	n/a	364.032198	n/a
364.029713	0.000000	145612	ttl	7	n/a	n/a	n/a	n/a	n/a	n/a	n/a	n/a	n/a	n/a	n/a	n/a	n/a	n/a	n/a	n/a	n/a	n/a	n/a	n/a	364.032198	n/a
365.404650	0.000000	146162	ttl	8	n/a	n/a	n/a	n/a	n/a	n/a	n/a	n/a	n/a	n/a	n/a	n/a	n/a	n/a	n/a	n/a	n/a	n/a	n/a	n/a	365.407135	n/a
365.428900	8.517809	146172	sternberg_trial	n/a	n/a	114	0	0	209	1	0	1	366.548791	368.564259	0.0	0.0	0.0	0.0	365.431385	368.564259	371.147539	373.949194	intervals/trials	38	365.431385	373.949194
365.428900	0.000000	146172	ttl	11	n/a	n/a	n/a	n/a	n/a	n/a	n/a	n/a	n/a	n/a	n/a	n/a	n/a	n/a	n/a	n/a	n/a	n/a	n/a	n/a	365.431385	n/a
366.546306	0.000000	146619	stimulus_presentation	n/a	14	n/a	n/a	n/a	n/a	n/a	n/a	n/a	n/a	n/a	n/a	n/a	n/a	n/a	n/a	n/a	n/a	n/a	n/a	n/a	366.548791	n/a
366.546306	0.000000	146619	ttl	1	n/a	n/a	n/a	n/a	n/a	n/a	n/a	n/a	n/a	n/a	n/a	n/a	n/a	n/a	n/a	n/a	n/a	n/a	n/a	n/a	366.548791	n/a
366.556306	0.000000	146623	stimulus_presentation	n/a	0	n/a	n/a	n/a	n/a	n/a	n/a	n/a	n/a	n/a	n/a	n/a	n/a	n/a	n/a	n/a	n/a	n/a	n/a	n/a	366.558791	n/a
366.566306	0.000000	146627	stimulus_presentation	n/a	0	n/a	n/a	n/a	n/a	n/a	n/a	n/a	n/a	n/a	n/a	n/a	n/a	n/a	n/a	n/a	n/a	n/a	n/a	n/a	366.568791	n/a
368.561774	0.000000	147425	ttl	6	n/a	n/a	n/a	n/a	n/a	n/a	n/a	n/a	n/a	n/a	n/a	n/a	n/a	n/a	n/a	n/a	n/a	n/a	n/a	n/a	368.564259	n/a
371.145054	0.000000	148458	stimulus_presentation	n/a	66	n/a	n/a	n/a	n/a	n/a	n/a	n/a	n/a	n/a	n/a	n/a	n/a	n/a	n/a	n/a	n/a	n/a	n/a	n/a	371.147539	n/a
371.145054	0.000000	148458	ttl	7	n/a	n/a	n/a	n/a	n/a	n/a	n/a	n/a	n/a	n/a	n/a	n/a	n/a	n/a	n/a	n/a	n/a	n/a	n/a	n/a	371.147539	n/a
373.946709	0.000000	149579	ttl	8	n/a	n/a	n/a	n/a	n/a	n/a	n/a	n/a	n/a	n/a	n/a	n/a	n/a	n/a	n/a	n/a	n/a	n/a	n/a	n/a	373.949194	n/a
373.977428	6.591747	149591	sternberg_trial	n/a	n/a	423	0	0	423	1	1	1	375.129569	377.147005	0.0	0.0	0.0	0.0	373.979913	377.147005	379.84597299999996	380.57166	intervals/trials	39	373.979913	380.571660
373.977428	0.000000	149591	ttl	11	n/a	n/a	n/a	n/a	n/a	n/a	n/a	n/a	n/a	n/a	n/a	n/a	n/a	n/a	n/a	n/a	n/a	n/a	n/a	n/a	373.979913	n/a
375.127084	0.000000	150051	stimulus_presentation	n/a	193	n/a	n/a	n/a	n/a	n/a	n/a	n/a	n/a	n/a	n/a	n/a	n/a	n/a	n/a	n/a	n/a	n/a	n/a	n/a	375.129569	n/a
375.127084	0.000000	150051	ttl	1	n/a	n/a	n/a	n/a	n/a	n/a	n/a	n/a	n/a	n/a	n/a	n/a	n/a	n/a	n/a	n/a	n/a	n/a	n/a	n/a	375.129569	n/a
375.137084	0.000000	150055	stimulus_presentation	n/a	0	n/a	n/a	n/a	n/a	n/a	n/a	n/a	n/a	n/a	n/a	n/a	n/a	n/a	n/a	n/a	n/a	n/a	n/a	n/a	375.139569	n/a
375.147084	0.000000	150059	stimulus_presentation	n/a	0	n/a	n/a	n/a	n/a	n/a	n/a	n/a	n/a	n/a	n/a	n/a	n/a	n/a	n/a	n/a	n/a	n/a	n/a	n/a	375.149569	n/a
377.144520	0.000000	150858	ttl	6	n/a	n/a	n/a	n/a	n/a	n/a	n/a	n/a	n/a	n/a	n/a	n/a	n/a	n/a	n/a	n/a	n/a	n/a	n/a	n/a	377.147005	n/a
379.843488	0.000000	151937	stimulus_presentation	n/a	193	n/a	n/a	n/a	n/a	n/a	n/a	n/a	n/a	n/a	n/a	n/a	n/a	n/a	n/a	n/a	n/a	n/a	n/a	n/a	379.845973	n/a
379.843488	0.000000	151937	ttl	7	n/a	n/a	n/a	n/a	n/a	n/a	n/a	n/a	n/a	n/a	n/a	n/a	n/a	n/a	n/a	n/a	n/a	n/a	n/a	n/a	379.845973	n/a
380.569175	0.000000	152228	ttl	8	n/a	n/a	n/a	n/a	n/a	n/a	n/a	n/a	n/a	n/a	n/a	n/a	n/a	n/a	n/a	n/a	n/a	n/a	n/a	n/a	380.571660	n/a
380.592769	7.078747	152237	sternberg_trial	n/a	n/a	115	0	0	115	1	1	1	381.59531599999997	383.611659	0.0	0.0	0.0	0.0	380.59525399999995	383.611659	386.229533	387.674001	intervals/trials	40	380.595254	387.674001
380.592769	0.000000	152237	ttl	11	n/a	n/a	n/a	n/a	n/a	n/a	n/a	n/a	n/a	n/a	n/a	n/a	n/a	n/a	n/a	n/a	n/a	n/a	n/a	n/a	380.595254	n/a
381.592831	0.000000	152637	stimulus_presentation	n/a	15	n/a	n/a	n/a	n/a	n/a	n/a	n/a	n/a	n/a	n/a	n/a	n/a	n/a	n/a	n/a	n/a	n/a	n/a	n/a	381.595316	n/a
381.592831	0.000000	152637	ttl	1	n/a	n/a	n/a	n/a	n/a	n/a	n/a	n/a	n/a	n/a	n/a	n/a	n/a	n/a	n/a	n/a	n/a	n/a	n/a	n/a	381.595316	n/a
381.602831	0.000000	152641	stimulus_presentation	n/a	0	n/a	n/a	n/a	n/a	n/a	n/a	n/a	n/a	n/a	n/a	n/a	n/a	n/a	n/a	n/a	n/a	n/a	n/a	n/a	381.605316	n/a
381.612831	0.000000	152645	stimulus_presentation	n/a	0	n/a	n/a	n/a	n/a	n/a	n/a	n/a	n/a	n/a	n/a	n/a	n/a	n/a	n/a	n/a	n/a	n/a	n/a	n/a	381.615316	n/a
383.609174	0.000000	153444	ttl	6	n/a	n/a	n/a	n/a	n/a	n/a	n/a	n/a	n/a	n/a	n/a	n/a	n/a	n/a	n/a	n/a	n/a	n/a	n/a	n/a	383.611659	n/a
386.227048	0.000000	154491	stimulus_presentation	n/a	15	n/a	n/a	n/a	n/a	n/a	n/a	n/a	n/a	n/a	n/a	n/a	n/a	n/a	n/a	n/a	n/a	n/a	n/a	n/a	386.229533	n/a
386.227048	0.000000	154491	ttl	7	n/a	n/a	n/a	n/a	n/a	n/a	n/a	n/a	n/a	n/a	n/a	n/a	n/a	n/a	n/a	n/a	n/a	n/a	n/a	n/a	386.229533	n/a
387.671516	0.000000	155069	ttl	8	n/a	n/a	n/a	n/a	n/a	n/a	n/a	n/a	n/a	n/a	n/a	n/a	n/a	n/a	n/a	n/a	n/a	n/a	n/a	n/a	387.674001	n/a
387.691453	6.794435	155077	sternberg_trial	n/a	n/a	514	0	0	514	1	1	1	388.86143799999996	390.87746799999996	0.0	0.0	0.0	0.0	387.693938	390.87746799999996	393.576749	394.48837299999997	intervals/trials	41	387.693938	394.488373
387.691453	0.000000	155077	ttl	11	n/a	n/a	n/a	n/a	n/a	n/a	n/a	n/a	n/a	n/a	n/a	n/a	n/a	n/a	n/a	n/a	n/a	n/a	n/a	n/a	387.693938	n/a
388.858953	0.000000	155544	stimulus_presentation	n/a	239	n/a	n/a	n/a	n/a	n/a	n/a	n/a	n/a	n/a	n/a	n/a	n/a	n/a	n/a	n/a	n/a	n/a	n/a	n/a	388.861438	n/a
388.858953	0.000000	155544	ttl	1	n/a	n/a	n/a	n/a	n/a	n/a	n/a	n/a	n/a	n/a	n/a	n/a	n/a	n/a	n/a	n/a	n/a	n/a	n/a	n/a	388.861438	n/a
388.868953	0.000000	155548	stimulus_presentation	n/a	0	n/a	n/a	n/a	n/a	n/a	n/a	n/a	n/a	n/a	n/a	n/a	n/a	n/a	n/a	n/a	n/a	n/a	n/a	n/a	388.871438	n/a
388.878953	0.000000	155552	stimulus_presentation	n/a	0	n/a	n/a	n/a	n/a	n/a	n/a	n/a	n/a	n/a	n/a	n/a	n/a	n/a	n/a	n/a	n/a	n/a	n/a	n/a	388.881438	n/a
390.874983	0.000000	156350	ttl	6	n/a	n/a	n/a	n/a	n/a	n/a	n/a	n/a	n/a	n/a	n/a	n/a	n/a	n/a	n/a	n/a	n/a	n/a	n/a	n/a	390.877468	n/a
393.574264	0.000000	157430	stimulus_presentation	n/a	239	n/a	n/a	n/a	n/a	n/a	n/a	n/a	n/a	n/a	n/a	n/a	n/a	n/a	n/a	n/a	n/a	n/a	n/a	n/a	393.576749	n/a
393.574264	0.000000	157430	ttl	7	n/a	n/a	n/a	n/a	n/a	n/a	n/a	n/a	n/a	n/a	n/a	n/a	n/a	n/a	n/a	n/a	n/a	n/a	n/a	n/a	393.576749	n/a
394.485888	0.000000	157794	ttl	8	n/a	n/a	n/a	n/a	n/a	n/a	n/a	n/a	n/a	n/a	n/a	n/a	n/a	n/a	n/a	n/a	n/a	n/a	n/a	n/a	394.488373	n/a
394.506701	11.336683	157803	sternberg_trial	n/a	n/a	515	220	316	110	3	0	1	395.67684199999997	397.69327799999996	397.843153	399.858371	400.04290199999997	402.05787	394.509186	402.05787	404.741275	405.845869	intervals/trials	42	394.509186	405.845869
394.506701	0.000000	157803	ttl	11	n/a	n/a	n/a	n/a	n/a	n/a	n/a	n/a	n/a	n/a	n/a	n/a	n/a	n/a	n/a	n/a	n/a	n/a	n/a	n/a	394.509186	n/a
395.674357	0.000000	158270	stimulus_presentation	n/a	240	n/a	n/a	n/a	n/a	n/a	n/a	n/a	n/a	n/a	n/a	n/a	n/a	n/a	n/a	n/a	n/a	n/a	n/a	n/a	395.676842	n/a
395.674357	0.000000	158270	ttl	1	n/a	n/a	n/a	n/a	n/a	n/a	n/a	n/a	n/a	n/a	n/a	n/a	n/a	n/a	n/a	n/a	n/a	n/a	n/a	n/a	395.676842	n/a
397.690793	0.000000	159076	ttl	5	n/a	n/a	n/a	n/a	n/a	n/a	n/a	n/a	n/a	n/a	n/a	n/a	n/a	n/a	n/a	n/a	n/a	n/a	n/a	n/a	397.693278	n/a
397.840668	0.000000	159136	stimulus_presentation	n/a	77	n/a	n/a	n/a	n/a	n/a	n/a	n/a	n/a	n/a	n/a	n/a	n/a	n/a	n/a	n/a	n/a	n/a	n/a	n/a	397.843153	n/a
397.840668	0.000000	159136	ttl	2	n/a	n/a	n/a	n/a	n/a	n/a	n/a	n/a	n/a	n/a	n/a	n/a	n/a	n/a	n/a	n/a	n/a	n/a	n/a	n/a	397.843153	n/a
399.855886	0.000000	159942	ttl	5	n/a	n/a	n/a	n/a	n/a	n/a	n/a	n/a	n/a	n/a	n/a	n/a	n/a	n/a	n/a	n/a	n/a	n/a	n/a	n/a	399.858371	n/a
400.040417	0.000000	160016	stimulus_presentation	n/a	130	n/a	n/a	n/a	n/a	n/a	n/a	n/a	n/a	n/a	n/a	n/a	n/a	n/a	n/a	n/a	n/a	n/a	n/a	n/a	400.042902	n/a
400.040417	0.000000	160016	ttl	3	n/a	n/a	n/a	n/a	n/a	n/a	n/a	n/a	n/a	n/a	n/a	n/a	n/a	n/a	n/a	n/a	n/a	n/a	n/a	n/a	400.042902	n/a
402.055385	0.000000	160822	ttl	6	n/a	n/a	n/a	n/a	n/a	n/a	n/a	n/a	n/a	n/a	n/a	n/a	n/a	n/a	n/a	n/a	n/a	n/a	n/a	n/a	402.057870	n/a
404.738790	0.000000	161896	stimulus_presentation	n/a	10	n/a	n/a	n/a	n/a	n/a	n/a	n/a	n/a	n/a	n/a	n/a	n/a	n/a	n/a	n/a	n/a	n/a	n/a	n/a	404.741275	n/a
404.738790	0.000000	161896	ttl	7	n/a	n/a	n/a	n/a	n/a	n/a	n/a	n/a	n/a	n/a	n/a	n/a	n/a	n/a	n/a	n/a	n/a	n/a	n/a	n/a	404.741275	n/a
405.843384	0.000000	162337	ttl	8	n/a	n/a	n/a	n/a	n/a	n/a	n/a	n/a	n/a	n/a	n/a	n/a	n/a	n/a	n/a	n/a	n/a	n/a	n/a	n/a	405.845869	n/a
405.871290	10.977464	162349	sternberg_trial	n/a	n/a	317	516	221	412	3	0	1	406.84065	408.857742	408.90736699999997	410.92321	411.023773	413.040241	405.87377499999997	413.040241	415.83989599999995	416.85123899999996	intervals/trials	43	405.873775	416.851239
405.871290	0.000000	162349	ttl	11	n/a	n/a	n/a	n/a	n/a	n/a	n/a	n/a	n/a	n/a	n/a	n/a	n/a	n/a	n/a	n/a	n/a	n/a	n/a	n/a	405.873775	n/a
406.838165	0.000000	162735	stimulus_presentation	n/a	131	n/a	n/a	n/a	n/a	n/a	n/a	n/a	n/a	n/a	n/a	n/a	n/a	n/a	n/a	n/a	n/a	n/a	n/a	n/a	406.840650	n/a
406.838165	0.000000	162735	ttl	1	n/a	n/a	n/a	n/a	n/a	n/a	n/a	n/a	n/a	n/a	n/a	n/a	n/a	n/a	n/a	n/a	n/a	n/a	n/a	n/a	406.840650	n/a
408.855257	0.000000	163542	ttl	5	n/a	n/a	n/a	n/a	n/a	n/a	n/a	n/a	n/a	n/a	n/a	n/a	n/a	n/a	n/a	n/a	n/a	n/a	n/a	n/a	408.857742	n/a
408.904882	0.000000	163562	stimulus_presentation	n/a	241	n/a	n/a	n/a	n/a	n/a	n/a	n/a	n/a	n/a	n/a	n/a	n/a	n/a	n/a	n/a	n/a	n/a	n/a	n/a	408.907367	n/a
408.904882	0.000000	163562	ttl	2	n/a	n/a	n/a	n/a	n/a	n/a	n/a	n/a	n/a	n/a	n/a	n/a	n/a	n/a	n/a	n/a	n/a	n/a	n/a	n/a	408.907367	n/a
410.920725	0.000000	164368	ttl	5	n/a	n/a	n/a	n/a	n/a	n/a	n/a	n/a	n/a	n/a	n/a	n/a	n/a	n/a	n/a	n/a	n/a	n/a	n/a	n/a	410.923210	n/a
411.021288	0.000000	164409	stimulus_presentation	n/a	78	n/a	n/a	n/a	n/a	n/a	n/a	n/a	n/a	n/a	n/a	n/a	n/a	n/a	n/a	n/a	n/a	n/a	n/a	n/a	411.023773	n/a
411.021288	0.000000	164409	ttl	3	n/a	n/a	n/a	n/a	n/a	n/a	n/a	n/a	n/a	n/a	n/a	n/a	n/a	n/a	n/a	n/a	n/a	n/a	n/a	n/a	411.023773	n/a
413.037756	0.000000	165215	ttl	6	n/a	n/a	n/a	n/a	n/a	n/a	n/a	n/a	n/a	n/a	n/a	n/a	n/a	n/a	n/a	n/a	n/a	n/a	n/a	n/a	413.040241	n/a
415.837411	0.000000	166335	stimulus_presentation	n/a	182	n/a	n/a	n/a	n/a	n/a	n/a	n/a	n/a	n/a	n/a	n/a	n/a	n/a	n/a	n/a	n/a	n/a	n/a	n/a	415.839896	n/a
415.837411	0.000000	166335	ttl	7	n/a	n/a	n/a	n/a	n/a	n/a	n/a	n/a	n/a	n/a	n/a	n/a	n/a	n/a	n/a	n/a	n/a	n/a	n/a	n/a	415.839896	n/a
416.848754	0.000000	166740	ttl	8	n/a	n/a	n/a	n/a	n/a	n/a	n/a	n/a	n/a	n/a	n/a	n/a	n/a	n/a	n/a	n/a	n/a	n/a	n/a	n/a	416.851239	n/a
416.869161	10.921089	166748	sternberg_trial	n/a	n/a	424	517	222	111	3	0	1	417.938114	419.955207	420.0553	422.07079999999996	422.220706	424.23695499999997	416.871646	424.23695499999997	426.95426599999996	427.792735	intervals/trials	44	416.871646	427.792735
416.869161	0.000000	166748	ttl	11	n/a	n/a	n/a	n/a	n/a	n/a	n/a	n/a	n/a	n/a	n/a	n/a	n/a	n/a	n/a	n/a	n/a	n/a	n/a	n/a	416.871646	n/a
417.935629	0.000000	167174	stimulus_presentation	n/a	194	n/a	n/a	n/a	n/a	n/a	n/a	n/a	n/a	n/a	n/a	n/a	n/a	n/a	n/a	n/a	n/a	n/a	n/a	n/a	417.938114	n/a
417.935629	0.000000	167174	ttl	1	n/a	n/a	n/a	n/a	n/a	n/a	n/a	n/a	n/a	n/a	n/a	n/a	n/a	n/a	n/a	n/a	n/a	n/a	n/a	n/a	417.938114	n/a
419.952722	0.000000	167981	ttl	5	n/a	n/a	n/a	n/a	n/a	n/a	n/a	n/a	n/a	n/a	n/a	n/a	n/a	n/a	n/a	n/a	n/a	n/a	n/a	n/a	419.955207	n/a
420.052815	0.000000	168021	stimulus_presentation	n/a	242	n/a	n/a	n/a	n/a	n/a	n/a	n/a	n/a	n/a	n/a	n/a	n/a	n/a	n/a	n/a	n/a	n/a	n/a	n/a	420.055300	n/a
420.052815	0.000000	168021	ttl	2	n/a	n/a	n/a	n/a	n/a	n/a	n/a	n/a	n/a	n/a	n/a	n/a	n/a	n/a	n/a	n/a	n/a	n/a	n/a	n/a	420.055300	n/a
422.068315	0.000000	168827	ttl	5	n/a	n/a	n/a	n/a	n/a	n/a	n/a	n/a	n/a	n/a	n/a	n/a	n/a	n/a	n/a	n/a	n/a	n/a	n/a	n/a	422.070800	n/a
422.218221	0.000000	168887	stimulus_presentation	n/a	79	n/a	n/a	n/a	n/a	n/a	n/a	n/a	n/a	n/a	n/a	n/a	n/a	n/a	n/a	n/a	n/a	n/a	n/a	n/a	422.220706	n/a
422.218221	0.000000	168887	ttl	3	n/a	n/a	n/a	n/a	n/a	n/a	n/a	n/a	n/a	n/a	n/a	n/a	n/a	n/a	n/a	n/a	n/a	n/a	n/a	n/a	422.220706	n/a
424.234470	0.000000	169694	ttl	6	n/a	n/a	n/a	n/a	n/a	n/a	n/a	n/a	n/a	n/a	n/a	n/a	n/a	n/a	n/a	n/a	n/a	n/a	n/a	n/a	424.236955	n/a
426.951781	0.000000	170781	stimulus_presentation	n/a	11	n/a	n/a	n/a	n/a	n/a	n/a	n/a	n/a	n/a	n/a	n/a	n/a	n/a	n/a	n/a	n/a	n/a	n/a	n/a	426.954266	n/a
426.951781	0.000000	170781	ttl	7	n/a	n/a	n/a	n/a	n/a	n/a	n/a	n/a	n/a	n/a	n/a	n/a	n/a	n/a	n/a	n/a	n/a	n/a	n/a	n/a	426.954266	n/a
427.790250	0.000000	171116	ttl	8	n/a	n/a	n/a	n/a	n/a	n/a	n/a	n/a	n/a	n/a	n/a	n/a	n/a	n/a	n/a	n/a	n/a	n/a	n/a	n/a	427.792735	n/a
427.817250	11.010402	171127	sternberg_trial	n/a	n/a	223	425	518	104	3	0	1	428.953797	430.97004599999997	431.01982699999996	433.03651399999995	433.06976399999996	435.085982	427.819735	435.085982	437.71895	438.830137	intervals/trials	45	427.819735	438.830137
427.817250	0.000000	171127	ttl	11	n/a	n/a	n/a	n/a	n/a	n/a	n/a	n/a	n/a	n/a	n/a	n/a	n/a	n/a	n/a	n/a	n/a	n/a	n/a	n/a	427.819735	n/a
428.951312	0.000000	171581	stimulus_presentation	n/a	80	n/a	n/a	n/a	n/a	n/a	n/a	n/a	n/a	n/a	n/a	n/a	n/a	n/a	n/a	n/a	n/a	n/a	n/a	n/a	428.953797	n/a
428.951312	0.000000	171581	ttl	1	n/a	n/a	n/a	n/a	n/a	n/a	n/a	n/a	n/a	n/a	n/a	n/a	n/a	n/a	n/a	n/a	n/a	n/a	n/a	n/a	428.953797	n/a
430.967561	0.000000	172387	ttl	5	n/a	n/a	n/a	n/a	n/a	n/a	n/a	n/a	n/a	n/a	n/a	n/a	n/a	n/a	n/a	n/a	n/a	n/a	n/a	n/a	430.970046	n/a
431.017342	0.000000	172407	stimulus_presentation	n/a	195	n/a	n/a	n/a	n/a	n/a	n/a	n/a	n/a	n/a	n/a	n/a	n/a	n/a	n/a	n/a	n/a	n/a	n/a	n/a	431.019827	n/a
431.017342	0.000000	172407	ttl	2	n/a	n/a	n/a	n/a	n/a	n/a	n/a	n/a	n/a	n/a	n/a	n/a	n/a	n/a	n/a	n/a	n/a	n/a	n/a	n/a	431.019827	n/a
433.034029	0.000000	173214	ttl	5	n/a	n/a	n/a	n/a	n/a	n/a	n/a	n/a	n/a	n/a	n/a	n/a	n/a	n/a	n/a	n/a	n/a	n/a	n/a	n/a	433.036514	n/a
433.067279	0.000000	173227	stimulus_presentation	n/a	243	n/a	n/a	n/a	n/a	n/a	n/a	n/a	n/a	n/a	n/a	n/a	n/a	n/a	n/a	n/a	n/a	n/a	n/a	n/a	433.069764	n/a
433.067279	0.000000	173227	ttl	3	n/a	n/a	n/a	n/a	n/a	n/a	n/a	n/a	n/a	n/a	n/a	n/a	n/a	n/a	n/a	n/a	n/a	n/a	n/a	n/a	433.069764	n/a
435.083497	0.000000	174033	ttl	6	n/a	n/a	n/a	n/a	n/a	n/a	n/a	n/a	n/a	n/a	n/a	n/a	n/a	n/a	n/a	n/a	n/a	n/a	n/a	n/a	435.085982	n/a
437.716465	0.000000	175087	stimulus_presentation	n/a	4	n/a	n/a	n/a	n/a	n/a	n/a	n/a	n/a	n/a	n/a	n/a	n/a	n/a	n/a	n/a	n/a	n/a	n/a	n/a	437.718950	n/a
437.716465	0.000000	175087	ttl	7	n/a	n/a	n/a	n/a	n/a	n/a	n/a	n/a	n/a	n/a	n/a	n/a	n/a	n/a	n/a	n/a	n/a	n/a	n/a	n/a	437.718950	n/a
438.827652	0.000000	175531	ttl	8	n/a	n/a	n/a	n/a	n/a	n/a	n/a	n/a	n/a	n/a	n/a	n/a	n/a	n/a	n/a	n/a	n/a	n/a	n/a	n/a	438.830137	n/a
438.848277	6.713841	175539	sternberg_trial	n/a	n/a	116	0	0	116	1	1	1	440.00188599999996	442.016917	0.0	0.0	0.0	0.0	438.850762	442.016917	444.734103	445.564603	intervals/trials	46	438.850762	445.564603
438.848277	0.000000	175539	ttl	11	n/a	n/a	n/a	n/a	n/a	n/a	n/a	n/a	n/a	n/a	n/a	n/a	n/a	n/a	n/a	n/a	n/a	n/a	n/a	n/a	438.850762	n/a
439.999401	0.000000	176000	stimulus_presentation	n/a	16	n/a	n/a	n/a	n/a	n/a	n/a	n/a	n/a	n/a	n/a	n/a	n/a	n/a	n/a	n/a	n/a	n/a	n/a	n/a	440.001886	n/a
439.999401	0.000000	176000	ttl	1	n/a	n/a	n/a	n/a	n/a	n/a	n/a	n/a	n/a	n/a	n/a	n/a	n/a	n/a	n/a	n/a	n/a	n/a	n/a	n/a	440.001886	n/a
440.009401	0.000000	176004	stimulus_presentation	n/a	0	n/a	n/a	n/a	n/a	n/a	n/a	n/a	n/a	n/a	n/a	n/a	n/a	n/a	n/a	n/a	n/a	n/a	n/a	n/a	440.011886	n/a
440.019401	0.000000	176008	stimulus_presentation	n/a	0	n/a	n/a	n/a	n/a	n/a	n/a	n/a	n/a	n/a	n/a	n/a	n/a	n/a	n/a	n/a	n/a	n/a	n/a	n/a	440.021886	n/a
442.014432	0.000000	176806	ttl	6	n/a	n/a	n/a	n/a	n/a	n/a	n/a	n/a	n/a	n/a	n/a	n/a	n/a	n/a	n/a	n/a	n/a	n/a	n/a	n/a	442.016917	n/a
444.731618	0.000000	177893	stimulus_presentation	n/a	16	n/a	n/a	n/a	n/a	n/a	n/a	n/a	n/a	n/a	n/a	n/a	n/a	n/a	n/a	n/a	n/a	n/a	n/a	n/a	444.734103	n/a
444.731618	0.000000	177893	ttl	7	n/a	n/a	n/a	n/a	n/a	n/a	n/a	n/a	n/a	n/a	n/a	n/a	n/a	n/a	n/a	n/a	n/a	n/a	n/a	n/a	444.734103	n/a
445.562118	0.000000	178225	ttl	8	n/a	n/a	n/a	n/a	n/a	n/a	n/a	n/a	n/a	n/a	n/a	n/a	n/a	n/a	n/a	n/a	n/a	n/a	n/a	n/a	445.564603	n/a
445.597086	6.747404	178239	sternberg_trial	n/a	n/a	318	0	0	504	1	0	1	446.633696	448.649883	0.0	0.0	0.0	0.0	445.59957099999997	448.649883	451.384194	452.346975	intervals/trials	47	445.599571	452.346975
445.597086	0.000000	178239	ttl	11	n/a	n/a	n/a	n/a	n/a	n/a	n/a	n/a	n/a	n/a	n/a	n/a	n/a	n/a	n/a	n/a	n/a	n/a	n/a	n/a	445.599571	n/a
446.631211	0.000000	178652	stimulus_presentation	n/a	132	n/a	n/a	n/a	n/a	n/a	n/a	n/a	n/a	n/a	n/a	n/a	n/a	n/a	n/a	n/a	n/a	n/a	n/a	n/a	446.633696	n/a
446.631211	0.000000	178652	ttl	1	n/a	n/a	n/a	n/a	n/a	n/a	n/a	n/a	n/a	n/a	n/a	n/a	n/a	n/a	n/a	n/a	n/a	n/a	n/a	n/a	446.633696	n/a
446.641211	0.000000	178656	stimulus_presentation	n/a	0	n/a	n/a	n/a	n/a	n/a	n/a	n/a	n/a	n/a	n/a	n/a	n/a	n/a	n/a	n/a	n/a	n/a	n/a	n/a	446.643696	n/a
446.651211	0.000000	178660	stimulus_presentation	n/a	0	n/a	n/a	n/a	n/a	n/a	n/a	n/a	n/a	n/a	n/a	n/a	n/a	n/a	n/a	n/a	n/a	n/a	n/a	n/a	446.653696	n/a
448.647398	0.000000	179459	ttl	6	n/a	n/a	n/a	n/a	n/a	n/a	n/a	n/a	n/a	n/a	n/a	n/a	n/a	n/a	n/a	n/a	n/a	n/a	n/a	n/a	448.649883	n/a
451.381709	0.000000	180553	stimulus_presentation	n/a	229	n/a	n/a	n/a	n/a	n/a	n/a	n/a	n/a	n/a	n/a	n/a	n/a	n/a	n/a	n/a	n/a	n/a	n/a	n/a	451.384194	n/a
451.381709	0.000000	180553	ttl	7	n/a	n/a	n/a	n/a	n/a	n/a	n/a	n/a	n/a	n/a	n/a	n/a	n/a	n/a	n/a	n/a	n/a	n/a	n/a	n/a	451.384194	n/a
452.344490	0.000000	180938	ttl	8	n/a	n/a	n/a	n/a	n/a	n/a	n/a	n/a	n/a	n/a	n/a	n/a	n/a	n/a	n/a	n/a	n/a	n/a	n/a	n/a	452.346975	n/a
452.379459	6.923403	180952	sternberg_trial	n/a	n/a	224	0	0	224	1	1	1	453.466006	455.48103599999996	0.0	0.0	0.0	0.0	452.381944	455.48103599999996	458.23112899999995	459.305347	intervals/trials	48	452.381944	459.305347
452.379459	0.000000	180952	ttl	11	n/a	n/a	n/a	n/a	n/a	n/a	n/a	n/a	n/a	n/a	n/a	n/a	n/a	n/a	n/a	n/a	n/a	n/a	n/a	n/a	452.381944	n/a
453.463521	0.000000	181385	stimulus_presentation	n/a	81	n/a	n/a	n/a	n/a	n/a	n/a	n/a	n/a	n/a	n/a	n/a	n/a	n/a	n/a	n/a	n/a	n/a	n/a	n/a	453.466006	n/a
453.463521	0.000000	181385	ttl	1	n/a	n/a	n/a	n/a	n/a	n/a	n/a	n/a	n/a	n/a	n/a	n/a	n/a	n/a	n/a	n/a	n/a	n/a	n/a	n/a	453.466006	n/a
453.473521	0.000000	181389	stimulus_presentation	n/a	0	n/a	n/a	n/a	n/a	n/a	n/a	n/a	n/a	n/a	n/a	n/a	n/a	n/a	n/a	n/a	n/a	n/a	n/a	n/a	453.476006	n/a
453.483521	0.000000	181393	stimulus_presentation	n/a	0	n/a	n/a	n/a	n/a	n/a	n/a	n/a	n/a	n/a	n/a	n/a	n/a	n/a	n/a	n/a	n/a	n/a	n/a	n/a	453.486006	n/a
455.478551	0.000000	182191	ttl	6	n/a	n/a	n/a	n/a	n/a	n/a	n/a	n/a	n/a	n/a	n/a	n/a	n/a	n/a	n/a	n/a	n/a	n/a	n/a	n/a	455.481036	n/a
458.228644	0.000000	183291	stimulus_presentation	n/a	81	n/a	n/a	n/a	n/a	n/a	n/a	n/a	n/a	n/a	n/a	n/a	n/a	n/a	n/a	n/a	n/a	n/a	n/a	n/a	458.231129	n/a
458.228644	0.000000	183291	ttl	7	n/a	n/a	n/a	n/a	n/a	n/a	n/a	n/a	n/a	n/a	n/a	n/a	n/a	n/a	n/a	n/a	n/a	n/a	n/a	n/a	458.231129	n/a
459.302862	0.000000	183721	ttl	8	n/a	n/a	n/a	n/a	n/a	n/a	n/a	n/a	n/a	n/a	n/a	n/a	n/a	n/a	n/a	n/a	n/a	n/a	n/a	n/a	459.305347	n/a
459.327893	7.093341	183731	sternberg_trial	n/a	n/a	225	0	0	225	1	1	1	460.464315	462.480221	0.0	0.0	0.0	0.0	459.330378	462.480221	465.06375099999997	466.423719	intervals/trials	49	459.330378	466.423719
459.327893	0.000000	183731	ttl	11	n/a	n/a	n/a	n/a	n/a	n/a	n/a	n/a	n/a	n/a	n/a	n/a	n/a	n/a	n/a	n/a	n/a	n/a	n/a	n/a	459.330378	n/a
460.461830	0.000000	184185	stimulus_presentation	n/a	82	n/a	n/a	n/a	n/a	n/a	n/a	n/a	n/a	n/a	n/a	n/a	n/a	n/a	n/a	n/a	n/a	n/a	n/a	n/a	460.464315	n/a
460.461830	0.000000	184185	ttl	1	n/a	n/a	n/a	n/a	n/a	n/a	n/a	n/a	n/a	n/a	n/a	n/a	n/a	n/a	n/a	n/a	n/a	n/a	n/a	n/a	460.464315	n/a
460.471830	0.000000	184189	stimulus_presentation	n/a	0	n/a	n/a	n/a	n/a	n/a	n/a	n/a	n/a	n/a	n/a	n/a	n/a	n/a	n/a	n/a	n/a	n/a	n/a	n/a	460.474315	n/a
460.481830	0.000000	184193	stimulus_presentation	n/a	0	n/a	n/a	n/a	n/a	n/a	n/a	n/a	n/a	n/a	n/a	n/a	n/a	n/a	n/a	n/a	n/a	n/a	n/a	n/a	460.484315	n/a
462.477736	0.000000	184991	ttl	6	n/a	n/a	n/a	n/a	n/a	n/a	n/a	n/a	n/a	n/a	n/a	n/a	n/a	n/a	n/a	n/a	n/a	n/a	n/a	n/a	462.480221	n/a
465.061266	0.000000	186025	stimulus_presentation	n/a	82	n/a	n/a	n/a	n/a	n/a	n/a	n/a	n/a	n/a	n/a	n/a	n/a	n/a	n/a	n/a	n/a	n/a	n/a	n/a	465.063751	n/a
465.061266	0.000000	186025	ttl	7	n/a	n/a	n/a	n/a	n/a	n/a	n/a	n/a	n/a	n/a	n/a	n/a	n/a	n/a	n/a	n/a	n/a	n/a	n/a	n/a	465.063751	n/a
466.421234	0.000000	186568	ttl	8	n/a	n/a	n/a	n/a	n/a	n/a	n/a	n/a	n/a	n/a	n/a	n/a	n/a	n/a	n/a	n/a	n/a	n/a	n/a	n/a	466.423719	n/a
466.443078	11.255527	186577	sternberg_trial	n/a	n/a	319	519	426	222	3	0	1	467.379125	469.39615599999996	469.528437	471.54503	471.74553	473.76190399999996	466.445563	473.76190399999996	476.47846499999997	477.70108999999997	intervals/trials	50	466.445563	477.701090
466.443078	0.000000	186577	ttl	11	n/a	n/a	n/a	n/a	n/a	n/a	n/a	n/a	n/a	n/a	n/a	n/a	n/a	n/a	n/a	n/a	n/a	n/a	n/a	n/a	466.445563	n/a
467.376640	0.000000	186951	stimulus_presentation	n/a	133	n/a	n/a	n/a	n/a	n/a	n/a	n/a	n/a	n/a	n/a	n/a	n/a	n/a	n/a	n/a	n/a	n/a	n/a	n/a	467.379125	n/a
467.376640	0.000000	186951	ttl	1	n/a	n/a	n/a	n/a	n/a	n/a	n/a	n/a	n/a	n/a	n/a	n/a	n/a	n/a	n/a	n/a	n/a	n/a	n/a	n/a	467.379125	n/a
469.393671	0.000000	187757	ttl	5	n/a	n/a	n/a	n/a	n/a	n/a	n/a	n/a	n/a	n/a	n/a	n/a	n/a	n/a	n/a	n/a	n/a	n/a	n/a	n/a	469.396156	n/a
469.525952	0.000000	187810	stimulus_presentation	n/a	244	n/a	n/a	n/a	n/a	n/a	n/a	n/a	n/a	n/a	n/a	n/a	n/a	n/a	n/a	n/a	n/a	n/a	n/a	n/a	469.528437	n/a
469.525952	0.000000	187810	ttl	2	n/a	n/a	n/a	n/a	n/a	n/a	n/a	n/a	n/a	n/a	n/a	n/a	n/a	n/a	n/a	n/a	n/a	n/a	n/a	n/a	469.528437	n/a
471.542545	0.000000	188617	ttl	5	n/a	n/a	n/a	n/a	n/a	n/a	n/a	n/a	n/a	n/a	n/a	n/a	n/a	n/a	n/a	n/a	n/a	n/a	n/a	n/a	471.545030	n/a
471.743045	0.000000	188697	stimulus_presentation	n/a	196	n/a	n/a	n/a	n/a	n/a	n/a	n/a	n/a	n/a	n/a	n/a	n/a	n/a	n/a	n/a	n/a	n/a	n/a	n/a	471.745530	n/a
471.743045	0.000000	188697	ttl	3	n/a	n/a	n/a	n/a	n/a	n/a	n/a	n/a	n/a	n/a	n/a	n/a	n/a	n/a	n/a	n/a	n/a	n/a	n/a	n/a	471.745530	n/a
473.759419	0.000000	189504	ttl	6	n/a	n/a	n/a	n/a	n/a	n/a	n/a	n/a	n/a	n/a	n/a	n/a	n/a	n/a	n/a	n/a	n/a	n/a	n/a	n/a	473.761904	n/a
476.475980	0.000000	190590	stimulus_presentation	n/a	79	n/a	n/a	n/a	n/a	n/a	n/a	n/a	n/a	n/a	n/a	n/a	n/a	n/a	n/a	n/a	n/a	n/a	n/a	n/a	476.478465	n/a
476.475980	0.000000	190590	ttl	7	n/a	n/a	n/a	n/a	n/a	n/a	n/a	n/a	n/a	n/a	n/a	n/a	n/a	n/a	n/a	n/a	n/a	n/a	n/a	n/a	476.478465	n/a
477.698605	0.000000	191079	ttl	8	n/a	n/a	n/a	n/a	n/a	n/a	n/a	n/a	n/a	n/a	n/a	n/a	n/a	n/a	n/a	n/a	n/a	n/a	n/a	n/a	477.701090	n/a
477.724324	9.747996	191090	sternberg_trial	n/a	n/a	520	0	0	420	1	0	1	478.893214	480.91027599999995	0.0	0.0	0.0	0.0	477.726809	480.91027599999995	483.5594	487.474805	intervals/trials	51	477.726809	487.474805
477.724324	0.000000	191090	ttl	11	n/a	n/a	n/a	n/a	n/a	n/a	n/a	n/a	n/a	n/a	n/a	n/a	n/a	n/a	n/a	n/a	n/a	n/a	n/a	n/a	477.726809	n/a
478.890729	0.000000	191556	stimulus_presentation	n/a	245	n/a	n/a	n/a	n/a	n/a	n/a	n/a	n/a	n/a	n/a	n/a	n/a	n/a	n/a	n/a	n/a	n/a	n/a	n/a	478.893214	n/a
478.890729	0.000000	191556	ttl	1	n/a	n/a	n/a	n/a	n/a	n/a	n/a	n/a	n/a	n/a	n/a	n/a	n/a	n/a	n/a	n/a	n/a	n/a	n/a	n/a	478.893214	n/a
478.900729	0.000000	191560	stimulus_presentation	n/a	0	n/a	n/a	n/a	n/a	n/a	n/a	n/a	n/a	n/a	n/a	n/a	n/a	n/a	n/a	n/a	n/a	n/a	n/a	n/a	478.903214	n/a
478.910729	0.000000	191564	stimulus_presentation	n/a	0	n/a	n/a	n/a	n/a	n/a	n/a	n/a	n/a	n/a	n/a	n/a	n/a	n/a	n/a	n/a	n/a	n/a	n/a	n/a	478.913214	n/a
480.907791	0.000000	192363	ttl	6	n/a	n/a	n/a	n/a	n/a	n/a	n/a	n/a	n/a	n/a	n/a	n/a	n/a	n/a	n/a	n/a	n/a	n/a	n/a	n/a	480.910276	n/a
483.556915	0.000000	193423	stimulus_presentation	n/a	190	n/a	n/a	n/a	n/a	n/a	n/a	n/a	n/a	n/a	n/a	n/a	n/a	n/a	n/a	n/a	n/a	n/a	n/a	n/a	483.559400	n/a
483.556915	0.000000	193423	ttl	7	n/a	n/a	n/a	n/a	n/a	n/a	n/a	n/a	n/a	n/a	n/a	n/a	n/a	n/a	n/a	n/a	n/a	n/a	n/a	n/a	483.559400	n/a
487.472320	0.000000	194989	ttl	8	n/a	n/a	n/a	n/a	n/a	n/a	n/a	n/a	n/a	n/a	n/a	n/a	n/a	n/a	n/a	n/a	n/a	n/a	n/a	n/a	487.474805	n/a
487.505788	6.604966	195002	sternberg_trial	n/a	n/a	521	0	0	521	1	1	1	488.50902299999996	490.525553	0.0	0.0	0.0	0.0	487.508273	490.525553	493.22536499999995	494.11323899999996	intervals/trials	52	487.508273	494.113239
487.505788	0.000000	195002	ttl	11	n/a	n/a	n/a	n/a	n/a	n/a	n/a	n/a	n/a	n/a	n/a	n/a	n/a	n/a	n/a	n/a	n/a	n/a	n/a	n/a	487.508273	n/a
488.506538	0.000000	195403	stimulus_presentation	n/a	246	n/a	n/a	n/a	n/a	n/a	n/a	n/a	n/a	n/a	n/a	n/a	n/a	n/a	n/a	n/a	n/a	n/a	n/a	n/a	488.509023	n/a
488.506538	0.000000	195403	ttl	1	n/a	n/a	n/a	n/a	n/a	n/a	n/a	n/a	n/a	n/a	n/a	n/a	n/a	n/a	n/a	n/a	n/a	n/a	n/a	n/a	488.509023	n/a
488.516538	0.000000	195407	stimulus_presentation	n/a	0	n/a	n/a	n/a	n/a	n/a	n/a	n/a	n/a	n/a	n/a	n/a	n/a	n/a	n/a	n/a	n/a	n/a	n/a	n/a	488.519023	n/a
488.526538	0.000000	195411	stimulus_presentation	n/a	0	n/a	n/a	n/a	n/a	n/a	n/a	n/a	n/a	n/a	n/a	n/a	n/a	n/a	n/a	n/a	n/a	n/a	n/a	n/a	488.529023	n/a
490.523068	0.000000	196209	ttl	6	n/a	n/a	n/a	n/a	n/a	n/a	n/a	n/a	n/a	n/a	n/a	n/a	n/a	n/a	n/a	n/a	n/a	n/a	n/a	n/a	490.525553	n/a
493.222880	0.000000	197289	stimulus_presentation	n/a	246	n/a	n/a	n/a	n/a	n/a	n/a	n/a	n/a	n/a	n/a	n/a	n/a	n/a	n/a	n/a	n/a	n/a	n/a	n/a	493.225365	n/a
493.222880	0.000000	197289	ttl	7	n/a	n/a	n/a	n/a	n/a	n/a	n/a	n/a	n/a	n/a	n/a	n/a	n/a	n/a	n/a	n/a	n/a	n/a	n/a	n/a	493.225365	n/a
494.110754	0.000000	197644	ttl	8	n/a	n/a	n/a	n/a	n/a	n/a	n/a	n/a	n/a	n/a	n/a	n/a	n/a	n/a	n/a	n/a	n/a	n/a	n/a	n/a	494.113239	n/a
494.137879	11.154465	197655	sternberg_trial	n/a	n/a	320	522	117	409	3	0	1	495.17461399999996	497.18992599999996	497.290957	499.306769	499.439331	501.45676799999995	494.140364	501.45676799999995	504.09023499999995	505.294829	intervals/trials	53	494.140364	505.294829
494.137879	0.000000	197655	ttl	11	n/a	n/a	n/a	n/a	n/a	n/a	n/a	n/a	n/a	n/a	n/a	n/a	n/a	n/a	n/a	n/a	n/a	n/a	n/a	n/a	494.140364	n/a
495.172129	0.000000	198069	stimulus_presentation	n/a	134	n/a	n/a	n/a	n/a	n/a	n/a	n/a	n/a	n/a	n/a	n/a	n/a	n/a	n/a	n/a	n/a	n/a	n/a	n/a	495.174614	n/a
495.172129	0.000000	198069	ttl	1	n/a	n/a	n/a	n/a	n/a	n/a	n/a	n/a	n/a	n/a	n/a	n/a	n/a	n/a	n/a	n/a	n/a	n/a	n/a	n/a	495.174614	n/a
497.187441	0.000000	198875	ttl	5	n/a	n/a	n/a	n/a	n/a	n/a	n/a	n/a	n/a	n/a	n/a	n/a	n/a	n/a	n/a	n/a	n/a	n/a	n/a	n/a	497.189926	n/a
497.288472	0.000000	198915	stimulus_presentation	n/a	247	n/a	n/a	n/a	n/a	n/a	n/a	n/a	n/a	n/a	n/a	n/a	n/a	n/a	n/a	n/a	n/a	n/a	n/a	n/a	497.290957	n/a
497.288472	0.000000	198915	ttl	2	n/a	n/a	n/a	n/a	n/a	n/a	n/a	n/a	n/a	n/a	n/a	n/a	n/a	n/a	n/a	n/a	n/a	n/a	n/a	n/a	497.290957	n/a
499.304284	0.000000	199722	ttl	5	n/a	n/a	n/a	n/a	n/a	n/a	n/a	n/a	n/a	n/a	n/a	n/a	n/a	n/a	n/a	n/a	n/a	n/a	n/a	n/a	499.306769	n/a
499.436846	0.000000	199775	stimulus_presentation	n/a	17	n/a	n/a	n/a	n/a	n/a	n/a	n/a	n/a	n/a	n/a	n/a	n/a	n/a	n/a	n/a	n/a	n/a	n/a	n/a	499.439331	n/a
499.436846	0.000000	199775	ttl	3	n/a	n/a	n/a	n/a	n/a	n/a	n/a	n/a	n/a	n/a	n/a	n/a	n/a	n/a	n/a	n/a	n/a	n/a	n/a	n/a	499.439331	n/a
501.454283	0.000000	200582	ttl	6	n/a	n/a	n/a	n/a	n/a	n/a	n/a	n/a	n/a	n/a	n/a	n/a	n/a	n/a	n/a	n/a	n/a	n/a	n/a	n/a	501.456768	n/a
504.087750	0.000000	201635	stimulus_presentation	n/a	179	n/a	n/a	n/a	n/a	n/a	n/a	n/a	n/a	n/a	n/a	n/a	n/a	n/a	n/a	n/a	n/a	n/a	n/a	n/a	504.090235	n/a
504.087750	0.000000	201635	ttl	7	n/a	n/a	n/a	n/a	n/a	n/a	n/a	n/a	n/a	n/a	n/a	n/a	n/a	n/a	n/a	n/a	n/a	n/a	n/a	n/a	504.090235	n/a
505.292344	0.000000	202117	ttl	8	n/a	n/a	n/a	n/a	n/a	n/a	n/a	n/a	n/a	n/a	n/a	n/a	n/a	n/a	n/a	n/a	n/a	n/a	n/a	n/a	505.294829	n/a
505.319000	7.363466	202128	sternberg_trial	n/a	n/a	523	0	0	102	1	0	1	506.439547	508.454577	0.0	0.0	0.0	0.0	505.321485	508.454577	511.27223299999997	512.684951	intervals/trials	54	505.321485	512.684951
505.319000	0.000000	202128	ttl	11	n/a	n/a	n/a	n/a	n/a	n/a	n/a	n/a	n/a	n/a	n/a	n/a	n/a	n/a	n/a	n/a	n/a	n/a	n/a	n/a	505.321485	n/a
506.437062	0.000000	202575	stimulus_presentation	n/a	248	n/a	n/a	n/a	n/a	n/a	n/a	n/a	n/a	n/a	n/a	n/a	n/a	n/a	n/a	n/a	n/a	n/a	n/a	n/a	506.439547	n/a
506.437062	0.000000	202575	ttl	1	n/a	n/a	n/a	n/a	n/a	n/a	n/a	n/a	n/a	n/a	n/a	n/a	n/a	n/a	n/a	n/a	n/a	n/a	n/a	n/a	506.439547	n/a
506.447062	0.000000	202579	stimulus_presentation	n/a	0	n/a	n/a	n/a	n/a	n/a	n/a	n/a	n/a	n/a	n/a	n/a	n/a	n/a	n/a	n/a	n/a	n/a	n/a	n/a	506.449547	n/a
506.457062	0.000000	202583	stimulus_presentation	n/a	0	n/a	n/a	n/a	n/a	n/a	n/a	n/a	n/a	n/a	n/a	n/a	n/a	n/a	n/a	n/a	n/a	n/a	n/a	n/a	506.459547	n/a
508.452092	0.000000	203381	ttl	6	n/a	n/a	n/a	n/a	n/a	n/a	n/a	n/a	n/a	n/a	n/a	n/a	n/a	n/a	n/a	n/a	n/a	n/a	n/a	n/a	508.454577	n/a
511.269748	0.000000	204508	stimulus_presentation	n/a	2	n/a	n/a	n/a	n/a	n/a	n/a	n/a	n/a	n/a	n/a	n/a	n/a	n/a	n/a	n/a	n/a	n/a	n/a	n/a	511.272233	n/a
511.269748	0.000000	204508	ttl	7	n/a	n/a	n/a	n/a	n/a	n/a	n/a	n/a	n/a	n/a	n/a	n/a	n/a	n/a	n/a	n/a	n/a	n/a	n/a	n/a	511.272233	n/a
512.682466	0.000000	205073	ttl	8	n/a	n/a	n/a	n/a	n/a	n/a	n/a	n/a	n/a	n/a	n/a	n/a	n/a	n/a	n/a	n/a	n/a	n/a	n/a	n/a	512.684951	n/a
512.717560	7.339153	205087	sternberg_trial	n/a	n/a	321	0	0	321	1	1	1	513.720857	515.737481	0.0	0.0	0.0	0.0	512.720045	515.737481	518.570511	520.0591979999999	intervals/trials	55	512.720045	520.059198
512.717560	0.000000	205087	ttl	11	n/a	n/a	n/a	n/a	n/a	n/a	n/a	n/a	n/a	n/a	n/a	n/a	n/a	n/a	n/a	n/a	n/a	n/a	n/a	n/a	512.720045	n/a
513.718372	0.000000	205487	stimulus_presentation	n/a	135	n/a	n/a	n/a	n/a	n/a	n/a	n/a	n/a	n/a	n/a	n/a	n/a	n/a	n/a	n/a	n/a	n/a	n/a	n/a	513.720857	n/a
513.718372	0.000000	205487	ttl	1	n/a	n/a	n/a	n/a	n/a	n/a	n/a	n/a	n/a	n/a	n/a	n/a	n/a	n/a	n/a	n/a	n/a	n/a	n/a	n/a	513.720857	n/a
513.728372	0.000000	205491	stimulus_presentation	n/a	0	n/a	n/a	n/a	n/a	n/a	n/a	n/a	n/a	n/a	n/a	n/a	n/a	n/a	n/a	n/a	n/a	n/a	n/a	n/a	513.730857	n/a
513.738372	0.000000	205495	stimulus_presentation	n/a	0	n/a	n/a	n/a	n/a	n/a	n/a	n/a	n/a	n/a	n/a	n/a	n/a	n/a	n/a	n/a	n/a	n/a	n/a	n/a	513.740857	n/a
515.734996	0.000000	206294	ttl	6	n/a	n/a	n/a	n/a	n/a	n/a	n/a	n/a	n/a	n/a	n/a	n/a	n/a	n/a	n/a	n/a	n/a	n/a	n/a	n/a	515.737481	n/a
518.568026	0.000000	207427	stimulus_presentation	n/a	135	n/a	n/a	n/a	n/a	n/a	n/a	n/a	n/a	n/a	n/a	n/a	n/a	n/a	n/a	n/a	n/a	n/a	n/a	n/a	518.570511	n/a
518.568026	0.000000	207427	ttl	7	n/a	n/a	n/a	n/a	n/a	n/a	n/a	n/a	n/a	n/a	n/a	n/a	n/a	n/a	n/a	n/a	n/a	n/a	n/a	n/a	518.570511	n/a
520.056713	0.000000	208023	ttl	8	n/a	n/a	n/a	n/a	n/a	n/a	n/a	n/a	n/a	n/a	n/a	n/a	n/a	n/a	n/a	n/a	n/a	n/a	n/a	n/a	520.059198	n/a
520.082963	6.788153	208033	sternberg_trial	n/a	n/a	524	0	0	524	1	1	1	521.1522289999999	523.1700089999999	0.0	0.0	0.0	0.0	520.0854479999999	523.1700089999999	525.768321	526.873601	intervals/trials	56	520.085448	526.873601
520.082963	0.000000	208033	ttl	11	n/a	n/a	n/a	n/a	n/a	n/a	n/a	n/a	n/a	n/a	n/a	n/a	n/a	n/a	n/a	n/a	n/a	n/a	n/a	n/a	520.085448	n/a
521.149744	0.000000	208460	stimulus_presentation	n/a	249	n/a	n/a	n/a	n/a	n/a	n/a	n/a	n/a	n/a	n/a	n/a	n/a	n/a	n/a	n/a	n/a	n/a	n/a	n/a	521.152229	n/a
521.149744	0.000000	208460	ttl	1	n/a	n/a	n/a	n/a	n/a	n/a	n/a	n/a	n/a	n/a	n/a	n/a	n/a	n/a	n/a	n/a	n/a	n/a	n/a	n/a	521.152229	n/a
521.159744	0.000000	208464	stimulus_presentation	n/a	0	n/a	n/a	n/a	n/a	n/a	n/a	n/a	n/a	n/a	n/a	n/a	n/a	n/a	n/a	n/a	n/a	n/a	n/a	n/a	521.162229	n/a
521.169744	0.000000	208468	stimulus_presentation	n/a	0	n/a	n/a	n/a	n/a	n/a	n/a	n/a	n/a	n/a	n/a	n/a	n/a	n/a	n/a	n/a	n/a	n/a	n/a	n/a	521.172229	n/a
523.167524	0.000000	209267	ttl	6	n/a	n/a	n/a	n/a	n/a	n/a	n/a	n/a	n/a	n/a	n/a	n/a	n/a	n/a	n/a	n/a	n/a	n/a	n/a	n/a	523.170009	n/a
525.765836	0.000000	210306	stimulus_presentation	n/a	249	n/a	n/a	n/a	n/a	n/a	n/a	n/a	n/a	n/a	n/a	n/a	n/a	n/a	n/a	n/a	n/a	n/a	n/a	n/a	525.768321	n/a
525.765836	0.000000	210306	ttl	7	n/a	n/a	n/a	n/a	n/a	n/a	n/a	n/a	n/a	n/a	n/a	n/a	n/a	n/a	n/a	n/a	n/a	n/a	n/a	n/a	525.768321	n/a
526.871116	0.000000	210748	ttl	8	n/a	n/a	n/a	n/a	n/a	n/a	n/a	n/a	n/a	n/a	n/a	n/a	n/a	n/a	n/a	n/a	n/a	n/a	n/a	n/a	526.873601	n/a
526.898241	11.490277	210759	sternberg_trial	n/a	n/a	322	118	525	218	3	0	1	527.88432	529.901225	530.001038	532.016756	532.049818	534.066098	526.900726	534.066098	536.8016289999999	538.391003	intervals/trials	57	526.900726	538.391003
526.898241	0.000000	210759	ttl	11	n/a	n/a	n/a	n/a	n/a	n/a	n/a	n/a	n/a	n/a	n/a	n/a	n/a	n/a	n/a	n/a	n/a	n/a	n/a	n/a	526.900726	n/a
527.881835	0.000000	211153	stimulus_presentation	n/a	136	n/a	n/a	n/a	n/a	n/a	n/a	n/a	n/a	n/a	n/a	n/a	n/a	n/a	n/a	n/a	n/a	n/a	n/a	n/a	527.884320	n/a
527.881835	0.000000	211153	ttl	1	n/a	n/a	n/a	n/a	n/a	n/a	n/a	n/a	n/a	n/a	n/a	n/a	n/a	n/a	n/a	n/a	n/a	n/a	n/a	n/a	527.884320	n/a
529.898740	0.000000	211959	ttl	5	n/a	n/a	n/a	n/a	n/a	n/a	n/a	n/a	n/a	n/a	n/a	n/a	n/a	n/a	n/a	n/a	n/a	n/a	n/a	n/a	529.901225	n/a
529.998553	0.000000	211999	stimulus_presentation	n/a	18	n/a	n/a	n/a	n/a	n/a	n/a	n/a	n/a	n/a	n/a	n/a	n/a	n/a	n/a	n/a	n/a	n/a	n/a	n/a	530.001038	n/a
529.998553	0.000000	211999	ttl	2	n/a	n/a	n/a	n/a	n/a	n/a	n/a	n/a	n/a	n/a	n/a	n/a	n/a	n/a	n/a	n/a	n/a	n/a	n/a	n/a	530.001038	n/a
532.014271	0.000000	212806	ttl	5	n/a	n/a	n/a	n/a	n/a	n/a	n/a	n/a	n/a	n/a	n/a	n/a	n/a	n/a	n/a	n/a	n/a	n/a	n/a	n/a	532.016756	n/a
532.047333	0.000000	212819	stimulus_presentation	n/a	250	n/a	n/a	n/a	n/a	n/a	n/a	n/a	n/a	n/a	n/a	n/a	n/a	n/a	n/a	n/a	n/a	n/a	n/a	n/a	532.049818	n/a
532.047333	0.000000	212819	ttl	3	n/a	n/a	n/a	n/a	n/a	n/a	n/a	n/a	n/a	n/a	n/a	n/a	n/a	n/a	n/a	n/a	n/a	n/a	n/a	n/a	532.049818	n/a
534.063613	0.000000	213625	ttl	6	n/a	n/a	n/a	n/a	n/a	n/a	n/a	n/a	n/a	n/a	n/a	n/a	n/a	n/a	n/a	n/a	n/a	n/a	n/a	n/a	534.066098	n/a
536.799144	0.000000	214720	stimulus_presentation	n/a	75	n/a	n/a	n/a	n/a	n/a	n/a	n/a	n/a	n/a	n/a	n/a	n/a	n/a	n/a	n/a	n/a	n/a	n/a	n/a	536.801629	n/a
536.799144	0.000000	214720	ttl	7	n/a	n/a	n/a	n/a	n/a	n/a	n/a	n/a	n/a	n/a	n/a	n/a	n/a	n/a	n/a	n/a	n/a	n/a	n/a	n/a	536.801629	n/a
538.388518	0.000000	215355	ttl	8	n/a	n/a	n/a	n/a	n/a	n/a	n/a	n/a	n/a	n/a	n/a	n/a	n/a	n/a	n/a	n/a	n/a	n/a	n/a	n/a	538.391003	n/a
538.562799	14.030338	215425	sternberg_trial	n/a	n/a	427	0	0	313	1	0	1	539.699221	541.714877	0.0	0.0	0.0	0.0	538.565284	541.714877	544.2479069999999	552.5956219999999	intervals/trials	58	538.565284	552.595622
538.562799	0.000000	215425	ttl	11	n/a	n/a	n/a	n/a	n/a	n/a	n/a	n/a	n/a	n/a	n/a	n/a	n/a	n/a	n/a	n/a	n/a	n/a	n/a	n/a	538.565284	n/a
539.696736	0.000000	215879	stimulus_presentation	n/a	197	n/a	n/a	n/a	n/a	n/a	n/a	n/a	n/a	n/a	n/a	n/a	n/a	n/a	n/a	n/a	n/a	n/a	n/a	n/a	539.699221	n/a
539.696736	0.000000	215879	ttl	1	n/a	n/a	n/a	n/a	n/a	n/a	n/a	n/a	n/a	n/a	n/a	n/a	n/a	n/a	n/a	n/a	n/a	n/a	n/a	n/a	539.699221	n/a
539.706736	0.000000	215883	stimulus_presentation	n/a	0	n/a	n/a	n/a	n/a	n/a	n/a	n/a	n/a	n/a	n/a	n/a	n/a	n/a	n/a	n/a	n/a	n/a	n/a	n/a	539.709221	n/a
539.716736	0.000000	215887	stimulus_presentation	n/a	0	n/a	n/a	n/a	n/a	n/a	n/a	n/a	n/a	n/a	n/a	n/a	n/a	n/a	n/a	n/a	n/a	n/a	n/a	n/a	539.719221	n/a
541.712392	0.000000	216685	ttl	6	n/a	n/a	n/a	n/a	n/a	n/a	n/a	n/a	n/a	n/a	n/a	n/a	n/a	n/a	n/a	n/a	n/a	n/a	n/a	n/a	541.714877	n/a
544.245422	0.000000	217698	stimulus_presentation	n/a	127	n/a	n/a	n/a	n/a	n/a	n/a	n/a	n/a	n/a	n/a	n/a	n/a	n/a	n/a	n/a	n/a	n/a	n/a	n/a	544.247907	n/a
544.245422	0.000000	217698	ttl	7	n/a	n/a	n/a	n/a	n/a	n/a	n/a	n/a	n/a	n/a	n/a	n/a	n/a	n/a	n/a	n/a	n/a	n/a	n/a	n/a	544.247907	n/a
552.593137	0.000000	221037	ttl	8	n/a	n/a	n/a	n/a	n/a	n/a	n/a	n/a	n/a	n/a	n/a	n/a	n/a	n/a	n/a	n/a	n/a	n/a	n/a	n/a	552.595622	n/a
552.626731	11.243808	221051	sternberg_trial	n/a	n/a	428	323	119	323	3	1	1	553.7294969999999	555.745308	555.84534	557.8628699999999	558.0457759999999	560.062588	552.6292159999999	560.062588	562.844399	563.873024	intervals/trials	59	552.629216	563.873024
552.626731	0.000000	221051	ttl	11	n/a	n/a	n/a	n/a	n/a	n/a	n/a	n/a	n/a	n/a	n/a	n/a	n/a	n/a	n/a	n/a	n/a	n/a	n/a	n/a	552.629216	n/a
553.727012	0.000000	221491	stimulus_presentation	n/a	198	n/a	n/a	n/a	n/a	n/a	n/a	n/a	n/a	n/a	n/a	n/a	n/a	n/a	n/a	n/a	n/a	n/a	n/a	n/a	553.729497	n/a
553.727012	0.000000	221491	ttl	1	n/a	n/a	n/a	n/a	n/a	n/a	n/a	n/a	n/a	n/a	n/a	n/a	n/a	n/a	n/a	n/a	n/a	n/a	n/a	n/a	553.729497	n/a
555.742823	0.000000	222297	ttl	5	n/a	n/a	n/a	n/a	n/a	n/a	n/a	n/a	n/a	n/a	n/a	n/a	n/a	n/a	n/a	n/a	n/a	n/a	n/a	n/a	555.745308	n/a
555.842855	0.000000	222337	stimulus_presentation	n/a	137	n/a	n/a	n/a	n/a	n/a	n/a	n/a	n/a	n/a	n/a	n/a	n/a	n/a	n/a	n/a	n/a	n/a	n/a	n/a	555.845340	n/a
555.842855	0.000000	222337	ttl	2	n/a	n/a	n/a	n/a	n/a	n/a	n/a	n/a	n/a	n/a	n/a	n/a	n/a	n/a	n/a	n/a	n/a	n/a	n/a	n/a	555.845340	n/a
557.860385	0.000000	223144	ttl	5	n/a	n/a	n/a	n/a	n/a	n/a	n/a	n/a	n/a	n/a	n/a	n/a	n/a	n/a	n/a	n/a	n/a	n/a	n/a	n/a	557.862870	n/a
558.043291	0.000000	223217	stimulus_presentation	n/a	19	n/a	n/a	n/a	n/a	n/a	n/a	n/a	n/a	n/a	n/a	n/a	n/a	n/a	n/a	n/a	n/a	n/a	n/a	n/a	558.045776	n/a
558.043291	0.000000	223217	ttl	3	n/a	n/a	n/a	n/a	n/a	n/a	n/a	n/a	n/a	n/a	n/a	n/a	n/a	n/a	n/a	n/a	n/a	n/a	n/a	n/a	558.045776	n/a
560.060103	0.000000	224024	ttl	6	n/a	n/a	n/a	n/a	n/a	n/a	n/a	n/a	n/a	n/a	n/a	n/a	n/a	n/a	n/a	n/a	n/a	n/a	n/a	n/a	560.062588	n/a
562.841914	0.000000	225137	stimulus_presentation	n/a	137	n/a	n/a	n/a	n/a	n/a	n/a	n/a	n/a	n/a	n/a	n/a	n/a	n/a	n/a	n/a	n/a	n/a	n/a	n/a	562.844399	n/a
562.841914	0.000000	225137	ttl	7	n/a	n/a	n/a	n/a	n/a	n/a	n/a	n/a	n/a	n/a	n/a	n/a	n/a	n/a	n/a	n/a	n/a	n/a	n/a	n/a	562.844399	n/a
563.870539	0.000000	225548	ttl	8	n/a	n/a	n/a	n/a	n/a	n/a	n/a	n/a	n/a	n/a	n/a	n/a	n/a	n/a	n/a	n/a	n/a	n/a	n/a	n/a	563.873024	n/a
563.891289	6.793685	225557	sternberg_trial	n/a	n/a	526	0	0	317	1	0	1	564.860242	566.8775539999999	0.0	0.0	0.0	0.0	563.893774	566.8775539999999	569.62649	570.687459	intervals/trials	60	563.893774	570.687459
563.891289	0.000000	225557	ttl	11	n/a	n/a	n/a	n/a	n/a	n/a	n/a	n/a	n/a	n/a	n/a	n/a	n/a	n/a	n/a	n/a	n/a	n/a	n/a	n/a	563.893774	n/a
564.857757	0.000000	225943	stimulus_presentation	n/a	251	n/a	n/a	n/a	n/a	n/a	n/a	n/a	n/a	n/a	n/a	n/a	n/a	n/a	n/a	n/a	n/a	n/a	n/a	n/a	564.860242	n/a
564.857757	0.000000	225943	ttl	1	n/a	n/a	n/a	n/a	n/a	n/a	n/a	n/a	n/a	n/a	n/a	n/a	n/a	n/a	n/a	n/a	n/a	n/a	n/a	n/a	564.860242	n/a
564.867757	0.000000	225947	stimulus_presentation	n/a	0	n/a	n/a	n/a	n/a	n/a	n/a	n/a	n/a	n/a	n/a	n/a	n/a	n/a	n/a	n/a	n/a	n/a	n/a	n/a	564.870242	n/a
564.877757	0.000000	225951	stimulus_presentation	n/a	0	n/a	n/a	n/a	n/a	n/a	n/a	n/a	n/a	n/a	n/a	n/a	n/a	n/a	n/a	n/a	n/a	n/a	n/a	n/a	564.880242	n/a
566.875069	0.000000	226750	ttl	6	n/a	n/a	n/a	n/a	n/a	n/a	n/a	n/a	n/a	n/a	n/a	n/a	n/a	n/a	n/a	n/a	n/a	n/a	n/a	n/a	566.877554	n/a
569.624005	0.000000	227850	stimulus_presentation	n/a	131	n/a	n/a	n/a	n/a	n/a	n/a	n/a	n/a	n/a	n/a	n/a	n/a	n/a	n/a	n/a	n/a	n/a	n/a	n/a	569.626490	n/a
569.624005	0.000000	227850	ttl	7	n/a	n/a	n/a	n/a	n/a	n/a	n/a	n/a	n/a	n/a	n/a	n/a	n/a	n/a	n/a	n/a	n/a	n/a	n/a	n/a	569.626490	n/a
570.684974	0.000000	228274	ttl	8	n/a	n/a	n/a	n/a	n/a	n/a	n/a	n/a	n/a	n/a	n/a	n/a	n/a	n/a	n/a	n/a	n/a	n/a	n/a	n/a	570.687459	n/a
570.706692	10.711746	228283	sternberg_trial	n/a	n/a	429	527	120	221	3	0	1	571.692646	573.710145	573.759676	575.7760499999999	575.8421129999999	577.858643	570.709177	577.858643	580.541486	581.420923	intervals/trials	61	570.709177	581.420923
570.706692	0.000000	228283	ttl	11	n/a	n/a	n/a	n/a	n/a	n/a	n/a	n/a	n/a	n/a	n/a	n/a	n/a	n/a	n/a	n/a	n/a	n/a	n/a	n/a	570.709177	n/a
571.690161	0.000000	228676	stimulus_presentation	n/a	199	n/a	n/a	n/a	n/a	n/a	n/a	n/a	n/a	n/a	n/a	n/a	n/a	n/a	n/a	n/a	n/a	n/a	n/a	n/a	571.692646	n/a
571.690161	0.000000	228676	ttl	1	n/a	n/a	n/a	n/a	n/a	n/a	n/a	n/a	n/a	n/a	n/a	n/a	n/a	n/a	n/a	n/a	n/a	n/a	n/a	n/a	571.692646	n/a
573.707660	0.000000	229483	ttl	5	n/a	n/a	n/a	n/a	n/a	n/a	n/a	n/a	n/a	n/a	n/a	n/a	n/a	n/a	n/a	n/a	n/a	n/a	n/a	n/a	573.710145	n/a
573.757191	0.000000	229503	stimulus_presentation	n/a	252	n/a	n/a	n/a	n/a	n/a	n/a	n/a	n/a	n/a	n/a	n/a	n/a	n/a	n/a	n/a	n/a	n/a	n/a	n/a	573.759676	n/a
573.757191	0.000000	229503	ttl	2	n/a	n/a	n/a	n/a	n/a	n/a	n/a	n/a	n/a	n/a	n/a	n/a	n/a	n/a	n/a	n/a	n/a	n/a	n/a	n/a	573.759676	n/a
575.773565	0.000000	230309	ttl	5	n/a	n/a	n/a	n/a	n/a	n/a	n/a	n/a	n/a	n/a	n/a	n/a	n/a	n/a	n/a	n/a	n/a	n/a	n/a	n/a	575.776050	n/a
575.839628	0.000000	230336	stimulus_presentation	n/a	20	n/a	n/a	n/a	n/a	n/a	n/a	n/a	n/a	n/a	n/a	n/a	n/a	n/a	n/a	n/a	n/a	n/a	n/a	n/a	575.842113	n/a
575.839628	0.000000	230336	ttl	3	n/a	n/a	n/a	n/a	n/a	n/a	n/a	n/a	n/a	n/a	n/a	n/a	n/a	n/a	n/a	n/a	n/a	n/a	n/a	n/a	575.842113	n/a
577.856158	0.000000	231142	ttl	6	n/a	n/a	n/a	n/a	n/a	n/a	n/a	n/a	n/a	n/a	n/a	n/a	n/a	n/a	n/a	n/a	n/a	n/a	n/a	n/a	577.858643	n/a
580.539001	0.000000	232216	stimulus_presentation	n/a	78	n/a	n/a	n/a	n/a	n/a	n/a	n/a	n/a	n/a	n/a	n/a	n/a	n/a	n/a	n/a	n/a	n/a	n/a	n/a	580.541486	n/a
580.539001	0.000000	232216	ttl	7	n/a	n/a	n/a	n/a	n/a	n/a	n/a	n/a	n/a	n/a	n/a	n/a	n/a	n/a	n/a	n/a	n/a	n/a	n/a	n/a	580.541486	n/a
581.418438	0.000000	232567	ttl	8	n/a	n/a	n/a	n/a	n/a	n/a	n/a	n/a	n/a	n/a	n/a	n/a	n/a	n/a	n/a	n/a	n/a	n/a	n/a	n/a	581.420923	n/a
581.437938	11.945777	232575	sternberg_trial	n/a	n/a	226	324	121	324	3	1	1	582.5585159999999	584.574266	584.774141	586.789952	586.9402329999999	588.956295	581.440423	588.956295	591.7249499999999	593.3861999999999	intervals/trials	62	581.440423	593.386200
581.437938	0.000000	232575	ttl	11	n/a	n/a	n/a	n/a	n/a	n/a	n/a	n/a	n/a	n/a	n/a	n/a	n/a	n/a	n/a	n/a	n/a	n/a	n/a	n/a	581.440423	n/a
582.556031	0.000000	233022	stimulus_presentation	n/a	83	n/a	n/a	n/a	n/a	n/a	n/a	n/a	n/a	n/a	n/a	n/a	n/a	n/a	n/a	n/a	n/a	n/a	n/a	n/a	582.558516	n/a
582.556031	0.000000	233022	ttl	1	n/a	n/a	n/a	n/a	n/a	n/a	n/a	n/a	n/a	n/a	n/a	n/a	n/a	n/a	n/a	n/a	n/a	n/a	n/a	n/a	582.558516	n/a
584.571781	0.000000	233829	ttl	5	n/a	n/a	n/a	n/a	n/a	n/a	n/a	n/a	n/a	n/a	n/a	n/a	n/a	n/a	n/a	n/a	n/a	n/a	n/a	n/a	584.574266	n/a
584.771656	0.000000	233909	stimulus_presentation	n/a	138	n/a	n/a	n/a	n/a	n/a	n/a	n/a	n/a	n/a	n/a	n/a	n/a	n/a	n/a	n/a	n/a	n/a	n/a	n/a	584.774141	n/a
584.771656	0.000000	233909	ttl	2	n/a	n/a	n/a	n/a	n/a	n/a	n/a	n/a	n/a	n/a	n/a	n/a	n/a	n/a	n/a	n/a	n/a	n/a	n/a	n/a	584.774141	n/a
586.787467	0.000000	234715	ttl	5	n/a	n/a	n/a	n/a	n/a	n/a	n/a	n/a	n/a	n/a	n/a	n/a	n/a	n/a	n/a	n/a	n/a	n/a	n/a	n/a	586.789952	n/a
586.937748	0.000000	234775	stimulus_presentation	n/a	21	n/a	n/a	n/a	n/a	n/a	n/a	n/a	n/a	n/a	n/a	n/a	n/a	n/a	n/a	n/a	n/a	n/a	n/a	n/a	586.940233	n/a
586.937748	0.000000	234775	ttl	3	n/a	n/a	n/a	n/a	n/a	n/a	n/a	n/a	n/a	n/a	n/a	n/a	n/a	n/a	n/a	n/a	n/a	n/a	n/a	n/a	586.940233	n/a
588.953810	0.000000	235582	ttl	6	n/a	n/a	n/a	n/a	n/a	n/a	n/a	n/a	n/a	n/a	n/a	n/a	n/a	n/a	n/a	n/a	n/a	n/a	n/a	n/a	588.956295	n/a
591.722465	0.000000	236689	stimulus_presentation	n/a	138	n/a	n/a	n/a	n/a	n/a	n/a	n/a	n/a	n/a	n/a	n/a	n/a	n/a	n/a	n/a	n/a	n/a	n/a	n/a	591.724950	n/a
591.722465	0.000000	236689	ttl	7	n/a	n/a	n/a	n/a	n/a	n/a	n/a	n/a	n/a	n/a	n/a	n/a	n/a	n/a	n/a	n/a	n/a	n/a	n/a	n/a	591.724950	n/a
593.383715	0.000000	237353	ttl	8	n/a	n/a	n/a	n/a	n/a	n/a	n/a	n/a	n/a	n/a	n/a	n/a	n/a	n/a	n/a	n/a	n/a	n/a	n/a	n/a	593.386200	n/a
593.419152	11.497777	237368	sternberg_trial	n/a	n/a	528	227	122	122	3	1	1	594.5057929999999	596.521042	596.6709169999999	598.688354	598.721729	600.737947	593.4216369999999	600.737947	603.353446	604.919414	intervals/trials	63	593.421637	604.919414
593.419152	0.000000	237368	ttl	11	n/a	n/a	n/a	n/a	n/a	n/a	n/a	n/a	n/a	n/a	n/a	n/a	n/a	n/a	n/a	n/a	n/a	n/a	n/a	n/a	593.421637	n/a
594.503308	0.000000	237801	stimulus_presentation	n/a	253	n/a	n/a	n/a	n/a	n/a	n/a	n/a	n/a	n/a	n/a	n/a	n/a	n/a	n/a	n/a	n/a	n/a	n/a	n/a	594.505793	n/a
594.503308	0.000000	237801	ttl	1	n/a	n/a	n/a	n/a	n/a	n/a	n/a	n/a	n/a	n/a	n/a	n/a	n/a	n/a	n/a	n/a	n/a	n/a	n/a	n/a	594.505793	n/a
596.518557	0.000000	238607	ttl	5	n/a	n/a	n/a	n/a	n/a	n/a	n/a	n/a	n/a	n/a	n/a	n/a	n/a	n/a	n/a	n/a	n/a	n/a	n/a	n/a	596.521042	n/a
596.668432	0.000000	238667	stimulus_presentation	n/a	84	n/a	n/a	n/a	n/a	n/a	n/a	n/a	n/a	n/a	n/a	n/a	n/a	n/a	n/a	n/a	n/a	n/a	n/a	n/a	596.670917	n/a
596.668432	0.000000	238667	ttl	2	n/a	n/a	n/a	n/a	n/a	n/a	n/a	n/a	n/a	n/a	n/a	n/a	n/a	n/a	n/a	n/a	n/a	n/a	n/a	n/a	596.670917	n/a
598.685869	0.000000	239474	ttl	5	n/a	n/a	n/a	n/a	n/a	n/a	n/a	n/a	n/a	n/a	n/a	n/a	n/a	n/a	n/a	n/a	n/a	n/a	n/a	n/a	598.688354	n/a
598.719244	0.000000	239488	stimulus_presentation	n/a	22	n/a	n/a	n/a	n/a	n/a	n/a	n/a	n/a	n/a	n/a	n/a	n/a	n/a	n/a	n/a	n/a	n/a	n/a	n/a	598.721729	n/a
598.719244	0.000000	239488	ttl	3	n/a	n/a	n/a	n/a	n/a	n/a	n/a	n/a	n/a	n/a	n/a	n/a	n/a	n/a	n/a	n/a	n/a	n/a	n/a	n/a	598.721729	n/a
600.735462	0.000000	240294	ttl	6	n/a	n/a	n/a	n/a	n/a	n/a	n/a	n/a	n/a	n/a	n/a	n/a	n/a	n/a	n/a	n/a	n/a	n/a	n/a	n/a	600.737947	n/a
603.350961	0.000000	241340	stimulus_presentation	n/a	22	n/a	n/a	n/a	n/a	n/a	n/a	n/a	n/a	n/a	n/a	n/a	n/a	n/a	n/a	n/a	n/a	n/a	n/a	n/a	603.353446	n/a
603.350961	0.000000	241340	ttl	7	n/a	n/a	n/a	n/a	n/a	n/a	n/a	n/a	n/a	n/a	n/a	n/a	n/a	n/a	n/a	n/a	n/a	n/a	n/a	n/a	603.353446	n/a
604.916929	0.000000	241967	ttl	8	n/a	n/a	n/a	n/a	n/a	n/a	n/a	n/a	n/a	n/a	n/a	n/a	n/a	n/a	n/a	n/a	n/a	n/a	n/a	n/a	604.919414	n/a
604.950147	8.956716	241980	sternberg_trial	n/a	n/a	529	0	0	529	1	1	1	606.019226	608.0364119999999	0.0	0.0	0.0	0.0	604.952632	608.0364119999999	610.819724	613.909348	intervals/trials	64	604.952632	613.909348
604.950147	0.000000	241980	ttl	11	n/a	n/a	n/a	n/a	n/a	n/a	n/a	n/a	n/a	n/a	n/a	n/a	n/a	n/a	n/a	n/a	n/a	n/a	n/a	n/a	604.952632	n/a
606.016741	0.000000	242407	stimulus_presentation	n/a	254	n/a	n/a	n/a	n/a	n/a	n/a	n/a	n/a	n/a	n/a	n/a	n/a	n/a	n/a	n/a	n/a	n/a	n/a	n/a	606.019226	n/a
606.016741	0.000000	242407	ttl	1	n/a	n/a	n/a	n/a	n/a	n/a	n/a	n/a	n/a	n/a	n/a	n/a	n/a	n/a	n/a	n/a	n/a	n/a	n/a	n/a	606.019226	n/a
606.026741	0.000000	242411	stimulus_presentation	n/a	0	n/a	n/a	n/a	n/a	n/a	n/a	n/a	n/a	n/a	n/a	n/a	n/a	n/a	n/a	n/a	n/a	n/a	n/a	n/a	606.029226	n/a
606.036741	0.000000	242415	stimulus_presentation	n/a	0	n/a	n/a	n/a	n/a	n/a	n/a	n/a	n/a	n/a	n/a	n/a	n/a	n/a	n/a	n/a	n/a	n/a	n/a	n/a	606.039226	n/a
608.033927	0.000000	243214	ttl	6	n/a	n/a	n/a	n/a	n/a	n/a	n/a	n/a	n/a	n/a	n/a	n/a	n/a	n/a	n/a	n/a	n/a	n/a	n/a	n/a	608.036412	n/a
610.817239	0.000000	244327	stimulus_presentation	n/a	254	n/a	n/a	n/a	n/a	n/a	n/a	n/a	n/a	n/a	n/a	n/a	n/a	n/a	n/a	n/a	n/a	n/a	n/a	n/a	610.819724	n/a
610.817239	0.000000	244327	ttl	7	n/a	n/a	n/a	n/a	n/a	n/a	n/a	n/a	n/a	n/a	n/a	n/a	n/a	n/a	n/a	n/a	n/a	n/a	n/a	n/a	610.819724	n/a
613.906863	0.000000	245563	ttl	8	n/a	n/a	n/a	n/a	n/a	n/a	n/a	n/a	n/a	n/a	n/a	n/a	n/a	n/a	n/a	n/a	n/a	n/a	n/a	n/a	613.909348	n/a
613.931738	6.469653	245573	sternberg_trial	n/a	n/a	228	0	0	413	1	0	1	614.9842219999999	617.0009709999999	0.0	0.0	0.0	0.0	613.934223	617.0009709999999	619.717033	620.403876	intervals/trials	65	613.934223	620.403876
613.931738	0.000000	245573	ttl	11	n/a	n/a	n/a	n/a	n/a	n/a	n/a	n/a	n/a	n/a	n/a	n/a	n/a	n/a	n/a	n/a	n/a	n/a	n/a	n/a	613.934223	n/a
614.981737	0.000000	245993	stimulus_presentation	n/a	85	n/a	n/a	n/a	n/a	n/a	n/a	n/a	n/a	n/a	n/a	n/a	n/a	n/a	n/a	n/a	n/a	n/a	n/a	n/a	614.984222	n/a
614.981737	0.000000	245993	ttl	1	n/a	n/a	n/a	n/a	n/a	n/a	n/a	n/a	n/a	n/a	n/a	n/a	n/a	n/a	n/a	n/a	n/a	n/a	n/a	n/a	614.984222	n/a
614.991737	0.000000	245997	stimulus_presentation	n/a	0	n/a	n/a	n/a	n/a	n/a	n/a	n/a	n/a	n/a	n/a	n/a	n/a	n/a	n/a	n/a	n/a	n/a	n/a	n/a	614.994222	n/a
615.001737	0.000000	246001	stimulus_presentation	n/a	0	n/a	n/a	n/a	n/a	n/a	n/a	n/a	n/a	n/a	n/a	n/a	n/a	n/a	n/a	n/a	n/a	n/a	n/a	n/a	615.004222	n/a
616.998486	0.000000	246799	ttl	6	n/a	n/a	n/a	n/a	n/a	n/a	n/a	n/a	n/a	n/a	n/a	n/a	n/a	n/a	n/a	n/a	n/a	n/a	n/a	n/a	617.000971	n/a
619.714548	0.000000	247886	stimulus_presentation	n/a	183	n/a	n/a	n/a	n/a	n/a	n/a	n/a	n/a	n/a	n/a	n/a	n/a	n/a	n/a	n/a	n/a	n/a	n/a	n/a	619.717033	n/a
619.714548	0.000000	247886	ttl	7	n/a	n/a	n/a	n/a	n/a	n/a	n/a	n/a	n/a	n/a	n/a	n/a	n/a	n/a	n/a	n/a	n/a	n/a	n/a	n/a	619.717033	n/a
620.401391	0.000000	248161	ttl	8	n/a	n/a	n/a	n/a	n/a	n/a	n/a	n/a	n/a	n/a	n/a	n/a	n/a	n/a	n/a	n/a	n/a	n/a	n/a	n/a	620.403876	n/a
620.430516	14.703401	248172	sternberg_trial	n/a	n/a	123	325	430	430	3	1	0	621.499688	623.5181249999999	623.683375	625.700124	625.783155	627.799498	620.433001	627.799498	630.548185	635.136402	intervals/trials	66	620.433001	635.136402
620.430516	0.000000	248172	ttl	11	n/a	n/a	n/a	n/a	n/a	n/a	n/a	n/a	n/a	n/a	n/a	n/a	n/a	n/a	n/a	n/a	n/a	n/a	n/a	n/a	620.433001	n/a
621.497203	0.000000	248599	stimulus_presentation	n/a	23	n/a	n/a	n/a	n/a	n/a	n/a	n/a	n/a	n/a	n/a	n/a	n/a	n/a	n/a	n/a	n/a	n/a	n/a	n/a	621.499688	n/a
621.497203	0.000000	248599	ttl	1	n/a	n/a	n/a	n/a	n/a	n/a	n/a	n/a	n/a	n/a	n/a	n/a	n/a	n/a	n/a	n/a	n/a	n/a	n/a	n/a	621.499688	n/a
623.515640	0.000000	249406	ttl	5	n/a	n/a	n/a	n/a	n/a	n/a	n/a	n/a	n/a	n/a	n/a	n/a	n/a	n/a	n/a	n/a	n/a	n/a	n/a	n/a	623.518125	n/a
623.680890	0.000000	249472	stimulus_presentation	n/a	139	n/a	n/a	n/a	n/a	n/a	n/a	n/a	n/a	n/a	n/a	n/a	n/a	n/a	n/a	n/a	n/a	n/a	n/a	n/a	623.683375	n/a
623.680890	0.000000	249472	ttl	2	n/a	n/a	n/a	n/a	n/a	n/a	n/a	n/a	n/a	n/a	n/a	n/a	n/a	n/a	n/a	n/a	n/a	n/a	n/a	n/a	623.683375	n/a
625.697639	0.000000	250279	ttl	5	n/a	n/a	n/a	n/a	n/a	n/a	n/a	n/a	n/a	n/a	n/a	n/a	n/a	n/a	n/a	n/a	n/a	n/a	n/a	n/a	625.700124	n/a
625.780670	0.000000	250312	stimulus_presentation	n/a	200	n/a	n/a	n/a	n/a	n/a	n/a	n/a	n/a	n/a	n/a	n/a	n/a	n/a	n/a	n/a	n/a	n/a	n/a	n/a	625.783155	n/a
625.780670	0.000000	250312	ttl	3	n/a	n/a	n/a	n/a	n/a	n/a	n/a	n/a	n/a	n/a	n/a	n/a	n/a	n/a	n/a	n/a	n/a	n/a	n/a	n/a	625.783155	n/a
627.797013	0.000000	251119	ttl	6	n/a	n/a	n/a	n/a	n/a	n/a	n/a	n/a	n/a	n/a	n/a	n/a	n/a	n/a	n/a	n/a	n/a	n/a	n/a	n/a	627.799498	n/a
630.545700	0.000000	252218	stimulus_presentation	n/a	200	n/a	n/a	n/a	n/a	n/a	n/a	n/a	n/a	n/a	n/a	n/a	n/a	n/a	n/a	n/a	n/a	n/a	n/a	n/a	630.548185	n/a
630.545700	0.000000	252218	ttl	7	n/a	n/a	n/a	n/a	n/a	n/a	n/a	n/a	n/a	n/a	n/a	n/a	n/a	n/a	n/a	n/a	n/a	n/a	n/a	n/a	630.548185	n/a
635.133917	0.000000	254054	ttl	8	n/a	n/a	n/a	n/a	n/a	n/a	n/a	n/a	n/a	n/a	n/a	n/a	n/a	n/a	n/a	n/a	n/a	n/a	n/a	n/a	635.136402	n/a
635.161042	6.595372	254064	sternberg_trial	n/a	n/a	431	0	0	431	1	1	1	636.246714	638.263963	0.0	0.0	0.0	0.0	635.1635269999999	638.263963	640.9128059999999	641.7588989999999	intervals/trials	67	635.163527	641.758899
635.161042	0.000000	254064	ttl	11	n/a	n/a	n/a	n/a	n/a	n/a	n/a	n/a	n/a	n/a	n/a	n/a	n/a	n/a	n/a	n/a	n/a	n/a	n/a	n/a	635.163527	n/a
636.244229	0.000000	254498	stimulus_presentation	n/a	201	n/a	n/a	n/a	n/a	n/a	n/a	n/a	n/a	n/a	n/a	n/a	n/a	n/a	n/a	n/a	n/a	n/a	n/a	n/a	636.246714	n/a
636.244229	0.000000	254498	ttl	1	n/a	n/a	n/a	n/a	n/a	n/a	n/a	n/a	n/a	n/a	n/a	n/a	n/a	n/a	n/a	n/a	n/a	n/a	n/a	n/a	636.246714	n/a
636.254229	0.000000	254502	stimulus_presentation	n/a	0	n/a	n/a	n/a	n/a	n/a	n/a	n/a	n/a	n/a	n/a	n/a	n/a	n/a	n/a	n/a	n/a	n/a	n/a	n/a	636.256714	n/a
636.264229	0.000000	254506	stimulus_presentation	n/a	0	n/a	n/a	n/a	n/a	n/a	n/a	n/a	n/a	n/a	n/a	n/a	n/a	n/a	n/a	n/a	n/a	n/a	n/a	n/a	636.266714	n/a
638.261478	0.000000	255305	ttl	6	n/a	n/a	n/a	n/a	n/a	n/a	n/a	n/a	n/a	n/a	n/a	n/a	n/a	n/a	n/a	n/a	n/a	n/a	n/a	n/a	638.263963	n/a
640.910321	0.000000	256364	stimulus_presentation	n/a	201	n/a	n/a	n/a	n/a	n/a	n/a	n/a	n/a	n/a	n/a	n/a	n/a	n/a	n/a	n/a	n/a	n/a	n/a	n/a	640.912806	n/a
640.910321	0.000000	256364	ttl	7	n/a	n/a	n/a	n/a	n/a	n/a	n/a	n/a	n/a	n/a	n/a	n/a	n/a	n/a	n/a	n/a	n/a	n/a	n/a	n/a	640.912806	n/a
641.756414	0.000000	256703	ttl	8	n/a	n/a	n/a	n/a	n/a	n/a	n/a	n/a	n/a	n/a	n/a	n/a	n/a	n/a	n/a	n/a	n/a	n/a	n/a	n/a	641.758899	n/a
641.776601	6.650217	256711	sternberg_trial	n/a	n/a	124	0	0	425	1	0	1	642.795617	644.813554	0.0	0.0	0.0	0.0	641.779086	644.813554	647.546709	648.429303	intervals/trials	68	641.779086	648.429303
641.776601	0.000000	256711	ttl	11	n/a	n/a	n/a	n/a	n/a	n/a	n/a	n/a	n/a	n/a	n/a	n/a	n/a	n/a	n/a	n/a	n/a	n/a	n/a	n/a	641.779086	n/a
642.793132	0.000000	257117	stimulus_presentation	n/a	24	n/a	n/a	n/a	n/a	n/a	n/a	n/a	n/a	n/a	n/a	n/a	n/a	n/a	n/a	n/a	n/a	n/a	n/a	n/a	642.795617	n/a
642.793132	0.000000	257117	ttl	1	n/a	n/a	n/a	n/a	n/a	n/a	n/a	n/a	n/a	n/a	n/a	n/a	n/a	n/a	n/a	n/a	n/a	n/a	n/a	n/a	642.795617	n/a
642.803132	0.000000	257121	stimulus_presentation	n/a	0	n/a	n/a	n/a	n/a	n/a	n/a	n/a	n/a	n/a	n/a	n/a	n/a	n/a	n/a	n/a	n/a	n/a	n/a	n/a	642.805617	n/a
642.813132	0.000000	257125	stimulus_presentation	n/a	0	n/a	n/a	n/a	n/a	n/a	n/a	n/a	n/a	n/a	n/a	n/a	n/a	n/a	n/a	n/a	n/a	n/a	n/a	n/a	642.815617	n/a
644.811069	0.000000	257924	ttl	6	n/a	n/a	n/a	n/a	n/a	n/a	n/a	n/a	n/a	n/a	n/a	n/a	n/a	n/a	n/a	n/a	n/a	n/a	n/a	n/a	644.813554	n/a
647.544224	0.000000	259018	stimulus_presentation	n/a	195	n/a	n/a	n/a	n/a	n/a	n/a	n/a	n/a	n/a	n/a	n/a	n/a	n/a	n/a	n/a	n/a	n/a	n/a	n/a	647.546709	n/a
647.544224	0.000000	259018	ttl	7	n/a	n/a	n/a	n/a	n/a	n/a	n/a	n/a	n/a	n/a	n/a	n/a	n/a	n/a	n/a	n/a	n/a	n/a	n/a	n/a	647.546709	n/a
648.426818	0.000000	259371	ttl	8	n/a	n/a	n/a	n/a	n/a	n/a	n/a	n/a	n/a	n/a	n/a	n/a	n/a	n/a	n/a	n/a	n/a	n/a	n/a	n/a	648.429303	n/a
648.458599	6.526747	259383	sternberg_trial	n/a	n/a	432	0	0	527	1	0	1	649.578521	651.594739	0.0	0.0	0.0	0.0	648.4610839999999	651.594739	654.211363	654.9878309999999	intervals/trials	69	648.461084	654.987831
648.458599	0.000000	259383	ttl	11	n/a	n/a	n/a	n/a	n/a	n/a	n/a	n/a	n/a	n/a	n/a	n/a	n/a	n/a	n/a	n/a	n/a	n/a	n/a	n/a	648.461084	n/a
649.576036	0.000000	259830	stimulus_presentation	n/a	202	n/a	n/a	n/a	n/a	n/a	n/a	n/a	n/a	n/a	n/a	n/a	n/a	n/a	n/a	n/a	n/a	n/a	n/a	n/a	649.578521	n/a
649.576036	0.000000	259830	ttl	1	n/a	n/a	n/a	n/a	n/a	n/a	n/a	n/a	n/a	n/a	n/a	n/a	n/a	n/a	n/a	n/a	n/a	n/a	n/a	n/a	649.578521	n/a
649.586036	0.000000	259834	stimulus_presentation	n/a	0	n/a	n/a	n/a	n/a	n/a	n/a	n/a	n/a	n/a	n/a	n/a	n/a	n/a	n/a	n/a	n/a	n/a	n/a	n/a	649.588521	n/a
649.596036	0.000000	259838	stimulus_presentation	n/a	0	n/a	n/a	n/a	n/a	n/a	n/a	n/a	n/a	n/a	n/a	n/a	n/a	n/a	n/a	n/a	n/a	n/a	n/a	n/a	649.598521	n/a
651.592254	0.000000	260637	ttl	6	n/a	n/a	n/a	n/a	n/a	n/a	n/a	n/a	n/a	n/a	n/a	n/a	n/a	n/a	n/a	n/a	n/a	n/a	n/a	n/a	651.594739	n/a
654.208878	0.000000	261684	stimulus_presentation	n/a	252	n/a	n/a	n/a	n/a	n/a	n/a	n/a	n/a	n/a	n/a	n/a	n/a	n/a	n/a	n/a	n/a	n/a	n/a	n/a	654.211363	n/a
654.208878	0.000000	261684	ttl	7	n/a	n/a	n/a	n/a	n/a	n/a	n/a	n/a	n/a	n/a	n/a	n/a	n/a	n/a	n/a	n/a	n/a	n/a	n/a	n/a	654.211363	n/a
654.985346	0.000000	261994	ttl	8	n/a	n/a	n/a	n/a	n/a	n/a	n/a	n/a	n/a	n/a	n/a	n/a	n/a	n/a	n/a	n/a	n/a	n/a	n/a	n/a	654.987831	n/a
685.118834	14.432151	274048	sternberg_trial	n/a	n/a	125	433	530	530	3	1	1	686.155037	688.170849	688.271318	690.2869109999999	690.4368479999999	692.4534719999999	685.121319	692.4534719999999	695.186471	699.55347	intervals/trials	70	685.121319	699.553470
685.118834	0.000000	274048	ttl	11	n/a	n/a	n/a	n/a	n/a	n/a	n/a	n/a	n/a	n/a	n/a	n/a	n/a	n/a	n/a	n/a	n/a	n/a	n/a	n/a	685.121319	n/a
686.152552	0.000000	274461	stimulus_presentation	n/a	25	n/a	n/a	n/a	n/a	n/a	n/a	n/a	n/a	n/a	n/a	n/a	n/a	n/a	n/a	n/a	n/a	n/a	n/a	n/a	686.155037	n/a
686.152552	0.000000	274461	ttl	1	n/a	n/a	n/a	n/a	n/a	n/a	n/a	n/a	n/a	n/a	n/a	n/a	n/a	n/a	n/a	n/a	n/a	n/a	n/a	n/a	686.155037	n/a
688.168364	0.000000	275267	ttl	5	n/a	n/a	n/a	n/a	n/a	n/a	n/a	n/a	n/a	n/a	n/a	n/a	n/a	n/a	n/a	n/a	n/a	n/a	n/a	n/a	688.170849	n/a
688.268833	0.000000	275308	stimulus_presentation	n/a	203	n/a	n/a	n/a	n/a	n/a	n/a	n/a	n/a	n/a	n/a	n/a	n/a	n/a	n/a	n/a	n/a	n/a	n/a	n/a	688.271318	n/a
688.268833	0.000000	275308	ttl	2	n/a	n/a	n/a	n/a	n/a	n/a	n/a	n/a	n/a	n/a	n/a	n/a	n/a	n/a	n/a	n/a	n/a	n/a	n/a	n/a	688.271318	n/a
690.284426	0.000000	276114	ttl	5	n/a	n/a	n/a	n/a	n/a	n/a	n/a	n/a	n/a	n/a	n/a	n/a	n/a	n/a	n/a	n/a	n/a	n/a	n/a	n/a	690.286911	n/a
690.434363	0.000000	276174	stimulus_presentation	n/a	255	n/a	n/a	n/a	n/a	n/a	n/a	n/a	n/a	n/a	n/a	n/a	n/a	n/a	n/a	n/a	n/a	n/a	n/a	n/a	690.436848	n/a
690.434363	0.000000	276174	ttl	3	n/a	n/a	n/a	n/a	n/a	n/a	n/a	n/a	n/a	n/a	n/a	n/a	n/a	n/a	n/a	n/a	n/a	n/a	n/a	n/a	690.436848	n/a
692.450987	0.000000	276980	ttl	6	n/a	n/a	n/a	n/a	n/a	n/a	n/a	n/a	n/a	n/a	n/a	n/a	n/a	n/a	n/a	n/a	n/a	n/a	n/a	n/a	692.453472	n/a
695.183986	0.000000	278074	stimulus_presentation	n/a	255	n/a	n/a	n/a	n/a	n/a	n/a	n/a	n/a	n/a	n/a	n/a	n/a	n/a	n/a	n/a	n/a	n/a	n/a	n/a	695.186471	n/a
695.183986	0.000000	278074	ttl	7	n/a	n/a	n/a	n/a	n/a	n/a	n/a	n/a	n/a	n/a	n/a	n/a	n/a	n/a	n/a	n/a	n/a	n/a	n/a	n/a	695.186471	n/a
699.550985	0.000000	279820	ttl	8	n/a	n/a	n/a	n/a	n/a	n/a	n/a	n/a	n/a	n/a	n/a	n/a	n/a	n/a	n/a	n/a	n/a	n/a	n/a	n/a	699.553470	n/a
699.582109	8.015060	279833	sternberg_trial	n/a	n/a	126	0	0	210	1	0	1	700.651813	702.6685309999999	0.0	0.0	0.0	0.0	699.5845939999999	702.6685309999999	705.367342	707.599654	intervals/trials	71	699.584594	707.599654
699.582109	0.000000	279833	ttl	11	n/a	n/a	n/a	n/a	n/a	n/a	n/a	n/a	n/a	n/a	n/a	n/a	n/a	n/a	n/a	n/a	n/a	n/a	n/a	n/a	699.584594	n/a
700.649328	0.000000	280260	stimulus_presentation	n/a	26	n/a	n/a	n/a	n/a	n/a	n/a	n/a	n/a	n/a	n/a	n/a	n/a	n/a	n/a	n/a	n/a	n/a	n/a	n/a	700.651813	n/a
700.649328	0.000000	280260	ttl	1	n/a	n/a	n/a	n/a	n/a	n/a	n/a	n/a	n/a	n/a	n/a	n/a	n/a	n/a	n/a	n/a	n/a	n/a	n/a	n/a	700.651813	n/a
700.659328	0.000000	280264	stimulus_presentation	n/a	0	n/a	n/a	n/a	n/a	n/a	n/a	n/a	n/a	n/a	n/a	n/a	n/a	n/a	n/a	n/a	n/a	n/a	n/a	n/a	700.661813	n/a
700.669328	0.000000	280268	stimulus_presentation	n/a	0	n/a	n/a	n/a	n/a	n/a	n/a	n/a	n/a	n/a	n/a	n/a	n/a	n/a	n/a	n/a	n/a	n/a	n/a	n/a	700.671813	n/a
702.666046	0.000000	281066	ttl	6	n/a	n/a	n/a	n/a	n/a	n/a	n/a	n/a	n/a	n/a	n/a	n/a	n/a	n/a	n/a	n/a	n/a	n/a	n/a	n/a	702.668531	n/a
705.364857	0.000000	282146	stimulus_presentation	n/a	67	n/a	n/a	n/a	n/a	n/a	n/a	n/a	n/a	n/a	n/a	n/a	n/a	n/a	n/a	n/a	n/a	n/a	n/a	n/a	705.367342	n/a
705.364857	0.000000	282146	ttl	7	n/a	n/a	n/a	n/a	n/a	n/a	n/a	n/a	n/a	n/a	n/a	n/a	n/a	n/a	n/a	n/a	n/a	n/a	n/a	n/a	705.367342	n/a
707.597169	0.000000	283039	ttl	8	n/a	n/a	n/a	n/a	n/a	n/a	n/a	n/a	n/a	n/a	n/a	n/a	n/a	n/a	n/a	n/a	n/a	n/a	n/a	n/a	707.599654	n/a
707.630700	11.963589	283052	sternberg_trial	n/a	n/a	127	531	229	531	3	1	1	708.7169349999999	710.7336839999999	710.849871	712.866777	713.015589	715.032682	707.6331849999999	715.032682	717.7839309999999	719.596774	intervals/trials	72	707.633185	719.596774
707.630700	0.000000	283052	ttl	11	n/a	n/a	n/a	n/a	n/a	n/a	n/a	n/a	n/a	n/a	n/a	n/a	n/a	n/a	n/a	n/a	n/a	n/a	n/a	n/a	707.633185	n/a
708.714450	0.000000	283486	stimulus_presentation	n/a	27	n/a	n/a	n/a	n/a	n/a	n/a	n/a	n/a	n/a	n/a	n/a	n/a	n/a	n/a	n/a	n/a	n/a	n/a	n/a	708.716935	n/a
708.714450	0.000000	283486	ttl	1	n/a	n/a	n/a	n/a	n/a	n/a	n/a	n/a	n/a	n/a	n/a	n/a	n/a	n/a	n/a	n/a	n/a	n/a	n/a	n/a	708.716935	n/a
710.731199	0.000000	284292	ttl	5	n/a	n/a	n/a	n/a	n/a	n/a	n/a	n/a	n/a	n/a	n/a	n/a	n/a	n/a	n/a	n/a	n/a	n/a	n/a	n/a	710.733684	n/a
710.847386	0.000000	284339	stimulus_presentation	n/a	256	n/a	n/a	n/a	n/a	n/a	n/a	n/a	n/a	n/a	n/a	n/a	n/a	n/a	n/a	n/a	n/a	n/a	n/a	n/a	710.849871	n/a
710.847386	0.000000	284339	ttl	2	n/a	n/a	n/a	n/a	n/a	n/a	n/a	n/a	n/a	n/a	n/a	n/a	n/a	n/a	n/a	n/a	n/a	n/a	n/a	n/a	710.849871	n/a
712.864292	0.000000	285146	ttl	5	n/a	n/a	n/a	n/a	n/a	n/a	n/a	n/a	n/a	n/a	n/a	n/a	n/a	n/a	n/a	n/a	n/a	n/a	n/a	n/a	712.866777	n/a
713.013104	0.000000	285205	stimulus_presentation	n/a	86	n/a	n/a	n/a	n/a	n/a	n/a	n/a	n/a	n/a	n/a	n/a	n/a	n/a	n/a	n/a	n/a	n/a	n/a	n/a	713.015589	n/a
713.013104	0.000000	285205	ttl	3	n/a	n/a	n/a	n/a	n/a	n/a	n/a	n/a	n/a	n/a	n/a	n/a	n/a	n/a	n/a	n/a	n/a	n/a	n/a	n/a	713.015589	n/a
715.030197	0.000000	286012	ttl	6	n/a	n/a	n/a	n/a	n/a	n/a	n/a	n/a	n/a	n/a	n/a	n/a	n/a	n/a	n/a	n/a	n/a	n/a	n/a	n/a	715.032682	n/a
717.781446	0.000000	287113	stimulus_presentation	n/a	256	n/a	n/a	n/a	n/a	n/a	n/a	n/a	n/a	n/a	n/a	n/a	n/a	n/a	n/a	n/a	n/a	n/a	n/a	n/a	717.783931	n/a
717.781446	0.000000	287113	ttl	7	n/a	n/a	n/a	n/a	n/a	n/a	n/a	n/a	n/a	n/a	n/a	n/a	n/a	n/a	n/a	n/a	n/a	n/a	n/a	n/a	717.783931	n/a
719.594289	0.000000	287838	ttl	8	n/a	n/a	n/a	n/a	n/a	n/a	n/a	n/a	n/a	n/a	n/a	n/a	n/a	n/a	n/a	n/a	n/a	n/a	n/a	n/a	719.596774	n/a
719.628476	11.355183	287851	sternberg_trial	n/a	n/a	434	128	230	230	3	1	1	720.764992	722.7805539999999	722.964741	724.979834	725.046522	727.064083	719.630961	727.064083	729.813582	730.986144	intervals/trials	73	719.630961	730.986144
719.628476	0.000000	287851	ttl	11	n/a	n/a	n/a	n/a	n/a	n/a	n/a	n/a	n/a	n/a	n/a	n/a	n/a	n/a	n/a	n/a	n/a	n/a	n/a	n/a	719.630961	n/a
720.762507	0.000000	288305	stimulus_presentation	n/a	204	n/a	n/a	n/a	n/a	n/a	n/a	n/a	n/a	n/a	n/a	n/a	n/a	n/a	n/a	n/a	n/a	n/a	n/a	n/a	720.764992	n/a
720.762507	0.000000	288305	ttl	1	n/a	n/a	n/a	n/a	n/a	n/a	n/a	n/a	n/a	n/a	n/a	n/a	n/a	n/a	n/a	n/a	n/a	n/a	n/a	n/a	720.764992	n/a
722.778069	0.000000	289111	ttl	5	n/a	n/a	n/a	n/a	n/a	n/a	n/a	n/a	n/a	n/a	n/a	n/a	n/a	n/a	n/a	n/a	n/a	n/a	n/a	n/a	722.780554	n/a
722.962256	0.000000	289185	stimulus_presentation	n/a	28	n/a	n/a	n/a	n/a	n/a	n/a	n/a	n/a	n/a	n/a	n/a	n/a	n/a	n/a	n/a	n/a	n/a	n/a	n/a	722.964741	n/a
722.962256	0.000000	289185	ttl	2	n/a	n/a	n/a	n/a	n/a	n/a	n/a	n/a	n/a	n/a	n/a	n/a	n/a	n/a	n/a	n/a	n/a	n/a	n/a	n/a	722.964741	n/a
724.977349	0.000000	289991	ttl	5	n/a	n/a	n/a	n/a	n/a	n/a	n/a	n/a	n/a	n/a	n/a	n/a	n/a	n/a	n/a	n/a	n/a	n/a	n/a	n/a	724.979834	n/a
725.044037	0.000000	290018	stimulus_presentation	n/a	87	n/a	n/a	n/a	n/a	n/a	n/a	n/a	n/a	n/a	n/a	n/a	n/a	n/a	n/a	n/a	n/a	n/a	n/a	n/a	725.046522	n/a
725.044037	0.000000	290018	ttl	3	n/a	n/a	n/a	n/a	n/a	n/a	n/a	n/a	n/a	n/a	n/a	n/a	n/a	n/a	n/a	n/a	n/a	n/a	n/a	n/a	725.046522	n/a
727.061598	0.000000	290825	ttl	6	n/a	n/a	n/a	n/a	n/a	n/a	n/a	n/a	n/a	n/a	n/a	n/a	n/a	n/a	n/a	n/a	n/a	n/a	n/a	n/a	727.064083	n/a
729.811097	0.000000	291924	stimulus_presentation	n/a	87	n/a	n/a	n/a	n/a	n/a	n/a	n/a	n/a	n/a	n/a	n/a	n/a	n/a	n/a	n/a	n/a	n/a	n/a	n/a	729.813582	n/a
729.811097	0.000000	291924	ttl	7	n/a	n/a	n/a	n/a	n/a	n/a	n/a	n/a	n/a	n/a	n/a	n/a	n/a	n/a	n/a	n/a	n/a	n/a	n/a	n/a	729.813582	n/a
730.983659	0.000000	292393	ttl	8	n/a	n/a	n/a	n/a	n/a	n/a	n/a	n/a	n/a	n/a	n/a	n/a	n/a	n/a	n/a	n/a	n/a	n/a	n/a	n/a	730.986144	n/a
731.009534	11.203465	292404	sternberg_trial	n/a	n/a	532	326	129	129	3	1	1	732.079738	734.095424	734.178331	736.1953609999999	736.228017	738.2443599999999	731.012019	738.2443599999999	741.045453	742.215484	intervals/trials	74	731.012019	742.215484
731.009534	0.000000	292404	ttl	11	n/a	n/a	n/a	n/a	n/a	n/a	n/a	n/a	n/a	n/a	n/a	n/a	n/a	n/a	n/a	n/a	n/a	n/a	n/a	n/a	731.012019	n/a
732.077253	0.000000	292831	stimulus_presentation	n/a	257	n/a	n/a	n/a	n/a	n/a	n/a	n/a	n/a	n/a	n/a	n/a	n/a	n/a	n/a	n/a	n/a	n/a	n/a	n/a	732.079738	n/a
732.077253	0.000000	292831	ttl	1	n/a	n/a	n/a	n/a	n/a	n/a	n/a	n/a	n/a	n/a	n/a	n/a	n/a	n/a	n/a	n/a	n/a	n/a	n/a	n/a	732.079738	n/a
734.092939	0.000000	293637	ttl	5	n/a	n/a	n/a	n/a	n/a	n/a	n/a	n/a	n/a	n/a	n/a	n/a	n/a	n/a	n/a	n/a	n/a	n/a	n/a	n/a	734.095424	n/a
734.175846	0.000000	293670	stimulus_presentation	n/a	140	n/a	n/a	n/a	n/a	n/a	n/a	n/a	n/a	n/a	n/a	n/a	n/a	n/a	n/a	n/a	n/a	n/a	n/a	n/a	734.178331	n/a
734.175846	0.000000	293670	ttl	2	n/a	n/a	n/a	n/a	n/a	n/a	n/a	n/a	n/a	n/a	n/a	n/a	n/a	n/a	n/a	n/a	n/a	n/a	n/a	n/a	734.178331	n/a
736.192876	0.000000	294477	ttl	5	n/a	n/a	n/a	n/a	n/a	n/a	n/a	n/a	n/a	n/a	n/a	n/a	n/a	n/a	n/a	n/a	n/a	n/a	n/a	n/a	736.195361	n/a
736.225532	0.000000	294490	stimulus_presentation	n/a	29	n/a	n/a	n/a	n/a	n/a	n/a	n/a	n/a	n/a	n/a	n/a	n/a	n/a	n/a	n/a	n/a	n/a	n/a	n/a	736.228017	n/a
736.225532	0.000000	294490	ttl	3	n/a	n/a	n/a	n/a	n/a	n/a	n/a	n/a	n/a	n/a	n/a	n/a	n/a	n/a	n/a	n/a	n/a	n/a	n/a	n/a	736.228017	n/a
738.241875	0.000000	295297	ttl	6	n/a	n/a	n/a	n/a	n/a	n/a	n/a	n/a	n/a	n/a	n/a	n/a	n/a	n/a	n/a	n/a	n/a	n/a	n/a	n/a	738.244360	n/a
741.042968	0.000000	296417	stimulus_presentation	n/a	29	n/a	n/a	n/a	n/a	n/a	n/a	n/a	n/a	n/a	n/a	n/a	n/a	n/a	n/a	n/a	n/a	n/a	n/a	n/a	741.045453	n/a
741.042968	0.000000	296417	ttl	7	n/a	n/a	n/a	n/a	n/a	n/a	n/a	n/a	n/a	n/a	n/a	n/a	n/a	n/a	n/a	n/a	n/a	n/a	n/a	n/a	741.045453	n/a
742.212999	0.000000	296885	ttl	8	n/a	n/a	n/a	n/a	n/a	n/a	n/a	n/a	n/a	n/a	n/a	n/a	n/a	n/a	n/a	n/a	n/a	n/a	n/a	n/a	742.215484	n/a
742.240780	6.706716	296896	sternberg_trial	n/a	n/a	130	0	0	130	1	1	1	743.344202	745.360514	0.0	0.0	0.0	0.0	742.243265	745.360514	748.094388	748.949981	intervals/trials	75	742.243265	748.949981
742.240780	0.000000	296896	ttl	11	n/a	n/a	n/a	n/a	n/a	n/a	n/a	n/a	n/a	n/a	n/a	n/a	n/a	n/a	n/a	n/a	n/a	n/a	n/a	n/a	742.243265	n/a
743.341717	0.000000	297337	stimulus_presentation	n/a	30	n/a	n/a	n/a	n/a	n/a	n/a	n/a	n/a	n/a	n/a	n/a	n/a	n/a	n/a	n/a	n/a	n/a	n/a	n/a	743.344202	n/a
743.341717	0.000000	297337	ttl	1	n/a	n/a	n/a	n/a	n/a	n/a	n/a	n/a	n/a	n/a	n/a	n/a	n/a	n/a	n/a	n/a	n/a	n/a	n/a	n/a	743.344202	n/a
743.351717	0.000000	297341	stimulus_presentation	n/a	0	n/a	n/a	n/a	n/a	n/a	n/a	n/a	n/a	n/a	n/a	n/a	n/a	n/a	n/a	n/a	n/a	n/a	n/a	n/a	743.354202	n/a
743.361717	0.000000	297345	stimulus_presentation	n/a	0	n/a	n/a	n/a	n/a	n/a	n/a	n/a	n/a	n/a	n/a	n/a	n/a	n/a	n/a	n/a	n/a	n/a	n/a	n/a	743.364202	n/a
745.358029	0.000000	298143	ttl	6	n/a	n/a	n/a	n/a	n/a	n/a	n/a	n/a	n/a	n/a	n/a	n/a	n/a	n/a	n/a	n/a	n/a	n/a	n/a	n/a	745.360514	n/a
748.091903	0.000000	299237	stimulus_presentation	n/a	30	n/a	n/a	n/a	n/a	n/a	n/a	n/a	n/a	n/a	n/a	n/a	n/a	n/a	n/a	n/a	n/a	n/a	n/a	n/a	748.094388	n/a
748.091903	0.000000	299237	ttl	7	n/a	n/a	n/a	n/a	n/a	n/a	n/a	n/a	n/a	n/a	n/a	n/a	n/a	n/a	n/a	n/a	n/a	n/a	n/a	n/a	748.094388	n/a
748.947496	0.000000	299579	ttl	8	n/a	n/a	n/a	n/a	n/a	n/a	n/a	n/a	n/a	n/a	n/a	n/a	n/a	n/a	n/a	n/a	n/a	n/a	n/a	n/a	748.949981	n/a
748.972808	11.252090	299589	sternberg_trial	n/a	n/a	327	231	131	131	3	1	1	750.1426369999999	752.158323	752.207948	754.2245409999999	754.258729	756.274228	748.975293	756.274228	758.8413519999999	760.2273829999999	intervals/trials	76	748.975293	760.227383
748.972808	0.000000	299589	ttl	11	n/a	n/a	n/a	n/a	n/a	n/a	n/a	n/a	n/a	n/a	n/a	n/a	n/a	n/a	n/a	n/a	n/a	n/a	n/a	n/a	748.975293	n/a
750.140152	0.000000	300056	stimulus_presentation	n/a	141	n/a	n/a	n/a	n/a	n/a	n/a	n/a	n/a	n/a	n/a	n/a	n/a	n/a	n/a	n/a	n/a	n/a	n/a	n/a	750.142637	n/a
750.140152	0.000000	300056	ttl	1	n/a	n/a	n/a	n/a	n/a	n/a	n/a	n/a	n/a	n/a	n/a	n/a	n/a	n/a	n/a	n/a	n/a	n/a	n/a	n/a	750.142637	n/a
752.155838	0.000000	300862	ttl	5	n/a	n/a	n/a	n/a	n/a	n/a	n/a	n/a	n/a	n/a	n/a	n/a	n/a	n/a	n/a	n/a	n/a	n/a	n/a	n/a	752.158323	n/a
752.205463	0.000000	300882	stimulus_presentation	n/a	88	n/a	n/a	n/a	n/a	n/a	n/a	n/a	n/a	n/a	n/a	n/a	n/a	n/a	n/a	n/a	n/a	n/a	n/a	n/a	752.207948	n/a
752.205463	0.000000	300882	ttl	2	n/a	n/a	n/a	n/a	n/a	n/a	n/a	n/a	n/a	n/a	n/a	n/a	n/a	n/a	n/a	n/a	n/a	n/a	n/a	n/a	752.207948	n/a
754.222056	0.000000	301689	ttl	5	n/a	n/a	n/a	n/a	n/a	n/a	n/a	n/a	n/a	n/a	n/a	n/a	n/a	n/a	n/a	n/a	n/a	n/a	n/a	n/a	754.224541	n/a
754.256244	0.000000	301702	stimulus_presentation	n/a	31	n/a	n/a	n/a	n/a	n/a	n/a	n/a	n/a	n/a	n/a	n/a	n/a	n/a	n/a	n/a	n/a	n/a	n/a	n/a	754.258729	n/a
754.256244	0.000000	301702	ttl	3	n/a	n/a	n/a	n/a	n/a	n/a	n/a	n/a	n/a	n/a	n/a	n/a	n/a	n/a	n/a	n/a	n/a	n/a	n/a	n/a	754.258729	n/a
756.271743	0.000000	302509	ttl	6	n/a	n/a	n/a	n/a	n/a	n/a	n/a	n/a	n/a	n/a	n/a	n/a	n/a	n/a	n/a	n/a	n/a	n/a	n/a	n/a	756.274228	n/a
758.838867	0.000000	303536	stimulus_presentation	n/a	31	n/a	n/a	n/a	n/a	n/a	n/a	n/a	n/a	n/a	n/a	n/a	n/a	n/a	n/a	n/a	n/a	n/a	n/a	n/a	758.841352	n/a
758.838867	0.000000	303536	ttl	7	n/a	n/a	n/a	n/a	n/a	n/a	n/a	n/a	n/a	n/a	n/a	n/a	n/a	n/a	n/a	n/a	n/a	n/a	n/a	n/a	758.841352	n/a
760.224898	0.000000	304090	ttl	8	n/a	n/a	n/a	n/a	n/a	n/a	n/a	n/a	n/a	n/a	n/a	n/a	n/a	n/a	n/a	n/a	n/a	n/a	n/a	n/a	760.227383	n/a
760.253929	6.817372	304102	sternberg_trial	n/a	n/a	533	0	0	533	1	1	1	761.3064449999999	763.322913	0.0	0.0	0.0	0.0	760.256414	763.322913	766.10838	767.0737859999999	intervals/trials	77	760.256414	767.073786
760.253929	0.000000	304102	ttl	11	n/a	n/a	n/a	n/a	n/a	n/a	n/a	n/a	n/a	n/a	n/a	n/a	n/a	n/a	n/a	n/a	n/a	n/a	n/a	n/a	760.256414	n/a
761.303960	0.000000	304522	stimulus_presentation	n/a	258	n/a	n/a	n/a	n/a	n/a	n/a	n/a	n/a	n/a	n/a	n/a	n/a	n/a	n/a	n/a	n/a	n/a	n/a	n/a	761.306445	n/a
761.303960	0.000000	304522	ttl	1	n/a	n/a	n/a	n/a	n/a	n/a	n/a	n/a	n/a	n/a	n/a	n/a	n/a	n/a	n/a	n/a	n/a	n/a	n/a	n/a	761.306445	n/a
761.313960	0.000000	304526	stimulus_presentation	n/a	0	n/a	n/a	n/a	n/a	n/a	n/a	n/a	n/a	n/a	n/a	n/a	n/a	n/a	n/a	n/a	n/a	n/a	n/a	n/a	761.316445	n/a
761.323960	0.000000	304530	stimulus_presentation	n/a	0	n/a	n/a	n/a	n/a	n/a	n/a	n/a	n/a	n/a	n/a	n/a	n/a	n/a	n/a	n/a	n/a	n/a	n/a	n/a	761.326445	n/a
763.320428	0.000000	305328	ttl	6	n/a	n/a	n/a	n/a	n/a	n/a	n/a	n/a	n/a	n/a	n/a	n/a	n/a	n/a	n/a	n/a	n/a	n/a	n/a	n/a	763.322913	n/a
766.105895	0.000000	306442	stimulus_presentation	n/a	258	n/a	n/a	n/a	n/a	n/a	n/a	n/a	n/a	n/a	n/a	n/a	n/a	n/a	n/a	n/a	n/a	n/a	n/a	n/a	766.108380	n/a
766.105895	0.000000	306442	ttl	7	n/a	n/a	n/a	n/a	n/a	n/a	n/a	n/a	n/a	n/a	n/a	n/a	n/a	n/a	n/a	n/a	n/a	n/a	n/a	n/a	766.108380	n/a
767.071301	0.000000	306829	ttl	8	n/a	n/a	n/a	n/a	n/a	n/a	n/a	n/a	n/a	n/a	n/a	n/a	n/a	n/a	n/a	n/a	n/a	n/a	n/a	n/a	767.073786	n/a
767.102582	11.406058	306841	sternberg_trial	n/a	n/a	232	328	534	123	3	0	1	768.322004	770.3390969999999	770.389097	772.4053779999999	772.455284	774.470658	767.105067	774.470658	777.1713129999999	778.511125	intervals/trials	78	767.105067	778.511125
767.102582	0.000000	306841	ttl	11	n/a	n/a	n/a	n/a	n/a	n/a	n/a	n/a	n/a	n/a	n/a	n/a	n/a	n/a	n/a	n/a	n/a	n/a	n/a	n/a	767.105067	n/a
768.319519	0.000000	307328	stimulus_presentation	n/a	89	n/a	n/a	n/a	n/a	n/a	n/a	n/a	n/a	n/a	n/a	n/a	n/a	n/a	n/a	n/a	n/a	n/a	n/a	n/a	768.322004	n/a
768.319519	0.000000	307328	ttl	1	n/a	n/a	n/a	n/a	n/a	n/a	n/a	n/a	n/a	n/a	n/a	n/a	n/a	n/a	n/a	n/a	n/a	n/a	n/a	n/a	768.322004	n/a
770.336612	0.000000	308135	ttl	5	n/a	n/a	n/a	n/a	n/a	n/a	n/a	n/a	n/a	n/a	n/a	n/a	n/a	n/a	n/a	n/a	n/a	n/a	n/a	n/a	770.339097	n/a
770.386612	0.000000	308155	stimulus_presentation	n/a	142	n/a	n/a	n/a	n/a	n/a	n/a	n/a	n/a	n/a	n/a	n/a	n/a	n/a	n/a	n/a	n/a	n/a	n/a	n/a	770.389097	n/a
770.386612	0.000000	308155	ttl	2	n/a	n/a	n/a	n/a	n/a	n/a	n/a	n/a	n/a	n/a	n/a	n/a	n/a	n/a	n/a	n/a	n/a	n/a	n/a	n/a	770.389097	n/a
772.402893	0.000000	308961	ttl	5	n/a	n/a	n/a	n/a	n/a	n/a	n/a	n/a	n/a	n/a	n/a	n/a	n/a	n/a	n/a	n/a	n/a	n/a	n/a	n/a	772.405378	n/a
772.452799	0.000000	308981	stimulus_presentation	n/a	259	n/a	n/a	n/a	n/a	n/a	n/a	n/a	n/a	n/a	n/a	n/a	n/a	n/a	n/a	n/a	n/a	n/a	n/a	n/a	772.455284	n/a
772.452799	0.000000	308981	ttl	3	n/a	n/a	n/a	n/a	n/a	n/a	n/a	n/a	n/a	n/a	n/a	n/a	n/a	n/a	n/a	n/a	n/a	n/a	n/a	n/a	772.455284	n/a
774.468173	0.000000	309787	ttl	6	n/a	n/a	n/a	n/a	n/a	n/a	n/a	n/a	n/a	n/a	n/a	n/a	n/a	n/a	n/a	n/a	n/a	n/a	n/a	n/a	774.470658	n/a
777.168828	0.000000	310868	stimulus_presentation	n/a	23	n/a	n/a	n/a	n/a	n/a	n/a	n/a	n/a	n/a	n/a	n/a	n/a	n/a	n/a	n/a	n/a	n/a	n/a	n/a	777.171313	n/a
777.168828	0.000000	310868	ttl	7	n/a	n/a	n/a	n/a	n/a	n/a	n/a	n/a	n/a	n/a	n/a	n/a	n/a	n/a	n/a	n/a	n/a	n/a	n/a	n/a	777.171313	n/a
778.508640	0.000000	311403	ttl	8	n/a	n/a	n/a	n/a	n/a	n/a	n/a	n/a	n/a	n/a	n/a	n/a	n/a	n/a	n/a	n/a	n/a	n/a	n/a	n/a	778.511125	n/a
778.533734	11.572152	311413	sternberg_trial	n/a	n/a	435	233	132	435	3	1	1	779.6862189999999	781.702718	781.8202799999999	783.8364359999999	783.936342	785.95156	778.536219	785.95156	788.703621	790.1083709999999	intervals/trials	79	778.536219	790.108371
778.533734	0.000000	311413	ttl	11	n/a	n/a	n/a	n/a	n/a	n/a	n/a	n/a	n/a	n/a	n/a	n/a	n/a	n/a	n/a	n/a	n/a	n/a	n/a	n/a	778.536219	n/a
779.683734	0.000000	311873	stimulus_presentation	n/a	205	n/a	n/a	n/a	n/a	n/a	n/a	n/a	n/a	n/a	n/a	n/a	n/a	n/a	n/a	n/a	n/a	n/a	n/a	n/a	779.686219	n/a
779.683734	0.000000	311873	ttl	1	n/a	n/a	n/a	n/a	n/a	n/a	n/a	n/a	n/a	n/a	n/a	n/a	n/a	n/a	n/a	n/a	n/a	n/a	n/a	n/a	779.686219	n/a
781.700233	0.000000	312680	ttl	5	n/a	n/a	n/a	n/a	n/a	n/a	n/a	n/a	n/a	n/a	n/a	n/a	n/a	n/a	n/a	n/a	n/a	n/a	n/a	n/a	781.702718	n/a
781.817795	0.000000	312727	stimulus_presentation	n/a	90	n/a	n/a	n/a	n/a	n/a	n/a	n/a	n/a	n/a	n/a	n/a	n/a	n/a	n/a	n/a	n/a	n/a	n/a	n/a	781.820280	n/a
781.817795	0.000000	312727	ttl	2	n/a	n/a	n/a	n/a	n/a	n/a	n/a	n/a	n/a	n/a	n/a	n/a	n/a	n/a	n/a	n/a	n/a	n/a	n/a	n/a	781.820280	n/a
783.833951	0.000000	313534	ttl	5	n/a	n/a	n/a	n/a	n/a	n/a	n/a	n/a	n/a	n/a	n/a	n/a	n/a	n/a	n/a	n/a	n/a	n/a	n/a	n/a	783.836436	n/a
783.933857	0.000000	313574	stimulus_presentation	n/a	32	n/a	n/a	n/a	n/a	n/a	n/a	n/a	n/a	n/a	n/a	n/a	n/a	n/a	n/a	n/a	n/a	n/a	n/a	n/a	783.936342	n/a
783.933857	0.000000	313574	ttl	3	n/a	n/a	n/a	n/a	n/a	n/a	n/a	n/a	n/a	n/a	n/a	n/a	n/a	n/a	n/a	n/a	n/a	n/a	n/a	n/a	783.936342	n/a
785.949075	0.000000	314380	ttl	6	n/a	n/a	n/a	n/a	n/a	n/a	n/a	n/a	n/a	n/a	n/a	n/a	n/a	n/a	n/a	n/a	n/a	n/a	n/a	n/a	785.951560	n/a
788.701136	0.000000	315480	stimulus_presentation	n/a	205	n/a	n/a	n/a	n/a	n/a	n/a	n/a	n/a	n/a	n/a	n/a	n/a	n/a	n/a	n/a	n/a	n/a	n/a	n/a	788.703621	n/a
788.701136	0.000000	315480	ttl	7	n/a	n/a	n/a	n/a	n/a	n/a	n/a	n/a	n/a	n/a	n/a	n/a	n/a	n/a	n/a	n/a	n/a	n/a	n/a	n/a	788.703621	n/a
790.105886	0.000000	316042	ttl	8	n/a	n/a	n/a	n/a	n/a	n/a	n/a	n/a	n/a	n/a	n/a	n/a	n/a	n/a	n/a	n/a	n/a	n/a	n/a	n/a	790.108371	n/a
790.131636	10.771808	316053	sternberg_trial	n/a	n/a	133	329	234	234	3	1	1	791.134245	793.151307	793.283682	795.3000559999999	795.366619	797.383211	790.1341209999999	797.383211	799.98271	800.905929	intervals/trials	80	790.134121	800.905929
790.131636	0.000000	316053	ttl	11	n/a	n/a	n/a	n/a	n/a	n/a	n/a	n/a	n/a	n/a	n/a	n/a	n/a	n/a	n/a	n/a	n/a	n/a	n/a	n/a	790.134121	n/a
791.131760	0.000000	316453	stimulus_presentation	n/a	33	n/a	n/a	n/a	n/a	n/a	n/a	n/a	n/a	n/a	n/a	n/a	n/a	n/a	n/a	n/a	n/a	n/a	n/a	n/a	791.134245	n/a
791.131760	0.000000	316453	ttl	1	n/a	n/a	n/a	n/a	n/a	n/a	n/a	n/a	n/a	n/a	n/a	n/a	n/a	n/a	n/a	n/a	n/a	n/a	n/a	n/a	791.134245	n/a
793.148822	0.000000	317260	ttl	5	n/a	n/a	n/a	n/a	n/a	n/a	n/a	n/a	n/a	n/a	n/a	n/a	n/a	n/a	n/a	n/a	n/a	n/a	n/a	n/a	793.151307	n/a
793.281197	0.000000	317312	stimulus_presentation	n/a	143	n/a	n/a	n/a	n/a	n/a	n/a	n/a	n/a	n/a	n/a	n/a	n/a	n/a	n/a	n/a	n/a	n/a	n/a	n/a	793.283682	n/a
793.281197	0.000000	317312	ttl	2	n/a	n/a	n/a	n/a	n/a	n/a	n/a	n/a	n/a	n/a	n/a	n/a	n/a	n/a	n/a	n/a	n/a	n/a	n/a	n/a	793.283682	n/a
795.297571	0.000000	318119	ttl	5	n/a	n/a	n/a	n/a	n/a	n/a	n/a	n/a	n/a	n/a	n/a	n/a	n/a	n/a	n/a	n/a	n/a	n/a	n/a	n/a	795.300056	n/a
795.364134	0.000000	318146	stimulus_presentation	n/a	91	n/a	n/a	n/a	n/a	n/a	n/a	n/a	n/a	n/a	n/a	n/a	n/a	n/a	n/a	n/a	n/a	n/a	n/a	n/a	795.366619	n/a
795.364134	0.000000	318146	ttl	3	n/a	n/a	n/a	n/a	n/a	n/a	n/a	n/a	n/a	n/a	n/a	n/a	n/a	n/a	n/a	n/a	n/a	n/a	n/a	n/a	795.366619	n/a
797.380726	0.000000	318952	ttl	6	n/a	n/a	n/a	n/a	n/a	n/a	n/a	n/a	n/a	n/a	n/a	n/a	n/a	n/a	n/a	n/a	n/a	n/a	n/a	n/a	797.383211	n/a
799.980225	0.000000	319992	stimulus_presentation	n/a	91	n/a	n/a	n/a	n/a	n/a	n/a	n/a	n/a	n/a	n/a	n/a	n/a	n/a	n/a	n/a	n/a	n/a	n/a	n/a	799.982710	n/a
799.980225	0.000000	319992	ttl	7	n/a	n/a	n/a	n/a	n/a	n/a	n/a	n/a	n/a	n/a	n/a	n/a	n/a	n/a	n/a	n/a	n/a	n/a	n/a	n/a	799.982710	n/a
800.903444	0.000000	320361	ttl	8	n/a	n/a	n/a	n/a	n/a	n/a	n/a	n/a	n/a	n/a	n/a	n/a	n/a	n/a	n/a	n/a	n/a	n/a	n/a	n/a	800.905929	n/a
800.929631	12.642870	320372	sternberg_trial	n/a	n/a	535	134	235	535	3	1	1	802.04971	804.066115	804.1491149999999	806.165708	806.332364	808.347551	800.932116	808.347551	811.0483929999999	813.574986	intervals/trials	81	800.932116	813.574986
800.929631	0.000000	320372	ttl	11	n/a	n/a	n/a	n/a	n/a	n/a	n/a	n/a	n/a	n/a	n/a	n/a	n/a	n/a	n/a	n/a	n/a	n/a	n/a	n/a	800.932116	n/a
802.047225	0.000000	320819	stimulus_presentation	n/a	260	n/a	n/a	n/a	n/a	n/a	n/a	n/a	n/a	n/a	n/a	n/a	n/a	n/a	n/a	n/a	n/a	n/a	n/a	n/a	802.049710	n/a
802.047225	0.000000	320819	ttl	1	n/a	n/a	n/a	n/a	n/a	n/a	n/a	n/a	n/a	n/a	n/a	n/a	n/a	n/a	n/a	n/a	n/a	n/a	n/a	n/a	802.049710	n/a
804.063630	0.000000	321625	ttl	5	n/a	n/a	n/a	n/a	n/a	n/a	n/a	n/a	n/a	n/a	n/a	n/a	n/a	n/a	n/a	n/a	n/a	n/a	n/a	n/a	804.066115	n/a
804.146630	0.000000	321659	stimulus_presentation	n/a	34	n/a	n/a	n/a	n/a	n/a	n/a	n/a	n/a	n/a	n/a	n/a	n/a	n/a	n/a	n/a	n/a	n/a	n/a	n/a	804.149115	n/a
804.146630	0.000000	321659	ttl	2	n/a	n/a	n/a	n/a	n/a	n/a	n/a	n/a	n/a	n/a	n/a	n/a	n/a	n/a	n/a	n/a	n/a	n/a	n/a	n/a	804.149115	n/a
806.163223	0.000000	322465	ttl	5	n/a	n/a	n/a	n/a	n/a	n/a	n/a	n/a	n/a	n/a	n/a	n/a	n/a	n/a	n/a	n/a	n/a	n/a	n/a	n/a	806.165708	n/a
806.329879	0.000000	322532	stimulus_presentation	n/a	92	n/a	n/a	n/a	n/a	n/a	n/a	n/a	n/a	n/a	n/a	n/a	n/a	n/a	n/a	n/a	n/a	n/a	n/a	n/a	806.332364	n/a
806.329879	0.000000	322532	ttl	3	n/a	n/a	n/a	n/a	n/a	n/a	n/a	n/a	n/a	n/a	n/a	n/a	n/a	n/a	n/a	n/a	n/a	n/a	n/a	n/a	806.332364	n/a
808.345066	0.000000	323338	ttl	6	n/a	n/a	n/a	n/a	n/a	n/a	n/a	n/a	n/a	n/a	n/a	n/a	n/a	n/a	n/a	n/a	n/a	n/a	n/a	n/a	808.347551	n/a
811.045908	0.000000	324418	stimulus_presentation	n/a	260	n/a	n/a	n/a	n/a	n/a	n/a	n/a	n/a	n/a	n/a	n/a	n/a	n/a	n/a	n/a	n/a	n/a	n/a	n/a	811.048393	n/a
811.045908	0.000000	324418	ttl	7	n/a	n/a	n/a	n/a	n/a	n/a	n/a	n/a	n/a	n/a	n/a	n/a	n/a	n/a	n/a	n/a	n/a	n/a	n/a	n/a	811.048393	n/a
813.572501	0.000000	325429	ttl	8	n/a	n/a	n/a	n/a	n/a	n/a	n/a	n/a	n/a	n/a	n/a	n/a	n/a	n/a	n/a	n/a	n/a	n/a	n/a	n/a	813.574986	n/a
813.593845	11.543964	325438	sternberg_trial	n/a	n/a	330	236	536	121	3	0	1	814.579923	816.595798	816.680391	818.696109	818.796578	820.8127959999999	813.59633	820.8127959999999	823.44742	825.1402939999999	intervals/trials	82	813.596330	825.140294
813.593845	0.000000	325438	ttl	11	n/a	n/a	n/a	n/a	n/a	n/a	n/a	n/a	n/a	n/a	n/a	n/a	n/a	n/a	n/a	n/a	n/a	n/a	n/a	n/a	813.596330	n/a
814.577438	0.000000	325831	stimulus_presentation	n/a	144	n/a	n/a	n/a	n/a	n/a	n/a	n/a	n/a	n/a	n/a	n/a	n/a	n/a	n/a	n/a	n/a	n/a	n/a	n/a	814.579923	n/a
814.577438	0.000000	325831	ttl	1	n/a	n/a	n/a	n/a	n/a	n/a	n/a	n/a	n/a	n/a	n/a	n/a	n/a	n/a	n/a	n/a	n/a	n/a	n/a	n/a	814.579923	n/a
816.593313	0.000000	326637	ttl	5	n/a	n/a	n/a	n/a	n/a	n/a	n/a	n/a	n/a	n/a	n/a	n/a	n/a	n/a	n/a	n/a	n/a	n/a	n/a	n/a	816.595798	n/a
816.677906	0.000000	326671	stimulus_presentation	n/a	93	n/a	n/a	n/a	n/a	n/a	n/a	n/a	n/a	n/a	n/a	n/a	n/a	n/a	n/a	n/a	n/a	n/a	n/a	n/a	816.680391	n/a
816.677906	0.000000	326671	ttl	2	n/a	n/a	n/a	n/a	n/a	n/a	n/a	n/a	n/a	n/a	n/a	n/a	n/a	n/a	n/a	n/a	n/a	n/a	n/a	n/a	816.680391	n/a
818.693624	0.000000	327477	ttl	5	n/a	n/a	n/a	n/a	n/a	n/a	n/a	n/a	n/a	n/a	n/a	n/a	n/a	n/a	n/a	n/a	n/a	n/a	n/a	n/a	818.696109	n/a
818.794093	0.000000	327518	stimulus_presentation	n/a	261	n/a	n/a	n/a	n/a	n/a	n/a	n/a	n/a	n/a	n/a	n/a	n/a	n/a	n/a	n/a	n/a	n/a	n/a	n/a	818.796578	n/a
818.794093	0.000000	327518	ttl	3	n/a	n/a	n/a	n/a	n/a	n/a	n/a	n/a	n/a	n/a	n/a	n/a	n/a	n/a	n/a	n/a	n/a	n/a	n/a	n/a	818.796578	n/a
820.810311	0.000000	328324	ttl	6	n/a	n/a	n/a	n/a	n/a	n/a	n/a	n/a	n/a	n/a	n/a	n/a	n/a	n/a	n/a	n/a	n/a	n/a	n/a	n/a	820.812796	n/a
823.444935	0.000000	329378	stimulus_presentation	n/a	21	n/a	n/a	n/a	n/a	n/a	n/a	n/a	n/a	n/a	n/a	n/a	n/a	n/a	n/a	n/a	n/a	n/a	n/a	n/a	823.447420	n/a
823.444935	0.000000	329378	ttl	7	n/a	n/a	n/a	n/a	n/a	n/a	n/a	n/a	n/a	n/a	n/a	n/a	n/a	n/a	n/a	n/a	n/a	n/a	n/a	n/a	823.447420	n/a
825.137809	0.000000	330055	ttl	8	n/a	n/a	n/a	n/a	n/a	n/a	n/a	n/a	n/a	n/a	n/a	n/a	n/a	n/a	n/a	n/a	n/a	n/a	n/a	n/a	825.140294	n/a
825.158340	7.241716	330063	sternberg_trial	n/a	n/a	331	0	0	410	1	0	1	826.2939809999999	828.311012	0.0	0.0	0.0	0.0	825.1608249999999	828.311012	831.012667	832.4025409999999	intervals/trials	83	825.160825	832.402541
825.158340	0.000000	330063	ttl	11	n/a	n/a	n/a	n/a	n/a	n/a	n/a	n/a	n/a	n/a	n/a	n/a	n/a	n/a	n/a	n/a	n/a	n/a	n/a	n/a	825.160825	n/a
826.291496	0.000000	330517	stimulus_presentation	n/a	145	n/a	n/a	n/a	n/a	n/a	n/a	n/a	n/a	n/a	n/a	n/a	n/a	n/a	n/a	n/a	n/a	n/a	n/a	n/a	826.293981	n/a
826.291496	0.000000	330517	ttl	1	n/a	n/a	n/a	n/a	n/a	n/a	n/a	n/a	n/a	n/a	n/a	n/a	n/a	n/a	n/a	n/a	n/a	n/a	n/a	n/a	826.293981	n/a
826.301496	0.000000	330521	stimulus_presentation	n/a	0	n/a	n/a	n/a	n/a	n/a	n/a	n/a	n/a	n/a	n/a	n/a	n/a	n/a	n/a	n/a	n/a	n/a	n/a	n/a	826.303981	n/a
826.311496	0.000000	330525	stimulus_presentation	n/a	0	n/a	n/a	n/a	n/a	n/a	n/a	n/a	n/a	n/a	n/a	n/a	n/a	n/a	n/a	n/a	n/a	n/a	n/a	n/a	826.313981	n/a
828.308527	0.000000	331323	ttl	6	n/a	n/a	n/a	n/a	n/a	n/a	n/a	n/a	n/a	n/a	n/a	n/a	n/a	n/a	n/a	n/a	n/a	n/a	n/a	n/a	828.311012	n/a
831.010182	0.000000	332404	stimulus_presentation	n/a	180	n/a	n/a	n/a	n/a	n/a	n/a	n/a	n/a	n/a	n/a	n/a	n/a	n/a	n/a	n/a	n/a	n/a	n/a	n/a	831.012667	n/a
831.010182	0.000000	332404	ttl	7	n/a	n/a	n/a	n/a	n/a	n/a	n/a	n/a	n/a	n/a	n/a	n/a	n/a	n/a	n/a	n/a	n/a	n/a	n/a	n/a	831.012667	n/a
832.400056	0.000000	332960	ttl	8	n/a	n/a	n/a	n/a	n/a	n/a	n/a	n/a	n/a	n/a	n/a	n/a	n/a	n/a	n/a	n/a	n/a	n/a	n/a	n/a	832.402541	n/a
832.423337	7.239060	332969	sternberg_trial	n/a	n/a	537	0	0	128	1	0	1	833.594291	835.610009	0.0	0.0	0.0	0.0	832.4258219999999	835.610009	838.260914	839.6648819999999	intervals/trials	84	832.425822	839.664882
832.423337	0.000000	332969	ttl	11	n/a	n/a	n/a	n/a	n/a	n/a	n/a	n/a	n/a	n/a	n/a	n/a	n/a	n/a	n/a	n/a	n/a	n/a	n/a	n/a	832.425822	n/a
833.591806	0.000000	333437	stimulus_presentation	n/a	262	n/a	n/a	n/a	n/a	n/a	n/a	n/a	n/a	n/a	n/a	n/a	n/a	n/a	n/a	n/a	n/a	n/a	n/a	n/a	833.594291	n/a
833.591806	0.000000	333437	ttl	1	n/a	n/a	n/a	n/a	n/a	n/a	n/a	n/a	n/a	n/a	n/a	n/a	n/a	n/a	n/a	n/a	n/a	n/a	n/a	n/a	833.594291	n/a
833.601806	0.000000	333441	stimulus_presentation	n/a	0	n/a	n/a	n/a	n/a	n/a	n/a	n/a	n/a	n/a	n/a	n/a	n/a	n/a	n/a	n/a	n/a	n/a	n/a	n/a	833.604291	n/a
833.611806	0.000000	333445	stimulus_presentation	n/a	0	n/a	n/a	n/a	n/a	n/a	n/a	n/a	n/a	n/a	n/a	n/a	n/a	n/a	n/a	n/a	n/a	n/a	n/a	n/a	833.614291	n/a
835.607524	0.000000	334243	ttl	6	n/a	n/a	n/a	n/a	n/a	n/a	n/a	n/a	n/a	n/a	n/a	n/a	n/a	n/a	n/a	n/a	n/a	n/a	n/a	n/a	835.610009	n/a
838.258429	0.000000	335303	stimulus_presentation	n/a	28	n/a	n/a	n/a	n/a	n/a	n/a	n/a	n/a	n/a	n/a	n/a	n/a	n/a	n/a	n/a	n/a	n/a	n/a	n/a	838.260914	n/a
838.258429	0.000000	335303	ttl	7	n/a	n/a	n/a	n/a	n/a	n/a	n/a	n/a	n/a	n/a	n/a	n/a	n/a	n/a	n/a	n/a	n/a	n/a	n/a	n/a	838.260914	n/a
839.662397	0.000000	335865	ttl	8	n/a	n/a	n/a	n/a	n/a	n/a	n/a	n/a	n/a	n/a	n/a	n/a	n/a	n/a	n/a	n/a	n/a	n/a	n/a	n/a	839.664882	n/a
839.689022	6.883747	335876	sternberg_trial	n/a	n/a	135	0	0	314	1	0	1	840.7749749999999	842.792568	0.0	0.0	0.0	0.0	839.691507	842.792568	845.5247549999999	846.575254	intervals/trials	85	839.691507	846.575254
839.689022	0.000000	335876	ttl	11	n/a	n/a	n/a	n/a	n/a	n/a	n/a	n/a	n/a	n/a	n/a	n/a	n/a	n/a	n/a	n/a	n/a	n/a	n/a	n/a	839.691507	n/a
840.772490	0.000000	336309	stimulus_presentation	n/a	35	n/a	n/a	n/a	n/a	n/a	n/a	n/a	n/a	n/a	n/a	n/a	n/a	n/a	n/a	n/a	n/a	n/a	n/a	n/a	840.774975	n/a
840.772490	0.000000	336309	ttl	1	n/a	n/a	n/a	n/a	n/a	n/a	n/a	n/a	n/a	n/a	n/a	n/a	n/a	n/a	n/a	n/a	n/a	n/a	n/a	n/a	840.774975	n/a
840.782490	0.000000	336313	stimulus_presentation	n/a	0	n/a	n/a	n/a	n/a	n/a	n/a	n/a	n/a	n/a	n/a	n/a	n/a	n/a	n/a	n/a	n/a	n/a	n/a	n/a	840.784975	n/a
840.792490	0.000000	336317	stimulus_presentation	n/a	0	n/a	n/a	n/a	n/a	n/a	n/a	n/a	n/a	n/a	n/a	n/a	n/a	n/a	n/a	n/a	n/a	n/a	n/a	n/a	840.794975	n/a
842.790083	0.000000	337116	ttl	6	n/a	n/a	n/a	n/a	n/a	n/a	n/a	n/a	n/a	n/a	n/a	n/a	n/a	n/a	n/a	n/a	n/a	n/a	n/a	n/a	842.792568	n/a
845.522270	0.000000	338209	stimulus_presentation	n/a	128	n/a	n/a	n/a	n/a	n/a	n/a	n/a	n/a	n/a	n/a	n/a	n/a	n/a	n/a	n/a	n/a	n/a	n/a	n/a	845.524755	n/a
845.522270	0.000000	338209	ttl	7	n/a	n/a	n/a	n/a	n/a	n/a	n/a	n/a	n/a	n/a	n/a	n/a	n/a	n/a	n/a	n/a	n/a	n/a	n/a	n/a	845.524755	n/a
846.572769	0.000000	338629	ttl	8	n/a	n/a	n/a	n/a	n/a	n/a	n/a	n/a	n/a	n/a	n/a	n/a	n/a	n/a	n/a	n/a	n/a	n/a	n/a	n/a	846.575254	n/a
846.620925	6.942248	338648	sternberg_trial	n/a	n/a	436	0	0	135	1	0	1	847.673285	849.690159	0.0	0.0	0.0	0.0	846.6234099999999	849.690159	852.525033	853.565658	intervals/trials	86	846.623410	853.565658
846.620925	0.000000	338648	ttl	11	n/a	n/a	n/a	n/a	n/a	n/a	n/a	n/a	n/a	n/a	n/a	n/a	n/a	n/a	n/a	n/a	n/a	n/a	n/a	n/a	846.623410	n/a
847.670800	0.000000	339068	stimulus_presentation	n/a	206	n/a	n/a	n/a	n/a	n/a	n/a	n/a	n/a	n/a	n/a	n/a	n/a	n/a	n/a	n/a	n/a	n/a	n/a	n/a	847.673285	n/a
847.670800	0.000000	339068	ttl	1	n/a	n/a	n/a	n/a	n/a	n/a	n/a	n/a	n/a	n/a	n/a	n/a	n/a	n/a	n/a	n/a	n/a	n/a	n/a	n/a	847.673285	n/a
847.680800	0.000000	339072	stimulus_presentation	n/a	0	n/a	n/a	n/a	n/a	n/a	n/a	n/a	n/a	n/a	n/a	n/a	n/a	n/a	n/a	n/a	n/a	n/a	n/a	n/a	847.683285	n/a
847.690800	0.000000	339076	stimulus_presentation	n/a	0	n/a	n/a	n/a	n/a	n/a	n/a	n/a	n/a	n/a	n/a	n/a	n/a	n/a	n/a	n/a	n/a	n/a	n/a	n/a	847.693285	n/a
849.687674	0.000000	339875	ttl	6	n/a	n/a	n/a	n/a	n/a	n/a	n/a	n/a	n/a	n/a	n/a	n/a	n/a	n/a	n/a	n/a	n/a	n/a	n/a	n/a	849.690159	n/a
852.522548	0.000000	341009	stimulus_presentation	n/a	35	n/a	n/a	n/a	n/a	n/a	n/a	n/a	n/a	n/a	n/a	n/a	n/a	n/a	n/a	n/a	n/a	n/a	n/a	n/a	852.525033	n/a
852.522548	0.000000	341009	ttl	7	n/a	n/a	n/a	n/a	n/a	n/a	n/a	n/a	n/a	n/a	n/a	n/a	n/a	n/a	n/a	n/a	n/a	n/a	n/a	n/a	852.525033	n/a
853.563173	0.000000	341425	ttl	8	n/a	n/a	n/a	n/a	n/a	n/a	n/a	n/a	n/a	n/a	n/a	n/a	n/a	n/a	n/a	n/a	n/a	n/a	n/a	n/a	853.565658	n/a
853.586266	8.039091	341435	sternberg_trial	n/a	n/a	332	0	0	518	1	0	1	854.7219699999999	856.738656	0.0	0.0	0.0	0.0	853.588751	856.738656	859.3213119999999	861.627842	intervals/trials	87	853.588751	861.627842
853.586266	0.000000	341435	ttl	11	n/a	n/a	n/a	n/a	n/a	n/a	n/a	n/a	n/a	n/a	n/a	n/a	n/a	n/a	n/a	n/a	n/a	n/a	n/a	n/a	853.588751	n/a
854.719485	0.000000	341888	stimulus_presentation	n/a	146	n/a	n/a	n/a	n/a	n/a	n/a	n/a	n/a	n/a	n/a	n/a	n/a	n/a	n/a	n/a	n/a	n/a	n/a	n/a	854.721970	n/a
854.719485	0.000000	341888	ttl	1	n/a	n/a	n/a	n/a	n/a	n/a	n/a	n/a	n/a	n/a	n/a	n/a	n/a	n/a	n/a	n/a	n/a	n/a	n/a	n/a	854.721970	n/a
854.729485	0.000000	341892	stimulus_presentation	n/a	0	n/a	n/a	n/a	n/a	n/a	n/a	n/a	n/a	n/a	n/a	n/a	n/a	n/a	n/a	n/a	n/a	n/a	n/a	n/a	854.731970	n/a
854.739485	0.000000	341896	stimulus_presentation	n/a	0	n/a	n/a	n/a	n/a	n/a	n/a	n/a	n/a	n/a	n/a	n/a	n/a	n/a	n/a	n/a	n/a	n/a	n/a	n/a	854.741970	n/a
856.736171	0.000000	342694	ttl	6	n/a	n/a	n/a	n/a	n/a	n/a	n/a	n/a	n/a	n/a	n/a	n/a	n/a	n/a	n/a	n/a	n/a	n/a	n/a	n/a	856.738656	n/a
859.318827	0.000000	343728	stimulus_presentation	n/a	243	n/a	n/a	n/a	n/a	n/a	n/a	n/a	n/a	n/a	n/a	n/a	n/a	n/a	n/a	n/a	n/a	n/a	n/a	n/a	859.321312	n/a
859.318827	0.000000	343728	ttl	7	n/a	n/a	n/a	n/a	n/a	n/a	n/a	n/a	n/a	n/a	n/a	n/a	n/a	n/a	n/a	n/a	n/a	n/a	n/a	n/a	859.321312	n/a
861.625357	0.000000	344650	ttl	8	n/a	n/a	n/a	n/a	n/a	n/a	n/a	n/a	n/a	n/a	n/a	n/a	n/a	n/a	n/a	n/a	n/a	n/a	n/a	n/a	861.627842	n/a
861.651357	6.596372	344661	sternberg_trial	n/a	n/a	136	0	0	136	1	1	1	862.820841	864.8366219999999	0.0	0.0	0.0	0.0	861.6538419999999	864.8366219999999	867.553371	868.2502139999999	intervals/trials	88	861.653842	868.250214
861.651357	0.000000	344661	ttl	11	n/a	n/a	n/a	n/a	n/a	n/a	n/a	n/a	n/a	n/a	n/a	n/a	n/a	n/a	n/a	n/a	n/a	n/a	n/a	n/a	861.653842	n/a
862.818356	0.000000	345127	stimulus_presentation	n/a	36	n/a	n/a	n/a	n/a	n/a	n/a	n/a	n/a	n/a	n/a	n/a	n/a	n/a	n/a	n/a	n/a	n/a	n/a	n/a	862.820841	n/a
862.818356	0.000000	345127	ttl	1	n/a	n/a	n/a	n/a	n/a	n/a	n/a	n/a	n/a	n/a	n/a	n/a	n/a	n/a	n/a	n/a	n/a	n/a	n/a	n/a	862.820841	n/a
862.828356	0.000000	345131	stimulus_presentation	n/a	0	n/a	n/a	n/a	n/a	n/a	n/a	n/a	n/a	n/a	n/a	n/a	n/a	n/a	n/a	n/a	n/a	n/a	n/a	n/a	862.830841	n/a
862.838356	0.000000	345135	stimulus_presentation	n/a	0	n/a	n/a	n/a	n/a	n/a	n/a	n/a	n/a	n/a	n/a	n/a	n/a	n/a	n/a	n/a	n/a	n/a	n/a	n/a	862.840841	n/a
864.834137	0.000000	345934	ttl	6	n/a	n/a	n/a	n/a	n/a	n/a	n/a	n/a	n/a	n/a	n/a	n/a	n/a	n/a	n/a	n/a	n/a	n/a	n/a	n/a	864.836622	n/a
867.550886	0.000000	347020	stimulus_presentation	n/a	36	n/a	n/a	n/a	n/a	n/a	n/a	n/a	n/a	n/a	n/a	n/a	n/a	n/a	n/a	n/a	n/a	n/a	n/a	n/a	867.553371	n/a
867.550886	0.000000	347020	ttl	7	n/a	n/a	n/a	n/a	n/a	n/a	n/a	n/a	n/a	n/a	n/a	n/a	n/a	n/a	n/a	n/a	n/a	n/a	n/a	n/a	867.553371	n/a
868.247729	0.000000	347299	ttl	8	n/a	n/a	n/a	n/a	n/a	n/a	n/a	n/a	n/a	n/a	n/a	n/a	n/a	n/a	n/a	n/a	n/a	n/a	n/a	n/a	868.250214	n/a
868.300104	11.144996	347320	sternberg_trial	n/a	n/a	137	333	237	237	3	1	1	869.2524639999999	871.268963	871.3019939999999	873.318306	873.4684	875.484618	868.302589	875.484618	878.134585	879.447585	intervals/trials	89	868.302589	879.447585
868.300104	0.000000	347320	ttl	11	n/a	n/a	n/a	n/a	n/a	n/a	n/a	n/a	n/a	n/a	n/a	n/a	n/a	n/a	n/a	n/a	n/a	n/a	n/a	n/a	868.302589	n/a
869.249979	0.000000	347700	stimulus_presentation	n/a	37	n/a	n/a	n/a	n/a	n/a	n/a	n/a	n/a	n/a	n/a	n/a	n/a	n/a	n/a	n/a	n/a	n/a	n/a	n/a	869.252464	n/a
869.249979	0.000000	347700	ttl	1	n/a	n/a	n/a	n/a	n/a	n/a	n/a	n/a	n/a	n/a	n/a	n/a	n/a	n/a	n/a	n/a	n/a	n/a	n/a	n/a	869.252464	n/a
871.266478	0.000000	348507	ttl	5	n/a	n/a	n/a	n/a	n/a	n/a	n/a	n/a	n/a	n/a	n/a	n/a	n/a	n/a	n/a	n/a	n/a	n/a	n/a	n/a	871.268963	n/a
871.299509	0.000000	348520	stimulus_presentation	n/a	147	n/a	n/a	n/a	n/a	n/a	n/a	n/a	n/a	n/a	n/a	n/a	n/a	n/a	n/a	n/a	n/a	n/a	n/a	n/a	871.301994	n/a
871.299509	0.000000	348520	ttl	2	n/a	n/a	n/a	n/a	n/a	n/a	n/a	n/a	n/a	n/a	n/a	n/a	n/a	n/a	n/a	n/a	n/a	n/a	n/a	n/a	871.301994	n/a
873.315821	0.000000	349326	ttl	5	n/a	n/a	n/a	n/a	n/a	n/a	n/a	n/a	n/a	n/a	n/a	n/a	n/a	n/a	n/a	n/a	n/a	n/a	n/a	n/a	873.318306	n/a
873.465915	0.000000	349386	stimulus_presentation	n/a	94	n/a	n/a	n/a	n/a	n/a	n/a	n/a	n/a	n/a	n/a	n/a	n/a	n/a	n/a	n/a	n/a	n/a	n/a	n/a	873.468400	n/a
873.465915	0.000000	349386	ttl	3	n/a	n/a	n/a	n/a	n/a	n/a	n/a	n/a	n/a	n/a	n/a	n/a	n/a	n/a	n/a	n/a	n/a	n/a	n/a	n/a	873.468400	n/a
875.482133	0.000000	350193	ttl	6	n/a	n/a	n/a	n/a	n/a	n/a	n/a	n/a	n/a	n/a	n/a	n/a	n/a	n/a	n/a	n/a	n/a	n/a	n/a	n/a	875.484618	n/a
878.132100	0.000000	351253	stimulus_presentation	n/a	94	n/a	n/a	n/a	n/a	n/a	n/a	n/a	n/a	n/a	n/a	n/a	n/a	n/a	n/a	n/a	n/a	n/a	n/a	n/a	878.134585	n/a
878.132100	0.000000	351253	ttl	7	n/a	n/a	n/a	n/a	n/a	n/a	n/a	n/a	n/a	n/a	n/a	n/a	n/a	n/a	n/a	n/a	n/a	n/a	n/a	n/a	878.134585	n/a
879.445100	0.000000	351778	ttl	8	n/a	n/a	n/a	n/a	n/a	n/a	n/a	n/a	n/a	n/a	n/a	n/a	n/a	n/a	n/a	n/a	n/a	n/a	n/a	n/a	879.447585	n/a
879.464600	11.161870	351786	sternberg_trial	n/a	n/a	538	138	334	212	3	0	1	880.400303	882.416615	882.599927	884.6164259999999	884.7328329999999	886.749457	879.467085	886.749457	889.549143	890.6289549999999	intervals/trials	90	879.467085	890.628955
879.464600	0.000000	351786	ttl	11	n/a	n/a	n/a	n/a	n/a	n/a	n/a	n/a	n/a	n/a	n/a	n/a	n/a	n/a	n/a	n/a	n/a	n/a	n/a	n/a	879.467085	n/a
880.397818	0.000000	352159	stimulus_presentation	n/a	263	n/a	n/a	n/a	n/a	n/a	n/a	n/a	n/a	n/a	n/a	n/a	n/a	n/a	n/a	n/a	n/a	n/a	n/a	n/a	880.400303	n/a
880.397818	0.000000	352159	ttl	1	n/a	n/a	n/a	n/a	n/a	n/a	n/a	n/a	n/a	n/a	n/a	n/a	n/a	n/a	n/a	n/a	n/a	n/a	n/a	n/a	880.400303	n/a
882.414130	0.000000	352966	ttl	5	n/a	n/a	n/a	n/a	n/a	n/a	n/a	n/a	n/a	n/a	n/a	n/a	n/a	n/a	n/a	n/a	n/a	n/a	n/a	n/a	882.416615	n/a
882.597442	0.000000	353039	stimulus_presentation	n/a	38	n/a	n/a	n/a	n/a	n/a	n/a	n/a	n/a	n/a	n/a	n/a	n/a	n/a	n/a	n/a	n/a	n/a	n/a	n/a	882.599927	n/a
882.597442	0.000000	353039	ttl	2	n/a	n/a	n/a	n/a	n/a	n/a	n/a	n/a	n/a	n/a	n/a	n/a	n/a	n/a	n/a	n/a	n/a	n/a	n/a	n/a	882.599927	n/a
884.613941	0.000000	353846	ttl	5	n/a	n/a	n/a	n/a	n/a	n/a	n/a	n/a	n/a	n/a	n/a	n/a	n/a	n/a	n/a	n/a	n/a	n/a	n/a	n/a	884.616426	n/a
884.730348	0.000000	353892	stimulus_presentation	n/a	148	n/a	n/a	n/a	n/a	n/a	n/a	n/a	n/a	n/a	n/a	n/a	n/a	n/a	n/a	n/a	n/a	n/a	n/a	n/a	884.732833	n/a
884.730348	0.000000	353892	ttl	3	n/a	n/a	n/a	n/a	n/a	n/a	n/a	n/a	n/a	n/a	n/a	n/a	n/a	n/a	n/a	n/a	n/a	n/a	n/a	n/a	884.732833	n/a
886.746972	0.000000	354699	ttl	6	n/a	n/a	n/a	n/a	n/a	n/a	n/a	n/a	n/a	n/a	n/a	n/a	n/a	n/a	n/a	n/a	n/a	n/a	n/a	n/a	886.749457	n/a
889.546658	0.000000	355819	stimulus_presentation	n/a	69	n/a	n/a	n/a	n/a	n/a	n/a	n/a	n/a	n/a	n/a	n/a	n/a	n/a	n/a	n/a	n/a	n/a	n/a	n/a	889.549143	n/a
889.546658	0.000000	355819	ttl	7	n/a	n/a	n/a	n/a	n/a	n/a	n/a	n/a	n/a	n/a	n/a	n/a	n/a	n/a	n/a	n/a	n/a	n/a	n/a	n/a	889.549143	n/a
890.626470	0.000000	356251	ttl	8	n/a	n/a	n/a	n/a	n/a	n/a	n/a	n/a	n/a	n/a	n/a	n/a	n/a	n/a	n/a	n/a	n/a	n/a	n/a	n/a	890.628955	n/a
890.645908	6.859060	356258	sternberg_trial	n/a	n/a	139	0	0	427	1	0	1	891.83258	893.8490479999999	0.0	0.0	0.0	0.0	890.6483929999999	893.8490479999999	896.598047	897.5074529999999	intervals/trials	91	890.648393	897.507453
890.645908	0.000000	356258	ttl	11	n/a	n/a	n/a	n/a	n/a	n/a	n/a	n/a	n/a	n/a	n/a	n/a	n/a	n/a	n/a	n/a	n/a	n/a	n/a	n/a	890.648393	n/a
891.830095	0.000000	356732	stimulus_presentation	n/a	39	n/a	n/a	n/a	n/a	n/a	n/a	n/a	n/a	n/a	n/a	n/a	n/a	n/a	n/a	n/a	n/a	n/a	n/a	n/a	891.832580	n/a
891.830095	0.000000	356732	ttl	1	n/a	n/a	n/a	n/a	n/a	n/a	n/a	n/a	n/a	n/a	n/a	n/a	n/a	n/a	n/a	n/a	n/a	n/a	n/a	n/a	891.832580	n/a
891.840095	0.000000	356736	stimulus_presentation	n/a	0	n/a	n/a	n/a	n/a	n/a	n/a	n/a	n/a	n/a	n/a	n/a	n/a	n/a	n/a	n/a	n/a	n/a	n/a	n/a	891.842580	n/a
891.850095	0.000000	356740	stimulus_presentation	n/a	0	n/a	n/a	n/a	n/a	n/a	n/a	n/a	n/a	n/a	n/a	n/a	n/a	n/a	n/a	n/a	n/a	n/a	n/a	n/a	891.852580	n/a
893.846563	0.000000	357539	ttl	6	n/a	n/a	n/a	n/a	n/a	n/a	n/a	n/a	n/a	n/a	n/a	n/a	n/a	n/a	n/a	n/a	n/a	n/a	n/a	n/a	893.849048	n/a
896.595562	0.000000	358638	stimulus_presentation	n/a	197	n/a	n/a	n/a	n/a	n/a	n/a	n/a	n/a	n/a	n/a	n/a	n/a	n/a	n/a	n/a	n/a	n/a	n/a	n/a	896.598047	n/a
896.595562	0.000000	358638	ttl	7	n/a	n/a	n/a	n/a	n/a	n/a	n/a	n/a	n/a	n/a	n/a	n/a	n/a	n/a	n/a	n/a	n/a	n/a	n/a	n/a	896.598047	n/a
897.504968	0.000000	359002	ttl	8	n/a	n/a	n/a	n/a	n/a	n/a	n/a	n/a	n/a	n/a	n/a	n/a	n/a	n/a	n/a	n/a	n/a	n/a	n/a	n/a	897.507453	n/a
897.527874	11.414401	359011	sternberg_trial	n/a	n/a	437	539	335	220	3	0	1	898.7139209999999	900.730951	900.847232	902.863075	902.980825	904.996168	897.530359	904.996168	907.729105	908.94476	intervals/trials	92	897.530359	908.944760
897.527874	0.000000	359011	ttl	11	n/a	n/a	n/a	n/a	n/a	n/a	n/a	n/a	n/a	n/a	n/a	n/a	n/a	n/a	n/a	n/a	n/a	n/a	n/a	n/a	897.530359	n/a
898.711436	0.000000	359485	stimulus_presentation	n/a	207	n/a	n/a	n/a	n/a	n/a	n/a	n/a	n/a	n/a	n/a	n/a	n/a	n/a	n/a	n/a	n/a	n/a	n/a	n/a	898.713921	n/a
898.711436	0.000000	359485	ttl	1	n/a	n/a	n/a	n/a	n/a	n/a	n/a	n/a	n/a	n/a	n/a	n/a	n/a	n/a	n/a	n/a	n/a	n/a	n/a	n/a	898.713921	n/a
900.728466	0.000000	360291	ttl	5	n/a	n/a	n/a	n/a	n/a	n/a	n/a	n/a	n/a	n/a	n/a	n/a	n/a	n/a	n/a	n/a	n/a	n/a	n/a	n/a	900.730951	n/a
900.844747	0.000000	360338	stimulus_presentation	n/a	264	n/a	n/a	n/a	n/a	n/a	n/a	n/a	n/a	n/a	n/a	n/a	n/a	n/a	n/a	n/a	n/a	n/a	n/a	n/a	900.847232	n/a
900.844747	0.000000	360338	ttl	2	n/a	n/a	n/a	n/a	n/a	n/a	n/a	n/a	n/a	n/a	n/a	n/a	n/a	n/a	n/a	n/a	n/a	n/a	n/a	n/a	900.847232	n/a
902.860590	0.000000	361144	ttl	5	n/a	n/a	n/a	n/a	n/a	n/a	n/a	n/a	n/a	n/a	n/a	n/a	n/a	n/a	n/a	n/a	n/a	n/a	n/a	n/a	902.863075	n/a
902.978340	0.000000	361191	stimulus_presentation	n/a	149	n/a	n/a	n/a	n/a	n/a	n/a	n/a	n/a	n/a	n/a	n/a	n/a	n/a	n/a	n/a	n/a	n/a	n/a	n/a	902.980825	n/a
902.978340	0.000000	361191	ttl	3	n/a	n/a	n/a	n/a	n/a	n/a	n/a	n/a	n/a	n/a	n/a	n/a	n/a	n/a	n/a	n/a	n/a	n/a	n/a	n/a	902.980825	n/a
904.993683	0.000000	361997	ttl	6	n/a	n/a	n/a	n/a	n/a	n/a	n/a	n/a	n/a	n/a	n/a	n/a	n/a	n/a	n/a	n/a	n/a	n/a	n/a	n/a	904.996168	n/a
907.726620	0.000000	363091	stimulus_presentation	n/a	77	n/a	n/a	n/a	n/a	n/a	n/a	n/a	n/a	n/a	n/a	n/a	n/a	n/a	n/a	n/a	n/a	n/a	n/a	n/a	907.729105	n/a
907.726620	0.000000	363091	ttl	7	n/a	n/a	n/a	n/a	n/a	n/a	n/a	n/a	n/a	n/a	n/a	n/a	n/a	n/a	n/a	n/a	n/a	n/a	n/a	n/a	907.729105	n/a
908.942275	0.000000	363577	ttl	8	n/a	n/a	n/a	n/a	n/a	n/a	n/a	n/a	n/a	n/a	n/a	n/a	n/a	n/a	n/a	n/a	n/a	n/a	n/a	n/a	908.944760	n/a
908.975432	7.133153	363590	sternberg_trial	n/a	n/a	238	0	0	513	1	0	1	910.1115719999999	912.128697	0.0	0.0	0.0	0.0	908.9779169999999	912.128697	914.910977	916.1110699999999	intervals/trials	93	908.977917	916.111070
908.975432	0.000000	363590	ttl	11	n/a	n/a	n/a	n/a	n/a	n/a	n/a	n/a	n/a	n/a	n/a	n/a	n/a	n/a	n/a	n/a	n/a	n/a	n/a	n/a	908.977917	n/a
910.109087	0.000000	364044	stimulus_presentation	n/a	95	n/a	n/a	n/a	n/a	n/a	n/a	n/a	n/a	n/a	n/a	n/a	n/a	n/a	n/a	n/a	n/a	n/a	n/a	n/a	910.111572	n/a
910.109087	0.000000	364044	ttl	1	n/a	n/a	n/a	n/a	n/a	n/a	n/a	n/a	n/a	n/a	n/a	n/a	n/a	n/a	n/a	n/a	n/a	n/a	n/a	n/a	910.111572	n/a
910.119087	0.000000	364048	stimulus_presentation	n/a	0	n/a	n/a	n/a	n/a	n/a	n/a	n/a	n/a	n/a	n/a	n/a	n/a	n/a	n/a	n/a	n/a	n/a	n/a	n/a	910.121572	n/a
910.129087	0.000000	364052	stimulus_presentation	n/a	0	n/a	n/a	n/a	n/a	n/a	n/a	n/a	n/a	n/a	n/a	n/a	n/a	n/a	n/a	n/a	n/a	n/a	n/a	n/a	910.131572	n/a
912.126212	0.000000	364850	ttl	6	n/a	n/a	n/a	n/a	n/a	n/a	n/a	n/a	n/a	n/a	n/a	n/a	n/a	n/a	n/a	n/a	n/a	n/a	n/a	n/a	912.128697	n/a
914.908492	0.000000	365963	stimulus_presentation	n/a	238	n/a	n/a	n/a	n/a	n/a	n/a	n/a	n/a	n/a	n/a	n/a	n/a	n/a	n/a	n/a	n/a	n/a	n/a	n/a	914.910977	n/a
914.908492	0.000000	365963	ttl	7	n/a	n/a	n/a	n/a	n/a	n/a	n/a	n/a	n/a	n/a	n/a	n/a	n/a	n/a	n/a	n/a	n/a	n/a	n/a	n/a	914.910977	n/a
916.108585	0.000000	366443	ttl	8	n/a	n/a	n/a	n/a	n/a	n/a	n/a	n/a	n/a	n/a	n/a	n/a	n/a	n/a	n/a	n/a	n/a	n/a	n/a	n/a	916.111070	n/a
916.140960	7.693809	366456	sternberg_trial	n/a	n/a	438	0	0	312	1	0	1	917.2271629999999	919.2430059999999	0.0	0.0	0.0	0.0	916.1434449999999	919.2430059999999	921.8602549999999	923.8372539999999	intervals/trials	94	916.143445	923.837254
916.140960	0.000000	366456	ttl	11	n/a	n/a	n/a	n/a	n/a	n/a	n/a	n/a	n/a	n/a	n/a	n/a	n/a	n/a	n/a	n/a	n/a	n/a	n/a	n/a	916.143445	n/a
917.224678	0.000000	366890	stimulus_presentation	n/a	208	n/a	n/a	n/a	n/a	n/a	n/a	n/a	n/a	n/a	n/a	n/a	n/a	n/a	n/a	n/a	n/a	n/a	n/a	n/a	917.227163	n/a
917.224678	0.000000	366890	ttl	1	n/a	n/a	n/a	n/a	n/a	n/a	n/a	n/a	n/a	n/a	n/a	n/a	n/a	n/a	n/a	n/a	n/a	n/a	n/a	n/a	917.227163	n/a
917.234678	0.000000	366894	stimulus_presentation	n/a	0	n/a	n/a	n/a	n/a	n/a	n/a	n/a	n/a	n/a	n/a	n/a	n/a	n/a	n/a	n/a	n/a	n/a	n/a	n/a	917.237163	n/a
917.244678	0.000000	366898	stimulus_presentation	n/a	0	n/a	n/a	n/a	n/a	n/a	n/a	n/a	n/a	n/a	n/a	n/a	n/a	n/a	n/a	n/a	n/a	n/a	n/a	n/a	917.247163	n/a
919.240521	0.000000	367696	ttl	6	n/a	n/a	n/a	n/a	n/a	n/a	n/a	n/a	n/a	n/a	n/a	n/a	n/a	n/a	n/a	n/a	n/a	n/a	n/a	n/a	919.243006	n/a
921.857770	0.000000	368743	stimulus_presentation	n/a	126	n/a	n/a	n/a	n/a	n/a	n/a	n/a	n/a	n/a	n/a	n/a	n/a	n/a	n/a	n/a	n/a	n/a	n/a	n/a	921.860255	n/a
921.857770	0.000000	368743	ttl	7	n/a	n/a	n/a	n/a	n/a	n/a	n/a	n/a	n/a	n/a	n/a	n/a	n/a	n/a	n/a	n/a	n/a	n/a	n/a	n/a	921.860255	n/a
923.834769	0.000000	369534	ttl	8	n/a	n/a	n/a	n/a	n/a	n/a	n/a	n/a	n/a	n/a	n/a	n/a	n/a	n/a	n/a	n/a	n/a	n/a	n/a	n/a	923.837254	n/a
923.856238	12.103714	369542	sternberg_trial	n/a	n/a	140	439	540	320	3	0	1	925.0426289999999	927.0580659999999	927.275816	929.291471	929.4577519999999	931.4745009999999	923.8587229999999	931.4745009999999	934.2408439999999	935.9624369999999	intervals/trials	95	923.858723	935.962437
923.856238	0.000000	369542	ttl	11	n/a	n/a	n/a	n/a	n/a	n/a	n/a	n/a	n/a	n/a	n/a	n/a	n/a	n/a	n/a	n/a	n/a	n/a	n/a	n/a	923.858723	n/a
925.040144	0.000000	370016	stimulus_presentation	n/a	40	n/a	n/a	n/a	n/a	n/a	n/a	n/a	n/a	n/a	n/a	n/a	n/a	n/a	n/a	n/a	n/a	n/a	n/a	n/a	925.042629	n/a
925.040144	0.000000	370016	ttl	1	n/a	n/a	n/a	n/a	n/a	n/a	n/a	n/a	n/a	n/a	n/a	n/a	n/a	n/a	n/a	n/a	n/a	n/a	n/a	n/a	925.042629	n/a
927.055581	0.000000	370822	ttl	5	n/a	n/a	n/a	n/a	n/a	n/a	n/a	n/a	n/a	n/a	n/a	n/a	n/a	n/a	n/a	n/a	n/a	n/a	n/a	n/a	927.058066	n/a
927.273331	0.000000	370909	stimulus_presentation	n/a	209	n/a	n/a	n/a	n/a	n/a	n/a	n/a	n/a	n/a	n/a	n/a	n/a	n/a	n/a	n/a	n/a	n/a	n/a	n/a	927.275816	n/a
927.273331	0.000000	370909	ttl	2	n/a	n/a	n/a	n/a	n/a	n/a	n/a	n/a	n/a	n/a	n/a	n/a	n/a	n/a	n/a	n/a	n/a	n/a	n/a	n/a	927.275816	n/a
929.288986	0.000000	371716	ttl	5	n/a	n/a	n/a	n/a	n/a	n/a	n/a	n/a	n/a	n/a	n/a	n/a	n/a	n/a	n/a	n/a	n/a	n/a	n/a	n/a	929.291471	n/a
929.455267	0.000000	371782	stimulus_presentation	n/a	265	n/a	n/a	n/a	n/a	n/a	n/a	n/a	n/a	n/a	n/a	n/a	n/a	n/a	n/a	n/a	n/a	n/a	n/a	n/a	929.457752	n/a
929.455267	0.000000	371782	ttl	3	n/a	n/a	n/a	n/a	n/a	n/a	n/a	n/a	n/a	n/a	n/a	n/a	n/a	n/a	n/a	n/a	n/a	n/a	n/a	n/a	929.457752	n/a
931.472016	0.000000	372589	ttl	6	n/a	n/a	n/a	n/a	n/a	n/a	n/a	n/a	n/a	n/a	n/a	n/a	n/a	n/a	n/a	n/a	n/a	n/a	n/a	n/a	931.474501	n/a
934.238359	0.000000	373695	stimulus_presentation	n/a	134	n/a	n/a	n/a	n/a	n/a	n/a	n/a	n/a	n/a	n/a	n/a	n/a	n/a	n/a	n/a	n/a	n/a	n/a	n/a	934.240844	n/a
934.238359	0.000000	373695	ttl	7	n/a	n/a	n/a	n/a	n/a	n/a	n/a	n/a	n/a	n/a	n/a	n/a	n/a	n/a	n/a	n/a	n/a	n/a	n/a	n/a	934.240844	n/a
935.959952	0.000000	374384	ttl	8	n/a	n/a	n/a	n/a	n/a	n/a	n/a	n/a	n/a	n/a	n/a	n/a	n/a	n/a	n/a	n/a	n/a	n/a	n/a	n/a	935.962437	n/a
935.987202	14.193463	374395	sternberg_trial	n/a	n/a	239	141	336	141	3	1	1	936.9396869999999	938.9568109999999	939.139248	941.1562789999999	941.272747	943.2892469999999	935.989687	943.2892469999999	946.004964	950.18315	intervals/trials	96	935.989687	950.183150
935.987202	0.000000	374395	ttl	11	n/a	n/a	n/a	n/a	n/a	n/a	n/a	n/a	n/a	n/a	n/a	n/a	n/a	n/a	n/a	n/a	n/a	n/a	n/a	n/a	935.989687	n/a
936.937202	0.000000	374775	stimulus_presentation	n/a	96	n/a	n/a	n/a	n/a	n/a	n/a	n/a	n/a	n/a	n/a	n/a	n/a	n/a	n/a	n/a	n/a	n/a	n/a	n/a	936.939687	n/a
936.937202	0.000000	374775	ttl	1	n/a	n/a	n/a	n/a	n/a	n/a	n/a	n/a	n/a	n/a	n/a	n/a	n/a	n/a	n/a	n/a	n/a	n/a	n/a	n/a	936.939687	n/a
938.954326	0.000000	375582	ttl	5	n/a	n/a	n/a	n/a	n/a	n/a	n/a	n/a	n/a	n/a	n/a	n/a	n/a	n/a	n/a	n/a	n/a	n/a	n/a	n/a	938.956811	n/a
939.136763	0.000000	375655	stimulus_presentation	n/a	41	n/a	n/a	n/a	n/a	n/a	n/a	n/a	n/a	n/a	n/a	n/a	n/a	n/a	n/a	n/a	n/a	n/a	n/a	n/a	939.139248	n/a
939.136763	0.000000	375655	ttl	2	n/a	n/a	n/a	n/a	n/a	n/a	n/a	n/a	n/a	n/a	n/a	n/a	n/a	n/a	n/a	n/a	n/a	n/a	n/a	n/a	939.139248	n/a
941.153794	0.000000	376462	ttl	5	n/a	n/a	n/a	n/a	n/a	n/a	n/a	n/a	n/a	n/a	n/a	n/a	n/a	n/a	n/a	n/a	n/a	n/a	n/a	n/a	941.156279	n/a
941.270262	0.000000	376508	stimulus_presentation	n/a	150	n/a	n/a	n/a	n/a	n/a	n/a	n/a	n/a	n/a	n/a	n/a	n/a	n/a	n/a	n/a	n/a	n/a	n/a	n/a	941.272747	n/a
941.270262	0.000000	376508	ttl	3	n/a	n/a	n/a	n/a	n/a	n/a	n/a	n/a	n/a	n/a	n/a	n/a	n/a	n/a	n/a	n/a	n/a	n/a	n/a	n/a	941.272747	n/a
943.286762	0.000000	377315	ttl	6	n/a	n/a	n/a	n/a	n/a	n/a	n/a	n/a	n/a	n/a	n/a	n/a	n/a	n/a	n/a	n/a	n/a	n/a	n/a	n/a	943.289247	n/a
946.002479	0.000000	378401	stimulus_presentation	n/a	41	n/a	n/a	n/a	n/a	n/a	n/a	n/a	n/a	n/a	n/a	n/a	n/a	n/a	n/a	n/a	n/a	n/a	n/a	n/a	946.004964	n/a
946.002479	0.000000	378401	ttl	7	n/a	n/a	n/a	n/a	n/a	n/a	n/a	n/a	n/a	n/a	n/a	n/a	n/a	n/a	n/a	n/a	n/a	n/a	n/a	n/a	946.004964	n/a
950.180665	0.000000	380072	ttl	8	n/a	n/a	n/a	n/a	n/a	n/a	n/a	n/a	n/a	n/a	n/a	n/a	n/a	n/a	n/a	n/a	n/a	n/a	n/a	n/a	950.183150	n/a
950.201353	11.624589	380081	sternberg_trial	n/a	n/a	337	142	240	240	3	1	1	951.203931	953.2199929999999	953.3536489999999	955.370367	955.452898	957.46971	950.2038379999999	957.46971	960.0689269999999	961.8284269999999	intervals/trials	97	950.203838	961.828427
950.201353	0.000000	380081	ttl	11	n/a	n/a	n/a	n/a	n/a	n/a	n/a	n/a	n/a	n/a	n/a	n/a	n/a	n/a	n/a	n/a	n/a	n/a	n/a	n/a	950.203838	n/a
951.201446	0.000000	380481	stimulus_presentation	n/a	151	n/a	n/a	n/a	n/a	n/a	n/a	n/a	n/a	n/a	n/a	n/a	n/a	n/a	n/a	n/a	n/a	n/a	n/a	n/a	951.203931	n/a
951.201446	0.000000	380481	ttl	1	n/a	n/a	n/a	n/a	n/a	n/a	n/a	n/a	n/a	n/a	n/a	n/a	n/a	n/a	n/a	n/a	n/a	n/a	n/a	n/a	951.203931	n/a
953.217508	0.000000	381287	ttl	5	n/a	n/a	n/a	n/a	n/a	n/a	n/a	n/a	n/a	n/a	n/a	n/a	n/a	n/a	n/a	n/a	n/a	n/a	n/a	n/a	953.219993	n/a
953.351164	0.000000	381340	stimulus_presentation	n/a	42	n/a	n/a	n/a	n/a	n/a	n/a	n/a	n/a	n/a	n/a	n/a	n/a	n/a	n/a	n/a	n/a	n/a	n/a	n/a	953.353649	n/a
953.351164	0.000000	381340	ttl	2	n/a	n/a	n/a	n/a	n/a	n/a	n/a	n/a	n/a	n/a	n/a	n/a	n/a	n/a	n/a	n/a	n/a	n/a	n/a	n/a	953.353649	n/a
955.367882	0.000000	382147	ttl	5	n/a	n/a	n/a	n/a	n/a	n/a	n/a	n/a	n/a	n/a	n/a	n/a	n/a	n/a	n/a	n/a	n/a	n/a	n/a	n/a	955.370367	n/a
955.450413	0.000000	382180	stimulus_presentation	n/a	97	n/a	n/a	n/a	n/a	n/a	n/a	n/a	n/a	n/a	n/a	n/a	n/a	n/a	n/a	n/a	n/a	n/a	n/a	n/a	955.452898	n/a
955.450413	0.000000	382180	ttl	3	n/a	n/a	n/a	n/a	n/a	n/a	n/a	n/a	n/a	n/a	n/a	n/a	n/a	n/a	n/a	n/a	n/a	n/a	n/a	n/a	955.452898	n/a
957.467225	0.000000	382987	ttl	6	n/a	n/a	n/a	n/a	n/a	n/a	n/a	n/a	n/a	n/a	n/a	n/a	n/a	n/a	n/a	n/a	n/a	n/a	n/a	n/a	957.469710	n/a
960.066442	0.000000	384027	stimulus_presentation	n/a	97	n/a	n/a	n/a	n/a	n/a	n/a	n/a	n/a	n/a	n/a	n/a	n/a	n/a	n/a	n/a	n/a	n/a	n/a	n/a	960.068927	n/a
960.066442	0.000000	384027	ttl	7	n/a	n/a	n/a	n/a	n/a	n/a	n/a	n/a	n/a	n/a	n/a	n/a	n/a	n/a	n/a	n/a	n/a	n/a	n/a	n/a	960.068927	n/a
961.825942	0.000000	384730	ttl	8	n/a	n/a	n/a	n/a	n/a	n/a	n/a	n/a	n/a	n/a	n/a	n/a	n/a	n/a	n/a	n/a	n/a	n/a	n/a	n/a	961.828427	n/a
961.848754	6.455623	384740	sternberg_trial	n/a	n/a	338	0	0	338	1	1	1	962.83502	964.852144	0.0	0.0	0.0	0.0	961.851239	964.852144	967.434393	968.3068619999999	intervals/trials	98	961.851239	968.306862
961.848754	0.000000	384740	ttl	11	n/a	n/a	n/a	n/a	n/a	n/a	n/a	n/a	n/a	n/a	n/a	n/a	n/a	n/a	n/a	n/a	n/a	n/a	n/a	n/a	961.851239	n/a
962.832535	0.000000	385133	stimulus_presentation	n/a	152	n/a	n/a	n/a	n/a	n/a	n/a	n/a	n/a	n/a	n/a	n/a	n/a	n/a	n/a	n/a	n/a	n/a	n/a	n/a	962.835020	n/a
962.832535	0.000000	385133	ttl	1	n/a	n/a	n/a	n/a	n/a	n/a	n/a	n/a	n/a	n/a	n/a	n/a	n/a	n/a	n/a	n/a	n/a	n/a	n/a	n/a	962.835020	n/a
962.842535	0.000000	385137	stimulus_presentation	n/a	0	n/a	n/a	n/a	n/a	n/a	n/a	n/a	n/a	n/a	n/a	n/a	n/a	n/a	n/a	n/a	n/a	n/a	n/a	n/a	962.845020	n/a
962.852535	0.000000	385141	stimulus_presentation	n/a	0	n/a	n/a	n/a	n/a	n/a	n/a	n/a	n/a	n/a	n/a	n/a	n/a	n/a	n/a	n/a	n/a	n/a	n/a	n/a	962.855020	n/a
964.849659	0.000000	385940	ttl	6	n/a	n/a	n/a	n/a	n/a	n/a	n/a	n/a	n/a	n/a	n/a	n/a	n/a	n/a	n/a	n/a	n/a	n/a	n/a	n/a	964.852144	n/a
967.431908	0.000000	386973	stimulus_presentation	n/a	152	n/a	n/a	n/a	n/a	n/a	n/a	n/a	n/a	n/a	n/a	n/a	n/a	n/a	n/a	n/a	n/a	n/a	n/a	n/a	967.434393	n/a
967.431908	0.000000	386973	ttl	7	n/a	n/a	n/a	n/a	n/a	n/a	n/a	n/a	n/a	n/a	n/a	n/a	n/a	n/a	n/a	n/a	n/a	n/a	n/a	n/a	967.434393	n/a
968.304377	0.000000	387322	ttl	8	n/a	n/a	n/a	n/a	n/a	n/a	n/a	n/a	n/a	n/a	n/a	n/a	n/a	n/a	n/a	n/a	n/a	n/a	n/a	n/a	968.306862	n/a
968.331095	11.474683	387332	sternberg_trial	n/a	n/a	440	143	339	440	3	1	1	969.383705	971.40161	971.5167349999999	973.532641	973.682609	975.69989	968.33358	975.69989	978.4164509999999	979.808263	intervals/trials	99	968.333580	979.808263
968.331095	0.000000	387332	ttl	11	n/a	n/a	n/a	n/a	n/a	n/a	n/a	n/a	n/a	n/a	n/a	n/a	n/a	n/a	n/a	n/a	n/a	n/a	n/a	n/a	968.333580	n/a
969.381220	0.000000	387752	stimulus_presentation	n/a	210	n/a	n/a	n/a	n/a	n/a	n/a	n/a	n/a	n/a	n/a	n/a	n/a	n/a	n/a	n/a	n/a	n/a	n/a	n/a	969.383705	n/a
969.381220	0.000000	387752	ttl	1	n/a	n/a	n/a	n/a	n/a	n/a	n/a	n/a	n/a	n/a	n/a	n/a	n/a	n/a	n/a	n/a	n/a	n/a	n/a	n/a	969.383705	n/a
971.399125	0.000000	388560	ttl	5	n/a	n/a	n/a	n/a	n/a	n/a	n/a	n/a	n/a	n/a	n/a	n/a	n/a	n/a	n/a	n/a	n/a	n/a	n/a	n/a	971.401610	n/a
971.514250	0.000000	388606	stimulus_presentation	n/a	43	n/a	n/a	n/a	n/a	n/a	n/a	n/a	n/a	n/a	n/a	n/a	n/a	n/a	n/a	n/a	n/a	n/a	n/a	n/a	971.516735	n/a
971.514250	0.000000	388606	ttl	2	n/a	n/a	n/a	n/a	n/a	n/a	n/a	n/a	n/a	n/a	n/a	n/a	n/a	n/a	n/a	n/a	n/a	n/a	n/a	n/a	971.516735	n/a
973.530156	0.000000	389412	ttl	5	n/a	n/a	n/a	n/a	n/a	n/a	n/a	n/a	n/a	n/a	n/a	n/a	n/a	n/a	n/a	n/a	n/a	n/a	n/a	n/a	973.532641	n/a
973.680124	0.000000	389472	stimulus_presentation	n/a	153	n/a	n/a	n/a	n/a	n/a	n/a	n/a	n/a	n/a	n/a	n/a	n/a	n/a	n/a	n/a	n/a	n/a	n/a	n/a	973.682609	n/a
973.680124	0.000000	389472	ttl	3	n/a	n/a	n/a	n/a	n/a	n/a	n/a	n/a	n/a	n/a	n/a	n/a	n/a	n/a	n/a	n/a	n/a	n/a	n/a	n/a	973.682609	n/a
975.697405	0.000000	390279	ttl	6	n/a	n/a	n/a	n/a	n/a	n/a	n/a	n/a	n/a	n/a	n/a	n/a	n/a	n/a	n/a	n/a	n/a	n/a	n/a	n/a	975.699890	n/a
978.413966	0.000000	391366	stimulus_presentation	n/a	210	n/a	n/a	n/a	n/a	n/a	n/a	n/a	n/a	n/a	n/a	n/a	n/a	n/a	n/a	n/a	n/a	n/a	n/a	n/a	978.416451	n/a
978.413966	0.000000	391366	ttl	7	n/a	n/a	n/a	n/a	n/a	n/a	n/a	n/a	n/a	n/a	n/a	n/a	n/a	n/a	n/a	n/a	n/a	n/a	n/a	n/a	978.416451	n/a
979.805778	0.000000	391922	ttl	8	n/a	n/a	n/a	n/a	n/a	n/a	n/a	n/a	n/a	n/a	n/a	n/a	n/a	n/a	n/a	n/a	n/a	n/a	n/a	n/a	979.808263	n/a
979.828872	6.679310	391932	sternberg_trial	n/a	n/a	144	0	0	144	1	1	1	980.882263	982.897574	0.0	0.0	0.0	0.0	979.8313569999999	982.897574	985.7164799999999	986.510667	intervals/trials	100	979.831357	986.510667
979.828872	0.000000	391932	ttl	11	n/a	n/a	n/a	n/a	n/a	n/a	n/a	n/a	n/a	n/a	n/a	n/a	n/a	n/a	n/a	n/a	n/a	n/a	n/a	n/a	979.831357	n/a
980.879778	0.000000	392352	stimulus_presentation	n/a	44	n/a	n/a	n/a	n/a	n/a	n/a	n/a	n/a	n/a	n/a	n/a	n/a	n/a	n/a	n/a	n/a	n/a	n/a	n/a	980.882263	n/a
980.879778	0.000000	392352	ttl	1	n/a	n/a	n/a	n/a	n/a	n/a	n/a	n/a	n/a	n/a	n/a	n/a	n/a	n/a	n/a	n/a	n/a	n/a	n/a	n/a	980.882263	n/a
980.889778	0.000000	392356	stimulus_presentation	n/a	0	n/a	n/a	n/a	n/a	n/a	n/a	n/a	n/a	n/a	n/a	n/a	n/a	n/a	n/a	n/a	n/a	n/a	n/a	n/a	980.892263	n/a
980.899778	0.000000	392360	stimulus_presentation	n/a	0	n/a	n/a	n/a	n/a	n/a	n/a	n/a	n/a	n/a	n/a	n/a	n/a	n/a	n/a	n/a	n/a	n/a	n/a	n/a	980.902263	n/a
982.895089	0.000000	393158	ttl	6	n/a	n/a	n/a	n/a	n/a	n/a	n/a	n/a	n/a	n/a	n/a	n/a	n/a	n/a	n/a	n/a	n/a	n/a	n/a	n/a	982.897574	n/a
985.713995	0.000000	394286	stimulus_presentation	n/a	44	n/a	n/a	n/a	n/a	n/a	n/a	n/a	n/a	n/a	n/a	n/a	n/a	n/a	n/a	n/a	n/a	n/a	n/a	n/a	985.716480	n/a
985.713995	0.000000	394286	ttl	7	n/a	n/a	n/a	n/a	n/a	n/a	n/a	n/a	n/a	n/a	n/a	n/a	n/a	n/a	n/a	n/a	n/a	n/a	n/a	n/a	985.716480	n/a
986.508182	0.000000	394603	ttl	8	n/a	n/a	n/a	n/a	n/a	n/a	n/a	n/a	n/a	n/a	n/a	n/a	n/a	n/a	n/a	n/a	n/a	n/a	n/a	n/a	986.510667	n/a
986.527651	11.881839	394611	sternberg_trial	n/a	n/a	241	541	340	434	3	0	1	987.5978849999999	989.614572	989.764197	991.7804769999999	991.8799769999999	993.8956009999999	986.530136	993.8956009999999	996.5805059999999	998.411975	intervals/trials	101	986.530136	998.411975
986.527651	0.000000	394611	ttl	11	n/a	n/a	n/a	n/a	n/a	n/a	n/a	n/a	n/a	n/a	n/a	n/a	n/a	n/a	n/a	n/a	n/a	n/a	n/a	n/a	986.530136	n/a
987.595400	0.000000	395038	stimulus_presentation	n/a	98	n/a	n/a	n/a	n/a	n/a	n/a	n/a	n/a	n/a	n/a	n/a	n/a	n/a	n/a	n/a	n/a	n/a	n/a	n/a	987.597885	n/a
987.595400	0.000000	395038	ttl	1	n/a	n/a	n/a	n/a	n/a	n/a	n/a	n/a	n/a	n/a	n/a	n/a	n/a	n/a	n/a	n/a	n/a	n/a	n/a	n/a	987.597885	n/a
989.612087	0.000000	395845	ttl	5	n/a	n/a	n/a	n/a	n/a	n/a	n/a	n/a	n/a	n/a	n/a	n/a	n/a	n/a	n/a	n/a	n/a	n/a	n/a	n/a	989.614572	n/a
989.761712	0.000000	395905	stimulus_presentation	n/a	266	n/a	n/a	n/a	n/a	n/a	n/a	n/a	n/a	n/a	n/a	n/a	n/a	n/a	n/a	n/a	n/a	n/a	n/a	n/a	989.764197	n/a
989.761712	0.000000	395905	ttl	2	n/a	n/a	n/a	n/a	n/a	n/a	n/a	n/a	n/a	n/a	n/a	n/a	n/a	n/a	n/a	n/a	n/a	n/a	n/a	n/a	989.764197	n/a
991.777992	0.000000	396711	ttl	5	n/a	n/a	n/a	n/a	n/a	n/a	n/a	n/a	n/a	n/a	n/a	n/a	n/a	n/a	n/a	n/a	n/a	n/a	n/a	n/a	991.780477	n/a
991.877492	0.000000	396751	stimulus_presentation	n/a	154	n/a	n/a	n/a	n/a	n/a	n/a	n/a	n/a	n/a	n/a	n/a	n/a	n/a	n/a	n/a	n/a	n/a	n/a	n/a	991.879977	n/a
991.877492	0.000000	396751	ttl	3	n/a	n/a	n/a	n/a	n/a	n/a	n/a	n/a	n/a	n/a	n/a	n/a	n/a	n/a	n/a	n/a	n/a	n/a	n/a	n/a	991.879977	n/a
993.893116	0.000000	397557	ttl	6	n/a	n/a	n/a	n/a	n/a	n/a	n/a	n/a	n/a	n/a	n/a	n/a	n/a	n/a	n/a	n/a	n/a	n/a	n/a	n/a	993.895601	n/a
996.578021	0.000000	398631	stimulus_presentation	n/a	204	n/a	n/a	n/a	n/a	n/a	n/a	n/a	n/a	n/a	n/a	n/a	n/a	n/a	n/a	n/a	n/a	n/a	n/a	n/a	996.580506	n/a
996.578021	0.000000	398631	ttl	7	n/a	n/a	n/a	n/a	n/a	n/a	n/a	n/a	n/a	n/a	n/a	n/a	n/a	n/a	n/a	n/a	n/a	n/a	n/a	n/a	996.580506	n/a
998.409490	0.000000	399364	ttl	8	n/a	n/a	n/a	n/a	n/a	n/a	n/a	n/a	n/a	n/a	n/a	n/a	n/a	n/a	n/a	n/a	n/a	n/a	n/a	n/a	998.411975	n/a
998.442052	7.341716	399377	sternberg_trial	n/a	n/a	441	0	0	441	1	1	1	999.39438	1001.411755	0.0	0.0	0.0	0.0	998.444537	1001.411755	1004.0610029999999	1005.786253	intervals/trials	102	998.444537	1005.786253
998.442052	0.000000	399377	ttl	11	n/a	n/a	n/a	n/a	n/a	n/a	n/a	n/a	n/a	n/a	n/a	n/a	n/a	n/a	n/a	n/a	n/a	n/a	n/a	n/a	998.444537	n/a
999.391895	0.000000	399757	stimulus_presentation	n/a	211	n/a	n/a	n/a	n/a	n/a	n/a	n/a	n/a	n/a	n/a	n/a	n/a	n/a	n/a	n/a	n/a	n/a	n/a	n/a	999.394380	n/a
999.391895	0.000000	399757	ttl	1	n/a	n/a	n/a	n/a	n/a	n/a	n/a	n/a	n/a	n/a	n/a	n/a	n/a	n/a	n/a	n/a	n/a	n/a	n/a	n/a	999.394380	n/a
999.401895	0.000000	399761	stimulus_presentation	n/a	0	n/a	n/a	n/a	n/a	n/a	n/a	n/a	n/a	n/a	n/a	n/a	n/a	n/a	n/a	n/a	n/a	n/a	n/a	n/a	999.404380	n/a
999.411895	0.000000	399765	stimulus_presentation	n/a	0	n/a	n/a	n/a	n/a	n/a	n/a	n/a	n/a	n/a	n/a	n/a	n/a	n/a	n/a	n/a	n/a	n/a	n/a	n/a	999.414380	n/a
1001.409270	0.000000	400564	ttl	6	n/a	n/a	n/a	n/a	n/a	n/a	n/a	n/a	n/a	n/a	n/a	n/a	n/a	n/a	n/a	n/a	n/a	n/a	n/a	n/a	1001.411755	n/a
1004.058518	0.000000	401623	stimulus_presentation	n/a	211	n/a	n/a	n/a	n/a	n/a	n/a	n/a	n/a	n/a	n/a	n/a	n/a	n/a	n/a	n/a	n/a	n/a	n/a	n/a	1004.061003	n/a
1004.058518	0.000000	401623	ttl	7	n/a	n/a	n/a	n/a	n/a	n/a	n/a	n/a	n/a	n/a	n/a	n/a	n/a	n/a	n/a	n/a	n/a	n/a	n/a	n/a	1004.061003	n/a
1005.783768	0.000000	402314	ttl	8	n/a	n/a	n/a	n/a	n/a	n/a	n/a	n/a	n/a	n/a	n/a	n/a	n/a	n/a	n/a	n/a	n/a	n/a	n/a	n/a	1005.786253	n/a
1005.807080	11.813964	402323	sternberg_trial	n/a	n/a	542	341	442	206	3	0	1	1006.9265019999999	1008.943127	1009.109689	1011.125688	1011.293188	1013.309406	1005.8095649999999	1013.309406	1015.960749	1017.623529	intervals/trials	103	1005.809565	1017.623529
1005.807080	0.000000	402323	ttl	11	n/a	n/a	n/a	n/a	n/a	n/a	n/a	n/a	n/a	n/a	n/a	n/a	n/a	n/a	n/a	n/a	n/a	n/a	n/a	n/a	1005.809565	n/a
1006.924017	0.000000	402770	stimulus_presentation	n/a	267	n/a	n/a	n/a	n/a	n/a	n/a	n/a	n/a	n/a	n/a	n/a	n/a	n/a	n/a	n/a	n/a	n/a	n/a	n/a	1006.926502	n/a
1006.924017	0.000000	402770	ttl	1	n/a	n/a	n/a	n/a	n/a	n/a	n/a	n/a	n/a	n/a	n/a	n/a	n/a	n/a	n/a	n/a	n/a	n/a	n/a	n/a	1006.926502	n/a
1008.940642	0.000000	403576	ttl	5	n/a	n/a	n/a	n/a	n/a	n/a	n/a	n/a	n/a	n/a	n/a	n/a	n/a	n/a	n/a	n/a	n/a	n/a	n/a	n/a	1008.943127	n/a
1009.107204	0.000000	403643	stimulus_presentation	n/a	155	n/a	n/a	n/a	n/a	n/a	n/a	n/a	n/a	n/a	n/a	n/a	n/a	n/a	n/a	n/a	n/a	n/a	n/a	n/a	1009.109689	n/a
1009.107204	0.000000	403643	ttl	2	n/a	n/a	n/a	n/a	n/a	n/a	n/a	n/a	n/a	n/a	n/a	n/a	n/a	n/a	n/a	n/a	n/a	n/a	n/a	n/a	1009.109689	n/a
1011.123203	0.000000	404449	ttl	5	n/a	n/a	n/a	n/a	n/a	n/a	n/a	n/a	n/a	n/a	n/a	n/a	n/a	n/a	n/a	n/a	n/a	n/a	n/a	n/a	1011.125688	n/a
1011.290703	0.000000	404516	stimulus_presentation	n/a	212	n/a	n/a	n/a	n/a	n/a	n/a	n/a	n/a	n/a	n/a	n/a	n/a	n/a	n/a	n/a	n/a	n/a	n/a	n/a	1011.293188	n/a
1011.290703	0.000000	404516	ttl	3	n/a	n/a	n/a	n/a	n/a	n/a	n/a	n/a	n/a	n/a	n/a	n/a	n/a	n/a	n/a	n/a	n/a	n/a	n/a	n/a	1011.293188	n/a
1013.306921	0.000000	405323	ttl	6	n/a	n/a	n/a	n/a	n/a	n/a	n/a	n/a	n/a	n/a	n/a	n/a	n/a	n/a	n/a	n/a	n/a	n/a	n/a	n/a	1013.309406	n/a
1015.958264	0.000000	406383	stimulus_presentation	n/a	63	n/a	n/a	n/a	n/a	n/a	n/a	n/a	n/a	n/a	n/a	n/a	n/a	n/a	n/a	n/a	n/a	n/a	n/a	n/a	1015.960749	n/a
1015.958264	0.000000	406383	ttl	7	n/a	n/a	n/a	n/a	n/a	n/a	n/a	n/a	n/a	n/a	n/a	n/a	n/a	n/a	n/a	n/a	n/a	n/a	n/a	n/a	1015.960749	n/a
1017.621044	0.000000	407048	ttl	8	n/a	n/a	n/a	n/a	n/a	n/a	n/a	n/a	n/a	n/a	n/a	n/a	n/a	n/a	n/a	n/a	n/a	n/a	n/a	n/a	1017.623529	n/a
1017.655263	12.586714	407062	sternberg_trial	n/a	n/a	543	145	443	318	3	0	1	1018.857904	1020.874747	1021.0582149999999	1023.0742459999999	1023.1909959999999	1025.207214	1017.657748	1025.207214	1027.840119	1030.2444619999999	intervals/trials	104	1017.657748	1030.244462
1017.655263	0.000000	407062	ttl	11	n/a	n/a	n/a	n/a	n/a	n/a	n/a	n/a	n/a	n/a	n/a	n/a	n/a	n/a	n/a	n/a	n/a	n/a	n/a	n/a	1017.657748	n/a
1018.855419	0.000000	407542	stimulus_presentation	n/a	268	n/a	n/a	n/a	n/a	n/a	n/a	n/a	n/a	n/a	n/a	n/a	n/a	n/a	n/a	n/a	n/a	n/a	n/a	n/a	1018.857904	n/a
1018.855419	0.000000	407542	ttl	1	n/a	n/a	n/a	n/a	n/a	n/a	n/a	n/a	n/a	n/a	n/a	n/a	n/a	n/a	n/a	n/a	n/a	n/a	n/a	n/a	1018.857904	n/a
1020.872262	0.000000	408349	ttl	5	n/a	n/a	n/a	n/a	n/a	n/a	n/a	n/a	n/a	n/a	n/a	n/a	n/a	n/a	n/a	n/a	n/a	n/a	n/a	n/a	1020.874747	n/a
1021.055730	0.000000	408422	stimulus_presentation	n/a	45	n/a	n/a	n/a	n/a	n/a	n/a	n/a	n/a	n/a	n/a	n/a	n/a	n/a	n/a	n/a	n/a	n/a	n/a	n/a	1021.058215	n/a
1021.055730	0.000000	408422	ttl	2	n/a	n/a	n/a	n/a	n/a	n/a	n/a	n/a	n/a	n/a	n/a	n/a	n/a	n/a	n/a	n/a	n/a	n/a	n/a	n/a	1021.058215	n/a
1023.071761	0.000000	409229	ttl	5	n/a	n/a	n/a	n/a	n/a	n/a	n/a	n/a	n/a	n/a	n/a	n/a	n/a	n/a	n/a	n/a	n/a	n/a	n/a	n/a	1023.074246	n/a
1023.188511	0.000000	409275	stimulus_presentation	n/a	213	n/a	n/a	n/a	n/a	n/a	n/a	n/a	n/a	n/a	n/a	n/a	n/a	n/a	n/a	n/a	n/a	n/a	n/a	n/a	1023.190996	n/a
1023.188511	0.000000	409275	ttl	3	n/a	n/a	n/a	n/a	n/a	n/a	n/a	n/a	n/a	n/a	n/a	n/a	n/a	n/a	n/a	n/a	n/a	n/a	n/a	n/a	1023.190996	n/a
1025.204729	0.000000	410082	ttl	6	n/a	n/a	n/a	n/a	n/a	n/a	n/a	n/a	n/a	n/a	n/a	n/a	n/a	n/a	n/a	n/a	n/a	n/a	n/a	n/a	1025.207214	n/a
1027.837634	0.000000	411135	stimulus_presentation	n/a	132	n/a	n/a	n/a	n/a	n/a	n/a	n/a	n/a	n/a	n/a	n/a	n/a	n/a	n/a	n/a	n/a	n/a	n/a	n/a	1027.840119	n/a
1027.837634	0.000000	411135	ttl	7	n/a	n/a	n/a	n/a	n/a	n/a	n/a	n/a	n/a	n/a	n/a	n/a	n/a	n/a	n/a	n/a	n/a	n/a	n/a	n/a	1027.840119	n/a
1030.241977	0.000000	412097	ttl	8	n/a	n/a	n/a	n/a	n/a	n/a	n/a	n/a	n/a	n/a	n/a	n/a	n/a	n/a	n/a	n/a	n/a	n/a	n/a	n/a	1030.244462	n/a
1030.269289	11.937995	412108	sternberg_trial	n/a	n/a	544	242	444	142	3	0	1	1031.405868	1033.422085	1033.5058669999999	1035.521616	1035.587585	1037.60374	1030.271774	1037.60374	1040.2541139999998	1042.209769	intervals/trials	105	1030.271774	1042.209769
1030.269289	0.000000	412108	ttl	11	n/a	n/a	n/a	n/a	n/a	n/a	n/a	n/a	n/a	n/a	n/a	n/a	n/a	n/a	n/a	n/a	n/a	n/a	n/a	n/a	1030.271774	n/a
1031.403383	0.000000	412561	stimulus_presentation	n/a	269	n/a	n/a	n/a	n/a	n/a	n/a	n/a	n/a	n/a	n/a	n/a	n/a	n/a	n/a	n/a	n/a	n/a	n/a	n/a	1031.405868	n/a
1031.403383	0.000000	412561	ttl	1	n/a	n/a	n/a	n/a	n/a	n/a	n/a	n/a	n/a	n/a	n/a	n/a	n/a	n/a	n/a	n/a	n/a	n/a	n/a	n/a	1031.405868	n/a
1033.419600	0.000000	413368	ttl	5	n/a	n/a	n/a	n/a	n/a	n/a	n/a	n/a	n/a	n/a	n/a	n/a	n/a	n/a	n/a	n/a	n/a	n/a	n/a	n/a	1033.422085	n/a
1033.503382	0.000000	413401	stimulus_presentation	n/a	99	n/a	n/a	n/a	n/a	n/a	n/a	n/a	n/a	n/a	n/a	n/a	n/a	n/a	n/a	n/a	n/a	n/a	n/a	n/a	1033.505867	n/a
1033.503382	0.000000	413401	ttl	2	n/a	n/a	n/a	n/a	n/a	n/a	n/a	n/a	n/a	n/a	n/a	n/a	n/a	n/a	n/a	n/a	n/a	n/a	n/a	n/a	1033.505867	n/a
1035.519131	0.000000	414208	ttl	5	n/a	n/a	n/a	n/a	n/a	n/a	n/a	n/a	n/a	n/a	n/a	n/a	n/a	n/a	n/a	n/a	n/a	n/a	n/a	n/a	1035.521616	n/a
1035.585100	0.000000	414234	stimulus_presentation	n/a	214	n/a	n/a	n/a	n/a	n/a	n/a	n/a	n/a	n/a	n/a	n/a	n/a	n/a	n/a	n/a	n/a	n/a	n/a	n/a	1035.587585	n/a
1035.585100	0.000000	414234	ttl	3	n/a	n/a	n/a	n/a	n/a	n/a	n/a	n/a	n/a	n/a	n/a	n/a	n/a	n/a	n/a	n/a	n/a	n/a	n/a	n/a	1035.587585	n/a
1037.601255	0.000000	415041	ttl	6	n/a	n/a	n/a	n/a	n/a	n/a	n/a	n/a	n/a	n/a	n/a	n/a	n/a	n/a	n/a	n/a	n/a	n/a	n/a	n/a	1037.603740	n/a
1040.251629	0.000000	416101	stimulus_presentation	n/a	42	n/a	n/a	n/a	n/a	n/a	n/a	n/a	n/a	n/a	n/a	n/a	n/a	n/a	n/a	n/a	n/a	n/a	n/a	n/a	1040.254114	n/a
1040.251629	0.000000	416101	ttl	7	n/a	n/a	n/a	n/a	n/a	n/a	n/a	n/a	n/a	n/a	n/a	n/a	n/a	n/a	n/a	n/a	n/a	n/a	n/a	n/a	1040.254114	n/a
1042.207284	0.000000	416883	ttl	8	n/a	n/a	n/a	n/a	n/a	n/a	n/a	n/a	n/a	n/a	n/a	n/a	n/a	n/a	n/a	n/a	n/a	n/a	n/a	n/a	1042.209769	n/a
1042.233784	7.219779	416894	sternberg_trial	n/a	n/a	243	0	0	316	1	0	1	1043.353956	1045.3700179999998	0.0	0.0	0.0	0.0	1042.236269	1045.3700179999998	1048.1019549999999	1049.456048	intervals/trials	106	1042.236269	1049.456048
1042.233784	0.000000	416894	ttl	11	n/a	n/a	n/a	n/a	n/a	n/a	n/a	n/a	n/a	n/a	n/a	n/a	n/a	n/a	n/a	n/a	n/a	n/a	n/a	n/a	1042.236269	n/a
1043.351471	0.000000	417341	stimulus_presentation	n/a	100	n/a	n/a	n/a	n/a	n/a	n/a	n/a	n/a	n/a	n/a	n/a	n/a	n/a	n/a	n/a	n/a	n/a	n/a	n/a	1043.353956	n/a
1043.351471	0.000000	417341	ttl	1	n/a	n/a	n/a	n/a	n/a	n/a	n/a	n/a	n/a	n/a	n/a	n/a	n/a	n/a	n/a	n/a	n/a	n/a	n/a	n/a	1043.353956	n/a
1043.361471	0.000000	417345	stimulus_presentation	n/a	0	n/a	n/a	n/a	n/a	n/a	n/a	n/a	n/a	n/a	n/a	n/a	n/a	n/a	n/a	n/a	n/a	n/a	n/a	n/a	1043.363956	n/a
1043.371471	0.000000	417349	stimulus_presentation	n/a	0	n/a	n/a	n/a	n/a	n/a	n/a	n/a	n/a	n/a	n/a	n/a	n/a	n/a	n/a	n/a	n/a	n/a	n/a	n/a	1043.373956	n/a
1045.367533	0.000000	418147	ttl	6	n/a	n/a	n/a	n/a	n/a	n/a	n/a	n/a	n/a	n/a	n/a	n/a	n/a	n/a	n/a	n/a	n/a	n/a	n/a	n/a	1045.370018	n/a
1048.099470	0.000000	419240	stimulus_presentation	n/a	130	n/a	n/a	n/a	n/a	n/a	n/a	n/a	n/a	n/a	n/a	n/a	n/a	n/a	n/a	n/a	n/a	n/a	n/a	n/a	1048.101955	n/a
1048.099470	0.000000	419240	ttl	7	n/a	n/a	n/a	n/a	n/a	n/a	n/a	n/a	n/a	n/a	n/a	n/a	n/a	n/a	n/a	n/a	n/a	n/a	n/a	n/a	1048.101955	n/a
1049.453563	0.000000	419781	ttl	8	n/a	n/a	n/a	n/a	n/a	n/a	n/a	n/a	n/a	n/a	n/a	n/a	n/a	n/a	n/a	n/a	n/a	n/a	n/a	n/a	1049.456048	n/a
1049.482063	11.312870	419793	sternberg_trial	n/a	n/a	244	146	342	146	3	1	1	1050.451579	1052.4678589999999	1052.5183279999999	1054.535014	1054.685014	1056.7001699999998	1049.484548	1056.7001699999998	1059.4024809999999	1060.7974179999999	intervals/trials	107	1049.484548	1060.797418
1049.482063	0.000000	419793	ttl	11	n/a	n/a	n/a	n/a	n/a	n/a	n/a	n/a	n/a	n/a	n/a	n/a	n/a	n/a	n/a	n/a	n/a	n/a	n/a	n/a	1049.484548	n/a
1050.449094	0.000000	420180	stimulus_presentation	n/a	101	n/a	n/a	n/a	n/a	n/a	n/a	n/a	n/a	n/a	n/a	n/a	n/a	n/a	n/a	n/a	n/a	n/a	n/a	n/a	1050.451579	n/a
1050.449094	0.000000	420180	ttl	1	n/a	n/a	n/a	n/a	n/a	n/a	n/a	n/a	n/a	n/a	n/a	n/a	n/a	n/a	n/a	n/a	n/a	n/a	n/a	n/a	1050.451579	n/a
1052.465374	0.000000	420986	ttl	5	n/a	n/a	n/a	n/a	n/a	n/a	n/a	n/a	n/a	n/a	n/a	n/a	n/a	n/a	n/a	n/a	n/a	n/a	n/a	n/a	1052.467859	n/a
1052.515843	0.000000	421006	stimulus_presentation	n/a	46	n/a	n/a	n/a	n/a	n/a	n/a	n/a	n/a	n/a	n/a	n/a	n/a	n/a	n/a	n/a	n/a	n/a	n/a	n/a	1052.518328	n/a
1052.515843	0.000000	421006	ttl	2	n/a	n/a	n/a	n/a	n/a	n/a	n/a	n/a	n/a	n/a	n/a	n/a	n/a	n/a	n/a	n/a	n/a	n/a	n/a	n/a	1052.518328	n/a
1054.532529	0.000000	421813	ttl	5	n/a	n/a	n/a	n/a	n/a	n/a	n/a	n/a	n/a	n/a	n/a	n/a	n/a	n/a	n/a	n/a	n/a	n/a	n/a	n/a	1054.535014	n/a
1054.682529	0.000000	421873	stimulus_presentation	n/a	156	n/a	n/a	n/a	n/a	n/a	n/a	n/a	n/a	n/a	n/a	n/a	n/a	n/a	n/a	n/a	n/a	n/a	n/a	n/a	1054.685014	n/a
1054.682529	0.000000	421873	ttl	3	n/a	n/a	n/a	n/a	n/a	n/a	n/a	n/a	n/a	n/a	n/a	n/a	n/a	n/a	n/a	n/a	n/a	n/a	n/a	n/a	1054.685014	n/a
1056.697685	0.000000	422679	ttl	6	n/a	n/a	n/a	n/a	n/a	n/a	n/a	n/a	n/a	n/a	n/a	n/a	n/a	n/a	n/a	n/a	n/a	n/a	n/a	n/a	1056.700170	n/a
1059.399996	0.000000	423760	stimulus_presentation	n/a	46	n/a	n/a	n/a	n/a	n/a	n/a	n/a	n/a	n/a	n/a	n/a	n/a	n/a	n/a	n/a	n/a	n/a	n/a	n/a	1059.402481	n/a
1059.399996	0.000000	423760	ttl	7	n/a	n/a	n/a	n/a	n/a	n/a	n/a	n/a	n/a	n/a	n/a	n/a	n/a	n/a	n/a	n/a	n/a	n/a	n/a	n/a	1059.402481	n/a
1060.794933	0.000000	424318	ttl	8	n/a	n/a	n/a	n/a	n/a	n/a	n/a	n/a	n/a	n/a	n/a	n/a	n/a	n/a	n/a	n/a	n/a	n/a	n/a	n/a	1060.797418	n/a
1060.830214	7.274998	424332	sternberg_trial	n/a	n/a	343	0	0	343	1	1	1	1061.967324	1063.9832609999999	0.0	0.0	0.0	0.0	1060.832699	1063.9832609999999	1066.765791	1068.107697	intervals/trials	108	1060.832699	1068.107697
1060.830214	0.000000	424332	ttl	11	n/a	n/a	n/a	n/a	n/a	n/a	n/a	n/a	n/a	n/a	n/a	n/a	n/a	n/a	n/a	n/a	n/a	n/a	n/a	n/a	1060.832699	n/a
1061.964839	0.000000	424786	stimulus_presentation	n/a	157	n/a	n/a	n/a	n/a	n/a	n/a	n/a	n/a	n/a	n/a	n/a	n/a	n/a	n/a	n/a	n/a	n/a	n/a	n/a	1061.967324	n/a
1061.964839	0.000000	424786	ttl	1	n/a	n/a	n/a	n/a	n/a	n/a	n/a	n/a	n/a	n/a	n/a	n/a	n/a	n/a	n/a	n/a	n/a	n/a	n/a	n/a	1061.967324	n/a
1061.974839	0.000000	424790	stimulus_presentation	n/a	0	n/a	n/a	n/a	n/a	n/a	n/a	n/a	n/a	n/a	n/a	n/a	n/a	n/a	n/a	n/a	n/a	n/a	n/a	n/a	1061.977324	n/a
1061.984839	0.000000	424794	stimulus_presentation	n/a	0	n/a	n/a	n/a	n/a	n/a	n/a	n/a	n/a	n/a	n/a	n/a	n/a	n/a	n/a	n/a	n/a	n/a	n/a	n/a	1061.987324	n/a
1063.980776	0.000000	425592	ttl	6	n/a	n/a	n/a	n/a	n/a	n/a	n/a	n/a	n/a	n/a	n/a	n/a	n/a	n/a	n/a	n/a	n/a	n/a	n/a	n/a	1063.983261	n/a
1066.763306	0.000000	426705	stimulus_presentation	n/a	157	n/a	n/a	n/a	n/a	n/a	n/a	n/a	n/a	n/a	n/a	n/a	n/a	n/a	n/a	n/a	n/a	n/a	n/a	n/a	1066.765791	n/a
1066.763306	0.000000	426705	ttl	7	n/a	n/a	n/a	n/a	n/a	n/a	n/a	n/a	n/a	n/a	n/a	n/a	n/a	n/a	n/a	n/a	n/a	n/a	n/a	n/a	1066.765791	n/a
1068.105212	0.000000	427242	ttl	8	n/a	n/a	n/a	n/a	n/a	n/a	n/a	n/a	n/a	n/a	n/a	n/a	n/a	n/a	n/a	n/a	n/a	n/a	n/a	n/a	1068.107697	n/a
1068.128837	12.709432	427252	sternberg_trial	n/a	n/a	445	344	245	127	3	0	1	1069.18204	1071.198383	1071.365226	1073.3814439999999	1073.564788	1075.580912	1068.131322	1075.580912	1078.182411	1080.840754	intervals/trials	109	1068.131322	1080.840754
1068.128837	0.000000	427252	ttl	11	n/a	n/a	n/a	n/a	n/a	n/a	n/a	n/a	n/a	n/a	n/a	n/a	n/a	n/a	n/a	n/a	n/a	n/a	n/a	n/a	1068.131322	n/a
1069.179555	0.000000	427672	stimulus_presentation	n/a	215	n/a	n/a	n/a	n/a	n/a	n/a	n/a	n/a	n/a	n/a	n/a	n/a	n/a	n/a	n/a	n/a	n/a	n/a	n/a	1069.182040	n/a
1069.179555	0.000000	427672	ttl	1	n/a	n/a	n/a	n/a	n/a	n/a	n/a	n/a	n/a	n/a	n/a	n/a	n/a	n/a	n/a	n/a	n/a	n/a	n/a	n/a	1069.182040	n/a
1071.195898	0.000000	428478	ttl	5	n/a	n/a	n/a	n/a	n/a	n/a	n/a	n/a	n/a	n/a	n/a	n/a	n/a	n/a	n/a	n/a	n/a	n/a	n/a	n/a	1071.198383	n/a
1071.362741	0.000000	428545	stimulus_presentation	n/a	158	n/a	n/a	n/a	n/a	n/a	n/a	n/a	n/a	n/a	n/a	n/a	n/a	n/a	n/a	n/a	n/a	n/a	n/a	n/a	1071.365226	n/a
1071.362741	0.000000	428545	ttl	2	n/a	n/a	n/a	n/a	n/a	n/a	n/a	n/a	n/a	n/a	n/a	n/a	n/a	n/a	n/a	n/a	n/a	n/a	n/a	n/a	1071.365226	n/a
1073.378959	0.000000	429352	ttl	5	n/a	n/a	n/a	n/a	n/a	n/a	n/a	n/a	n/a	n/a	n/a	n/a	n/a	n/a	n/a	n/a	n/a	n/a	n/a	n/a	1073.381444	n/a
1073.562303	0.000000	429425	stimulus_presentation	n/a	102	n/a	n/a	n/a	n/a	n/a	n/a	n/a	n/a	n/a	n/a	n/a	n/a	n/a	n/a	n/a	n/a	n/a	n/a	n/a	1073.564788	n/a
1073.562303	0.000000	429425	ttl	3	n/a	n/a	n/a	n/a	n/a	n/a	n/a	n/a	n/a	n/a	n/a	n/a	n/a	n/a	n/a	n/a	n/a	n/a	n/a	n/a	1073.564788	n/a
1075.578427	0.000000	430231	ttl	6	n/a	n/a	n/a	n/a	n/a	n/a	n/a	n/a	n/a	n/a	n/a	n/a	n/a	n/a	n/a	n/a	n/a	n/a	n/a	n/a	1075.580912	n/a
1078.179926	0.000000	431272	stimulus_presentation	n/a	27	n/a	n/a	n/a	n/a	n/a	n/a	n/a	n/a	n/a	n/a	n/a	n/a	n/a	n/a	n/a	n/a	n/a	n/a	n/a	1078.182411	n/a
1078.179926	0.000000	431272	ttl	7	n/a	n/a	n/a	n/a	n/a	n/a	n/a	n/a	n/a	n/a	n/a	n/a	n/a	n/a	n/a	n/a	n/a	n/a	n/a	n/a	1078.182411	n/a
1080.838269	0.000000	432335	ttl	8	n/a	n/a	n/a	n/a	n/a	n/a	n/a	n/a	n/a	n/a	n/a	n/a	n/a	n/a	n/a	n/a	n/a	n/a	n/a	n/a	1080.840754	n/a
1080.859675	13.271495	432344	sternberg_trial	n/a	n/a	147	246	545	545	3	1	1	1081.8955349999999	1083.91219	1083.9960959999999	1086.012377	1086.062127	1088.078626	1080.86216	1088.078626	1090.761937	1094.1336549999999	intervals/trials	110	1080.862160	1094.133655
1080.859675	0.000000	432344	ttl	11	n/a	n/a	n/a	n/a	n/a	n/a	n/a	n/a	n/a	n/a	n/a	n/a	n/a	n/a	n/a	n/a	n/a	n/a	n/a	n/a	1080.862160	n/a
1081.893050	0.000000	432757	stimulus_presentation	n/a	47	n/a	n/a	n/a	n/a	n/a	n/a	n/a	n/a	n/a	n/a	n/a	n/a	n/a	n/a	n/a	n/a	n/a	n/a	n/a	1081.895535	n/a
1081.893050	0.000000	432757	ttl	1	n/a	n/a	n/a	n/a	n/a	n/a	n/a	n/a	n/a	n/a	n/a	n/a	n/a	n/a	n/a	n/a	n/a	n/a	n/a	n/a	1081.895535	n/a
1083.909705	0.000000	433564	ttl	5	n/a	n/a	n/a	n/a	n/a	n/a	n/a	n/a	n/a	n/a	n/a	n/a	n/a	n/a	n/a	n/a	n/a	n/a	n/a	n/a	1083.912190	n/a
1083.993611	0.000000	433597	stimulus_presentation	n/a	103	n/a	n/a	n/a	n/a	n/a	n/a	n/a	n/a	n/a	n/a	n/a	n/a	n/a	n/a	n/a	n/a	n/a	n/a	n/a	1083.996096	n/a
1083.993611	0.000000	433597	ttl	2	n/a	n/a	n/a	n/a	n/a	n/a	n/a	n/a	n/a	n/a	n/a	n/a	n/a	n/a	n/a	n/a	n/a	n/a	n/a	n/a	1083.996096	n/a
1086.009892	0.000000	434404	ttl	5	n/a	n/a	n/a	n/a	n/a	n/a	n/a	n/a	n/a	n/a	n/a	n/a	n/a	n/a	n/a	n/a	n/a	n/a	n/a	n/a	1086.012377	n/a
1086.059642	0.000000	434424	stimulus_presentation	n/a	270	n/a	n/a	n/a	n/a	n/a	n/a	n/a	n/a	n/a	n/a	n/a	n/a	n/a	n/a	n/a	n/a	n/a	n/a	n/a	1086.062127	n/a
1086.059642	0.000000	434424	ttl	3	n/a	n/a	n/a	n/a	n/a	n/a	n/a	n/a	n/a	n/a	n/a	n/a	n/a	n/a	n/a	n/a	n/a	n/a	n/a	n/a	1086.062127	n/a
1088.076141	0.000000	435230	ttl	6	n/a	n/a	n/a	n/a	n/a	n/a	n/a	n/a	n/a	n/a	n/a	n/a	n/a	n/a	n/a	n/a	n/a	n/a	n/a	n/a	1088.078626	n/a
1090.759452	0.000000	436304	stimulus_presentation	n/a	270	n/a	n/a	n/a	n/a	n/a	n/a	n/a	n/a	n/a	n/a	n/a	n/a	n/a	n/a	n/a	n/a	n/a	n/a	n/a	1090.761937	n/a
1090.759452	0.000000	436304	ttl	7	n/a	n/a	n/a	n/a	n/a	n/a	n/a	n/a	n/a	n/a	n/a	n/a	n/a	n/a	n/a	n/a	n/a	n/a	n/a	n/a	1090.761937	n/a
1094.131170	0.000000	437652	ttl	8	n/a	n/a	n/a	n/a	n/a	n/a	n/a	n/a	n/a	n/a	n/a	n/a	n/a	n/a	n/a	n/a	n/a	n/a	n/a	n/a	1094.133655	n/a
1094.157232	13.874745	437663	sternberg_trial	n/a	n/a	446	148	546	337	3	0	1	1095.3106229999999	1097.326904	1097.3602469999998	1099.376121	1099.542903	1101.5591829999998	1094.159717	1101.5591829999998	1104.308307	1108.0344619999998	intervals/trials	111	1094.159717	1108.034462
1094.157232	0.000000	437663	ttl	11	n/a	n/a	n/a	n/a	n/a	n/a	n/a	n/a	n/a	n/a	n/a	n/a	n/a	n/a	n/a	n/a	n/a	n/a	n/a	n/a	1094.159717	n/a
1095.308138	0.000000	438123	stimulus_presentation	n/a	216	n/a	n/a	n/a	n/a	n/a	n/a	n/a	n/a	n/a	n/a	n/a	n/a	n/a	n/a	n/a	n/a	n/a	n/a	n/a	1095.310623	n/a
1095.308138	0.000000	438123	ttl	1	n/a	n/a	n/a	n/a	n/a	n/a	n/a	n/a	n/a	n/a	n/a	n/a	n/a	n/a	n/a	n/a	n/a	n/a	n/a	n/a	1095.310623	n/a
1097.324419	0.000000	438930	ttl	5	n/a	n/a	n/a	n/a	n/a	n/a	n/a	n/a	n/a	n/a	n/a	n/a	n/a	n/a	n/a	n/a	n/a	n/a	n/a	n/a	1097.326904	n/a
1097.357762	0.000000	438943	stimulus_presentation	n/a	48	n/a	n/a	n/a	n/a	n/a	n/a	n/a	n/a	n/a	n/a	n/a	n/a	n/a	n/a	n/a	n/a	n/a	n/a	n/a	1097.360247	n/a
1097.357762	0.000000	438943	ttl	2	n/a	n/a	n/a	n/a	n/a	n/a	n/a	n/a	n/a	n/a	n/a	n/a	n/a	n/a	n/a	n/a	n/a	n/a	n/a	n/a	1097.360247	n/a
1099.373636	0.000000	439749	ttl	5	n/a	n/a	n/a	n/a	n/a	n/a	n/a	n/a	n/a	n/a	n/a	n/a	n/a	n/a	n/a	n/a	n/a	n/a	n/a	n/a	1099.376121	n/a
1099.540418	0.000000	439816	stimulus_presentation	n/a	271	n/a	n/a	n/a	n/a	n/a	n/a	n/a	n/a	n/a	n/a	n/a	n/a	n/a	n/a	n/a	n/a	n/a	n/a	n/a	1099.542903	n/a
1099.540418	0.000000	439816	ttl	3	n/a	n/a	n/a	n/a	n/a	n/a	n/a	n/a	n/a	n/a	n/a	n/a	n/a	n/a	n/a	n/a	n/a	n/a	n/a	n/a	1099.542903	n/a
1101.556698	0.000000	440623	ttl	6	n/a	n/a	n/a	n/a	n/a	n/a	n/a	n/a	n/a	n/a	n/a	n/a	n/a	n/a	n/a	n/a	n/a	n/a	n/a	n/a	1101.559183	n/a
1104.305822	0.000000	441722	stimulus_presentation	n/a	151	n/a	n/a	n/a	n/a	n/a	n/a	n/a	n/a	n/a	n/a	n/a	n/a	n/a	n/a	n/a	n/a	n/a	n/a	n/a	1104.308307	n/a
1104.305822	0.000000	441722	ttl	7	n/a	n/a	n/a	n/a	n/a	n/a	n/a	n/a	n/a	n/a	n/a	n/a	n/a	n/a	n/a	n/a	n/a	n/a	n/a	n/a	1104.308307	n/a
1108.031977	0.000000	443213	ttl	8	n/a	n/a	n/a	n/a	n/a	n/a	n/a	n/a	n/a	n/a	n/a	n/a	n/a	n/a	n/a	n/a	n/a	n/a	n/a	n/a	1108.034462	n/a
1108.054633	6.855622	443222	sternberg_trial	n/a	n/a	149	0	0	149	1	1	1	1109.107555	1111.124398	0.0	0.0	0.0	0.0	1108.057118	1111.124398	1113.706709	1114.91274	intervals/trials	112	1108.057118	1114.912740
1108.054633	0.000000	443222	ttl	11	n/a	n/a	n/a	n/a	n/a	n/a	n/a	n/a	n/a	n/a	n/a	n/a	n/a	n/a	n/a	n/a	n/a	n/a	n/a	n/a	1108.057118	n/a
1109.105070	0.000000	443642	stimulus_presentation	n/a	49	n/a	n/a	n/a	n/a	n/a	n/a	n/a	n/a	n/a	n/a	n/a	n/a	n/a	n/a	n/a	n/a	n/a	n/a	n/a	1109.107555	n/a
1109.105070	0.000000	443642	ttl	1	n/a	n/a	n/a	n/a	n/a	n/a	n/a	n/a	n/a	n/a	n/a	n/a	n/a	n/a	n/a	n/a	n/a	n/a	n/a	n/a	1109.107555	n/a
1109.115070	0.000000	443646	stimulus_presentation	n/a	0	n/a	n/a	n/a	n/a	n/a	n/a	n/a	n/a	n/a	n/a	n/a	n/a	n/a	n/a	n/a	n/a	n/a	n/a	n/a	1109.117555	n/a
1109.125070	0.000000	443650	stimulus_presentation	n/a	0	n/a	n/a	n/a	n/a	n/a	n/a	n/a	n/a	n/a	n/a	n/a	n/a	n/a	n/a	n/a	n/a	n/a	n/a	n/a	1109.127555	n/a
1111.121913	0.000000	444449	ttl	6	n/a	n/a	n/a	n/a	n/a	n/a	n/a	n/a	n/a	n/a	n/a	n/a	n/a	n/a	n/a	n/a	n/a	n/a	n/a	n/a	1111.124398	n/a
1113.704224	0.000000	445482	stimulus_presentation	n/a	49	n/a	n/a	n/a	n/a	n/a	n/a	n/a	n/a	n/a	n/a	n/a	n/a	n/a	n/a	n/a	n/a	n/a	n/a	n/a	1113.706709	n/a
1113.704224	0.000000	445482	ttl	7	n/a	n/a	n/a	n/a	n/a	n/a	n/a	n/a	n/a	n/a	n/a	n/a	n/a	n/a	n/a	n/a	n/a	n/a	n/a	n/a	1113.706709	n/a
1114.910255	0.000000	445964	ttl	8	n/a	n/a	n/a	n/a	n/a	n/a	n/a	n/a	n/a	n/a	n/a	n/a	n/a	n/a	n/a	n/a	n/a	n/a	n/a	n/a	1114.912740	n/a
1114.936630	12.082870	445975	sternberg_trial	n/a	n/a	150	547	345	444	3	0	1	1115.922396	1117.940427	1117.972395	1119.989363	1120.088519	1122.1053	1114.939115	1122.1053	1124.755361	1127.0219849999999	intervals/trials	113	1114.939115	1127.021985
1114.936630	0.000000	445975	ttl	11	n/a	n/a	n/a	n/a	n/a	n/a	n/a	n/a	n/a	n/a	n/a	n/a	n/a	n/a	n/a	n/a	n/a	n/a	n/a	n/a	1114.939115	n/a
1115.919911	0.000000	446368	stimulus_presentation	n/a	50	n/a	n/a	n/a	n/a	n/a	n/a	n/a	n/a	n/a	n/a	n/a	n/a	n/a	n/a	n/a	n/a	n/a	n/a	n/a	1115.922396	n/a
1115.919911	0.000000	446368	ttl	1	n/a	n/a	n/a	n/a	n/a	n/a	n/a	n/a	n/a	n/a	n/a	n/a	n/a	n/a	n/a	n/a	n/a	n/a	n/a	n/a	1115.922396	n/a
1117.937942	0.000000	447175	ttl	5	n/a	n/a	n/a	n/a	n/a	n/a	n/a	n/a	n/a	n/a	n/a	n/a	n/a	n/a	n/a	n/a	n/a	n/a	n/a	n/a	1117.940427	n/a
1117.969910	0.000000	447188	stimulus_presentation	n/a	272	n/a	n/a	n/a	n/a	n/a	n/a	n/a	n/a	n/a	n/a	n/a	n/a	n/a	n/a	n/a	n/a	n/a	n/a	n/a	1117.972395	n/a
1117.969910	0.000000	447188	ttl	2	n/a	n/a	n/a	n/a	n/a	n/a	n/a	n/a	n/a	n/a	n/a	n/a	n/a	n/a	n/a	n/a	n/a	n/a	n/a	n/a	1117.972395	n/a
1119.986878	0.000000	447995	ttl	5	n/a	n/a	n/a	n/a	n/a	n/a	n/a	n/a	n/a	n/a	n/a	n/a	n/a	n/a	n/a	n/a	n/a	n/a	n/a	n/a	1119.989363	n/a
1120.086034	0.000000	448034	stimulus_presentation	n/a	159	n/a	n/a	n/a	n/a	n/a	n/a	n/a	n/a	n/a	n/a	n/a	n/a	n/a	n/a	n/a	n/a	n/a	n/a	n/a	1120.088519	n/a
1120.086034	0.000000	448034	ttl	3	n/a	n/a	n/a	n/a	n/a	n/a	n/a	n/a	n/a	n/a	n/a	n/a	n/a	n/a	n/a	n/a	n/a	n/a	n/a	n/a	1120.088519	n/a
1122.102815	0.000000	448841	ttl	6	n/a	n/a	n/a	n/a	n/a	n/a	n/a	n/a	n/a	n/a	n/a	n/a	n/a	n/a	n/a	n/a	n/a	n/a	n/a	n/a	1122.105300	n/a
1124.752876	0.000000	449901	stimulus_presentation	n/a	214	n/a	n/a	n/a	n/a	n/a	n/a	n/a	n/a	n/a	n/a	n/a	n/a	n/a	n/a	n/a	n/a	n/a	n/a	n/a	1124.755361	n/a
1124.752876	0.000000	449901	ttl	7	n/a	n/a	n/a	n/a	n/a	n/a	n/a	n/a	n/a	n/a	n/a	n/a	n/a	n/a	n/a	n/a	n/a	n/a	n/a	n/a	1124.755361	n/a
1127.019500	0.000000	450808	ttl	8	n/a	n/a	n/a	n/a	n/a	n/a	n/a	n/a	n/a	n/a	n/a	n/a	n/a	n/a	n/a	n/a	n/a	n/a	n/a	n/a	1127.021985	n/a
1127.051125	12.317495	450820	sternberg_trial	n/a	n/a	151	346	548	446	3	0	1	1128.054235	1130.0707029999999	1130.187109	1132.203702	1132.2367649999999	1134.253389	1127.05361	1134.253389	1137.052794	1139.371105	intervals/trials	114	1127.053610	1139.371105
1127.051125	0.000000	450820	ttl	11	n/a	n/a	n/a	n/a	n/a	n/a	n/a	n/a	n/a	n/a	n/a	n/a	n/a	n/a	n/a	n/a	n/a	n/a	n/a	n/a	1127.053610	n/a
1128.051750	0.000000	451221	stimulus_presentation	n/a	51	n/a	n/a	n/a	n/a	n/a	n/a	n/a	n/a	n/a	n/a	n/a	n/a	n/a	n/a	n/a	n/a	n/a	n/a	n/a	1128.054235	n/a
1128.051750	0.000000	451221	ttl	1	n/a	n/a	n/a	n/a	n/a	n/a	n/a	n/a	n/a	n/a	n/a	n/a	n/a	n/a	n/a	n/a	n/a	n/a	n/a	n/a	1128.054235	n/a
1130.068218	0.000000	452027	ttl	5	n/a	n/a	n/a	n/a	n/a	n/a	n/a	n/a	n/a	n/a	n/a	n/a	n/a	n/a	n/a	n/a	n/a	n/a	n/a	n/a	1130.070703	n/a
1130.184624	0.000000	452074	stimulus_presentation	n/a	160	n/a	n/a	n/a	n/a	n/a	n/a	n/a	n/a	n/a	n/a	n/a	n/a	n/a	n/a	n/a	n/a	n/a	n/a	n/a	1130.187109	n/a
1130.184624	0.000000	452074	ttl	2	n/a	n/a	n/a	n/a	n/a	n/a	n/a	n/a	n/a	n/a	n/a	n/a	n/a	n/a	n/a	n/a	n/a	n/a	n/a	n/a	1130.187109	n/a
1132.201217	0.000000	452880	ttl	5	n/a	n/a	n/a	n/a	n/a	n/a	n/a	n/a	n/a	n/a	n/a	n/a	n/a	n/a	n/a	n/a	n/a	n/a	n/a	n/a	1132.203702	n/a
1132.234280	0.000000	452894	stimulus_presentation	n/a	273	n/a	n/a	n/a	n/a	n/a	n/a	n/a	n/a	n/a	n/a	n/a	n/a	n/a	n/a	n/a	n/a	n/a	n/a	n/a	1132.236765	n/a
1132.234280	0.000000	452894	ttl	3	n/a	n/a	n/a	n/a	n/a	n/a	n/a	n/a	n/a	n/a	n/a	n/a	n/a	n/a	n/a	n/a	n/a	n/a	n/a	n/a	1132.236765	n/a
1134.250904	0.000000	453700	ttl	6	n/a	n/a	n/a	n/a	n/a	n/a	n/a	n/a	n/a	n/a	n/a	n/a	n/a	n/a	n/a	n/a	n/a	n/a	n/a	n/a	1134.253389	n/a
1137.050309	0.000000	454820	stimulus_presentation	n/a	216	n/a	n/a	n/a	n/a	n/a	n/a	n/a	n/a	n/a	n/a	n/a	n/a	n/a	n/a	n/a	n/a	n/a	n/a	n/a	1137.052794	n/a
1137.050309	0.000000	454820	ttl	7	n/a	n/a	n/a	n/a	n/a	n/a	n/a	n/a	n/a	n/a	n/a	n/a	n/a	n/a	n/a	n/a	n/a	n/a	n/a	n/a	1137.052794	n/a
1139.368620	0.000000	455747	ttl	8	n/a	n/a	n/a	n/a	n/a	n/a	n/a	n/a	n/a	n/a	n/a	n/a	n/a	n/a	n/a	n/a	n/a	n/a	n/a	n/a	1139.371105	n/a
1139.398683	12.559026	455759	sternberg_trial	n/a	n/a	447	347	247	447	3	1	1	1140.401543	1142.417729	1142.434292	1144.451166	1144.567572	1146.584415	1139.4011679999999	1146.584415	1149.3329139999998	1151.960194	intervals/trials	115	1139.401168	1151.960194
1139.398683	0.000000	455759	ttl	11	n/a	n/a	n/a	n/a	n/a	n/a	n/a	n/a	n/a	n/a	n/a	n/a	n/a	n/a	n/a	n/a	n/a	n/a	n/a	n/a	1139.401168	n/a
1140.399058	0.000000	456160	stimulus_presentation	n/a	217	n/a	n/a	n/a	n/a	n/a	n/a	n/a	n/a	n/a	n/a	n/a	n/a	n/a	n/a	n/a	n/a	n/a	n/a	n/a	1140.401543	n/a
1140.399058	0.000000	456160	ttl	1	n/a	n/a	n/a	n/a	n/a	n/a	n/a	n/a	n/a	n/a	n/a	n/a	n/a	n/a	n/a	n/a	n/a	n/a	n/a	n/a	1140.401543	n/a
1142.415244	0.000000	456966	ttl	5	n/a	n/a	n/a	n/a	n/a	n/a	n/a	n/a	n/a	n/a	n/a	n/a	n/a	n/a	n/a	n/a	n/a	n/a	n/a	n/a	1142.417729	n/a
1142.431807	0.000000	456973	stimulus_presentation	n/a	161	n/a	n/a	n/a	n/a	n/a	n/a	n/a	n/a	n/a	n/a	n/a	n/a	n/a	n/a	n/a	n/a	n/a	n/a	n/a	1142.434292	n/a
1142.431807	0.000000	456973	ttl	2	n/a	n/a	n/a	n/a	n/a	n/a	n/a	n/a	n/a	n/a	n/a	n/a	n/a	n/a	n/a	n/a	n/a	n/a	n/a	n/a	1142.434292	n/a
1144.448681	0.000000	457779	ttl	5	n/a	n/a	n/a	n/a	n/a	n/a	n/a	n/a	n/a	n/a	n/a	n/a	n/a	n/a	n/a	n/a	n/a	n/a	n/a	n/a	1144.451166	n/a
1144.565087	0.000000	457826	stimulus_presentation	n/a	104	n/a	n/a	n/a	n/a	n/a	n/a	n/a	n/a	n/a	n/a	n/a	n/a	n/a	n/a	n/a	n/a	n/a	n/a	n/a	1144.567572	n/a
1144.565087	0.000000	457826	ttl	3	n/a	n/a	n/a	n/a	n/a	n/a	n/a	n/a	n/a	n/a	n/a	n/a	n/a	n/a	n/a	n/a	n/a	n/a	n/a	n/a	1144.567572	n/a
1146.581930	0.000000	458633	ttl	6	n/a	n/a	n/a	n/a	n/a	n/a	n/a	n/a	n/a	n/a	n/a	n/a	n/a	n/a	n/a	n/a	n/a	n/a	n/a	n/a	1146.584415	n/a
1149.330429	0.000000	459732	stimulus_presentation	n/a	217	n/a	n/a	n/a	n/a	n/a	n/a	n/a	n/a	n/a	n/a	n/a	n/a	n/a	n/a	n/a	n/a	n/a	n/a	n/a	1149.332914	n/a
1149.330429	0.000000	459732	ttl	7	n/a	n/a	n/a	n/a	n/a	n/a	n/a	n/a	n/a	n/a	n/a	n/a	n/a	n/a	n/a	n/a	n/a	n/a	n/a	n/a	1149.332914	n/a
1151.957709	0.000000	460783	ttl	8	n/a	n/a	n/a	n/a	n/a	n/a	n/a	n/a	n/a	n/a	n/a	n/a	n/a	n/a	n/a	n/a	n/a	n/a	n/a	n/a	1151.960194	n/a
1151.979522	20.741366	460792	sternberg_trial	n/a	n/a	549	448	348	119	3	0	1	1153.0832249999999	1155.09838	1155.29888	1157.314504	1157.431098	1159.448379	1151.9820069999998	1159.448379	1162.097221	1172.723373	intervals/trials	116	1151.982007	1172.723373
1151.979522	0.000000	460792	ttl	11	n/a	n/a	n/a	n/a	n/a	n/a	n/a	n/a	n/a	n/a	n/a	n/a	n/a	n/a	n/a	n/a	n/a	n/a	n/a	n/a	1151.982007	n/a
1153.080740	0.000000	461232	stimulus_presentation	n/a	274	n/a	n/a	n/a	n/a	n/a	n/a	n/a	n/a	n/a	n/a	n/a	n/a	n/a	n/a	n/a	n/a	n/a	n/a	n/a	1153.083225	n/a
1153.080740	0.000000	461232	ttl	1	n/a	n/a	n/a	n/a	n/a	n/a	n/a	n/a	n/a	n/a	n/a	n/a	n/a	n/a	n/a	n/a	n/a	n/a	n/a	n/a	1153.083225	n/a
1155.095895	0.000000	462038	ttl	5	n/a	n/a	n/a	n/a	n/a	n/a	n/a	n/a	n/a	n/a	n/a	n/a	n/a	n/a	n/a	n/a	n/a	n/a	n/a	n/a	1155.098380	n/a
1155.296395	0.000000	462119	stimulus_presentation	n/a	218	n/a	n/a	n/a	n/a	n/a	n/a	n/a	n/a	n/a	n/a	n/a	n/a	n/a	n/a	n/a	n/a	n/a	n/a	n/a	1155.298880	n/a
1155.296395	0.000000	462119	ttl	2	n/a	n/a	n/a	n/a	n/a	n/a	n/a	n/a	n/a	n/a	n/a	n/a	n/a	n/a	n/a	n/a	n/a	n/a	n/a	n/a	1155.298880	n/a
1157.312019	0.000000	462925	ttl	5	n/a	n/a	n/a	n/a	n/a	n/a	n/a	n/a	n/a	n/a	n/a	n/a	n/a	n/a	n/a	n/a	n/a	n/a	n/a	n/a	1157.314504	n/a
1157.428613	0.000000	462971	stimulus_presentation	n/a	162	n/a	n/a	n/a	n/a	n/a	n/a	n/a	n/a	n/a	n/a	n/a	n/a	n/a	n/a	n/a	n/a	n/a	n/a	n/a	1157.431098	n/a
1157.428613	0.000000	462971	ttl	3	n/a	n/a	n/a	n/a	n/a	n/a	n/a	n/a	n/a	n/a	n/a	n/a	n/a	n/a	n/a	n/a	n/a	n/a	n/a	n/a	1157.431098	n/a
1159.445894	0.000000	463778	ttl	6	n/a	n/a	n/a	n/a	n/a	n/a	n/a	n/a	n/a	n/a	n/a	n/a	n/a	n/a	n/a	n/a	n/a	n/a	n/a	n/a	1159.448379	n/a
1162.094736	0.000000	464838	stimulus_presentation	n/a	19	n/a	n/a	n/a	n/a	n/a	n/a	n/a	n/a	n/a	n/a	n/a	n/a	n/a	n/a	n/a	n/a	n/a	n/a	n/a	1162.097221	n/a
1162.094736	0.000000	464838	ttl	7	n/a	n/a	n/a	n/a	n/a	n/a	n/a	n/a	n/a	n/a	n/a	n/a	n/a	n/a	n/a	n/a	n/a	n/a	n/a	n/a	1162.097221	n/a
1172.720888	0.000000	469088	ttl	8	n/a	n/a	n/a	n/a	n/a	n/a	n/a	n/a	n/a	n/a	n/a	n/a	n/a	n/a	n/a	n/a	n/a	n/a	n/a	n/a	1172.723373	n/a
1172.742295	6.297122	469097	sternberg_trial	n/a	n/a	248	0	0	248	1	1	1	1173.862404	1175.878684	0.0	0.0	0.0	0.0	1172.74478	1175.878684	1178.427496	1179.041902	intervals/trials	117	1172.744780	1179.041902
1172.742295	0.000000	469097	ttl	11	n/a	n/a	n/a	n/a	n/a	n/a	n/a	n/a	n/a	n/a	n/a	n/a	n/a	n/a	n/a	n/a	n/a	n/a	n/a	n/a	1172.744780	n/a
1173.859919	0.000000	469544	stimulus_presentation	n/a	105	n/a	n/a	n/a	n/a	n/a	n/a	n/a	n/a	n/a	n/a	n/a	n/a	n/a	n/a	n/a	n/a	n/a	n/a	n/a	1173.862404	n/a
1173.859919	0.000000	469544	ttl	1	n/a	n/a	n/a	n/a	n/a	n/a	n/a	n/a	n/a	n/a	n/a	n/a	n/a	n/a	n/a	n/a	n/a	n/a	n/a	n/a	1173.862404	n/a
1173.869919	0.000000	469548	stimulus_presentation	n/a	0	n/a	n/a	n/a	n/a	n/a	n/a	n/a	n/a	n/a	n/a	n/a	n/a	n/a	n/a	n/a	n/a	n/a	n/a	n/a	1173.872404	n/a
1173.879919	0.000000	469552	stimulus_presentation	n/a	0	n/a	n/a	n/a	n/a	n/a	n/a	n/a	n/a	n/a	n/a	n/a	n/a	n/a	n/a	n/a	n/a	n/a	n/a	n/a	1173.882404	n/a
1175.876199	0.000000	470350	ttl	6	n/a	n/a	n/a	n/a	n/a	n/a	n/a	n/a	n/a	n/a	n/a	n/a	n/a	n/a	n/a	n/a	n/a	n/a	n/a	n/a	1175.878684	n/a
1178.425011	0.000000	471370	stimulus_presentation	n/a	105	n/a	n/a	n/a	n/a	n/a	n/a	n/a	n/a	n/a	n/a	n/a	n/a	n/a	n/a	n/a	n/a	n/a	n/a	n/a	1178.427496	n/a
1178.425011	0.000000	471370	ttl	7	n/a	n/a	n/a	n/a	n/a	n/a	n/a	n/a	n/a	n/a	n/a	n/a	n/a	n/a	n/a	n/a	n/a	n/a	n/a	n/a	1178.427496	n/a
1179.039417	0.000000	471616	ttl	8	n/a	n/a	n/a	n/a	n/a	n/a	n/a	n/a	n/a	n/a	n/a	n/a	n/a	n/a	n/a	n/a	n/a	n/a	n/a	n/a	1179.041902	n/a
1179.074417	6.683435	471630	sternberg_trial	n/a	n/a	550	0	0	245	1	0	1	1180.177933	1182.1944939999998	0.0	0.0	0.0	0.0	1179.076902	1182.1944939999998	1184.9610249999998	1185.760337	intervals/trials	118	1179.076902	1185.760337
1179.074417	0.000000	471630	ttl	11	n/a	n/a	n/a	n/a	n/a	n/a	n/a	n/a	n/a	n/a	n/a	n/a	n/a	n/a	n/a	n/a	n/a	n/a	n/a	n/a	1179.076902	n/a
1180.175448	0.000000	472070	stimulus_presentation	n/a	275	n/a	n/a	n/a	n/a	n/a	n/a	n/a	n/a	n/a	n/a	n/a	n/a	n/a	n/a	n/a	n/a	n/a	n/a	n/a	1180.177933	n/a
1180.175448	0.000000	472070	ttl	1	n/a	n/a	n/a	n/a	n/a	n/a	n/a	n/a	n/a	n/a	n/a	n/a	n/a	n/a	n/a	n/a	n/a	n/a	n/a	n/a	1180.177933	n/a
1180.185448	0.000000	472074	stimulus_presentation	n/a	0	n/a	n/a	n/a	n/a	n/a	n/a	n/a	n/a	n/a	n/a	n/a	n/a	n/a	n/a	n/a	n/a	n/a	n/a	n/a	1180.187933	n/a
1180.195448	0.000000	472078	stimulus_presentation	n/a	0	n/a	n/a	n/a	n/a	n/a	n/a	n/a	n/a	n/a	n/a	n/a	n/a	n/a	n/a	n/a	n/a	n/a	n/a	n/a	1180.197933	n/a
1182.192009	0.000000	472877	ttl	6	n/a	n/a	n/a	n/a	n/a	n/a	n/a	n/a	n/a	n/a	n/a	n/a	n/a	n/a	n/a	n/a	n/a	n/a	n/a	n/a	1182.194494	n/a
1184.958540	0.000000	473983	stimulus_presentation	n/a	102	n/a	n/a	n/a	n/a	n/a	n/a	n/a	n/a	n/a	n/a	n/a	n/a	n/a	n/a	n/a	n/a	n/a	n/a	n/a	1184.961025	n/a
1184.958540	0.000000	473983	ttl	7	n/a	n/a	n/a	n/a	n/a	n/a	n/a	n/a	n/a	n/a	n/a	n/a	n/a	n/a	n/a	n/a	n/a	n/a	n/a	n/a	1184.961025	n/a
1185.757852	0.000000	474303	ttl	8	n/a	n/a	n/a	n/a	n/a	n/a	n/a	n/a	n/a	n/a	n/a	n/a	n/a	n/a	n/a	n/a	n/a	n/a	n/a	n/a	1185.760337	n/a
1185.789789	11.597371	474316	sternberg_trial	n/a	n/a	249	551	152	249	3	1	1	1186.876649	1188.893054	1189.026179	1191.042491	1191.141835	1193.157771	1185.792274	1193.157771	1195.7911769999998	1197.389645	intervals/trials	119	1185.792274	1197.389645
1185.789789	0.000000	474316	ttl	11	n/a	n/a	n/a	n/a	n/a	n/a	n/a	n/a	n/a	n/a	n/a	n/a	n/a	n/a	n/a	n/a	n/a	n/a	n/a	n/a	1185.792274	n/a
1186.874164	0.000000	474750	stimulus_presentation	n/a	106	n/a	n/a	n/a	n/a	n/a	n/a	n/a	n/a	n/a	n/a	n/a	n/a	n/a	n/a	n/a	n/a	n/a	n/a	n/a	1186.876649	n/a
1186.874164	0.000000	474750	ttl	1	n/a	n/a	n/a	n/a	n/a	n/a	n/a	n/a	n/a	n/a	n/a	n/a	n/a	n/a	n/a	n/a	n/a	n/a	n/a	n/a	1186.876649	n/a
1188.890569	0.000000	475556	ttl	5	n/a	n/a	n/a	n/a	n/a	n/a	n/a	n/a	n/a	n/a	n/a	n/a	n/a	n/a	n/a	n/a	n/a	n/a	n/a	n/a	1188.893054	n/a
1189.023694	0.000000	475609	stimulus_presentation	n/a	276	n/a	n/a	n/a	n/a	n/a	n/a	n/a	n/a	n/a	n/a	n/a	n/a	n/a	n/a	n/a	n/a	n/a	n/a	n/a	1189.026179	n/a
1189.023694	0.000000	475609	ttl	2	n/a	n/a	n/a	n/a	n/a	n/a	n/a	n/a	n/a	n/a	n/a	n/a	n/a	n/a	n/a	n/a	n/a	n/a	n/a	n/a	1189.026179	n/a
1191.040006	0.000000	476416	ttl	5	n/a	n/a	n/a	n/a	n/a	n/a	n/a	n/a	n/a	n/a	n/a	n/a	n/a	n/a	n/a	n/a	n/a	n/a	n/a	n/a	1191.042491	n/a
1191.139350	0.000000	476456	stimulus_presentation	n/a	52	n/a	n/a	n/a	n/a	n/a	n/a	n/a	n/a	n/a	n/a	n/a	n/a	n/a	n/a	n/a	n/a	n/a	n/a	n/a	1191.141835	n/a
1191.139350	0.000000	476456	ttl	3	n/a	n/a	n/a	n/a	n/a	n/a	n/a	n/a	n/a	n/a	n/a	n/a	n/a	n/a	n/a	n/a	n/a	n/a	n/a	n/a	1191.141835	n/a
1193.155286	0.000000	477262	ttl	6	n/a	n/a	n/a	n/a	n/a	n/a	n/a	n/a	n/a	n/a	n/a	n/a	n/a	n/a	n/a	n/a	n/a	n/a	n/a	n/a	1193.157771	n/a
1195.788692	0.000000	478315	stimulus_presentation	n/a	106	n/a	n/a	n/a	n/a	n/a	n/a	n/a	n/a	n/a	n/a	n/a	n/a	n/a	n/a	n/a	n/a	n/a	n/a	n/a	1195.791177	n/a
1195.788692	0.000000	478315	ttl	7	n/a	n/a	n/a	n/a	n/a	n/a	n/a	n/a	n/a	n/a	n/a	n/a	n/a	n/a	n/a	n/a	n/a	n/a	n/a	n/a	1195.791177	n/a
1197.387160	0.000000	478955	ttl	8	n/a	n/a	n/a	n/a	n/a	n/a	n/a	n/a	n/a	n/a	n/a	n/a	n/a	n/a	n/a	n/a	n/a	n/a	n/a	n/a	1197.389645	n/a
1197.437535	6.620091	478975	sternberg_trial	n/a	n/a	449	0	0	449	1	1	1	1198.573394	1200.589706	0.0	0.0	0.0	0.0	1197.44002	1200.589706	1203.156049	1204.060111	intervals/trials	120	1197.440020	1204.060111
1197.437535	0.000000	478975	ttl	11	n/a	n/a	n/a	n/a	n/a	n/a	n/a	n/a	n/a	n/a	n/a	n/a	n/a	n/a	n/a	n/a	n/a	n/a	n/a	n/a	1197.440020	n/a
1198.570909	0.000000	479428	stimulus_presentation	n/a	219	n/a	n/a	n/a	n/a	n/a	n/a	n/a	n/a	n/a	n/a	n/a	n/a	n/a	n/a	n/a	n/a	n/a	n/a	n/a	1198.573394	n/a
1198.570909	0.000000	479428	ttl	1	n/a	n/a	n/a	n/a	n/a	n/a	n/a	n/a	n/a	n/a	n/a	n/a	n/a	n/a	n/a	n/a	n/a	n/a	n/a	n/a	1198.573394	n/a
1198.580909	0.000000	479432	stimulus_presentation	n/a	0	n/a	n/a	n/a	n/a	n/a	n/a	n/a	n/a	n/a	n/a	n/a	n/a	n/a	n/a	n/a	n/a	n/a	n/a	n/a	1198.583394	n/a
1198.590909	0.000000	479436	stimulus_presentation	n/a	0	n/a	n/a	n/a	n/a	n/a	n/a	n/a	n/a	n/a	n/a	n/a	n/a	n/a	n/a	n/a	n/a	n/a	n/a	n/a	1198.593394	n/a
1200.587221	0.000000	480235	ttl	6	n/a	n/a	n/a	n/a	n/a	n/a	n/a	n/a	n/a	n/a	n/a	n/a	n/a	n/a	n/a	n/a	n/a	n/a	n/a	n/a	1200.589706	n/a
1203.153564	0.000000	481261	stimulus_presentation	n/a	219	n/a	n/a	n/a	n/a	n/a	n/a	n/a	n/a	n/a	n/a	n/a	n/a	n/a	n/a	n/a	n/a	n/a	n/a	n/a	1203.156049	n/a
1203.153564	0.000000	481261	ttl	7	n/a	n/a	n/a	n/a	n/a	n/a	n/a	n/a	n/a	n/a	n/a	n/a	n/a	n/a	n/a	n/a	n/a	n/a	n/a	n/a	1203.156049	n/a
1204.057626	0.000000	481623	ttl	8	n/a	n/a	n/a	n/a	n/a	n/a	n/a	n/a	n/a	n/a	n/a	n/a	n/a	n/a	n/a	n/a	n/a	n/a	n/a	n/a	1204.060111	n/a
1204.086313	6.577810	481635	sternberg_trial	n/a	n/a	450	0	0	450	1	1	1	1205.2565479999998	1207.272391	0.0	0.0	0.0	0.0	1204.088798	1207.272391	1210.038171	1210.666608	intervals/trials	121	1204.088798	1210.666608
1204.086313	0.000000	481635	ttl	11	n/a	n/a	n/a	n/a	n/a	n/a	n/a	n/a	n/a	n/a	n/a	n/a	n/a	n/a	n/a	n/a	n/a	n/a	n/a	n/a	1204.088798	n/a
1205.254063	0.000000	482102	stimulus_presentation	n/a	220	n/a	n/a	n/a	n/a	n/a	n/a	n/a	n/a	n/a	n/a	n/a	n/a	n/a	n/a	n/a	n/a	n/a	n/a	n/a	1205.256548	n/a
1205.254063	0.000000	482102	ttl	1	n/a	n/a	n/a	n/a	n/a	n/a	n/a	n/a	n/a	n/a	n/a	n/a	n/a	n/a	n/a	n/a	n/a	n/a	n/a	n/a	1205.256548	n/a
1205.264063	0.000000	482106	stimulus_presentation	n/a	0	n/a	n/a	n/a	n/a	n/a	n/a	n/a	n/a	n/a	n/a	n/a	n/a	n/a	n/a	n/a	n/a	n/a	n/a	n/a	1205.266548	n/a
1205.274063	0.000000	482110	stimulus_presentation	n/a	0	n/a	n/a	n/a	n/a	n/a	n/a	n/a	n/a	n/a	n/a	n/a	n/a	n/a	n/a	n/a	n/a	n/a	n/a	n/a	1205.276548	n/a
1207.269906	0.000000	482908	ttl	6	n/a	n/a	n/a	n/a	n/a	n/a	n/a	n/a	n/a	n/a	n/a	n/a	n/a	n/a	n/a	n/a	n/a	n/a	n/a	n/a	1207.272391	n/a
1210.035686	0.000000	484014	stimulus_presentation	n/a	220	n/a	n/a	n/a	n/a	n/a	n/a	n/a	n/a	n/a	n/a	n/a	n/a	n/a	n/a	n/a	n/a	n/a	n/a	n/a	1210.038171	n/a
1210.035686	0.000000	484014	ttl	7	n/a	n/a	n/a	n/a	n/a	n/a	n/a	n/a	n/a	n/a	n/a	n/a	n/a	n/a	n/a	n/a	n/a	n/a	n/a	n/a	1210.038171	n/a
1210.664123	0.000000	484266	ttl	8	n/a	n/a	n/a	n/a	n/a	n/a	n/a	n/a	n/a	n/a	n/a	n/a	n/a	n/a	n/a	n/a	n/a	n/a	n/a	n/a	1210.666608	n/a
1210.685061	10.920433	484274	sternberg_trial	n/a	n/a	153	349	451	153	3	1	1	1211.63792	1213.653826	1213.8203879999999	1215.8366369999999	1216.0374809999998	1218.0538549999999	1210.6875459999999	1218.0538549999999	1220.7528849999999	1221.607979	intervals/trials	122	1210.687546	1221.607979
1210.685061	0.000000	484274	ttl	11	n/a	n/a	n/a	n/a	n/a	n/a	n/a	n/a	n/a	n/a	n/a	n/a	n/a	n/a	n/a	n/a	n/a	n/a	n/a	n/a	1210.687546	n/a
1211.635435	0.000000	484654	stimulus_presentation	n/a	53	n/a	n/a	n/a	n/a	n/a	n/a	n/a	n/a	n/a	n/a	n/a	n/a	n/a	n/a	n/a	n/a	n/a	n/a	n/a	1211.637920	n/a
1211.635435	0.000000	484654	ttl	1	n/a	n/a	n/a	n/a	n/a	n/a	n/a	n/a	n/a	n/a	n/a	n/a	n/a	n/a	n/a	n/a	n/a	n/a	n/a	n/a	1211.637920	n/a
1213.651341	0.000000	485461	ttl	5	n/a	n/a	n/a	n/a	n/a	n/a	n/a	n/a	n/a	n/a	n/a	n/a	n/a	n/a	n/a	n/a	n/a	n/a	n/a	n/a	1213.653826	n/a
1213.817903	0.000000	485527	stimulus_presentation	n/a	163	n/a	n/a	n/a	n/a	n/a	n/a	n/a	n/a	n/a	n/a	n/a	n/a	n/a	n/a	n/a	n/a	n/a	n/a	n/a	1213.820388	n/a
1213.817903	0.000000	485527	ttl	2	n/a	n/a	n/a	n/a	n/a	n/a	n/a	n/a	n/a	n/a	n/a	n/a	n/a	n/a	n/a	n/a	n/a	n/a	n/a	n/a	1213.820388	n/a
1215.834152	0.000000	486334	ttl	5	n/a	n/a	n/a	n/a	n/a	n/a	n/a	n/a	n/a	n/a	n/a	n/a	n/a	n/a	n/a	n/a	n/a	n/a	n/a	n/a	1215.836637	n/a
1216.034996	0.000000	486414	stimulus_presentation	n/a	221	n/a	n/a	n/a	n/a	n/a	n/a	n/a	n/a	n/a	n/a	n/a	n/a	n/a	n/a	n/a	n/a	n/a	n/a	n/a	1216.037481	n/a
1216.034996	0.000000	486414	ttl	3	n/a	n/a	n/a	n/a	n/a	n/a	n/a	n/a	n/a	n/a	n/a	n/a	n/a	n/a	n/a	n/a	n/a	n/a	n/a	n/a	1216.037481	n/a
1218.051370	0.000000	487221	ttl	6	n/a	n/a	n/a	n/a	n/a	n/a	n/a	n/a	n/a	n/a	n/a	n/a	n/a	n/a	n/a	n/a	n/a	n/a	n/a	n/a	1218.053855	n/a
1220.750400	0.000000	488300	stimulus_presentation	n/a	53	n/a	n/a	n/a	n/a	n/a	n/a	n/a	n/a	n/a	n/a	n/a	n/a	n/a	n/a	n/a	n/a	n/a	n/a	n/a	1220.752885	n/a
1220.750400	0.000000	488300	ttl	7	n/a	n/a	n/a	n/a	n/a	n/a	n/a	n/a	n/a	n/a	n/a	n/a	n/a	n/a	n/a	n/a	n/a	n/a	n/a	n/a	1220.752885	n/a
1221.605494	0.000000	488642	ttl	8	n/a	n/a	n/a	n/a	n/a	n/a	n/a	n/a	n/a	n/a	n/a	n/a	n/a	n/a	n/a	n/a	n/a	n/a	n/a	n/a	1221.607979	n/a
1221.632994	7.682778	488653	sternberg_trial	n/a	n/a	452	0	0	242	1	0	1	1222.603322	1224.61854	0.0	0.0	0.0	0.0	1221.635479	1224.61854	1227.335945	1229.318257	intervals/trials	123	1221.635479	1229.318257
1221.632994	0.000000	488653	ttl	11	n/a	n/a	n/a	n/a	n/a	n/a	n/a	n/a	n/a	n/a	n/a	n/a	n/a	n/a	n/a	n/a	n/a	n/a	n/a	n/a	1221.635479	n/a
1222.600837	0.000000	489040	stimulus_presentation	n/a	222	n/a	n/a	n/a	n/a	n/a	n/a	n/a	n/a	n/a	n/a	n/a	n/a	n/a	n/a	n/a	n/a	n/a	n/a	n/a	1222.603322	n/a
1222.600837	0.000000	489040	ttl	1	n/a	n/a	n/a	n/a	n/a	n/a	n/a	n/a	n/a	n/a	n/a	n/a	n/a	n/a	n/a	n/a	n/a	n/a	n/a	n/a	1222.603322	n/a
1222.610837	0.000000	489044	stimulus_presentation	n/a	0	n/a	n/a	n/a	n/a	n/a	n/a	n/a	n/a	n/a	n/a	n/a	n/a	n/a	n/a	n/a	n/a	n/a	n/a	n/a	1222.613322	n/a
1222.620837	0.000000	489048	stimulus_presentation	n/a	0	n/a	n/a	n/a	n/a	n/a	n/a	n/a	n/a	n/a	n/a	n/a	n/a	n/a	n/a	n/a	n/a	n/a	n/a	n/a	1222.623322	n/a
1224.616055	0.000000	489846	ttl	6	n/a	n/a	n/a	n/a	n/a	n/a	n/a	n/a	n/a	n/a	n/a	n/a	n/a	n/a	n/a	n/a	n/a	n/a	n/a	n/a	1224.618540	n/a
1227.333460	0.000000	490933	stimulus_presentation	n/a	99	n/a	n/a	n/a	n/a	n/a	n/a	n/a	n/a	n/a	n/a	n/a	n/a	n/a	n/a	n/a	n/a	n/a	n/a	n/a	1227.335945	n/a
1227.333460	0.000000	490933	ttl	7	n/a	n/a	n/a	n/a	n/a	n/a	n/a	n/a	n/a	n/a	n/a	n/a	n/a	n/a	n/a	n/a	n/a	n/a	n/a	n/a	1227.335945	n/a
1229.315772	0.000000	491726	ttl	8	n/a	n/a	n/a	n/a	n/a	n/a	n/a	n/a	n/a	n/a	n/a	n/a	n/a	n/a	n/a	n/a	n/a	n/a	n/a	n/a	1229.318257	n/a
1229.348334	6.717810	491739	sternberg_trial	n/a	n/a	154	0	0	528	1	0	1	1230.468881	1232.484818	0.0	0.0	0.0	0.0	1229.350819	1232.484818	1235.202161	1236.0686289999999	intervals/trials	124	1229.350819	1236.068629
1229.348334	0.000000	491739	ttl	11	n/a	n/a	n/a	n/a	n/a	n/a	n/a	n/a	n/a	n/a	n/a	n/a	n/a	n/a	n/a	n/a	n/a	n/a	n/a	n/a	1229.350819	n/a
1230.466396	0.000000	492187	stimulus_presentation	n/a	54	n/a	n/a	n/a	n/a	n/a	n/a	n/a	n/a	n/a	n/a	n/a	n/a	n/a	n/a	n/a	n/a	n/a	n/a	n/a	1230.468881	n/a
1230.466396	0.000000	492187	ttl	1	n/a	n/a	n/a	n/a	n/a	n/a	n/a	n/a	n/a	n/a	n/a	n/a	n/a	n/a	n/a	n/a	n/a	n/a	n/a	n/a	1230.468881	n/a
1230.476396	0.000000	492191	stimulus_presentation	n/a	0	n/a	n/a	n/a	n/a	n/a	n/a	n/a	n/a	n/a	n/a	n/a	n/a	n/a	n/a	n/a	n/a	n/a	n/a	n/a	1230.478881	n/a
1230.486396	0.000000	492195	stimulus_presentation	n/a	0	n/a	n/a	n/a	n/a	n/a	n/a	n/a	n/a	n/a	n/a	n/a	n/a	n/a	n/a	n/a	n/a	n/a	n/a	n/a	1230.488881	n/a
1232.482333	0.000000	492993	ttl	6	n/a	n/a	n/a	n/a	n/a	n/a	n/a	n/a	n/a	n/a	n/a	n/a	n/a	n/a	n/a	n/a	n/a	n/a	n/a	n/a	1232.484818	n/a
1235.199676	0.000000	494080	stimulus_presentation	n/a	253	n/a	n/a	n/a	n/a	n/a	n/a	n/a	n/a	n/a	n/a	n/a	n/a	n/a	n/a	n/a	n/a	n/a	n/a	n/a	1235.202161	n/a
1235.199676	0.000000	494080	ttl	7	n/a	n/a	n/a	n/a	n/a	n/a	n/a	n/a	n/a	n/a	n/a	n/a	n/a	n/a	n/a	n/a	n/a	n/a	n/a	n/a	1235.202161	n/a
1236.066144	0.000000	494426	ttl	8	n/a	n/a	n/a	n/a	n/a	n/a	n/a	n/a	n/a	n/a	n/a	n/a	n/a	n/a	n/a	n/a	n/a	n/a	n/a	n/a	1236.068629	n/a
1236.097082	7.231403	494439	sternberg_trial	n/a	n/a	350	0	0	350	1	1	1	1237.28316	1239.300722	0.0	0.0	0.0	0.0	1236.099567	1239.300722	1241.900283	1243.33097	intervals/trials	125	1236.099567	1243.330970
1236.097082	0.000000	494439	ttl	11	n/a	n/a	n/a	n/a	n/a	n/a	n/a	n/a	n/a	n/a	n/a	n/a	n/a	n/a	n/a	n/a	n/a	n/a	n/a	n/a	1236.099567	n/a
1237.280675	0.000000	494912	stimulus_presentation	n/a	164	n/a	n/a	n/a	n/a	n/a	n/a	n/a	n/a	n/a	n/a	n/a	n/a	n/a	n/a	n/a	n/a	n/a	n/a	n/a	1237.283160	n/a
1237.280675	0.000000	494912	ttl	1	n/a	n/a	n/a	n/a	n/a	n/a	n/a	n/a	n/a	n/a	n/a	n/a	n/a	n/a	n/a	n/a	n/a	n/a	n/a	n/a	1237.283160	n/a
1237.290675	0.000000	494916	stimulus_presentation	n/a	0	n/a	n/a	n/a	n/a	n/a	n/a	n/a	n/a	n/a	n/a	n/a	n/a	n/a	n/a	n/a	n/a	n/a	n/a	n/a	1237.293160	n/a
1237.300675	0.000000	494920	stimulus_presentation	n/a	0	n/a	n/a	n/a	n/a	n/a	n/a	n/a	n/a	n/a	n/a	n/a	n/a	n/a	n/a	n/a	n/a	n/a	n/a	n/a	1237.303160	n/a
1239.298237	0.000000	495719	ttl	6	n/a	n/a	n/a	n/a	n/a	n/a	n/a	n/a	n/a	n/a	n/a	n/a	n/a	n/a	n/a	n/a	n/a	n/a	n/a	n/a	1239.300722	n/a
1241.897798	0.000000	496759	stimulus_presentation	n/a	164	n/a	n/a	n/a	n/a	n/a	n/a	n/a	n/a	n/a	n/a	n/a	n/a	n/a	n/a	n/a	n/a	n/a	n/a	n/a	1241.900283	n/a
1241.897798	0.000000	496759	ttl	7	n/a	n/a	n/a	n/a	n/a	n/a	n/a	n/a	n/a	n/a	n/a	n/a	n/a	n/a	n/a	n/a	n/a	n/a	n/a	n/a	1241.900283	n/a
1243.328485	0.000000	497331	ttl	8	n/a	n/a	n/a	n/a	n/a	n/a	n/a	n/a	n/a	n/a	n/a	n/a	n/a	n/a	n/a	n/a	n/a	n/a	n/a	n/a	1243.330970	n/a
1243.362204	8.540246	497345	sternberg_trial	n/a	n/a	351	0	0	351	1	1	1	1244.481751	1246.4985	0.0	0.0	0.0	0.0	1243.364689	1246.4985	1249.230936	1251.904935	intervals/trials	126	1243.364689	1251.904935
1243.362204	0.000000	497345	ttl	11	n/a	n/a	n/a	n/a	n/a	n/a	n/a	n/a	n/a	n/a	n/a	n/a	n/a	n/a	n/a	n/a	n/a	n/a	n/a	n/a	1243.364689	n/a
1244.479266	0.000000	497792	stimulus_presentation	n/a	165	n/a	n/a	n/a	n/a	n/a	n/a	n/a	n/a	n/a	n/a	n/a	n/a	n/a	n/a	n/a	n/a	n/a	n/a	n/a	1244.481751	n/a
1244.479266	0.000000	497792	ttl	1	n/a	n/a	n/a	n/a	n/a	n/a	n/a	n/a	n/a	n/a	n/a	n/a	n/a	n/a	n/a	n/a	n/a	n/a	n/a	n/a	1244.481751	n/a
1244.489266	0.000000	497796	stimulus_presentation	n/a	0	n/a	n/a	n/a	n/a	n/a	n/a	n/a	n/a	n/a	n/a	n/a	n/a	n/a	n/a	n/a	n/a	n/a	n/a	n/a	1244.491751	n/a
1244.499266	0.000000	497800	stimulus_presentation	n/a	0	n/a	n/a	n/a	n/a	n/a	n/a	n/a	n/a	n/a	n/a	n/a	n/a	n/a	n/a	n/a	n/a	n/a	n/a	n/a	1244.501751	n/a
1246.496015	0.000000	498598	ttl	6	n/a	n/a	n/a	n/a	n/a	n/a	n/a	n/a	n/a	n/a	n/a	n/a	n/a	n/a	n/a	n/a	n/a	n/a	n/a	n/a	1246.498500	n/a
1249.228451	0.000000	499691	stimulus_presentation	n/a	165	n/a	n/a	n/a	n/a	n/a	n/a	n/a	n/a	n/a	n/a	n/a	n/a	n/a	n/a	n/a	n/a	n/a	n/a	n/a	1249.230936	n/a
1249.228451	0.000000	499691	ttl	7	n/a	n/a	n/a	n/a	n/a	n/a	n/a	n/a	n/a	n/a	n/a	n/a	n/a	n/a	n/a	n/a	n/a	n/a	n/a	n/a	1249.230936	n/a
1251.902450	0.000000	500761	ttl	8	n/a	n/a	n/a	n/a	n/a	n/a	n/a	n/a	n/a	n/a	n/a	n/a	n/a	n/a	n/a	n/a	n/a	n/a	n/a	n/a	1251.904935	n/a
1251.927231	9.253122	500771	sternberg_trial	n/a	n/a	155	0	0	551	1	0	1	1253.030872	1255.046903	0.0	0.0	0.0	0.0	1251.9297159999999	1255.046903	1257.680652	1261.182838	intervals/trials	127	1251.929716	1261.182838
1251.927231	0.000000	500771	ttl	11	n/a	n/a	n/a	n/a	n/a	n/a	n/a	n/a	n/a	n/a	n/a	n/a	n/a	n/a	n/a	n/a	n/a	n/a	n/a	n/a	1251.929716	n/a
1253.028387	0.000000	501211	stimulus_presentation	n/a	55	n/a	n/a	n/a	n/a	n/a	n/a	n/a	n/a	n/a	n/a	n/a	n/a	n/a	n/a	n/a	n/a	n/a	n/a	n/a	1253.030872	n/a
1253.028387	0.000000	501211	ttl	1	n/a	n/a	n/a	n/a	n/a	n/a	n/a	n/a	n/a	n/a	n/a	n/a	n/a	n/a	n/a	n/a	n/a	n/a	n/a	n/a	1253.030872	n/a
1253.038387	0.000000	501215	stimulus_presentation	n/a	0	n/a	n/a	n/a	n/a	n/a	n/a	n/a	n/a	n/a	n/a	n/a	n/a	n/a	n/a	n/a	n/a	n/a	n/a	n/a	1253.040872	n/a
1253.048387	0.000000	501219	stimulus_presentation	n/a	0	n/a	n/a	n/a	n/a	n/a	n/a	n/a	n/a	n/a	n/a	n/a	n/a	n/a	n/a	n/a	n/a	n/a	n/a	n/a	1253.050872	n/a
1255.044418	0.000000	502018	ttl	6	n/a	n/a	n/a	n/a	n/a	n/a	n/a	n/a	n/a	n/a	n/a	n/a	n/a	n/a	n/a	n/a	n/a	n/a	n/a	n/a	1255.046903	n/a
1257.678167	0.000000	503071	stimulus_presentation	n/a	276	n/a	n/a	n/a	n/a	n/a	n/a	n/a	n/a	n/a	n/a	n/a	n/a	n/a	n/a	n/a	n/a	n/a	n/a	n/a	1257.680652	n/a
1257.678167	0.000000	503071	ttl	7	n/a	n/a	n/a	n/a	n/a	n/a	n/a	n/a	n/a	n/a	n/a	n/a	n/a	n/a	n/a	n/a	n/a	n/a	n/a	n/a	1257.680652	n/a
1261.180353	0.000000	504472	ttl	8	n/a	n/a	n/a	n/a	n/a	n/a	n/a	n/a	n/a	n/a	n/a	n/a	n/a	n/a	n/a	n/a	n/a	n/a	n/a	n/a	1261.182838	n/a
1261.208790	10.944965	504484	sternberg_trial	n/a	n/a	250	552	453	335	3	0	1	1262.277775	1264.294118	1264.411243	1266.427992	1266.4781169999999	1268.493772	1261.211275	1268.493772	1271.194334	1272.15624	intervals/trials	128	1261.211275	1272.156240
1261.208790	0.000000	504484	ttl	11	n/a	n/a	n/a	n/a	n/a	n/a	n/a	n/a	n/a	n/a	n/a	n/a	n/a	n/a	n/a	n/a	n/a	n/a	n/a	n/a	1261.211275	n/a
1262.275290	0.000000	504910	stimulus_presentation	n/a	107	n/a	n/a	n/a	n/a	n/a	n/a	n/a	n/a	n/a	n/a	n/a	n/a	n/a	n/a	n/a	n/a	n/a	n/a	n/a	1262.277775	n/a
1262.275290	0.000000	504910	ttl	1	n/a	n/a	n/a	n/a	n/a	n/a	n/a	n/a	n/a	n/a	n/a	n/a	n/a	n/a	n/a	n/a	n/a	n/a	n/a	n/a	1262.277775	n/a
1264.291633	0.000000	505717	ttl	5	n/a	n/a	n/a	n/a	n/a	n/a	n/a	n/a	n/a	n/a	n/a	n/a	n/a	n/a	n/a	n/a	n/a	n/a	n/a	n/a	1264.294118	n/a
1264.408758	0.000000	505764	stimulus_presentation	n/a	277	n/a	n/a	n/a	n/a	n/a	n/a	n/a	n/a	n/a	n/a	n/a	n/a	n/a	n/a	n/a	n/a	n/a	n/a	n/a	1264.411243	n/a
1264.408758	0.000000	505764	ttl	2	n/a	n/a	n/a	n/a	n/a	n/a	n/a	n/a	n/a	n/a	n/a	n/a	n/a	n/a	n/a	n/a	n/a	n/a	n/a	n/a	1264.411243	n/a
1266.425507	0.000000	506570	ttl	5	n/a	n/a	n/a	n/a	n/a	n/a	n/a	n/a	n/a	n/a	n/a	n/a	n/a	n/a	n/a	n/a	n/a	n/a	n/a	n/a	1266.427992	n/a
1266.475632	0.000000	506590	stimulus_presentation	n/a	223	n/a	n/a	n/a	n/a	n/a	n/a	n/a	n/a	n/a	n/a	n/a	n/a	n/a	n/a	n/a	n/a	n/a	n/a	n/a	1266.478117	n/a
1266.475632	0.000000	506590	ttl	3	n/a	n/a	n/a	n/a	n/a	n/a	n/a	n/a	n/a	n/a	n/a	n/a	n/a	n/a	n/a	n/a	n/a	n/a	n/a	n/a	1266.478117	n/a
1268.491287	0.000000	507397	ttl	6	n/a	n/a	n/a	n/a	n/a	n/a	n/a	n/a	n/a	n/a	n/a	n/a	n/a	n/a	n/a	n/a	n/a	n/a	n/a	n/a	1268.493772	n/a
1271.191849	0.000000	508477	stimulus_presentation	n/a	149	n/a	n/a	n/a	n/a	n/a	n/a	n/a	n/a	n/a	n/a	n/a	n/a	n/a	n/a	n/a	n/a	n/a	n/a	n/a	1271.194334	n/a
1271.191849	0.000000	508477	ttl	7	n/a	n/a	n/a	n/a	n/a	n/a	n/a	n/a	n/a	n/a	n/a	n/a	n/a	n/a	n/a	n/a	n/a	n/a	n/a	n/a	1271.194334	n/a
1272.153755	0.000000	508862	ttl	8	n/a	n/a	n/a	n/a	n/a	n/a	n/a	n/a	n/a	n/a	n/a	n/a	n/a	n/a	n/a	n/a	n/a	n/a	n/a	n/a	1272.156240	n/a
1272.173567	8.074278	508869	sternberg_trial	n/a	n/a	352	0	0	352	1	1	1	1273.24327	1275.259863	0.0	0.0	0.0	0.0	1272.176052	1275.259863	1277.87555	1280.2503299999998	intervals/trials	129	1272.176052	1280.250330
1272.173567	0.000000	508869	ttl	11	n/a	n/a	n/a	n/a	n/a	n/a	n/a	n/a	n/a	n/a	n/a	n/a	n/a	n/a	n/a	n/a	n/a	n/a	n/a	n/a	1272.176052	n/a
1273.240785	0.000000	509296	stimulus_presentation	n/a	166	n/a	n/a	n/a	n/a	n/a	n/a	n/a	n/a	n/a	n/a	n/a	n/a	n/a	n/a	n/a	n/a	n/a	n/a	n/a	1273.243270	n/a
1273.240785	0.000000	509296	ttl	1	n/a	n/a	n/a	n/a	n/a	n/a	n/a	n/a	n/a	n/a	n/a	n/a	n/a	n/a	n/a	n/a	n/a	n/a	n/a	n/a	1273.243270	n/a
1273.250785	0.000000	509300	stimulus_presentation	n/a	0	n/a	n/a	n/a	n/a	n/a	n/a	n/a	n/a	n/a	n/a	n/a	n/a	n/a	n/a	n/a	n/a	n/a	n/a	n/a	1273.253270	n/a
1273.260785	0.000000	509304	stimulus_presentation	n/a	0	n/a	n/a	n/a	n/a	n/a	n/a	n/a	n/a	n/a	n/a	n/a	n/a	n/a	n/a	n/a	n/a	n/a	n/a	n/a	1273.263270	n/a
1275.257378	0.000000	510103	ttl	6	n/a	n/a	n/a	n/a	n/a	n/a	n/a	n/a	n/a	n/a	n/a	n/a	n/a	n/a	n/a	n/a	n/a	n/a	n/a	n/a	1275.259863	n/a
1277.873065	0.000000	511149	stimulus_presentation	n/a	166	n/a	n/a	n/a	n/a	n/a	n/a	n/a	n/a	n/a	n/a	n/a	n/a	n/a	n/a	n/a	n/a	n/a	n/a	n/a	1277.875550	n/a
1277.873065	0.000000	511149	ttl	7	n/a	n/a	n/a	n/a	n/a	n/a	n/a	n/a	n/a	n/a	n/a	n/a	n/a	n/a	n/a	n/a	n/a	n/a	n/a	n/a	1277.875550	n/a
1280.247845	0.000000	512099	ttl	8	n/a	n/a	n/a	n/a	n/a	n/a	n/a	n/a	n/a	n/a	n/a	n/a	n/a	n/a	n/a	n/a	n/a	n/a	n/a	n/a	1280.250330	n/a
1280.271783	7.366372	512109	sternberg_trial	n/a	n/a	251	0	0	428	1	0	1	1281.374861	1283.391766	0.0	0.0	0.0	0.0	1280.274268	1283.391766	1286.058922	1287.6406399999998	intervals/trials	130	1280.274268	1287.640640
1280.271783	0.000000	512109	ttl	11	n/a	n/a	n/a	n/a	n/a	n/a	n/a	n/a	n/a	n/a	n/a	n/a	n/a	n/a	n/a	n/a	n/a	n/a	n/a	n/a	1280.274268	n/a
1281.372376	0.000000	512549	stimulus_presentation	n/a	108	n/a	n/a	n/a	n/a	n/a	n/a	n/a	n/a	n/a	n/a	n/a	n/a	n/a	n/a	n/a	n/a	n/a	n/a	n/a	1281.374861	n/a
1281.372376	0.000000	512549	ttl	1	n/a	n/a	n/a	n/a	n/a	n/a	n/a	n/a	n/a	n/a	n/a	n/a	n/a	n/a	n/a	n/a	n/a	n/a	n/a	n/a	1281.374861	n/a
1281.382376	0.000000	512553	stimulus_presentation	n/a	0	n/a	n/a	n/a	n/a	n/a	n/a	n/a	n/a	n/a	n/a	n/a	n/a	n/a	n/a	n/a	n/a	n/a	n/a	n/a	1281.384861	n/a
1281.392376	0.000000	512557	stimulus_presentation	n/a	0	n/a	n/a	n/a	n/a	n/a	n/a	n/a	n/a	n/a	n/a	n/a	n/a	n/a	n/a	n/a	n/a	n/a	n/a	n/a	1281.394861	n/a
1283.389281	0.000000	513356	ttl	6	n/a	n/a	n/a	n/a	n/a	n/a	n/a	n/a	n/a	n/a	n/a	n/a	n/a	n/a	n/a	n/a	n/a	n/a	n/a	n/a	1283.391766	n/a
1286.056437	0.000000	514423	stimulus_presentation	n/a	198	n/a	n/a	n/a	n/a	n/a	n/a	n/a	n/a	n/a	n/a	n/a	n/a	n/a	n/a	n/a	n/a	n/a	n/a	n/a	1286.058922	n/a
1286.056437	0.000000	514423	ttl	7	n/a	n/a	n/a	n/a	n/a	n/a	n/a	n/a	n/a	n/a	n/a	n/a	n/a	n/a	n/a	n/a	n/a	n/a	n/a	n/a	1286.058922	n/a
1287.638155	0.000000	515055	ttl	8	n/a	n/a	n/a	n/a	n/a	n/a	n/a	n/a	n/a	n/a	n/a	n/a	n/a	n/a	n/a	n/a	n/a	n/a	n/a	n/a	1287.640640	n/a
1287.670405	11.165120	515068	sternberg_trial	n/a	n/a	454	252	353	538	3	0	1	1288.7906389999998	1290.8057629999998	1290.9734509999998	1292.9896059999999	1293.0898869999999	1295.105355	1287.67289	1295.105355	1297.789323	1298.83801	intervals/trials	131	1287.672890	1298.838010
1287.670405	0.000000	515068	ttl	11	n/a	n/a	n/a	n/a	n/a	n/a	n/a	n/a	n/a	n/a	n/a	n/a	n/a	n/a	n/a	n/a	n/a	n/a	n/a	n/a	1287.672890	n/a
1288.788154	0.000000	515515	stimulus_presentation	n/a	224	n/a	n/a	n/a	n/a	n/a	n/a	n/a	n/a	n/a	n/a	n/a	n/a	n/a	n/a	n/a	n/a	n/a	n/a	n/a	1288.790639	n/a
1288.788154	0.000000	515515	ttl	1	n/a	n/a	n/a	n/a	n/a	n/a	n/a	n/a	n/a	n/a	n/a	n/a	n/a	n/a	n/a	n/a	n/a	n/a	n/a	n/a	1288.790639	n/a
1290.803278	0.000000	516321	ttl	5	n/a	n/a	n/a	n/a	n/a	n/a	n/a	n/a	n/a	n/a	n/a	n/a	n/a	n/a	n/a	n/a	n/a	n/a	n/a	n/a	1290.805763	n/a
1290.970966	0.000000	516388	stimulus_presentation	n/a	109	n/a	n/a	n/a	n/a	n/a	n/a	n/a	n/a	n/a	n/a	n/a	n/a	n/a	n/a	n/a	n/a	n/a	n/a	n/a	1290.973451	n/a
1290.970966	0.000000	516388	ttl	2	n/a	n/a	n/a	n/a	n/a	n/a	n/a	n/a	n/a	n/a	n/a	n/a	n/a	n/a	n/a	n/a	n/a	n/a	n/a	n/a	1290.973451	n/a
1292.987121	0.000000	517195	ttl	5	n/a	n/a	n/a	n/a	n/a	n/a	n/a	n/a	n/a	n/a	n/a	n/a	n/a	n/a	n/a	n/a	n/a	n/a	n/a	n/a	1292.989606	n/a
1293.087402	0.000000	517235	stimulus_presentation	n/a	167	n/a	n/a	n/a	n/a	n/a	n/a	n/a	n/a	n/a	n/a	n/a	n/a	n/a	n/a	n/a	n/a	n/a	n/a	n/a	1293.089887	n/a
1293.087402	0.000000	517235	ttl	3	n/a	n/a	n/a	n/a	n/a	n/a	n/a	n/a	n/a	n/a	n/a	n/a	n/a	n/a	n/a	n/a	n/a	n/a	n/a	n/a	1293.089887	n/a
1295.102870	0.000000	518041	ttl	6	n/a	n/a	n/a	n/a	n/a	n/a	n/a	n/a	n/a	n/a	n/a	n/a	n/a	n/a	n/a	n/a	n/a	n/a	n/a	n/a	1295.105355	n/a
1297.786838	0.000000	519115	stimulus_presentation	n/a	263	n/a	n/a	n/a	n/a	n/a	n/a	n/a	n/a	n/a	n/a	n/a	n/a	n/a	n/a	n/a	n/a	n/a	n/a	n/a	1297.789323	n/a
1297.786838	0.000000	519115	ttl	7	n/a	n/a	n/a	n/a	n/a	n/a	n/a	n/a	n/a	n/a	n/a	n/a	n/a	n/a	n/a	n/a	n/a	n/a	n/a	n/a	1297.789323	n/a
1298.835525	0.000000	519534	ttl	8	n/a	n/a	n/a	n/a	n/a	n/a	n/a	n/a	n/a	n/a	n/a	n/a	n/a	n/a	n/a	n/a	n/a	n/a	n/a	n/a	1298.838010	n/a
1298.868213	10.268964	519547	sternberg_trial	n/a	n/a	354	0	0	536	1	0	1	1299.854416	1301.870478	0.0	0.0	0.0	0.0	1298.870698	1301.870478	1304.6210389999999	1309.139662	intervals/trials	132	1298.870698	1309.139662
1298.868213	0.000000	519547	ttl	11	n/a	n/a	n/a	n/a	n/a	n/a	n/a	n/a	n/a	n/a	n/a	n/a	n/a	n/a	n/a	n/a	n/a	n/a	n/a	n/a	1298.870698	n/a
1299.851931	0.000000	519941	stimulus_presentation	n/a	168	n/a	n/a	n/a	n/a	n/a	n/a	n/a	n/a	n/a	n/a	n/a	n/a	n/a	n/a	n/a	n/a	n/a	n/a	n/a	1299.854416	n/a
1299.851931	0.000000	519941	ttl	1	n/a	n/a	n/a	n/a	n/a	n/a	n/a	n/a	n/a	n/a	n/a	n/a	n/a	n/a	n/a	n/a	n/a	n/a	n/a	n/a	1299.854416	n/a
1299.861931	0.000000	519945	stimulus_presentation	n/a	0	n/a	n/a	n/a	n/a	n/a	n/a	n/a	n/a	n/a	n/a	n/a	n/a	n/a	n/a	n/a	n/a	n/a	n/a	n/a	1299.864416	n/a
1299.871931	0.000000	519949	stimulus_presentation	n/a	0	n/a	n/a	n/a	n/a	n/a	n/a	n/a	n/a	n/a	n/a	n/a	n/a	n/a	n/a	n/a	n/a	n/a	n/a	n/a	1299.874416	n/a
1301.867993	0.000000	520747	ttl	6	n/a	n/a	n/a	n/a	n/a	n/a	n/a	n/a	n/a	n/a	n/a	n/a	n/a	n/a	n/a	n/a	n/a	n/a	n/a	n/a	1301.870478	n/a
1304.618554	0.000000	521847	stimulus_presentation	n/a	261	n/a	n/a	n/a	n/a	n/a	n/a	n/a	n/a	n/a	n/a	n/a	n/a	n/a	n/a	n/a	n/a	n/a	n/a	n/a	1304.621039	n/a
1304.618554	0.000000	521847	ttl	7	n/a	n/a	n/a	n/a	n/a	n/a	n/a	n/a	n/a	n/a	n/a	n/a	n/a	n/a	n/a	n/a	n/a	n/a	n/a	n/a	1304.621039	n/a
1309.137177	0.000000	523655	ttl	8	n/a	n/a	n/a	n/a	n/a	n/a	n/a	n/a	n/a	n/a	n/a	n/a	n/a	n/a	n/a	n/a	n/a	n/a	n/a	n/a	1309.139662	n/a
1309.166427	7.200997	523667	sternberg_trial	n/a	n/a	355	0	0	216	1	0	1	1310.185818	1312.202536	0.0	0.0	0.0	0.0	1309.1689119999999	1312.202536	1314.81816	1316.369909	intervals/trials	133	1309.168912	1316.369909
1309.166427	0.000000	523667	ttl	11	n/a	n/a	n/a	n/a	n/a	n/a	n/a	n/a	n/a	n/a	n/a	n/a	n/a	n/a	n/a	n/a	n/a	n/a	n/a	n/a	1309.168912	n/a
1310.183333	0.000000	524073	stimulus_presentation	n/a	169	n/a	n/a	n/a	n/a	n/a	n/a	n/a	n/a	n/a	n/a	n/a	n/a	n/a	n/a	n/a	n/a	n/a	n/a	n/a	1310.185818	n/a
1310.183333	0.000000	524073	ttl	1	n/a	n/a	n/a	n/a	n/a	n/a	n/a	n/a	n/a	n/a	n/a	n/a	n/a	n/a	n/a	n/a	n/a	n/a	n/a	n/a	1310.185818	n/a
1310.193333	0.000000	524077	stimulus_presentation	n/a	0	n/a	n/a	n/a	n/a	n/a	n/a	n/a	n/a	n/a	n/a	n/a	n/a	n/a	n/a	n/a	n/a	n/a	n/a	n/a	1310.195818	n/a
1310.203333	0.000000	524081	stimulus_presentation	n/a	0	n/a	n/a	n/a	n/a	n/a	n/a	n/a	n/a	n/a	n/a	n/a	n/a	n/a	n/a	n/a	n/a	n/a	n/a	n/a	1310.205818	n/a
1312.200051	0.000000	524880	ttl	6	n/a	n/a	n/a	n/a	n/a	n/a	n/a	n/a	n/a	n/a	n/a	n/a	n/a	n/a	n/a	n/a	n/a	n/a	n/a	n/a	1312.202536	n/a
1314.815675	0.000000	525926	stimulus_presentation	n/a	73	n/a	n/a	n/a	n/a	n/a	n/a	n/a	n/a	n/a	n/a	n/a	n/a	n/a	n/a	n/a	n/a	n/a	n/a	n/a	1314.818160	n/a
1314.815675	0.000000	525926	ttl	7	n/a	n/a	n/a	n/a	n/a	n/a	n/a	n/a	n/a	n/a	n/a	n/a	n/a	n/a	n/a	n/a	n/a	n/a	n/a	n/a	1314.818160	n/a
1316.367424	0.000000	526547	ttl	8	n/a	n/a	n/a	n/a	n/a	n/a	n/a	n/a	n/a	n/a	n/a	n/a	n/a	n/a	n/a	n/a	n/a	n/a	n/a	n/a	1316.369909	n/a
1316.398299	13.262058	526559	sternberg_trial	n/a	n/a	156	553	253	156	3	1	1	1317.50219	1319.517502	1319.550783	1321.5677819999999	1321.651157	1323.667313	1316.400784	1323.667313	1326.450468	1329.662842	intervals/trials	134	1316.400784	1329.662842
1316.398299	0.000000	526559	ttl	11	n/a	n/a	n/a	n/a	n/a	n/a	n/a	n/a	n/a	n/a	n/a	n/a	n/a	n/a	n/a	n/a	n/a	n/a	n/a	n/a	1316.400784	n/a
1317.499705	0.000000	527000	stimulus_presentation	n/a	56	n/a	n/a	n/a	n/a	n/a	n/a	n/a	n/a	n/a	n/a	n/a	n/a	n/a	n/a	n/a	n/a	n/a	n/a	n/a	1317.502190	n/a
1317.499705	0.000000	527000	ttl	1	n/a	n/a	n/a	n/a	n/a	n/a	n/a	n/a	n/a	n/a	n/a	n/a	n/a	n/a	n/a	n/a	n/a	n/a	n/a	n/a	1317.502190	n/a
1319.515017	0.000000	527806	ttl	5	n/a	n/a	n/a	n/a	n/a	n/a	n/a	n/a	n/a	n/a	n/a	n/a	n/a	n/a	n/a	n/a	n/a	n/a	n/a	n/a	1319.517502	n/a
1319.548298	0.000000	527819	stimulus_presentation	n/a	278	n/a	n/a	n/a	n/a	n/a	n/a	n/a	n/a	n/a	n/a	n/a	n/a	n/a	n/a	n/a	n/a	n/a	n/a	n/a	1319.550783	n/a
1319.548298	0.000000	527819	ttl	2	n/a	n/a	n/a	n/a	n/a	n/a	n/a	n/a	n/a	n/a	n/a	n/a	n/a	n/a	n/a	n/a	n/a	n/a	n/a	n/a	1319.550783	n/a
1321.565297	0.000000	528626	ttl	5	n/a	n/a	n/a	n/a	n/a	n/a	n/a	n/a	n/a	n/a	n/a	n/a	n/a	n/a	n/a	n/a	n/a	n/a	n/a	n/a	1321.567782	n/a
1321.648672	0.000000	528659	stimulus_presentation	n/a	110	n/a	n/a	n/a	n/a	n/a	n/a	n/a	n/a	n/a	n/a	n/a	n/a	n/a	n/a	n/a	n/a	n/a	n/a	n/a	1321.651157	n/a
1321.648672	0.000000	528659	ttl	3	n/a	n/a	n/a	n/a	n/a	n/a	n/a	n/a	n/a	n/a	n/a	n/a	n/a	n/a	n/a	n/a	n/a	n/a	n/a	n/a	1321.651157	n/a
1323.664828	0.000000	529466	ttl	6	n/a	n/a	n/a	n/a	n/a	n/a	n/a	n/a	n/a	n/a	n/a	n/a	n/a	n/a	n/a	n/a	n/a	n/a	n/a	n/a	1323.667313	n/a
1326.447983	0.000000	530579	stimulus_presentation	n/a	56	n/a	n/a	n/a	n/a	n/a	n/a	n/a	n/a	n/a	n/a	n/a	n/a	n/a	n/a	n/a	n/a	n/a	n/a	n/a	1326.450468	n/a
1326.447983	0.000000	530579	ttl	7	n/a	n/a	n/a	n/a	n/a	n/a	n/a	n/a	n/a	n/a	n/a	n/a	n/a	n/a	n/a	n/a	n/a	n/a	n/a	n/a	1326.450468	n/a
1329.660357	0.000000	531864	ttl	8	n/a	n/a	n/a	n/a	n/a	n/a	n/a	n/a	n/a	n/a	n/a	n/a	n/a	n/a	n/a	n/a	n/a	n/a	n/a	n/a	1329.662842	n/a
1329.695794	6.555029	531878	sternberg_trial	n/a	n/a	554	0	0	554	1	1	1	1330.648529	1332.665528	0.0	0.0	0.0	0.0	1329.698279	1332.665528	1335.247496	1336.2533079999998	intervals/trials	135	1329.698279	1336.253308
1329.695794	0.000000	531878	ttl	11	n/a	n/a	n/a	n/a	n/a	n/a	n/a	n/a	n/a	n/a	n/a	n/a	n/a	n/a	n/a	n/a	n/a	n/a	n/a	n/a	1329.698279	n/a
1330.646044	0.000000	532258	stimulus_presentation	n/a	279	n/a	n/a	n/a	n/a	n/a	n/a	n/a	n/a	n/a	n/a	n/a	n/a	n/a	n/a	n/a	n/a	n/a	n/a	n/a	1330.648529	n/a
1330.646044	0.000000	532258	ttl	1	n/a	n/a	n/a	n/a	n/a	n/a	n/a	n/a	n/a	n/a	n/a	n/a	n/a	n/a	n/a	n/a	n/a	n/a	n/a	n/a	1330.648529	n/a
1330.656044	0.000000	532262	stimulus_presentation	n/a	0	n/a	n/a	n/a	n/a	n/a	n/a	n/a	n/a	n/a	n/a	n/a	n/a	n/a	n/a	n/a	n/a	n/a	n/a	n/a	1330.658529	n/a
1330.666044	0.000000	532266	stimulus_presentation	n/a	0	n/a	n/a	n/a	n/a	n/a	n/a	n/a	n/a	n/a	n/a	n/a	n/a	n/a	n/a	n/a	n/a	n/a	n/a	n/a	1330.668529	n/a
1332.663043	0.000000	533065	ttl	6	n/a	n/a	n/a	n/a	n/a	n/a	n/a	n/a	n/a	n/a	n/a	n/a	n/a	n/a	n/a	n/a	n/a	n/a	n/a	n/a	1332.665528	n/a
1335.245011	0.000000	534098	stimulus_presentation	n/a	279	n/a	n/a	n/a	n/a	n/a	n/a	n/a	n/a	n/a	n/a	n/a	n/a	n/a	n/a	n/a	n/a	n/a	n/a	n/a	1335.247496	n/a
1335.245011	0.000000	534098	ttl	7	n/a	n/a	n/a	n/a	n/a	n/a	n/a	n/a	n/a	n/a	n/a	n/a	n/a	n/a	n/a	n/a	n/a	n/a	n/a	n/a	1335.247496	n/a
1336.250823	0.000000	534500	ttl	8	n/a	n/a	n/a	n/a	n/a	n/a	n/a	n/a	n/a	n/a	n/a	n/a	n/a	n/a	n/a	n/a	n/a	n/a	n/a	n/a	1336.253308	n/a
1336.277760	7.459403	534511	sternberg_trial	n/a	n/a	254	0	0	254	1	1	1	1337.397401	1339.414619	0.0	0.0	0.0	0.0	1336.280245	1339.414619	1342.046337	1343.739648	intervals/trials	136	1336.280245	1343.739648
1336.277760	0.000000	534511	ttl	11	n/a	n/a	n/a	n/a	n/a	n/a	n/a	n/a	n/a	n/a	n/a	n/a	n/a	n/a	n/a	n/a	n/a	n/a	n/a	n/a	1336.280245	n/a
1337.394916	0.000000	534958	stimulus_presentation	n/a	111	n/a	n/a	n/a	n/a	n/a	n/a	n/a	n/a	n/a	n/a	n/a	n/a	n/a	n/a	n/a	n/a	n/a	n/a	n/a	1337.397401	n/a
1337.394916	0.000000	534958	ttl	1	n/a	n/a	n/a	n/a	n/a	n/a	n/a	n/a	n/a	n/a	n/a	n/a	n/a	n/a	n/a	n/a	n/a	n/a	n/a	n/a	1337.397401	n/a
1337.404916	0.000000	534962	stimulus_presentation	n/a	0	n/a	n/a	n/a	n/a	n/a	n/a	n/a	n/a	n/a	n/a	n/a	n/a	n/a	n/a	n/a	n/a	n/a	n/a	n/a	1337.407401	n/a
1337.414916	0.000000	534966	stimulus_presentation	n/a	0	n/a	n/a	n/a	n/a	n/a	n/a	n/a	n/a	n/a	n/a	n/a	n/a	n/a	n/a	n/a	n/a	n/a	n/a	n/a	1337.417401	n/a
1339.412134	0.000000	535765	ttl	6	n/a	n/a	n/a	n/a	n/a	n/a	n/a	n/a	n/a	n/a	n/a	n/a	n/a	n/a	n/a	n/a	n/a	n/a	n/a	n/a	1339.414619	n/a
1342.043852	0.000000	536818	stimulus_presentation	n/a	111	n/a	n/a	n/a	n/a	n/a	n/a	n/a	n/a	n/a	n/a	n/a	n/a	n/a	n/a	n/a	n/a	n/a	n/a	n/a	1342.046337	n/a
1342.043852	0.000000	536818	ttl	7	n/a	n/a	n/a	n/a	n/a	n/a	n/a	n/a	n/a	n/a	n/a	n/a	n/a	n/a	n/a	n/a	n/a	n/a	n/a	n/a	1342.046337	n/a
1343.737163	0.000000	537495	ttl	8	n/a	n/a	n/a	n/a	n/a	n/a	n/a	n/a	n/a	n/a	n/a	n/a	n/a	n/a	n/a	n/a	n/a	n/a	n/a	n/a	1343.739648	n/a
1343.759757	11.110746	537504	sternberg_trial	n/a	n/a	555	356	255	143	3	0	1	1344.712085	1346.7285219999999	1346.761647	1348.7782399999999	1348.828053	1350.8444889999998	1343.762242	1350.8444889999998	1353.444301	1354.8729879999999	intervals/trials	137	1343.762242	1354.872988
1343.759757	0.000000	537504	ttl	11	n/a	n/a	n/a	n/a	n/a	n/a	n/a	n/a	n/a	n/a	n/a	n/a	n/a	n/a	n/a	n/a	n/a	n/a	n/a	n/a	1343.762242	n/a
1344.709600	0.000000	537884	stimulus_presentation	n/a	280	n/a	n/a	n/a	n/a	n/a	n/a	n/a	n/a	n/a	n/a	n/a	n/a	n/a	n/a	n/a	n/a	n/a	n/a	n/a	1344.712085	n/a
1344.709600	0.000000	537884	ttl	1	n/a	n/a	n/a	n/a	n/a	n/a	n/a	n/a	n/a	n/a	n/a	n/a	n/a	n/a	n/a	n/a	n/a	n/a	n/a	n/a	1344.712085	n/a
1346.726037	0.000000	538690	ttl	5	n/a	n/a	n/a	n/a	n/a	n/a	n/a	n/a	n/a	n/a	n/a	n/a	n/a	n/a	n/a	n/a	n/a	n/a	n/a	n/a	1346.728522	n/a
1346.759162	0.000000	538704	stimulus_presentation	n/a	170	n/a	n/a	n/a	n/a	n/a	n/a	n/a	n/a	n/a	n/a	n/a	n/a	n/a	n/a	n/a	n/a	n/a	n/a	n/a	1346.761647	n/a
1346.759162	0.000000	538704	ttl	2	n/a	n/a	n/a	n/a	n/a	n/a	n/a	n/a	n/a	n/a	n/a	n/a	n/a	n/a	n/a	n/a	n/a	n/a	n/a	n/a	1346.761647	n/a
1348.775755	0.000000	539510	ttl	5	n/a	n/a	n/a	n/a	n/a	n/a	n/a	n/a	n/a	n/a	n/a	n/a	n/a	n/a	n/a	n/a	n/a	n/a	n/a	n/a	1348.778240	n/a
1348.825568	0.000000	539530	stimulus_presentation	n/a	112	n/a	n/a	n/a	n/a	n/a	n/a	n/a	n/a	n/a	n/a	n/a	n/a	n/a	n/a	n/a	n/a	n/a	n/a	n/a	1348.828053	n/a
1348.825568	0.000000	539530	ttl	3	n/a	n/a	n/a	n/a	n/a	n/a	n/a	n/a	n/a	n/a	n/a	n/a	n/a	n/a	n/a	n/a	n/a	n/a	n/a	n/a	1348.828053	n/a
1350.842004	0.000000	540337	ttl	6	n/a	n/a	n/a	n/a	n/a	n/a	n/a	n/a	n/a	n/a	n/a	n/a	n/a	n/a	n/a	n/a	n/a	n/a	n/a	n/a	1350.844489	n/a
1353.441816	0.000000	541377	stimulus_presentation	n/a	43	n/a	n/a	n/a	n/a	n/a	n/a	n/a	n/a	n/a	n/a	n/a	n/a	n/a	n/a	n/a	n/a	n/a	n/a	n/a	1353.444301	n/a
1353.441816	0.000000	541377	ttl	7	n/a	n/a	n/a	n/a	n/a	n/a	n/a	n/a	n/a	n/a	n/a	n/a	n/a	n/a	n/a	n/a	n/a	n/a	n/a	n/a	1353.444301	n/a
1354.870503	0.000000	541948	ttl	8	n/a	n/a	n/a	n/a	n/a	n/a	n/a	n/a	n/a	n/a	n/a	n/a	n/a	n/a	n/a	n/a	n/a	n/a	n/a	n/a	1354.872988	n/a
1354.891065	12.152589	541956	sternberg_trial	n/a	n/a	157	256	455	157	3	1	1	1355.911112	1357.928268	1358.1275799999999	1360.143423	1360.292892	1362.3098599999998	1354.89355	1362.3098599999998	1364.975859	1367.046139	intervals/trials	138	1354.893550	1367.046139
1354.891065	0.000000	541956	ttl	11	n/a	n/a	n/a	n/a	n/a	n/a	n/a	n/a	n/a	n/a	n/a	n/a	n/a	n/a	n/a	n/a	n/a	n/a	n/a	n/a	1354.893550	n/a
1355.908627	0.000000	542363	stimulus_presentation	n/a	57	n/a	n/a	n/a	n/a	n/a	n/a	n/a	n/a	n/a	n/a	n/a	n/a	n/a	n/a	n/a	n/a	n/a	n/a	n/a	1355.911112	n/a
1355.908627	0.000000	542363	ttl	1	n/a	n/a	n/a	n/a	n/a	n/a	n/a	n/a	n/a	n/a	n/a	n/a	n/a	n/a	n/a	n/a	n/a	n/a	n/a	n/a	1355.911112	n/a
1357.925783	0.000000	543170	ttl	5	n/a	n/a	n/a	n/a	n/a	n/a	n/a	n/a	n/a	n/a	n/a	n/a	n/a	n/a	n/a	n/a	n/a	n/a	n/a	n/a	1357.928268	n/a
1358.125095	0.000000	543250	stimulus_presentation	n/a	113	n/a	n/a	n/a	n/a	n/a	n/a	n/a	n/a	n/a	n/a	n/a	n/a	n/a	n/a	n/a	n/a	n/a	n/a	n/a	1358.127580	n/a
1358.125095	0.000000	543250	ttl	2	n/a	n/a	n/a	n/a	n/a	n/a	n/a	n/a	n/a	n/a	n/a	n/a	n/a	n/a	n/a	n/a	n/a	n/a	n/a	n/a	1358.127580	n/a
1360.140938	0.000000	544056	ttl	5	n/a	n/a	n/a	n/a	n/a	n/a	n/a	n/a	n/a	n/a	n/a	n/a	n/a	n/a	n/a	n/a	n/a	n/a	n/a	n/a	1360.143423	n/a
1360.290407	0.000000	544116	stimulus_presentation	n/a	225	n/a	n/a	n/a	n/a	n/a	n/a	n/a	n/a	n/a	n/a	n/a	n/a	n/a	n/a	n/a	n/a	n/a	n/a	n/a	1360.292892	n/a
1360.290407	0.000000	544116	ttl	3	n/a	n/a	n/a	n/a	n/a	n/a	n/a	n/a	n/a	n/a	n/a	n/a	n/a	n/a	n/a	n/a	n/a	n/a	n/a	n/a	1360.292892	n/a
1362.307375	0.000000	544923	ttl	6	n/a	n/a	n/a	n/a	n/a	n/a	n/a	n/a	n/a	n/a	n/a	n/a	n/a	n/a	n/a	n/a	n/a	n/a	n/a	n/a	1362.309860	n/a
1364.973374	0.000000	545989	stimulus_presentation	n/a	57	n/a	n/a	n/a	n/a	n/a	n/a	n/a	n/a	n/a	n/a	n/a	n/a	n/a	n/a	n/a	n/a	n/a	n/a	n/a	1364.975859	n/a
1364.973374	0.000000	545989	ttl	7	n/a	n/a	n/a	n/a	n/a	n/a	n/a	n/a	n/a	n/a	n/a	n/a	n/a	n/a	n/a	n/a	n/a	n/a	n/a	n/a	1364.975859	n/a
1367.043654	0.000000	546817	ttl	8	n/a	n/a	n/a	n/a	n/a	n/a	n/a	n/a	n/a	n/a	n/a	n/a	n/a	n/a	n/a	n/a	n/a	n/a	n/a	n/a	1367.046139	n/a
1367.072123	8.129684	546829	sternberg_trial	n/a	n/a	257	0	0	327	1	0	1	1368.190951	1370.207794	0.0	0.0	0.0	0.0	1367.074608	1370.207794	1372.95948	1375.204292	intervals/trials	139	1367.074608	1375.204292
1367.072123	0.000000	546829	ttl	11	n/a	n/a	n/a	n/a	n/a	n/a	n/a	n/a	n/a	n/a	n/a	n/a	n/a	n/a	n/a	n/a	n/a	n/a	n/a	n/a	1367.074608	n/a
1368.188466	0.000000	547275	stimulus_presentation	n/a	114	n/a	n/a	n/a	n/a	n/a	n/a	n/a	n/a	n/a	n/a	n/a	n/a	n/a	n/a	n/a	n/a	n/a	n/a	n/a	1368.190951	n/a
1368.188466	0.000000	547275	ttl	1	n/a	n/a	n/a	n/a	n/a	n/a	n/a	n/a	n/a	n/a	n/a	n/a	n/a	n/a	n/a	n/a	n/a	n/a	n/a	n/a	1368.190951	n/a
1368.198466	0.000000	547279	stimulus_presentation	n/a	0	n/a	n/a	n/a	n/a	n/a	n/a	n/a	n/a	n/a	n/a	n/a	n/a	n/a	n/a	n/a	n/a	n/a	n/a	n/a	1368.200951	n/a
1368.208466	0.000000	547283	stimulus_presentation	n/a	0	n/a	n/a	n/a	n/a	n/a	n/a	n/a	n/a	n/a	n/a	n/a	n/a	n/a	n/a	n/a	n/a	n/a	n/a	n/a	1368.210951	n/a
1370.205309	0.000000	548082	ttl	6	n/a	n/a	n/a	n/a	n/a	n/a	n/a	n/a	n/a	n/a	n/a	n/a	n/a	n/a	n/a	n/a	n/a	n/a	n/a	n/a	1370.207794	n/a
1372.956995	0.000000	549183	stimulus_presentation	n/a	141	n/a	n/a	n/a	n/a	n/a	n/a	n/a	n/a	n/a	n/a	n/a	n/a	n/a	n/a	n/a	n/a	n/a	n/a	n/a	1372.959480	n/a
1372.956995	0.000000	549183	ttl	7	n/a	n/a	n/a	n/a	n/a	n/a	n/a	n/a	n/a	n/a	n/a	n/a	n/a	n/a	n/a	n/a	n/a	n/a	n/a	n/a	1372.959480	n/a
1375.201807	0.000000	550081	ttl	8	n/a	n/a	n/a	n/a	n/a	n/a	n/a	n/a	n/a	n/a	n/a	n/a	n/a	n/a	n/a	n/a	n/a	n/a	n/a	n/a	1375.204292	n/a
1391.778519	0.000000	556711	ttl	60	n/a	n/a	n/a	n/a	n/a	n/a	n/a	n/a	n/a	n/a	n/a	n/a	n/a	n/a	n/a	n/a	n/a	n/a	n/a	n/a	1391.781004	n/a
