onset	duration	sample	trial_type	value	stimulus_index	PicIDs_Encoding1	PicIDs_Encoding2	PicIDs_Encoding3	PicIDs_Probe	loads	probe_in_out	response_accuracy	timestamps_Encoding1	timestamps_Encoding1_end	timestamps_Encoding2	timestamps_Encoding2_end	timestamps_Encoding3	timestamps_Encoding3_end	timestamps_FixationCross	timestamps_Maintenance	timestamps_Probe	timestamps_Response	source_table	source_row_id	source_start_time	source_stop_time
-0.002484	0.000000	-1	ttl	61	n/a	n/a	n/a	n/a	n/a	n/a	n/a	n/a	n/a	n/a	n/a	n/a	n/a	n/a	n/a	n/a	n/a	n/a	n/a	n/a	0.000000	n/a
0.024265	11.260120	10	sternberg_trial	n/a	n/a	201	101	501	501	3	1	1	1.111062	3.128217	3.1604989999999997	5.176092	5.244342	7.2595279999999995	0.02675	7.2595279999999995	9.858433	11.286869999999999	intervals/trials	0	0.026750	11.286870
0.024265	0.000000	10	ttl	11	n/a	n/a	n/a	n/a	n/a	n/a	n/a	n/a	n/a	n/a	n/a	n/a	n/a	n/a	n/a	n/a	n/a	n/a	n/a	n/a	0.026750	n/a
1.108577	0.000000	443	stimulus_presentation	n/a	58	n/a	n/a	n/a	n/a	n/a	n/a	n/a	n/a	n/a	n/a	n/a	n/a	n/a	n/a	n/a	n/a	n/a	n/a	n/a	1.111062	n/a
1.108577	0.000000	443	ttl	1	n/a	n/a	n/a	n/a	n/a	n/a	n/a	n/a	n/a	n/a	n/a	n/a	n/a	n/a	n/a	n/a	n/a	n/a	n/a	n/a	1.111062	n/a
3.125732	0.000000	1250	ttl	5	n/a	n/a	n/a	n/a	n/a	n/a	n/a	n/a	n/a	n/a	n/a	n/a	n/a	n/a	n/a	n/a	n/a	n/a	n/a	n/a	3.128217	n/a
3.158014	0.000000	1263	stimulus_presentation	n/a	1	n/a	n/a	n/a	n/a	n/a	n/a	n/a	n/a	n/a	n/a	n/a	n/a	n/a	n/a	n/a	n/a	n/a	n/a	n/a	3.160499	n/a
3.158014	0.000000	1263	ttl	2	n/a	n/a	n/a	n/a	n/a	n/a	n/a	n/a	n/a	n/a	n/a	n/a	n/a	n/a	n/a	n/a	n/a	n/a	n/a	n/a	3.160499	n/a
5.173608	0.000000	2069	ttl	5	n/a	n/a	n/a	n/a	n/a	n/a	n/a	n/a	n/a	n/a	n/a	n/a	n/a	n/a	n/a	n/a	n/a	n/a	n/a	n/a	5.176092	n/a
5.241858	0.000000	2097	stimulus_presentation	n/a	226	n/a	n/a	n/a	n/a	n/a	n/a	n/a	n/a	n/a	n/a	n/a	n/a	n/a	n/a	n/a	n/a	n/a	n/a	n/a	5.244342	n/a
5.241858	0.000000	2097	ttl	3	n/a	n/a	n/a	n/a	n/a	n/a	n/a	n/a	n/a	n/a	n/a	n/a	n/a	n/a	n/a	n/a	n/a	n/a	n/a	n/a	5.244342	n/a
7.257043	0.000000	2903	ttl	6	n/a	n/a	n/a	n/a	n/a	n/a	n/a	n/a	n/a	n/a	n/a	n/a	n/a	n/a	n/a	n/a	n/a	n/a	n/a	n/a	7.259528	n/a
9.855949	0.000000	3942	stimulus_presentation	n/a	226	n/a	n/a	n/a	n/a	n/a	n/a	n/a	n/a	n/a	n/a	n/a	n/a	n/a	n/a	n/a	n/a	n/a	n/a	n/a	9.858433	n/a
9.855949	0.000000	3942	ttl	7	n/a	n/a	n/a	n/a	n/a	n/a	n/a	n/a	n/a	n/a	n/a	n/a	n/a	n/a	n/a	n/a	n/a	n/a	n/a	n/a	9.858433	n/a
11.284385	0.000000	4514	ttl	8	n/a	n/a	n/a	n/a	n/a	n/a	n/a	n/a	n/a	n/a	n/a	n/a	n/a	n/a	n/a	n/a	n/a	n/a	n/a	n/a	11.286870	n/a
11.305043	11.496714	4522	sternberg_trial	n/a	n/a	202	102	502	502	3	1	1	12.374932	14.391587999999999	14.60815	16.624430999999998	16.657649	18.674055	11.307527	18.674055	21.358459999999997	22.804240999999998	intervals/trials	1	11.307527	22.804241
11.305043	0.000000	4522	ttl	11	n/a	n/a	n/a	n/a	n/a	n/a	n/a	n/a	n/a	n/a	n/a	n/a	n/a	n/a	n/a	n/a	n/a	n/a	n/a	n/a	11.307527	n/a
12.372447	0.000000	4949	stimulus_presentation	n/a	59	n/a	n/a	n/a	n/a	n/a	n/a	n/a	n/a	n/a	n/a	n/a	n/a	n/a	n/a	n/a	n/a	n/a	n/a	n/a	12.374932	n/a
12.372447	0.000000	4949	ttl	1	n/a	n/a	n/a	n/a	n/a	n/a	n/a	n/a	n/a	n/a	n/a	n/a	n/a	n/a	n/a	n/a	n/a	n/a	n/a	n/a	12.374932	n/a
14.389103	0.000000	5756	ttl	5	n/a	n/a	n/a	n/a	n/a	n/a	n/a	n/a	n/a	n/a	n/a	n/a	n/a	n/a	n/a	n/a	n/a	n/a	n/a	n/a	14.391588	n/a
14.605666	0.000000	5842	stimulus_presentation	n/a	2	n/a	n/a	n/a	n/a	n/a	n/a	n/a	n/a	n/a	n/a	n/a	n/a	n/a	n/a	n/a	n/a	n/a	n/a	n/a	14.608150	n/a
14.605666	0.000000	5842	ttl	2	n/a	n/a	n/a	n/a	n/a	n/a	n/a	n/a	n/a	n/a	n/a	n/a	n/a	n/a	n/a	n/a	n/a	n/a	n/a	n/a	14.608150	n/a
16.621946	0.000000	6649	ttl	5	n/a	n/a	n/a	n/a	n/a	n/a	n/a	n/a	n/a	n/a	n/a	n/a	n/a	n/a	n/a	n/a	n/a	n/a	n/a	n/a	16.624431	n/a
16.655164	0.000000	6662	stimulus_presentation	n/a	227	n/a	n/a	n/a	n/a	n/a	n/a	n/a	n/a	n/a	n/a	n/a	n/a	n/a	n/a	n/a	n/a	n/a	n/a	n/a	16.657649	n/a
16.655164	0.000000	6662	ttl	3	n/a	n/a	n/a	n/a	n/a	n/a	n/a	n/a	n/a	n/a	n/a	n/a	n/a	n/a	n/a	n/a	n/a	n/a	n/a	n/a	16.657649	n/a
18.671570	0.000000	7469	ttl	6	n/a	n/a	n/a	n/a	n/a	n/a	n/a	n/a	n/a	n/a	n/a	n/a	n/a	n/a	n/a	n/a	n/a	n/a	n/a	n/a	18.674055	n/a
21.355975	0.000000	8542	stimulus_presentation	n/a	227	n/a	n/a	n/a	n/a	n/a	n/a	n/a	n/a	n/a	n/a	n/a	n/a	n/a	n/a	n/a	n/a	n/a	n/a	n/a	21.358460	n/a
21.355975	0.000000	8542	ttl	7	n/a	n/a	n/a	n/a	n/a	n/a	n/a	n/a	n/a	n/a	n/a	n/a	n/a	n/a	n/a	n/a	n/a	n/a	n/a	n/a	21.358460	n/a
22.801756	0.000000	9121	ttl	8	n/a	n/a	n/a	n/a	n/a	n/a	n/a	n/a	n/a	n/a	n/a	n/a	n/a	n/a	n/a	n/a	n/a	n/a	n/a	n/a	22.804241	n/a
22.836381	11.594464	9135	sternberg_trial	n/a	n/a	301	401	103	301	3	1	1	23.889678	25.905988999999998	26.022613999999997	28.038895	28.138457	30.155175	22.838866	30.155175	32.923111999999996	34.43333	intervals/trials	2	22.838866	34.433330
22.836381	0.000000	9135	ttl	11	n/a	n/a	n/a	n/a	n/a	n/a	n/a	n/a	n/a	n/a	n/a	n/a	n/a	n/a	n/a	n/a	n/a	n/a	n/a	n/a	22.838866	n/a
23.887193	0.000000	9555	stimulus_presentation	n/a	115	n/a	n/a	n/a	n/a	n/a	n/a	n/a	n/a	n/a	n/a	n/a	n/a	n/a	n/a	n/a	n/a	n/a	n/a	n/a	23.889678	n/a
23.887193	0.000000	9555	ttl	1	n/a	n/a	n/a	n/a	n/a	n/a	n/a	n/a	n/a	n/a	n/a	n/a	n/a	n/a	n/a	n/a	n/a	n/a	n/a	n/a	23.889678	n/a
25.903504	0.000000	10361	ttl	5	n/a	n/a	n/a	n/a	n/a	n/a	n/a	n/a	n/a	n/a	n/a	n/a	n/a	n/a	n/a	n/a	n/a	n/a	n/a	n/a	25.905989	n/a
26.020129	0.000000	10408	stimulus_presentation	n/a	171	n/a	n/a	n/a	n/a	n/a	n/a	n/a	n/a	n/a	n/a	n/a	n/a	n/a	n/a	n/a	n/a	n/a	n/a	n/a	26.022614	n/a
26.020129	0.000000	10408	ttl	2	n/a	n/a	n/a	n/a	n/a	n/a	n/a	n/a	n/a	n/a	n/a	n/a	n/a	n/a	n/a	n/a	n/a	n/a	n/a	n/a	26.022614	n/a
28.036410	0.000000	11215	ttl	5	n/a	n/a	n/a	n/a	n/a	n/a	n/a	n/a	n/a	n/a	n/a	n/a	n/a	n/a	n/a	n/a	n/a	n/a	n/a	n/a	28.038895	n/a
28.135972	0.000000	11254	stimulus_presentation	n/a	3	n/a	n/a	n/a	n/a	n/a	n/a	n/a	n/a	n/a	n/a	n/a	n/a	n/a	n/a	n/a	n/a	n/a	n/a	n/a	28.138457	n/a
28.135972	0.000000	11254	ttl	3	n/a	n/a	n/a	n/a	n/a	n/a	n/a	n/a	n/a	n/a	n/a	n/a	n/a	n/a	n/a	n/a	n/a	n/a	n/a	n/a	28.138457	n/a
30.152690	0.000000	12061	ttl	6	n/a	n/a	n/a	n/a	n/a	n/a	n/a	n/a	n/a	n/a	n/a	n/a	n/a	n/a	n/a	n/a	n/a	n/a	n/a	n/a	30.155175	n/a
32.920627	0.000000	13168	stimulus_presentation	n/a	115	n/a	n/a	n/a	n/a	n/a	n/a	n/a	n/a	n/a	n/a	n/a	n/a	n/a	n/a	n/a	n/a	n/a	n/a	n/a	32.923112	n/a
32.920627	0.000000	13168	ttl	7	n/a	n/a	n/a	n/a	n/a	n/a	n/a	n/a	n/a	n/a	n/a	n/a	n/a	n/a	n/a	n/a	n/a	n/a	n/a	n/a	32.923112	n/a
34.430845	0.000000	13772	ttl	8	n/a	n/a	n/a	n/a	n/a	n/a	n/a	n/a	n/a	n/a	n/a	n/a	n/a	n/a	n/a	n/a	n/a	n/a	n/a	n/a	34.433330	n/a
34.450564	6.890653	13780	sternberg_trial	n/a	n/a	503	0	0	503	1	1	1	35.554611	37.570859999999996	0.0	0.0	0.0	0.0	34.453049	37.570859999999996	40.288171	41.343702	intervals/trials	3	34.453049	41.343702
34.450564	0.000000	13780	ttl	11	n/a	n/a	n/a	n/a	n/a	n/a	n/a	n/a	n/a	n/a	n/a	n/a	n/a	n/a	n/a	n/a	n/a	n/a	n/a	n/a	34.453049	n/a
35.552126	0.000000	14221	stimulus_presentation	n/a	228	n/a	n/a	n/a	n/a	n/a	n/a	n/a	n/a	n/a	n/a	n/a	n/a	n/a	n/a	n/a	n/a	n/a	n/a	n/a	35.554611	n/a
35.552126	0.000000	14221	ttl	1	n/a	n/a	n/a	n/a	n/a	n/a	n/a	n/a	n/a	n/a	n/a	n/a	n/a	n/a	n/a	n/a	n/a	n/a	n/a	n/a	35.554611	n/a
35.562126	0.000000	14225	stimulus_presentation	n/a	0	n/a	n/a	n/a	n/a	n/a	n/a	n/a	n/a	n/a	n/a	n/a	n/a	n/a	n/a	n/a	n/a	n/a	n/a	n/a	35.564611	n/a
35.572126	0.000000	14229	stimulus_presentation	n/a	0	n/a	n/a	n/a	n/a	n/a	n/a	n/a	n/a	n/a	n/a	n/a	n/a	n/a	n/a	n/a	n/a	n/a	n/a	n/a	35.574611	n/a
37.568375	0.000000	15027	ttl	6	n/a	n/a	n/a	n/a	n/a	n/a	n/a	n/a	n/a	n/a	n/a	n/a	n/a	n/a	n/a	n/a	n/a	n/a	n/a	n/a	37.570860	n/a
40.285686	0.000000	16114	stimulus_presentation	n/a	228	n/a	n/a	n/a	n/a	n/a	n/a	n/a	n/a	n/a	n/a	n/a	n/a	n/a	n/a	n/a	n/a	n/a	n/a	n/a	40.288171	n/a
40.285686	0.000000	16114	ttl	7	n/a	n/a	n/a	n/a	n/a	n/a	n/a	n/a	n/a	n/a	n/a	n/a	n/a	n/a	n/a	n/a	n/a	n/a	n/a	n/a	40.288171	n/a
41.341217	0.000000	16536	ttl	8	n/a	n/a	n/a	n/a	n/a	n/a	n/a	n/a	n/a	n/a	n/a	n/a	n/a	n/a	n/a	n/a	n/a	n/a	n/a	n/a	41.343702	n/a
41.365686	11.604714	16546	sternberg_trial	n/a	n/a	402	203	504	103	3	0	1	42.536608	44.551826	44.635763	46.652074999999996	46.785137	48.801887	41.368171	48.801887	51.502604	52.972885	intervals/trials	4	41.368171	52.972885
41.365686	0.000000	16546	ttl	11	n/a	n/a	n/a	n/a	n/a	n/a	n/a	n/a	n/a	n/a	n/a	n/a	n/a	n/a	n/a	n/a	n/a	n/a	n/a	n/a	41.368171	n/a
42.534123	0.000000	17014	stimulus_presentation	n/a	172	n/a	n/a	n/a	n/a	n/a	n/a	n/a	n/a	n/a	n/a	n/a	n/a	n/a	n/a	n/a	n/a	n/a	n/a	n/a	42.536608	n/a
42.534123	0.000000	17014	ttl	1	n/a	n/a	n/a	n/a	n/a	n/a	n/a	n/a	n/a	n/a	n/a	n/a	n/a	n/a	n/a	n/a	n/a	n/a	n/a	n/a	42.536608	n/a
44.549341	0.000000	17820	ttl	5	n/a	n/a	n/a	n/a	n/a	n/a	n/a	n/a	n/a	n/a	n/a	n/a	n/a	n/a	n/a	n/a	n/a	n/a	n/a	n/a	44.551826	n/a
44.633278	0.000000	17853	stimulus_presentation	n/a	60	n/a	n/a	n/a	n/a	n/a	n/a	n/a	n/a	n/a	n/a	n/a	n/a	n/a	n/a	n/a	n/a	n/a	n/a	n/a	44.635763	n/a
44.633278	0.000000	17853	ttl	2	n/a	n/a	n/a	n/a	n/a	n/a	n/a	n/a	n/a	n/a	n/a	n/a	n/a	n/a	n/a	n/a	n/a	n/a	n/a	n/a	44.635763	n/a
46.649590	0.000000	18660	ttl	5	n/a	n/a	n/a	n/a	n/a	n/a	n/a	n/a	n/a	n/a	n/a	n/a	n/a	n/a	n/a	n/a	n/a	n/a	n/a	n/a	46.652075	n/a
46.782652	0.000000	18713	stimulus_presentation	n/a	229	n/a	n/a	n/a	n/a	n/a	n/a	n/a	n/a	n/a	n/a	n/a	n/a	n/a	n/a	n/a	n/a	n/a	n/a	n/a	46.785137	n/a
46.782652	0.000000	18713	ttl	3	n/a	n/a	n/a	n/a	n/a	n/a	n/a	n/a	n/a	n/a	n/a	n/a	n/a	n/a	n/a	n/a	n/a	n/a	n/a	n/a	46.785137	n/a
48.799402	0.000000	19520	ttl	6	n/a	n/a	n/a	n/a	n/a	n/a	n/a	n/a	n/a	n/a	n/a	n/a	n/a	n/a	n/a	n/a	n/a	n/a	n/a	n/a	48.801887	n/a
51.500119	0.000000	20600	stimulus_presentation	n/a	3	n/a	n/a	n/a	n/a	n/a	n/a	n/a	n/a	n/a	n/a	n/a	n/a	n/a	n/a	n/a	n/a	n/a	n/a	n/a	51.502604	n/a
51.500119	0.000000	20600	ttl	7	n/a	n/a	n/a	n/a	n/a	n/a	n/a	n/a	n/a	n/a	n/a	n/a	n/a	n/a	n/a	n/a	n/a	n/a	n/a	n/a	51.502604	n/a
52.970400	0.000000	21188	ttl	8	n/a	n/a	n/a	n/a	n/a	n/a	n/a	n/a	n/a	n/a	n/a	n/a	n/a	n/a	n/a	n/a	n/a	n/a	n/a	n/a	52.972885	n/a
52.997119	11.426495	21199	sternberg_trial	n/a	n/a	302	403	505	201	3	0	1	54.117041	56.133415	56.333946	58.349695	58.566289	60.582694	52.999604	60.582694	63.267036999999995	64.426099	intervals/trials	5	52.999604	64.426099
52.997119	0.000000	21199	ttl	11	n/a	n/a	n/a	n/a	n/a	n/a	n/a	n/a	n/a	n/a	n/a	n/a	n/a	n/a	n/a	n/a	n/a	n/a	n/a	n/a	52.999604	n/a
54.114556	0.000000	21646	stimulus_presentation	n/a	116	n/a	n/a	n/a	n/a	n/a	n/a	n/a	n/a	n/a	n/a	n/a	n/a	n/a	n/a	n/a	n/a	n/a	n/a	n/a	54.117041	n/a
54.114556	0.000000	21646	ttl	1	n/a	n/a	n/a	n/a	n/a	n/a	n/a	n/a	n/a	n/a	n/a	n/a	n/a	n/a	n/a	n/a	n/a	n/a	n/a	n/a	54.117041	n/a
56.130930	0.000000	22452	ttl	5	n/a	n/a	n/a	n/a	n/a	n/a	n/a	n/a	n/a	n/a	n/a	n/a	n/a	n/a	n/a	n/a	n/a	n/a	n/a	n/a	56.133415	n/a
56.331461	0.000000	22533	stimulus_presentation	n/a	173	n/a	n/a	n/a	n/a	n/a	n/a	n/a	n/a	n/a	n/a	n/a	n/a	n/a	n/a	n/a	n/a	n/a	n/a	n/a	56.333946	n/a
56.331461	0.000000	22533	ttl	2	n/a	n/a	n/a	n/a	n/a	n/a	n/a	n/a	n/a	n/a	n/a	n/a	n/a	n/a	n/a	n/a	n/a	n/a	n/a	n/a	56.333946	n/a
58.347210	0.000000	23339	ttl	5	n/a	n/a	n/a	n/a	n/a	n/a	n/a	n/a	n/a	n/a	n/a	n/a	n/a	n/a	n/a	n/a	n/a	n/a	n/a	n/a	58.349695	n/a
58.563804	0.000000	23426	stimulus_presentation	n/a	230	n/a	n/a	n/a	n/a	n/a	n/a	n/a	n/a	n/a	n/a	n/a	n/a	n/a	n/a	n/a	n/a	n/a	n/a	n/a	58.566289	n/a
58.563804	0.000000	23426	ttl	3	n/a	n/a	n/a	n/a	n/a	n/a	n/a	n/a	n/a	n/a	n/a	n/a	n/a	n/a	n/a	n/a	n/a	n/a	n/a	n/a	58.566289	n/a
60.580209	0.000000	24232	ttl	6	n/a	n/a	n/a	n/a	n/a	n/a	n/a	n/a	n/a	n/a	n/a	n/a	n/a	n/a	n/a	n/a	n/a	n/a	n/a	n/a	60.582694	n/a
63.264552	0.000000	25306	stimulus_presentation	n/a	58	n/a	n/a	n/a	n/a	n/a	n/a	n/a	n/a	n/a	n/a	n/a	n/a	n/a	n/a	n/a	n/a	n/a	n/a	n/a	63.267037	n/a
63.264552	0.000000	25306	ttl	7	n/a	n/a	n/a	n/a	n/a	n/a	n/a	n/a	n/a	n/a	n/a	n/a	n/a	n/a	n/a	n/a	n/a	n/a	n/a	n/a	63.267037	n/a
64.423614	0.000000	25769	ttl	8	n/a	n/a	n/a	n/a	n/a	n/a	n/a	n/a	n/a	n/a	n/a	n/a	n/a	n/a	n/a	n/a	n/a	n/a	n/a	n/a	64.426099	n/a
64.444865	12.247808	25778	sternberg_trial	n/a	n/a	404	303	506	203	3	0	0	65.56488	67.581316	67.64809799999999	69.664222	69.847534	71.863846	64.447349	71.863846	74.564939	76.695157	intervals/trials	6	64.447349	76.695157
64.444865	0.000000	25778	ttl	11	n/a	n/a	n/a	n/a	n/a	n/a	n/a	n/a	n/a	n/a	n/a	n/a	n/a	n/a	n/a	n/a	n/a	n/a	n/a	n/a	64.447349	n/a
65.562396	0.000000	26225	stimulus_presentation	n/a	174	n/a	n/a	n/a	n/a	n/a	n/a	n/a	n/a	n/a	n/a	n/a	n/a	n/a	n/a	n/a	n/a	n/a	n/a	n/a	65.564880	n/a
65.562396	0.000000	26225	ttl	1	n/a	n/a	n/a	n/a	n/a	n/a	n/a	n/a	n/a	n/a	n/a	n/a	n/a	n/a	n/a	n/a	n/a	n/a	n/a	n/a	65.564880	n/a
67.578832	0.000000	27032	ttl	5	n/a	n/a	n/a	n/a	n/a	n/a	n/a	n/a	n/a	n/a	n/a	n/a	n/a	n/a	n/a	n/a	n/a	n/a	n/a	n/a	67.581316	n/a
67.645613	0.000000	27058	stimulus_presentation	n/a	117	n/a	n/a	n/a	n/a	n/a	n/a	n/a	n/a	n/a	n/a	n/a	n/a	n/a	n/a	n/a	n/a	n/a	n/a	n/a	67.648098	n/a
67.645613	0.000000	27058	ttl	2	n/a	n/a	n/a	n/a	n/a	n/a	n/a	n/a	n/a	n/a	n/a	n/a	n/a	n/a	n/a	n/a	n/a	n/a	n/a	n/a	67.648098	n/a
69.661738	0.000000	27865	ttl	5	n/a	n/a	n/a	n/a	n/a	n/a	n/a	n/a	n/a	n/a	n/a	n/a	n/a	n/a	n/a	n/a	n/a	n/a	n/a	n/a	69.664222	n/a
69.845050	0.000000	27938	stimulus_presentation	n/a	231	n/a	n/a	n/a	n/a	n/a	n/a	n/a	n/a	n/a	n/a	n/a	n/a	n/a	n/a	n/a	n/a	n/a	n/a	n/a	69.847534	n/a
69.845050	0.000000	27938	ttl	3	n/a	n/a	n/a	n/a	n/a	n/a	n/a	n/a	n/a	n/a	n/a	n/a	n/a	n/a	n/a	n/a	n/a	n/a	n/a	n/a	69.847534	n/a
71.861362	0.000000	28745	ttl	6	n/a	n/a	n/a	n/a	n/a	n/a	n/a	n/a	n/a	n/a	n/a	n/a	n/a	n/a	n/a	n/a	n/a	n/a	n/a	n/a	71.863846	n/a
74.562455	0.000000	29825	stimulus_presentation	n/a	60	n/a	n/a	n/a	n/a	n/a	n/a	n/a	n/a	n/a	n/a	n/a	n/a	n/a	n/a	n/a	n/a	n/a	n/a	n/a	74.564939	n/a
74.562455	0.000000	29825	ttl	7	n/a	n/a	n/a	n/a	n/a	n/a	n/a	n/a	n/a	n/a	n/a	n/a	n/a	n/a	n/a	n/a	n/a	n/a	n/a	n/a	74.564939	n/a
76.692673	0.000000	30677	ttl	8	n/a	n/a	n/a	n/a	n/a	n/a	n/a	n/a	n/a	n/a	n/a	n/a	n/a	n/a	n/a	n/a	n/a	n/a	n/a	n/a	76.695157	n/a
76.725766	11.724121	30690	sternberg_trial	n/a	n/a	104	204	304	304	3	1	1	77.72937499999999	79.745874	79.895687	81.911873	82.028686	84.04477899999999	76.72825	84.04477899999999	86.76284	88.452371	intervals/trials	7	76.728250	88.452371
76.725766	0.000000	30690	ttl	11	n/a	n/a	n/a	n/a	n/a	n/a	n/a	n/a	n/a	n/a	n/a	n/a	n/a	n/a	n/a	n/a	n/a	n/a	n/a	n/a	76.728250	n/a
77.726890	0.000000	31091	stimulus_presentation	n/a	4	n/a	n/a	n/a	n/a	n/a	n/a	n/a	n/a	n/a	n/a	n/a	n/a	n/a	n/a	n/a	n/a	n/a	n/a	n/a	77.729375	n/a
77.726890	0.000000	31091	ttl	1	n/a	n/a	n/a	n/a	n/a	n/a	n/a	n/a	n/a	n/a	n/a	n/a	n/a	n/a	n/a	n/a	n/a	n/a	n/a	n/a	77.729375	n/a
79.743390	0.000000	31897	ttl	5	n/a	n/a	n/a	n/a	n/a	n/a	n/a	n/a	n/a	n/a	n/a	n/a	n/a	n/a	n/a	n/a	n/a	n/a	n/a	n/a	79.745874	n/a
79.893203	0.000000	31957	stimulus_presentation	n/a	61	n/a	n/a	n/a	n/a	n/a	n/a	n/a	n/a	n/a	n/a	n/a	n/a	n/a	n/a	n/a	n/a	n/a	n/a	n/a	79.895687	n/a
79.893203	0.000000	31957	ttl	2	n/a	n/a	n/a	n/a	n/a	n/a	n/a	n/a	n/a	n/a	n/a	n/a	n/a	n/a	n/a	n/a	n/a	n/a	n/a	n/a	79.895687	n/a
81.909389	0.000000	32764	ttl	5	n/a	n/a	n/a	n/a	n/a	n/a	n/a	n/a	n/a	n/a	n/a	n/a	n/a	n/a	n/a	n/a	n/a	n/a	n/a	n/a	81.911873	n/a
82.026201	0.000000	32810	stimulus_presentation	n/a	118	n/a	n/a	n/a	n/a	n/a	n/a	n/a	n/a	n/a	n/a	n/a	n/a	n/a	n/a	n/a	n/a	n/a	n/a	n/a	82.028686	n/a
82.026201	0.000000	32810	ttl	3	n/a	n/a	n/a	n/a	n/a	n/a	n/a	n/a	n/a	n/a	n/a	n/a	n/a	n/a	n/a	n/a	n/a	n/a	n/a	n/a	82.028686	n/a
84.042294	0.000000	33617	ttl	6	n/a	n/a	n/a	n/a	n/a	n/a	n/a	n/a	n/a	n/a	n/a	n/a	n/a	n/a	n/a	n/a	n/a	n/a	n/a	n/a	84.044779	n/a
86.760356	0.000000	34704	stimulus_presentation	n/a	118	n/a	n/a	n/a	n/a	n/a	n/a	n/a	n/a	n/a	n/a	n/a	n/a	n/a	n/a	n/a	n/a	n/a	n/a	n/a	86.762840	n/a
86.760356	0.000000	34704	ttl	7	n/a	n/a	n/a	n/a	n/a	n/a	n/a	n/a	n/a	n/a	n/a	n/a	n/a	n/a	n/a	n/a	n/a	n/a	n/a	n/a	86.762840	n/a
88.449887	0.000000	35380	ttl	8	n/a	n/a	n/a	n/a	n/a	n/a	n/a	n/a	n/a	n/a	n/a	n/a	n/a	n/a	n/a	n/a	n/a	n/a	n/a	n/a	88.452371	n/a
88.473698	11.589433	35389	sternberg_trial	n/a	n/a	507	405	205	405	3	1	1	89.64399499999999	91.660057	91.74340099999999	93.759712	93.926431	95.94258599999999	88.47618299999999	95.94258599999999	98.693648	100.06561599999999	intervals/trials	8	88.476183	100.065616
88.473698	0.000000	35389	ttl	11	n/a	n/a	n/a	n/a	n/a	n/a	n/a	n/a	n/a	n/a	n/a	n/a	n/a	n/a	n/a	n/a	n/a	n/a	n/a	n/a	88.476183	n/a
89.641510	0.000000	35857	stimulus_presentation	n/a	232	n/a	n/a	n/a	n/a	n/a	n/a	n/a	n/a	n/a	n/a	n/a	n/a	n/a	n/a	n/a	n/a	n/a	n/a	n/a	89.643995	n/a
89.641510	0.000000	35857	ttl	1	n/a	n/a	n/a	n/a	n/a	n/a	n/a	n/a	n/a	n/a	n/a	n/a	n/a	n/a	n/a	n/a	n/a	n/a	n/a	n/a	89.643995	n/a
91.657573	0.000000	36663	ttl	5	n/a	n/a	n/a	n/a	n/a	n/a	n/a	n/a	n/a	n/a	n/a	n/a	n/a	n/a	n/a	n/a	n/a	n/a	n/a	n/a	91.660057	n/a
91.740916	0.000000	36696	stimulus_presentation	n/a	175	n/a	n/a	n/a	n/a	n/a	n/a	n/a	n/a	n/a	n/a	n/a	n/a	n/a	n/a	n/a	n/a	n/a	n/a	n/a	91.743401	n/a
91.740916	0.000000	36696	ttl	2	n/a	n/a	n/a	n/a	n/a	n/a	n/a	n/a	n/a	n/a	n/a	n/a	n/a	n/a	n/a	n/a	n/a	n/a	n/a	n/a	91.743401	n/a
93.757227	0.000000	37503	ttl	5	n/a	n/a	n/a	n/a	n/a	n/a	n/a	n/a	n/a	n/a	n/a	n/a	n/a	n/a	n/a	n/a	n/a	n/a	n/a	n/a	93.759712	n/a
93.923946	0.000000	37570	stimulus_presentation	n/a	62	n/a	n/a	n/a	n/a	n/a	n/a	n/a	n/a	n/a	n/a	n/a	n/a	n/a	n/a	n/a	n/a	n/a	n/a	n/a	93.926431	n/a
93.923946	0.000000	37570	ttl	3	n/a	n/a	n/a	n/a	n/a	n/a	n/a	n/a	n/a	n/a	n/a	n/a	n/a	n/a	n/a	n/a	n/a	n/a	n/a	n/a	93.926431	n/a
95.940101	0.000000	38376	ttl	6	n/a	n/a	n/a	n/a	n/a	n/a	n/a	n/a	n/a	n/a	n/a	n/a	n/a	n/a	n/a	n/a	n/a	n/a	n/a	n/a	95.942586	n/a
98.691164	0.000000	39476	stimulus_presentation	n/a	175	n/a	n/a	n/a	n/a	n/a	n/a	n/a	n/a	n/a	n/a	n/a	n/a	n/a	n/a	n/a	n/a	n/a	n/a	n/a	98.693648	n/a
98.691164	0.000000	39476	ttl	7	n/a	n/a	n/a	n/a	n/a	n/a	n/a	n/a	n/a	n/a	n/a	n/a	n/a	n/a	n/a	n/a	n/a	n/a	n/a	n/a	98.693648	n/a
100.063131	0.000000	40025	ttl	8	n/a	n/a	n/a	n/a	n/a	n/a	n/a	n/a	n/a	n/a	n/a	n/a	n/a	n/a	n/a	n/a	n/a	n/a	n/a	n/a	100.065616	n/a
100.087756	6.709810	40035	sternberg_trial	n/a	n/a	305	0	0	402	1	0	1	101.041772	103.058427	0.0	0.0	0.0	0.0	100.09024099999999	103.058427	105.79173899999999	106.800051	intervals/trials	9	100.090241	106.800051
100.087756	0.000000	40035	ttl	11	n/a	n/a	n/a	n/a	n/a	n/a	n/a	n/a	n/a	n/a	n/a	n/a	n/a	n/a	n/a	n/a	n/a	n/a	n/a	n/a	100.090241	n/a
101.039288	0.000000	40416	stimulus_presentation	n/a	119	n/a	n/a	n/a	n/a	n/a	n/a	n/a	n/a	n/a	n/a	n/a	n/a	n/a	n/a	n/a	n/a	n/a	n/a	n/a	101.041772	n/a
101.039288	0.000000	40416	ttl	1	n/a	n/a	n/a	n/a	n/a	n/a	n/a	n/a	n/a	n/a	n/a	n/a	n/a	n/a	n/a	n/a	n/a	n/a	n/a	n/a	101.041772	n/a
101.049288	0.000000	40420	stimulus_presentation	n/a	0	n/a	n/a	n/a	n/a	n/a	n/a	n/a	n/a	n/a	n/a	n/a	n/a	n/a	n/a	n/a	n/a	n/a	n/a	n/a	101.051772	n/a
101.059288	0.000000	40424	stimulus_presentation	n/a	0	n/a	n/a	n/a	n/a	n/a	n/a	n/a	n/a	n/a	n/a	n/a	n/a	n/a	n/a	n/a	n/a	n/a	n/a	n/a	101.061772	n/a
103.055943	0.000000	41222	ttl	6	n/a	n/a	n/a	n/a	n/a	n/a	n/a	n/a	n/a	n/a	n/a	n/a	n/a	n/a	n/a	n/a	n/a	n/a	n/a	n/a	103.058427	n/a
105.789254	0.000000	42316	stimulus_presentation	n/a	172	n/a	n/a	n/a	n/a	n/a	n/a	n/a	n/a	n/a	n/a	n/a	n/a	n/a	n/a	n/a	n/a	n/a	n/a	n/a	105.791739	n/a
105.789254	0.000000	42316	ttl	7	n/a	n/a	n/a	n/a	n/a	n/a	n/a	n/a	n/a	n/a	n/a	n/a	n/a	n/a	n/a	n/a	n/a	n/a	n/a	n/a	105.791739	n/a
106.797567	0.000000	42719	ttl	8	n/a	n/a	n/a	n/a	n/a	n/a	n/a	n/a	n/a	n/a	n/a	n/a	n/a	n/a	n/a	n/a	n/a	n/a	n/a	n/a	106.800051	n/a
106.819754	6.600154	42728	sternberg_trial	n/a	n/a	306	0	0	306	1	1	1	107.873363	109.890518	0.0	0.0	0.0	0.0	106.822238	109.890518	112.54104799999999	113.42239199999999	intervals/trials	10	106.822238	113.422392
106.819754	0.000000	42728	ttl	11	n/a	n/a	n/a	n/a	n/a	n/a	n/a	n/a	n/a	n/a	n/a	n/a	n/a	n/a	n/a	n/a	n/a	n/a	n/a	n/a	106.822238	n/a
107.870879	0.000000	43148	stimulus_presentation	n/a	120	n/a	n/a	n/a	n/a	n/a	n/a	n/a	n/a	n/a	n/a	n/a	n/a	n/a	n/a	n/a	n/a	n/a	n/a	n/a	107.873363	n/a
107.870879	0.000000	43148	ttl	1	n/a	n/a	n/a	n/a	n/a	n/a	n/a	n/a	n/a	n/a	n/a	n/a	n/a	n/a	n/a	n/a	n/a	n/a	n/a	n/a	107.873363	n/a
107.880879	0.000000	43152	stimulus_presentation	n/a	0	n/a	n/a	n/a	n/a	n/a	n/a	n/a	n/a	n/a	n/a	n/a	n/a	n/a	n/a	n/a	n/a	n/a	n/a	n/a	107.883363	n/a
107.890879	0.000000	43156	stimulus_presentation	n/a	0	n/a	n/a	n/a	n/a	n/a	n/a	n/a	n/a	n/a	n/a	n/a	n/a	n/a	n/a	n/a	n/a	n/a	n/a	n/a	107.893363	n/a
109.888034	0.000000	43955	ttl	6	n/a	n/a	n/a	n/a	n/a	n/a	n/a	n/a	n/a	n/a	n/a	n/a	n/a	n/a	n/a	n/a	n/a	n/a	n/a	n/a	109.890518	n/a
112.538563	0.000000	45015	stimulus_presentation	n/a	120	n/a	n/a	n/a	n/a	n/a	n/a	n/a	n/a	n/a	n/a	n/a	n/a	n/a	n/a	n/a	n/a	n/a	n/a	n/a	112.541048	n/a
112.538563	0.000000	45015	ttl	7	n/a	n/a	n/a	n/a	n/a	n/a	n/a	n/a	n/a	n/a	n/a	n/a	n/a	n/a	n/a	n/a	n/a	n/a	n/a	n/a	112.541048	n/a
113.419907	0.000000	45368	ttl	8	n/a	n/a	n/a	n/a	n/a	n/a	n/a	n/a	n/a	n/a	n/a	n/a	n/a	n/a	n/a	n/a	n/a	n/a	n/a	n/a	113.422392	n/a
113.452063	11.517027	45381	sternberg_trial	n/a	n/a	206	406	307	507	3	0	1	114.555798	116.57157799999999	116.655484	118.672265	118.80489	120.82023299999999	113.45454799999999	120.82023299999999	123.471638	124.971575	intervals/trials	11	113.454548	124.971575
113.452063	0.000000	45381	ttl	11	n/a	n/a	n/a	n/a	n/a	n/a	n/a	n/a	n/a	n/a	n/a	n/a	n/a	n/a	n/a	n/a	n/a	n/a	n/a	n/a	113.454548	n/a
114.553314	0.000000	45821	stimulus_presentation	n/a	63	n/a	n/a	n/a	n/a	n/a	n/a	n/a	n/a	n/a	n/a	n/a	n/a	n/a	n/a	n/a	n/a	n/a	n/a	n/a	114.555798	n/a
114.553314	0.000000	45821	ttl	1	n/a	n/a	n/a	n/a	n/a	n/a	n/a	n/a	n/a	n/a	n/a	n/a	n/a	n/a	n/a	n/a	n/a	n/a	n/a	n/a	114.555798	n/a
116.569093	0.000000	46628	ttl	5	n/a	n/a	n/a	n/a	n/a	n/a	n/a	n/a	n/a	n/a	n/a	n/a	n/a	n/a	n/a	n/a	n/a	n/a	n/a	n/a	116.571578	n/a
116.653000	0.000000	46661	stimulus_presentation	n/a	176	n/a	n/a	n/a	n/a	n/a	n/a	n/a	n/a	n/a	n/a	n/a	n/a	n/a	n/a	n/a	n/a	n/a	n/a	n/a	116.655484	n/a
116.653000	0.000000	46661	ttl	2	n/a	n/a	n/a	n/a	n/a	n/a	n/a	n/a	n/a	n/a	n/a	n/a	n/a	n/a	n/a	n/a	n/a	n/a	n/a	n/a	116.655484	n/a
118.669781	0.000000	47468	ttl	5	n/a	n/a	n/a	n/a	n/a	n/a	n/a	n/a	n/a	n/a	n/a	n/a	n/a	n/a	n/a	n/a	n/a	n/a	n/a	n/a	118.672265	n/a
118.802406	0.000000	47521	stimulus_presentation	n/a	121	n/a	n/a	n/a	n/a	n/a	n/a	n/a	n/a	n/a	n/a	n/a	n/a	n/a	n/a	n/a	n/a	n/a	n/a	n/a	118.804890	n/a
118.802406	0.000000	47521	ttl	3	n/a	n/a	n/a	n/a	n/a	n/a	n/a	n/a	n/a	n/a	n/a	n/a	n/a	n/a	n/a	n/a	n/a	n/a	n/a	n/a	118.804890	n/a
120.817748	0.000000	48327	ttl	6	n/a	n/a	n/a	n/a	n/a	n/a	n/a	n/a	n/a	n/a	n/a	n/a	n/a	n/a	n/a	n/a	n/a	n/a	n/a	n/a	120.820233	n/a
123.469154	0.000000	49388	stimulus_presentation	n/a	232	n/a	n/a	n/a	n/a	n/a	n/a	n/a	n/a	n/a	n/a	n/a	n/a	n/a	n/a	n/a	n/a	n/a	n/a	n/a	123.471638	n/a
123.469154	0.000000	49388	ttl	7	n/a	n/a	n/a	n/a	n/a	n/a	n/a	n/a	n/a	n/a	n/a	n/a	n/a	n/a	n/a	n/a	n/a	n/a	n/a	n/a	123.471638	n/a
124.969091	0.000000	49988	ttl	8	n/a	n/a	n/a	n/a	n/a	n/a	n/a	n/a	n/a	n/a	n/a	n/a	n/a	n/a	n/a	n/a	n/a	n/a	n/a	n/a	124.971575	n/a
124.999933	11.182496	50000	sternberg_trial	n/a	n/a	105	407	207	407	3	1	1	126.136918	128.153417	128.319792	130.335104	130.435635	132.452134	125.00241799999999	132.452134	135.053008	136.184914	intervals/trials	12	125.002418	136.184914
124.999933	0.000000	50000	ttl	11	n/a	n/a	n/a	n/a	n/a	n/a	n/a	n/a	n/a	n/a	n/a	n/a	n/a	n/a	n/a	n/a	n/a	n/a	n/a	n/a	125.002418	n/a
126.134434	0.000000	50454	stimulus_presentation	n/a	5	n/a	n/a	n/a	n/a	n/a	n/a	n/a	n/a	n/a	n/a	n/a	n/a	n/a	n/a	n/a	n/a	n/a	n/a	n/a	126.136918	n/a
126.134434	0.000000	50454	ttl	1	n/a	n/a	n/a	n/a	n/a	n/a	n/a	n/a	n/a	n/a	n/a	n/a	n/a	n/a	n/a	n/a	n/a	n/a	n/a	n/a	126.136918	n/a
128.150932	0.000000	51260	ttl	5	n/a	n/a	n/a	n/a	n/a	n/a	n/a	n/a	n/a	n/a	n/a	n/a	n/a	n/a	n/a	n/a	n/a	n/a	n/a	n/a	128.153417	n/a
128.317307	0.000000	51327	stimulus_presentation	n/a	177	n/a	n/a	n/a	n/a	n/a	n/a	n/a	n/a	n/a	n/a	n/a	n/a	n/a	n/a	n/a	n/a	n/a	n/a	n/a	128.319792	n/a
128.317307	0.000000	51327	ttl	2	n/a	n/a	n/a	n/a	n/a	n/a	n/a	n/a	n/a	n/a	n/a	n/a	n/a	n/a	n/a	n/a	n/a	n/a	n/a	n/a	128.319792	n/a
130.332619	0.000000	52133	ttl	5	n/a	n/a	n/a	n/a	n/a	n/a	n/a	n/a	n/a	n/a	n/a	n/a	n/a	n/a	n/a	n/a	n/a	n/a	n/a	n/a	130.335104	n/a
130.433150	0.000000	52173	stimulus_presentation	n/a	64	n/a	n/a	n/a	n/a	n/a	n/a	n/a	n/a	n/a	n/a	n/a	n/a	n/a	n/a	n/a	n/a	n/a	n/a	n/a	130.435635	n/a
130.433150	0.000000	52173	ttl	3	n/a	n/a	n/a	n/a	n/a	n/a	n/a	n/a	n/a	n/a	n/a	n/a	n/a	n/a	n/a	n/a	n/a	n/a	n/a	n/a	130.435635	n/a
132.449649	0.000000	52980	ttl	6	n/a	n/a	n/a	n/a	n/a	n/a	n/a	n/a	n/a	n/a	n/a	n/a	n/a	n/a	n/a	n/a	n/a	n/a	n/a	n/a	132.452134	n/a
135.050523	0.000000	54020	stimulus_presentation	n/a	177	n/a	n/a	n/a	n/a	n/a	n/a	n/a	n/a	n/a	n/a	n/a	n/a	n/a	n/a	n/a	n/a	n/a	n/a	n/a	135.053008	n/a
135.050523	0.000000	54020	ttl	7	n/a	n/a	n/a	n/a	n/a	n/a	n/a	n/a	n/a	n/a	n/a	n/a	n/a	n/a	n/a	n/a	n/a	n/a	n/a	n/a	135.053008	n/a
136.182429	0.000000	54473	ttl	8	n/a	n/a	n/a	n/a	n/a	n/a	n/a	n/a	n/a	n/a	n/a	n/a	n/a	n/a	n/a	n/a	n/a	n/a	n/a	n/a	136.184914	n/a
136.214398	6.990309	54486	sternberg_trial	n/a	n/a	208	0	0	208	1	1	1	137.31757	139.3341	0.0	0.0	0.0	0.0	136.216883	139.3341	142.101912	143.207192	intervals/trials	13	136.216883	143.207192
136.214398	0.000000	54486	ttl	11	n/a	n/a	n/a	n/a	n/a	n/a	n/a	n/a	n/a	n/a	n/a	n/a	n/a	n/a	n/a	n/a	n/a	n/a	n/a	n/a	136.216883	n/a
137.315085	0.000000	54926	stimulus_presentation	n/a	65	n/a	n/a	n/a	n/a	n/a	n/a	n/a	n/a	n/a	n/a	n/a	n/a	n/a	n/a	n/a	n/a	n/a	n/a	n/a	137.317570	n/a
137.315085	0.000000	54926	ttl	1	n/a	n/a	n/a	n/a	n/a	n/a	n/a	n/a	n/a	n/a	n/a	n/a	n/a	n/a	n/a	n/a	n/a	n/a	n/a	n/a	137.317570	n/a
137.325085	0.000000	54930	stimulus_presentation	n/a	0	n/a	n/a	n/a	n/a	n/a	n/a	n/a	n/a	n/a	n/a	n/a	n/a	n/a	n/a	n/a	n/a	n/a	n/a	n/a	137.327570	n/a
137.335085	0.000000	54934	stimulus_presentation	n/a	0	n/a	n/a	n/a	n/a	n/a	n/a	n/a	n/a	n/a	n/a	n/a	n/a	n/a	n/a	n/a	n/a	n/a	n/a	n/a	137.337570	n/a
139.331615	0.000000	55733	ttl	6	n/a	n/a	n/a	n/a	n/a	n/a	n/a	n/a	n/a	n/a	n/a	n/a	n/a	n/a	n/a	n/a	n/a	n/a	n/a	n/a	139.334100	n/a
142.099427	0.000000	56840	stimulus_presentation	n/a	65	n/a	n/a	n/a	n/a	n/a	n/a	n/a	n/a	n/a	n/a	n/a	n/a	n/a	n/a	n/a	n/a	n/a	n/a	n/a	142.101912	n/a
142.099427	0.000000	56840	ttl	7	n/a	n/a	n/a	n/a	n/a	n/a	n/a	n/a	n/a	n/a	n/a	n/a	n/a	n/a	n/a	n/a	n/a	n/a	n/a	n/a	142.101912	n/a
143.204707	0.000000	57282	ttl	8	n/a	n/a	n/a	n/a	n/a	n/a	n/a	n/a	n/a	n/a	n/a	n/a	n/a	n/a	n/a	n/a	n/a	n/a	n/a	n/a	143.207192	n/a
143.229770	11.236245	57292	sternberg_trial	n/a	n/a	508	408	209	307	3	0	1	144.233973	146.24940999999998	146.46641	148.48250299999998	148.499284	150.515658	143.23225499999998	150.515658	153.316845	154.4685	intervals/trials	14	143.232255	154.468500
143.229770	0.000000	57292	ttl	11	n/a	n/a	n/a	n/a	n/a	n/a	n/a	n/a	n/a	n/a	n/a	n/a	n/a	n/a	n/a	n/a	n/a	n/a	n/a	n/a	143.232255	n/a
144.231488	0.000000	57693	stimulus_presentation	n/a	233	n/a	n/a	n/a	n/a	n/a	n/a	n/a	n/a	n/a	n/a	n/a	n/a	n/a	n/a	n/a	n/a	n/a	n/a	n/a	144.233973	n/a
144.231488	0.000000	57693	ttl	1	n/a	n/a	n/a	n/a	n/a	n/a	n/a	n/a	n/a	n/a	n/a	n/a	n/a	n/a	n/a	n/a	n/a	n/a	n/a	n/a	144.233973	n/a
146.246925	0.000000	58499	ttl	5	n/a	n/a	n/a	n/a	n/a	n/a	n/a	n/a	n/a	n/a	n/a	n/a	n/a	n/a	n/a	n/a	n/a	n/a	n/a	n/a	146.249410	n/a
146.463925	0.000000	58586	stimulus_presentation	n/a	178	n/a	n/a	n/a	n/a	n/a	n/a	n/a	n/a	n/a	n/a	n/a	n/a	n/a	n/a	n/a	n/a	n/a	n/a	n/a	146.466410	n/a
146.463925	0.000000	58586	ttl	2	n/a	n/a	n/a	n/a	n/a	n/a	n/a	n/a	n/a	n/a	n/a	n/a	n/a	n/a	n/a	n/a	n/a	n/a	n/a	n/a	146.466410	n/a
148.480018	0.000000	59392	ttl	5	n/a	n/a	n/a	n/a	n/a	n/a	n/a	n/a	n/a	n/a	n/a	n/a	n/a	n/a	n/a	n/a	n/a	n/a	n/a	n/a	148.482503	n/a
148.496799	0.000000	59399	stimulus_presentation	n/a	66	n/a	n/a	n/a	n/a	n/a	n/a	n/a	n/a	n/a	n/a	n/a	n/a	n/a	n/a	n/a	n/a	n/a	n/a	n/a	148.499284	n/a
148.496799	0.000000	59399	ttl	3	n/a	n/a	n/a	n/a	n/a	n/a	n/a	n/a	n/a	n/a	n/a	n/a	n/a	n/a	n/a	n/a	n/a	n/a	n/a	n/a	148.499284	n/a
150.513173	0.000000	60205	ttl	6	n/a	n/a	n/a	n/a	n/a	n/a	n/a	n/a	n/a	n/a	n/a	n/a	n/a	n/a	n/a	n/a	n/a	n/a	n/a	n/a	150.515658	n/a
153.314360	0.000000	61326	stimulus_presentation	n/a	121	n/a	n/a	n/a	n/a	n/a	n/a	n/a	n/a	n/a	n/a	n/a	n/a	n/a	n/a	n/a	n/a	n/a	n/a	n/a	153.316845	n/a
153.314360	0.000000	61326	ttl	7	n/a	n/a	n/a	n/a	n/a	n/a	n/a	n/a	n/a	n/a	n/a	n/a	n/a	n/a	n/a	n/a	n/a	n/a	n/a	n/a	153.316845	n/a
154.466015	0.000000	61786	ttl	8	n/a	n/a	n/a	n/a	n/a	n/a	n/a	n/a	n/a	n/a	n/a	n/a	n/a	n/a	n/a	n/a	n/a	n/a	n/a	n/a	154.468500	n/a
154.493922	6.898434	61798	sternberg_trial	n/a	n/a	409	0	0	205	1	0	1	155.514437	157.53078	0.0	0.0	0.0	0.0	154.496407	157.53078	160.231842	161.39484099999999	intervals/trials	15	154.496407	161.394841
154.493922	0.000000	61798	ttl	11	n/a	n/a	n/a	n/a	n/a	n/a	n/a	n/a	n/a	n/a	n/a	n/a	n/a	n/a	n/a	n/a	n/a	n/a	n/a	n/a	154.496407	n/a
155.511952	0.000000	62205	stimulus_presentation	n/a	179	n/a	n/a	n/a	n/a	n/a	n/a	n/a	n/a	n/a	n/a	n/a	n/a	n/a	n/a	n/a	n/a	n/a	n/a	n/a	155.514437	n/a
155.511952	0.000000	62205	ttl	1	n/a	n/a	n/a	n/a	n/a	n/a	n/a	n/a	n/a	n/a	n/a	n/a	n/a	n/a	n/a	n/a	n/a	n/a	n/a	n/a	155.514437	n/a
155.521952	0.000000	62209	stimulus_presentation	n/a	0	n/a	n/a	n/a	n/a	n/a	n/a	n/a	n/a	n/a	n/a	n/a	n/a	n/a	n/a	n/a	n/a	n/a	n/a	n/a	155.524437	n/a
155.531952	0.000000	62213	stimulus_presentation	n/a	0	n/a	n/a	n/a	n/a	n/a	n/a	n/a	n/a	n/a	n/a	n/a	n/a	n/a	n/a	n/a	n/a	n/a	n/a	n/a	155.534437	n/a
157.528295	0.000000	63011	ttl	6	n/a	n/a	n/a	n/a	n/a	n/a	n/a	n/a	n/a	n/a	n/a	n/a	n/a	n/a	n/a	n/a	n/a	n/a	n/a	n/a	157.530780	n/a
160.229357	0.000000	64092	stimulus_presentation	n/a	62	n/a	n/a	n/a	n/a	n/a	n/a	n/a	n/a	n/a	n/a	n/a	n/a	n/a	n/a	n/a	n/a	n/a	n/a	n/a	160.231842	n/a
160.229357	0.000000	64092	ttl	7	n/a	n/a	n/a	n/a	n/a	n/a	n/a	n/a	n/a	n/a	n/a	n/a	n/a	n/a	n/a	n/a	n/a	n/a	n/a	n/a	160.231842	n/a
161.392356	0.000000	64557	ttl	8	n/a	n/a	n/a	n/a	n/a	n/a	n/a	n/a	n/a	n/a	n/a	n/a	n/a	n/a	n/a	n/a	n/a	n/a	n/a	n/a	161.394841	n/a
161.426294	11.147402	64571	sternberg_trial	n/a	n/a	308	210	410	506	3	0	1	162.479591	164.496684	164.562528	166.57908899999998	166.62918299999998	168.645307	161.428779	168.645307	171.31302499999998	172.576181	intervals/trials	16	161.428779	172.576181
161.426294	0.000000	64571	ttl	11	n/a	n/a	n/a	n/a	n/a	n/a	n/a	n/a	n/a	n/a	n/a	n/a	n/a	n/a	n/a	n/a	n/a	n/a	n/a	n/a	161.428779	n/a
162.477106	0.000000	64991	stimulus_presentation	n/a	122	n/a	n/a	n/a	n/a	n/a	n/a	n/a	n/a	n/a	n/a	n/a	n/a	n/a	n/a	n/a	n/a	n/a	n/a	n/a	162.479591	n/a
162.477106	0.000000	64991	ttl	1	n/a	n/a	n/a	n/a	n/a	n/a	n/a	n/a	n/a	n/a	n/a	n/a	n/a	n/a	n/a	n/a	n/a	n/a	n/a	n/a	162.479591	n/a
164.494199	0.000000	65798	ttl	5	n/a	n/a	n/a	n/a	n/a	n/a	n/a	n/a	n/a	n/a	n/a	n/a	n/a	n/a	n/a	n/a	n/a	n/a	n/a	n/a	164.496684	n/a
164.560043	0.000000	65824	stimulus_presentation	n/a	67	n/a	n/a	n/a	n/a	n/a	n/a	n/a	n/a	n/a	n/a	n/a	n/a	n/a	n/a	n/a	n/a	n/a	n/a	n/a	164.562528	n/a
164.560043	0.000000	65824	ttl	2	n/a	n/a	n/a	n/a	n/a	n/a	n/a	n/a	n/a	n/a	n/a	n/a	n/a	n/a	n/a	n/a	n/a	n/a	n/a	n/a	164.562528	n/a
166.576604	0.000000	66631	ttl	5	n/a	n/a	n/a	n/a	n/a	n/a	n/a	n/a	n/a	n/a	n/a	n/a	n/a	n/a	n/a	n/a	n/a	n/a	n/a	n/a	166.579089	n/a
166.626698	0.000000	66651	stimulus_presentation	n/a	180	n/a	n/a	n/a	n/a	n/a	n/a	n/a	n/a	n/a	n/a	n/a	n/a	n/a	n/a	n/a	n/a	n/a	n/a	n/a	166.629183	n/a
166.626698	0.000000	66651	ttl	3	n/a	n/a	n/a	n/a	n/a	n/a	n/a	n/a	n/a	n/a	n/a	n/a	n/a	n/a	n/a	n/a	n/a	n/a	n/a	n/a	166.629183	n/a
168.642822	0.000000	67457	ttl	6	n/a	n/a	n/a	n/a	n/a	n/a	n/a	n/a	n/a	n/a	n/a	n/a	n/a	n/a	n/a	n/a	n/a	n/a	n/a	n/a	168.645307	n/a
171.310540	0.000000	68524	stimulus_presentation	n/a	231	n/a	n/a	n/a	n/a	n/a	n/a	n/a	n/a	n/a	n/a	n/a	n/a	n/a	n/a	n/a	n/a	n/a	n/a	n/a	171.313025	n/a
171.310540	0.000000	68524	ttl	7	n/a	n/a	n/a	n/a	n/a	n/a	n/a	n/a	n/a	n/a	n/a	n/a	n/a	n/a	n/a	n/a	n/a	n/a	n/a	n/a	171.313025	n/a
172.573696	0.000000	69029	ttl	8	n/a	n/a	n/a	n/a	n/a	n/a	n/a	n/a	n/a	n/a	n/a	n/a	n/a	n/a	n/a	n/a	n/a	n/a	n/a	n/a	172.576181	n/a
172.607477	11.467464	69043	sternberg_trial	n/a	n/a	106	411	309	309	3	1	1	173.62786799999998	175.644117	175.82752299999999	177.84346	177.993397	180.009709	172.609962	180.009709	182.694208	184.077426	intervals/trials	17	172.609962	184.077426
172.607477	0.000000	69043	ttl	11	n/a	n/a	n/a	n/a	n/a	n/a	n/a	n/a	n/a	n/a	n/a	n/a	n/a	n/a	n/a	n/a	n/a	n/a	n/a	n/a	172.609962	n/a
173.625383	0.000000	69450	stimulus_presentation	n/a	6	n/a	n/a	n/a	n/a	n/a	n/a	n/a	n/a	n/a	n/a	n/a	n/a	n/a	n/a	n/a	n/a	n/a	n/a	n/a	173.627868	n/a
173.625383	0.000000	69450	ttl	1	n/a	n/a	n/a	n/a	n/a	n/a	n/a	n/a	n/a	n/a	n/a	n/a	n/a	n/a	n/a	n/a	n/a	n/a	n/a	n/a	173.627868	n/a
175.641632	0.000000	70257	ttl	5	n/a	n/a	n/a	n/a	n/a	n/a	n/a	n/a	n/a	n/a	n/a	n/a	n/a	n/a	n/a	n/a	n/a	n/a	n/a	n/a	175.644117	n/a
175.825038	0.000000	70330	stimulus_presentation	n/a	181	n/a	n/a	n/a	n/a	n/a	n/a	n/a	n/a	n/a	n/a	n/a	n/a	n/a	n/a	n/a	n/a	n/a	n/a	n/a	175.827523	n/a
175.825038	0.000000	70330	ttl	2	n/a	n/a	n/a	n/a	n/a	n/a	n/a	n/a	n/a	n/a	n/a	n/a	n/a	n/a	n/a	n/a	n/a	n/a	n/a	n/a	175.827523	n/a
177.840975	0.000000	71136	ttl	5	n/a	n/a	n/a	n/a	n/a	n/a	n/a	n/a	n/a	n/a	n/a	n/a	n/a	n/a	n/a	n/a	n/a	n/a	n/a	n/a	177.843460	n/a
177.990912	0.000000	71196	stimulus_presentation	n/a	123	n/a	n/a	n/a	n/a	n/a	n/a	n/a	n/a	n/a	n/a	n/a	n/a	n/a	n/a	n/a	n/a	n/a	n/a	n/a	177.993397	n/a
177.990912	0.000000	71196	ttl	3	n/a	n/a	n/a	n/a	n/a	n/a	n/a	n/a	n/a	n/a	n/a	n/a	n/a	n/a	n/a	n/a	n/a	n/a	n/a	n/a	177.993397	n/a
180.007224	0.000000	72003	ttl	6	n/a	n/a	n/a	n/a	n/a	n/a	n/a	n/a	n/a	n/a	n/a	n/a	n/a	n/a	n/a	n/a	n/a	n/a	n/a	n/a	180.009709	n/a
182.691723	0.000000	73077	stimulus_presentation	n/a	123	n/a	n/a	n/a	n/a	n/a	n/a	n/a	n/a	n/a	n/a	n/a	n/a	n/a	n/a	n/a	n/a	n/a	n/a	n/a	182.694208	n/a
182.691723	0.000000	73077	ttl	7	n/a	n/a	n/a	n/a	n/a	n/a	n/a	n/a	n/a	n/a	n/a	n/a	n/a	n/a	n/a	n/a	n/a	n/a	n/a	n/a	182.694208	n/a
184.074941	0.000000	73630	ttl	8	n/a	n/a	n/a	n/a	n/a	n/a	n/a	n/a	n/a	n/a	n/a	n/a	n/a	n/a	n/a	n/a	n/a	n/a	n/a	n/a	184.077426	n/a
184.105378	7.375810	73642	sternberg_trial	n/a	n/a	211	0	0	211	1	1	0	185.092207	187.10854999999998	0.0	0.0	0.0	0.0	184.10786299999998	187.10854999999998	189.709486	191.48367299999998	intervals/trials	18	184.107863	191.483673
184.105378	0.000000	73642	ttl	11	n/a	n/a	n/a	n/a	n/a	n/a	n/a	n/a	n/a	n/a	n/a	n/a	n/a	n/a	n/a	n/a	n/a	n/a	n/a	n/a	184.107863	n/a
185.089722	0.000000	74036	stimulus_presentation	n/a	68	n/a	n/a	n/a	n/a	n/a	n/a	n/a	n/a	n/a	n/a	n/a	n/a	n/a	n/a	n/a	n/a	n/a	n/a	n/a	185.092207	n/a
185.089722	0.000000	74036	ttl	1	n/a	n/a	n/a	n/a	n/a	n/a	n/a	n/a	n/a	n/a	n/a	n/a	n/a	n/a	n/a	n/a	n/a	n/a	n/a	n/a	185.092207	n/a
185.099722	0.000000	74040	stimulus_presentation	n/a	0	n/a	n/a	n/a	n/a	n/a	n/a	n/a	n/a	n/a	n/a	n/a	n/a	n/a	n/a	n/a	n/a	n/a	n/a	n/a	185.102207	n/a
185.109722	0.000000	74044	stimulus_presentation	n/a	0	n/a	n/a	n/a	n/a	n/a	n/a	n/a	n/a	n/a	n/a	n/a	n/a	n/a	n/a	n/a	n/a	n/a	n/a	n/a	185.112207	n/a
187.106065	0.000000	74842	ttl	6	n/a	n/a	n/a	n/a	n/a	n/a	n/a	n/a	n/a	n/a	n/a	n/a	n/a	n/a	n/a	n/a	n/a	n/a	n/a	n/a	187.108550	n/a
189.707001	0.000000	75883	stimulus_presentation	n/a	68	n/a	n/a	n/a	n/a	n/a	n/a	n/a	n/a	n/a	n/a	n/a	n/a	n/a	n/a	n/a	n/a	n/a	n/a	n/a	189.709486	n/a
189.707001	0.000000	75883	ttl	7	n/a	n/a	n/a	n/a	n/a	n/a	n/a	n/a	n/a	n/a	n/a	n/a	n/a	n/a	n/a	n/a	n/a	n/a	n/a	n/a	189.709486	n/a
191.481188	0.000000	76592	ttl	8	n/a	n/a	n/a	n/a	n/a	n/a	n/a	n/a	n/a	n/a	n/a	n/a	n/a	n/a	n/a	n/a	n/a	n/a	n/a	n/a	191.483673	n/a
191.687188	11.599152	76675	sternberg_trial	n/a	n/a	310	107	212	310	3	1	1	192.67461	194.690328	194.890359	196.906421	197.105358	199.12257599999998	191.689673	199.12257599999998	201.839419	203.288825	intervals/trials	19	191.689673	203.288825
191.687188	0.000000	76675	ttl	11	n/a	n/a	n/a	n/a	n/a	n/a	n/a	n/a	n/a	n/a	n/a	n/a	n/a	n/a	n/a	n/a	n/a	n/a	n/a	n/a	191.689673	n/a
192.672125	0.000000	77069	stimulus_presentation	n/a	124	n/a	n/a	n/a	n/a	n/a	n/a	n/a	n/a	n/a	n/a	n/a	n/a	n/a	n/a	n/a	n/a	n/a	n/a	n/a	192.674610	n/a
192.672125	0.000000	77069	ttl	1	n/a	n/a	n/a	n/a	n/a	n/a	n/a	n/a	n/a	n/a	n/a	n/a	n/a	n/a	n/a	n/a	n/a	n/a	n/a	n/a	192.674610	n/a
194.687843	0.000000	77875	ttl	5	n/a	n/a	n/a	n/a	n/a	n/a	n/a	n/a	n/a	n/a	n/a	n/a	n/a	n/a	n/a	n/a	n/a	n/a	n/a	n/a	194.690328	n/a
194.887874	0.000000	77955	stimulus_presentation	n/a	7	n/a	n/a	n/a	n/a	n/a	n/a	n/a	n/a	n/a	n/a	n/a	n/a	n/a	n/a	n/a	n/a	n/a	n/a	n/a	194.890359	n/a
194.887874	0.000000	77955	ttl	2	n/a	n/a	n/a	n/a	n/a	n/a	n/a	n/a	n/a	n/a	n/a	n/a	n/a	n/a	n/a	n/a	n/a	n/a	n/a	n/a	194.890359	n/a
196.903936	0.000000	78762	ttl	5	n/a	n/a	n/a	n/a	n/a	n/a	n/a	n/a	n/a	n/a	n/a	n/a	n/a	n/a	n/a	n/a	n/a	n/a	n/a	n/a	196.906421	n/a
197.102873	0.000000	78841	stimulus_presentation	n/a	69	n/a	n/a	n/a	n/a	n/a	n/a	n/a	n/a	n/a	n/a	n/a	n/a	n/a	n/a	n/a	n/a	n/a	n/a	n/a	197.105358	n/a
197.102873	0.000000	78841	ttl	3	n/a	n/a	n/a	n/a	n/a	n/a	n/a	n/a	n/a	n/a	n/a	n/a	n/a	n/a	n/a	n/a	n/a	n/a	n/a	n/a	197.105358	n/a
199.120091	0.000000	79648	ttl	6	n/a	n/a	n/a	n/a	n/a	n/a	n/a	n/a	n/a	n/a	n/a	n/a	n/a	n/a	n/a	n/a	n/a	n/a	n/a	n/a	199.122576	n/a
201.836934	0.000000	80735	stimulus_presentation	n/a	124	n/a	n/a	n/a	n/a	n/a	n/a	n/a	n/a	n/a	n/a	n/a	n/a	n/a	n/a	n/a	n/a	n/a	n/a	n/a	201.839419	n/a
201.836934	0.000000	80735	ttl	7	n/a	n/a	n/a	n/a	n/a	n/a	n/a	n/a	n/a	n/a	n/a	n/a	n/a	n/a	n/a	n/a	n/a	n/a	n/a	n/a	201.839419	n/a
203.286340	0.000000	81315	ttl	8	n/a	n/a	n/a	n/a	n/a	n/a	n/a	n/a	n/a	n/a	n/a	n/a	n/a	n/a	n/a	n/a	n/a	n/a	n/a	n/a	203.288825	n/a
203.318714	11.468840	81327	sternberg_trial	n/a	n/a	311	108	412	311	3	1	1	204.42198	206.43797899999998	206.470448	208.487822	208.670979	210.68738399999998	203.32119899999998	210.68738399999998	213.33763299999998	214.79003899999998	intervals/trials	20	203.321199	214.790039
203.318714	0.000000	81327	ttl	11	n/a	n/a	n/a	n/a	n/a	n/a	n/a	n/a	n/a	n/a	n/a	n/a	n/a	n/a	n/a	n/a	n/a	n/a	n/a	n/a	203.321199	n/a
204.419495	0.000000	81768	stimulus_presentation	n/a	125	n/a	n/a	n/a	n/a	n/a	n/a	n/a	n/a	n/a	n/a	n/a	n/a	n/a	n/a	n/a	n/a	n/a	n/a	n/a	204.421980	n/a
204.419495	0.000000	81768	ttl	1	n/a	n/a	n/a	n/a	n/a	n/a	n/a	n/a	n/a	n/a	n/a	n/a	n/a	n/a	n/a	n/a	n/a	n/a	n/a	n/a	204.421980	n/a
206.435494	0.000000	82574	ttl	5	n/a	n/a	n/a	n/a	n/a	n/a	n/a	n/a	n/a	n/a	n/a	n/a	n/a	n/a	n/a	n/a	n/a	n/a	n/a	n/a	206.437979	n/a
206.467963	0.000000	82587	stimulus_presentation	n/a	8	n/a	n/a	n/a	n/a	n/a	n/a	n/a	n/a	n/a	n/a	n/a	n/a	n/a	n/a	n/a	n/a	n/a	n/a	n/a	206.470448	n/a
206.467963	0.000000	82587	ttl	2	n/a	n/a	n/a	n/a	n/a	n/a	n/a	n/a	n/a	n/a	n/a	n/a	n/a	n/a	n/a	n/a	n/a	n/a	n/a	n/a	206.470448	n/a
208.485337	0.000000	83394	ttl	5	n/a	n/a	n/a	n/a	n/a	n/a	n/a	n/a	n/a	n/a	n/a	n/a	n/a	n/a	n/a	n/a	n/a	n/a	n/a	n/a	208.487822	n/a
208.668494	0.000000	83467	stimulus_presentation	n/a	182	n/a	n/a	n/a	n/a	n/a	n/a	n/a	n/a	n/a	n/a	n/a	n/a	n/a	n/a	n/a	n/a	n/a	n/a	n/a	208.670979	n/a
208.668494	0.000000	83467	ttl	3	n/a	n/a	n/a	n/a	n/a	n/a	n/a	n/a	n/a	n/a	n/a	n/a	n/a	n/a	n/a	n/a	n/a	n/a	n/a	n/a	208.670979	n/a
210.684899	0.000000	84274	ttl	6	n/a	n/a	n/a	n/a	n/a	n/a	n/a	n/a	n/a	n/a	n/a	n/a	n/a	n/a	n/a	n/a	n/a	n/a	n/a	n/a	210.687384	n/a
213.335148	0.000000	85334	stimulus_presentation	n/a	125	n/a	n/a	n/a	n/a	n/a	n/a	n/a	n/a	n/a	n/a	n/a	n/a	n/a	n/a	n/a	n/a	n/a	n/a	n/a	213.337633	n/a
213.335148	0.000000	85334	ttl	7	n/a	n/a	n/a	n/a	n/a	n/a	n/a	n/a	n/a	n/a	n/a	n/a	n/a	n/a	n/a	n/a	n/a	n/a	n/a	n/a	213.337633	n/a
214.787554	0.000000	85915	ttl	8	n/a	n/a	n/a	n/a	n/a	n/a	n/a	n/a	n/a	n/a	n/a	n/a	n/a	n/a	n/a	n/a	n/a	n/a	n/a	n/a	214.790039	n/a
214.815960	6.930028	85926	sternberg_trial	n/a	n/a	213	0	0	305	1	0	1	215.786444	217.802412	0.0	0.0	0.0	0.0	214.818445	217.802412	220.653474	221.748473	intervals/trials	21	214.818445	221.748473
214.815960	0.000000	85926	ttl	11	n/a	n/a	n/a	n/a	n/a	n/a	n/a	n/a	n/a	n/a	n/a	n/a	n/a	n/a	n/a	n/a	n/a	n/a	n/a	n/a	214.818445	n/a
215.783959	0.000000	86314	stimulus_presentation	n/a	70	n/a	n/a	n/a	n/a	n/a	n/a	n/a	n/a	n/a	n/a	n/a	n/a	n/a	n/a	n/a	n/a	n/a	n/a	n/a	215.786444	n/a
215.783959	0.000000	86314	ttl	1	n/a	n/a	n/a	n/a	n/a	n/a	n/a	n/a	n/a	n/a	n/a	n/a	n/a	n/a	n/a	n/a	n/a	n/a	n/a	n/a	215.786444	n/a
215.793959	0.000000	86318	stimulus_presentation	n/a	0	n/a	n/a	n/a	n/a	n/a	n/a	n/a	n/a	n/a	n/a	n/a	n/a	n/a	n/a	n/a	n/a	n/a	n/a	n/a	215.796444	n/a
215.803959	0.000000	86322	stimulus_presentation	n/a	0	n/a	n/a	n/a	n/a	n/a	n/a	n/a	n/a	n/a	n/a	n/a	n/a	n/a	n/a	n/a	n/a	n/a	n/a	n/a	215.806444	n/a
217.799927	0.000000	87120	ttl	6	n/a	n/a	n/a	n/a	n/a	n/a	n/a	n/a	n/a	n/a	n/a	n/a	n/a	n/a	n/a	n/a	n/a	n/a	n/a	n/a	217.802412	n/a
220.650989	0.000000	88260	stimulus_presentation	n/a	119	n/a	n/a	n/a	n/a	n/a	n/a	n/a	n/a	n/a	n/a	n/a	n/a	n/a	n/a	n/a	n/a	n/a	n/a	n/a	220.653474	n/a
220.650989	0.000000	88260	ttl	7	n/a	n/a	n/a	n/a	n/a	n/a	n/a	n/a	n/a	n/a	n/a	n/a	n/a	n/a	n/a	n/a	n/a	n/a	n/a	n/a	220.653474	n/a
221.745988	0.000000	88698	ttl	8	n/a	n/a	n/a	n/a	n/a	n/a	n/a	n/a	n/a	n/a	n/a	n/a	n/a	n/a	n/a	n/a	n/a	n/a	n/a	n/a	221.748473	n/a
221.781551	11.257620	88713	sternberg_trial	n/a	n/a	214	413	109	109	3	1	1	222.76791	224.785316	224.86697199999998	226.88387799999998	227.06743999999998	229.08334499999998	221.784036	229.08334499999998	231.65196899999998	233.041656	intervals/trials	22	221.784036	233.041656
221.781551	0.000000	88713	ttl	11	n/a	n/a	n/a	n/a	n/a	n/a	n/a	n/a	n/a	n/a	n/a	n/a	n/a	n/a	n/a	n/a	n/a	n/a	n/a	n/a	221.784036	n/a
222.765425	0.000000	89106	stimulus_presentation	n/a	71	n/a	n/a	n/a	n/a	n/a	n/a	n/a	n/a	n/a	n/a	n/a	n/a	n/a	n/a	n/a	n/a	n/a	n/a	n/a	222.767910	n/a
222.765425	0.000000	89106	ttl	1	n/a	n/a	n/a	n/a	n/a	n/a	n/a	n/a	n/a	n/a	n/a	n/a	n/a	n/a	n/a	n/a	n/a	n/a	n/a	n/a	222.767910	n/a
224.782831	0.000000	89913	ttl	5	n/a	n/a	n/a	n/a	n/a	n/a	n/a	n/a	n/a	n/a	n/a	n/a	n/a	n/a	n/a	n/a	n/a	n/a	n/a	n/a	224.785316	n/a
224.864487	0.000000	89946	stimulus_presentation	n/a	183	n/a	n/a	n/a	n/a	n/a	n/a	n/a	n/a	n/a	n/a	n/a	n/a	n/a	n/a	n/a	n/a	n/a	n/a	n/a	224.866972	n/a
224.864487	0.000000	89946	ttl	2	n/a	n/a	n/a	n/a	n/a	n/a	n/a	n/a	n/a	n/a	n/a	n/a	n/a	n/a	n/a	n/a	n/a	n/a	n/a	n/a	224.866972	n/a
226.881393	0.000000	90753	ttl	5	n/a	n/a	n/a	n/a	n/a	n/a	n/a	n/a	n/a	n/a	n/a	n/a	n/a	n/a	n/a	n/a	n/a	n/a	n/a	n/a	226.883878	n/a
227.064955	0.000000	90826	stimulus_presentation	n/a	9	n/a	n/a	n/a	n/a	n/a	n/a	n/a	n/a	n/a	n/a	n/a	n/a	n/a	n/a	n/a	n/a	n/a	n/a	n/a	227.067440	n/a
227.064955	0.000000	90826	ttl	3	n/a	n/a	n/a	n/a	n/a	n/a	n/a	n/a	n/a	n/a	n/a	n/a	n/a	n/a	n/a	n/a	n/a	n/a	n/a	n/a	227.067440	n/a
229.080860	0.000000	91632	ttl	6	n/a	n/a	n/a	n/a	n/a	n/a	n/a	n/a	n/a	n/a	n/a	n/a	n/a	n/a	n/a	n/a	n/a	n/a	n/a	n/a	229.083345	n/a
231.649484	0.000000	92660	stimulus_presentation	n/a	9	n/a	n/a	n/a	n/a	n/a	n/a	n/a	n/a	n/a	n/a	n/a	n/a	n/a	n/a	n/a	n/a	n/a	n/a	n/a	231.651969	n/a
231.649484	0.000000	92660	ttl	7	n/a	n/a	n/a	n/a	n/a	n/a	n/a	n/a	n/a	n/a	n/a	n/a	n/a	n/a	n/a	n/a	n/a	n/a	n/a	n/a	231.651969	n/a
233.039171	0.000000	93216	ttl	8	n/a	n/a	n/a	n/a	n/a	n/a	n/a	n/a	n/a	n/a	n/a	n/a	n/a	n/a	n/a	n/a	n/a	n/a	n/a	n/a	233.041656	n/a
233.062640	11.285839	93225	sternberg_trial	n/a	n/a	215	110	414	215	3	1	1	234.199187	236.21584299999998	236.365592	238.38187299999998	238.49862299999998	240.514841	233.065125	240.514841	243.21634	244.35096399999998	intervals/trials	23	233.065125	244.350964
233.062640	0.000000	93225	ttl	11	n/a	n/a	n/a	n/a	n/a	n/a	n/a	n/a	n/a	n/a	n/a	n/a	n/a	n/a	n/a	n/a	n/a	n/a	n/a	n/a	233.065125	n/a
234.196702	0.000000	93679	stimulus_presentation	n/a	72	n/a	n/a	n/a	n/a	n/a	n/a	n/a	n/a	n/a	n/a	n/a	n/a	n/a	n/a	n/a	n/a	n/a	n/a	n/a	234.199187	n/a
234.196702	0.000000	93679	ttl	1	n/a	n/a	n/a	n/a	n/a	n/a	n/a	n/a	n/a	n/a	n/a	n/a	n/a	n/a	n/a	n/a	n/a	n/a	n/a	n/a	234.199187	n/a
236.213358	0.000000	94485	ttl	5	n/a	n/a	n/a	n/a	n/a	n/a	n/a	n/a	n/a	n/a	n/a	n/a	n/a	n/a	n/a	n/a	n/a	n/a	n/a	n/a	236.215843	n/a
236.363107	0.000000	94545	stimulus_presentation	n/a	10	n/a	n/a	n/a	n/a	n/a	n/a	n/a	n/a	n/a	n/a	n/a	n/a	n/a	n/a	n/a	n/a	n/a	n/a	n/a	236.365592	n/a
236.363107	0.000000	94545	ttl	2	n/a	n/a	n/a	n/a	n/a	n/a	n/a	n/a	n/a	n/a	n/a	n/a	n/a	n/a	n/a	n/a	n/a	n/a	n/a	n/a	236.365592	n/a
238.379388	0.000000	95352	ttl	5	n/a	n/a	n/a	n/a	n/a	n/a	n/a	n/a	n/a	n/a	n/a	n/a	n/a	n/a	n/a	n/a	n/a	n/a	n/a	n/a	238.381873	n/a
238.496138	0.000000	95398	stimulus_presentation	n/a	184	n/a	n/a	n/a	n/a	n/a	n/a	n/a	n/a	n/a	n/a	n/a	n/a	n/a	n/a	n/a	n/a	n/a	n/a	n/a	238.498623	n/a
238.496138	0.000000	95398	ttl	3	n/a	n/a	n/a	n/a	n/a	n/a	n/a	n/a	n/a	n/a	n/a	n/a	n/a	n/a	n/a	n/a	n/a	n/a	n/a	n/a	238.498623	n/a
240.512356	0.000000	96205	ttl	6	n/a	n/a	n/a	n/a	n/a	n/a	n/a	n/a	n/a	n/a	n/a	n/a	n/a	n/a	n/a	n/a	n/a	n/a	n/a	n/a	240.514841	n/a
243.213855	0.000000	97286	stimulus_presentation	n/a	72	n/a	n/a	n/a	n/a	n/a	n/a	n/a	n/a	n/a	n/a	n/a	n/a	n/a	n/a	n/a	n/a	n/a	n/a	n/a	243.216340	n/a
243.213855	0.000000	97286	ttl	7	n/a	n/a	n/a	n/a	n/a	n/a	n/a	n/a	n/a	n/a	n/a	n/a	n/a	n/a	n/a	n/a	n/a	n/a	n/a	n/a	243.216340	n/a
244.348479	0.000000	97739	ttl	8	n/a	n/a	n/a	n/a	n/a	n/a	n/a	n/a	n/a	n/a	n/a	n/a	n/a	n/a	n/a	n/a	n/a	n/a	n/a	n/a	244.350964	n/a
244.376761	10.897120	97751	sternberg_trial	n/a	n/a	111	509	415	308	3	0	1	245.462776	247.480244	247.53011899999998	249.545681	249.629462	251.646055	244.379246	251.646055	254.413773	255.276366	intervals/trials	24	244.379246	255.276366
244.376761	0.000000	97751	ttl	11	n/a	n/a	n/a	n/a	n/a	n/a	n/a	n/a	n/a	n/a	n/a	n/a	n/a	n/a	n/a	n/a	n/a	n/a	n/a	n/a	244.379246	n/a
245.460291	0.000000	98184	stimulus_presentation	n/a	11	n/a	n/a	n/a	n/a	n/a	n/a	n/a	n/a	n/a	n/a	n/a	n/a	n/a	n/a	n/a	n/a	n/a	n/a	n/a	245.462776	n/a
245.460291	0.000000	98184	ttl	1	n/a	n/a	n/a	n/a	n/a	n/a	n/a	n/a	n/a	n/a	n/a	n/a	n/a	n/a	n/a	n/a	n/a	n/a	n/a	n/a	245.462776	n/a
247.477759	0.000000	98991	ttl	5	n/a	n/a	n/a	n/a	n/a	n/a	n/a	n/a	n/a	n/a	n/a	n/a	n/a	n/a	n/a	n/a	n/a	n/a	n/a	n/a	247.480244	n/a
247.527634	0.000000	99011	stimulus_presentation	n/a	234	n/a	n/a	n/a	n/a	n/a	n/a	n/a	n/a	n/a	n/a	n/a	n/a	n/a	n/a	n/a	n/a	n/a	n/a	n/a	247.530119	n/a
247.527634	0.000000	99011	ttl	2	n/a	n/a	n/a	n/a	n/a	n/a	n/a	n/a	n/a	n/a	n/a	n/a	n/a	n/a	n/a	n/a	n/a	n/a	n/a	n/a	247.530119	n/a
249.543196	0.000000	99817	ttl	5	n/a	n/a	n/a	n/a	n/a	n/a	n/a	n/a	n/a	n/a	n/a	n/a	n/a	n/a	n/a	n/a	n/a	n/a	n/a	n/a	249.545681	n/a
249.626977	0.000000	99851	stimulus_presentation	n/a	185	n/a	n/a	n/a	n/a	n/a	n/a	n/a	n/a	n/a	n/a	n/a	n/a	n/a	n/a	n/a	n/a	n/a	n/a	n/a	249.629462	n/a
249.626977	0.000000	99851	ttl	3	n/a	n/a	n/a	n/a	n/a	n/a	n/a	n/a	n/a	n/a	n/a	n/a	n/a	n/a	n/a	n/a	n/a	n/a	n/a	n/a	249.629462	n/a
251.643570	0.000000	100657	ttl	6	n/a	n/a	n/a	n/a	n/a	n/a	n/a	n/a	n/a	n/a	n/a	n/a	n/a	n/a	n/a	n/a	n/a	n/a	n/a	n/a	251.646055	n/a
254.411288	0.000000	101765	stimulus_presentation	n/a	122	n/a	n/a	n/a	n/a	n/a	n/a	n/a	n/a	n/a	n/a	n/a	n/a	n/a	n/a	n/a	n/a	n/a	n/a	n/a	254.413773	n/a
254.411288	0.000000	101765	ttl	7	n/a	n/a	n/a	n/a	n/a	n/a	n/a	n/a	n/a	n/a	n/a	n/a	n/a	n/a	n/a	n/a	n/a	n/a	n/a	n/a	254.413773	n/a
255.273881	0.000000	102110	ttl	8	n/a	n/a	n/a	n/a	n/a	n/a	n/a	n/a	n/a	n/a	n/a	n/a	n/a	n/a	n/a	n/a	n/a	n/a	n/a	n/a	255.276366	n/a
255.308475	11.194620	102123	sternberg_trial	n/a	n/a	312	416	216	101	3	0	1	256.495272	258.51142699999997	258.627927	260.644114	260.744333	262.760863	255.31096	262.760863	265.4453	266.50558	intervals/trials	25	255.310960	266.505580
255.308475	0.000000	102123	ttl	11	n/a	n/a	n/a	n/a	n/a	n/a	n/a	n/a	n/a	n/a	n/a	n/a	n/a	n/a	n/a	n/a	n/a	n/a	n/a	n/a	255.310960	n/a
256.492788	0.000000	102597	stimulus_presentation	n/a	126	n/a	n/a	n/a	n/a	n/a	n/a	n/a	n/a	n/a	n/a	n/a	n/a	n/a	n/a	n/a	n/a	n/a	n/a	n/a	256.495272	n/a
256.492788	0.000000	102597	ttl	1	n/a	n/a	n/a	n/a	n/a	n/a	n/a	n/a	n/a	n/a	n/a	n/a	n/a	n/a	n/a	n/a	n/a	n/a	n/a	n/a	256.495272	n/a
258.508942	0.000000	103404	ttl	5	n/a	n/a	n/a	n/a	n/a	n/a	n/a	n/a	n/a	n/a	n/a	n/a	n/a	n/a	n/a	n/a	n/a	n/a	n/a	n/a	258.511427	n/a
258.625443	0.000000	103450	stimulus_presentation	n/a	186	n/a	n/a	n/a	n/a	n/a	n/a	n/a	n/a	n/a	n/a	n/a	n/a	n/a	n/a	n/a	n/a	n/a	n/a	n/a	258.627927	n/a
258.625443	0.000000	103450	ttl	2	n/a	n/a	n/a	n/a	n/a	n/a	n/a	n/a	n/a	n/a	n/a	n/a	n/a	n/a	n/a	n/a	n/a	n/a	n/a	n/a	258.627927	n/a
260.641630	0.000000	104257	ttl	5	n/a	n/a	n/a	n/a	n/a	n/a	n/a	n/a	n/a	n/a	n/a	n/a	n/a	n/a	n/a	n/a	n/a	n/a	n/a	n/a	260.644114	n/a
260.741849	0.000000	104297	stimulus_presentation	n/a	73	n/a	n/a	n/a	n/a	n/a	n/a	n/a	n/a	n/a	n/a	n/a	n/a	n/a	n/a	n/a	n/a	n/a	n/a	n/a	260.744333	n/a
260.741849	0.000000	104297	ttl	3	n/a	n/a	n/a	n/a	n/a	n/a	n/a	n/a	n/a	n/a	n/a	n/a	n/a	n/a	n/a	n/a	n/a	n/a	n/a	n/a	260.744333	n/a
262.758378	0.000000	105103	ttl	6	n/a	n/a	n/a	n/a	n/a	n/a	n/a	n/a	n/a	n/a	n/a	n/a	n/a	n/a	n/a	n/a	n/a	n/a	n/a	n/a	262.760863	n/a
265.442815	0.000000	106177	stimulus_presentation	n/a	1	n/a	n/a	n/a	n/a	n/a	n/a	n/a	n/a	n/a	n/a	n/a	n/a	n/a	n/a	n/a	n/a	n/a	n/a	n/a	265.445300	n/a
265.442815	0.000000	106177	ttl	7	n/a	n/a	n/a	n/a	n/a	n/a	n/a	n/a	n/a	n/a	n/a	n/a	n/a	n/a	n/a	n/a	n/a	n/a	n/a	n/a	265.445300	n/a
266.503096	0.000000	106601	ttl	8	n/a	n/a	n/a	n/a	n/a	n/a	n/a	n/a	n/a	n/a	n/a	n/a	n/a	n/a	n/a	n/a	n/a	n/a	n/a	n/a	266.505580	n/a
266.523033	11.385370	106609	sternberg_trial	n/a	n/a	417	313	510	510	3	1	1	267.676486	269.69257899999997	269.875204	271.89232799999996	272.042109	274.058734	266.525518	274.058734	276.77610799999997	277.910888	intervals/trials	26	266.525518	277.910888
266.523033	0.000000	106609	ttl	11	n/a	n/a	n/a	n/a	n/a	n/a	n/a	n/a	n/a	n/a	n/a	n/a	n/a	n/a	n/a	n/a	n/a	n/a	n/a	n/a	266.525518	n/a
267.674002	0.000000	107070	stimulus_presentation	n/a	187	n/a	n/a	n/a	n/a	n/a	n/a	n/a	n/a	n/a	n/a	n/a	n/a	n/a	n/a	n/a	n/a	n/a	n/a	n/a	267.676486	n/a
267.674002	0.000000	107070	ttl	1	n/a	n/a	n/a	n/a	n/a	n/a	n/a	n/a	n/a	n/a	n/a	n/a	n/a	n/a	n/a	n/a	n/a	n/a	n/a	n/a	267.676486	n/a
269.690094	0.000000	107876	ttl	5	n/a	n/a	n/a	n/a	n/a	n/a	n/a	n/a	n/a	n/a	n/a	n/a	n/a	n/a	n/a	n/a	n/a	n/a	n/a	n/a	269.692579	n/a
269.872720	0.000000	107949	stimulus_presentation	n/a	127	n/a	n/a	n/a	n/a	n/a	n/a	n/a	n/a	n/a	n/a	n/a	n/a	n/a	n/a	n/a	n/a	n/a	n/a	n/a	269.875204	n/a
269.872720	0.000000	107949	ttl	2	n/a	n/a	n/a	n/a	n/a	n/a	n/a	n/a	n/a	n/a	n/a	n/a	n/a	n/a	n/a	n/a	n/a	n/a	n/a	n/a	269.875204	n/a
271.889843	0.000000	108756	ttl	5	n/a	n/a	n/a	n/a	n/a	n/a	n/a	n/a	n/a	n/a	n/a	n/a	n/a	n/a	n/a	n/a	n/a	n/a	n/a	n/a	271.892328	n/a
272.039625	0.000000	108816	stimulus_presentation	n/a	235	n/a	n/a	n/a	n/a	n/a	n/a	n/a	n/a	n/a	n/a	n/a	n/a	n/a	n/a	n/a	n/a	n/a	n/a	n/a	272.042109	n/a
272.039625	0.000000	108816	ttl	3	n/a	n/a	n/a	n/a	n/a	n/a	n/a	n/a	n/a	n/a	n/a	n/a	n/a	n/a	n/a	n/a	n/a	n/a	n/a	n/a	272.042109	n/a
274.056250	0.000000	109622	ttl	6	n/a	n/a	n/a	n/a	n/a	n/a	n/a	n/a	n/a	n/a	n/a	n/a	n/a	n/a	n/a	n/a	n/a	n/a	n/a	n/a	274.058734	n/a
276.773623	0.000000	110709	stimulus_presentation	n/a	235	n/a	n/a	n/a	n/a	n/a	n/a	n/a	n/a	n/a	n/a	n/a	n/a	n/a	n/a	n/a	n/a	n/a	n/a	n/a	276.776108	n/a
276.773623	0.000000	110709	ttl	7	n/a	n/a	n/a	n/a	n/a	n/a	n/a	n/a	n/a	n/a	n/a	n/a	n/a	n/a	n/a	n/a	n/a	n/a	n/a	n/a	276.776108	n/a
277.908404	0.000000	111163	ttl	8	n/a	n/a	n/a	n/a	n/a	n/a	n/a	n/a	n/a	n/a	n/a	n/a	n/a	n/a	n/a	n/a	n/a	n/a	n/a	n/a	277.910888	n/a
277.937061	13.344088	111175	sternberg_trial	n/a	n/a	217	314	418	509	3	0	0	279.090982	281.107325	281.306262	283.323261	283.45660499999997	285.472604	277.939545	285.472604	288.207353	291.283633	intervals/trials	27	277.939545	291.283633
277.937061	0.000000	111175	ttl	11	n/a	n/a	n/a	n/a	n/a	n/a	n/a	n/a	n/a	n/a	n/a	n/a	n/a	n/a	n/a	n/a	n/a	n/a	n/a	n/a	277.939545	n/a
279.088498	0.000000	111635	stimulus_presentation	n/a	74	n/a	n/a	n/a	n/a	n/a	n/a	n/a	n/a	n/a	n/a	n/a	n/a	n/a	n/a	n/a	n/a	n/a	n/a	n/a	279.090982	n/a
279.088498	0.000000	111635	ttl	1	n/a	n/a	n/a	n/a	n/a	n/a	n/a	n/a	n/a	n/a	n/a	n/a	n/a	n/a	n/a	n/a	n/a	n/a	n/a	n/a	279.090982	n/a
281.104841	0.000000	112442	ttl	5	n/a	n/a	n/a	n/a	n/a	n/a	n/a	n/a	n/a	n/a	n/a	n/a	n/a	n/a	n/a	n/a	n/a	n/a	n/a	n/a	281.107325	n/a
281.303778	0.000000	112522	stimulus_presentation	n/a	128	n/a	n/a	n/a	n/a	n/a	n/a	n/a	n/a	n/a	n/a	n/a	n/a	n/a	n/a	n/a	n/a	n/a	n/a	n/a	281.306262	n/a
281.303778	0.000000	112522	ttl	2	n/a	n/a	n/a	n/a	n/a	n/a	n/a	n/a	n/a	n/a	n/a	n/a	n/a	n/a	n/a	n/a	n/a	n/a	n/a	n/a	281.306262	n/a
283.320777	0.000000	113328	ttl	5	n/a	n/a	n/a	n/a	n/a	n/a	n/a	n/a	n/a	n/a	n/a	n/a	n/a	n/a	n/a	n/a	n/a	n/a	n/a	n/a	283.323261	n/a
283.454120	0.000000	113382	stimulus_presentation	n/a	188	n/a	n/a	n/a	n/a	n/a	n/a	n/a	n/a	n/a	n/a	n/a	n/a	n/a	n/a	n/a	n/a	n/a	n/a	n/a	283.456605	n/a
283.454120	0.000000	113382	ttl	3	n/a	n/a	n/a	n/a	n/a	n/a	n/a	n/a	n/a	n/a	n/a	n/a	n/a	n/a	n/a	n/a	n/a	n/a	n/a	n/a	283.456605	n/a
285.470120	0.000000	114188	ttl	6	n/a	n/a	n/a	n/a	n/a	n/a	n/a	n/a	n/a	n/a	n/a	n/a	n/a	n/a	n/a	n/a	n/a	n/a	n/a	n/a	285.472604	n/a
288.204869	0.000000	115282	stimulus_presentation	n/a	234	n/a	n/a	n/a	n/a	n/a	n/a	n/a	n/a	n/a	n/a	n/a	n/a	n/a	n/a	n/a	n/a	n/a	n/a	n/a	288.207353	n/a
288.204869	0.000000	115282	ttl	7	n/a	n/a	n/a	n/a	n/a	n/a	n/a	n/a	n/a	n/a	n/a	n/a	n/a	n/a	n/a	n/a	n/a	n/a	n/a	n/a	288.207353	n/a
291.281149	0.000000	116512	ttl	8	n/a	n/a	n/a	n/a	n/a	n/a	n/a	n/a	n/a	n/a	n/a	n/a	n/a	n/a	n/a	n/a	n/a	n/a	n/a	n/a	291.283633	n/a
291.301492	6.618060	116521	sternberg_trial	n/a	n/a	218	0	0	508	1	0	1	292.355039	294.371257	0.0	0.0	0.0	0.0	291.303977	294.371257	297.072381	297.922037	intervals/trials	28	291.303977	297.922037
291.301492	0.000000	116521	ttl	11	n/a	n/a	n/a	n/a	n/a	n/a	n/a	n/a	n/a	n/a	n/a	n/a	n/a	n/a	n/a	n/a	n/a	n/a	n/a	n/a	291.303977	n/a
292.352554	0.000000	116941	stimulus_presentation	n/a	75	n/a	n/a	n/a	n/a	n/a	n/a	n/a	n/a	n/a	n/a	n/a	n/a	n/a	n/a	n/a	n/a	n/a	n/a	n/a	292.355039	n/a
292.352554	0.000000	116941	ttl	1	n/a	n/a	n/a	n/a	n/a	n/a	n/a	n/a	n/a	n/a	n/a	n/a	n/a	n/a	n/a	n/a	n/a	n/a	n/a	n/a	292.355039	n/a
292.362554	0.000000	116945	stimulus_presentation	n/a	0	n/a	n/a	n/a	n/a	n/a	n/a	n/a	n/a	n/a	n/a	n/a	n/a	n/a	n/a	n/a	n/a	n/a	n/a	n/a	292.365039	n/a
292.372554	0.000000	116949	stimulus_presentation	n/a	0	n/a	n/a	n/a	n/a	n/a	n/a	n/a	n/a	n/a	n/a	n/a	n/a	n/a	n/a	n/a	n/a	n/a	n/a	n/a	292.375039	n/a
294.368773	0.000000	117748	ttl	6	n/a	n/a	n/a	n/a	n/a	n/a	n/a	n/a	n/a	n/a	n/a	n/a	n/a	n/a	n/a	n/a	n/a	n/a	n/a	n/a	294.371257	n/a
297.069897	0.000000	118828	stimulus_presentation	n/a	233	n/a	n/a	n/a	n/a	n/a	n/a	n/a	n/a	n/a	n/a	n/a	n/a	n/a	n/a	n/a	n/a	n/a	n/a	n/a	297.072381	n/a
297.069897	0.000000	118828	ttl	7	n/a	n/a	n/a	n/a	n/a	n/a	n/a	n/a	n/a	n/a	n/a	n/a	n/a	n/a	n/a	n/a	n/a	n/a	n/a	n/a	297.072381	n/a
297.919553	0.000000	119168	ttl	8	n/a	n/a	n/a	n/a	n/a	n/a	n/a	n/a	n/a	n/a	n/a	n/a	n/a	n/a	n/a	n/a	n/a	n/a	n/a	n/a	297.922037	n/a
297.950302	6.367748	119180	sternberg_trial	n/a	n/a	419	0	0	419	1	1	1	298.93697399999996	300.95397299999996	0.0	0.0	0.0	0.0	297.952786	300.95397299999996	303.60409699999997	304.320534	intervals/trials	29	297.952786	304.320534
297.950302	0.000000	119180	ttl	11	n/a	n/a	n/a	n/a	n/a	n/a	n/a	n/a	n/a	n/a	n/a	n/a	n/a	n/a	n/a	n/a	n/a	n/a	n/a	n/a	297.952786	n/a
298.934489	0.000000	119574	stimulus_presentation	n/a	189	n/a	n/a	n/a	n/a	n/a	n/a	n/a	n/a	n/a	n/a	n/a	n/a	n/a	n/a	n/a	n/a	n/a	n/a	n/a	298.936974	n/a
298.934489	0.000000	119574	ttl	1	n/a	n/a	n/a	n/a	n/a	n/a	n/a	n/a	n/a	n/a	n/a	n/a	n/a	n/a	n/a	n/a	n/a	n/a	n/a	n/a	298.936974	n/a
298.944489	0.000000	119578	stimulus_presentation	n/a	0	n/a	n/a	n/a	n/a	n/a	n/a	n/a	n/a	n/a	n/a	n/a	n/a	n/a	n/a	n/a	n/a	n/a	n/a	n/a	298.946974	n/a
298.954489	0.000000	119582	stimulus_presentation	n/a	0	n/a	n/a	n/a	n/a	n/a	n/a	n/a	n/a	n/a	n/a	n/a	n/a	n/a	n/a	n/a	n/a	n/a	n/a	n/a	298.956974	n/a
300.951488	0.000000	120381	ttl	6	n/a	n/a	n/a	n/a	n/a	n/a	n/a	n/a	n/a	n/a	n/a	n/a	n/a	n/a	n/a	n/a	n/a	n/a	n/a	n/a	300.953973	n/a
303.601612	0.000000	121441	stimulus_presentation	n/a	189	n/a	n/a	n/a	n/a	n/a	n/a	n/a	n/a	n/a	n/a	n/a	n/a	n/a	n/a	n/a	n/a	n/a	n/a	n/a	303.604097	n/a
303.601612	0.000000	121441	ttl	7	n/a	n/a	n/a	n/a	n/a	n/a	n/a	n/a	n/a	n/a	n/a	n/a	n/a	n/a	n/a	n/a	n/a	n/a	n/a	n/a	303.604097	n/a
304.318050	0.000000	121727	ttl	8	n/a	n/a	n/a	n/a	n/a	n/a	n/a	n/a	n/a	n/a	n/a	n/a	n/a	n/a	n/a	n/a	n/a	n/a	n/a	n/a	304.320534	n/a
304.348643	6.639810	121739	sternberg_trial	n/a	n/a	511	0	0	415	1	0	1	305.452408	307.468751	0.0	0.0	0.0	0.0	304.35112799999996	307.468751	310.15325	310.99093799999997	intervals/trials	30	304.351128	310.990938
304.348643	0.000000	121739	ttl	11	n/a	n/a	n/a	n/a	n/a	n/a	n/a	n/a	n/a	n/a	n/a	n/a	n/a	n/a	n/a	n/a	n/a	n/a	n/a	n/a	304.351128	n/a
305.449924	0.000000	122180	stimulus_presentation	n/a	236	n/a	n/a	n/a	n/a	n/a	n/a	n/a	n/a	n/a	n/a	n/a	n/a	n/a	n/a	n/a	n/a	n/a	n/a	n/a	305.452408	n/a
305.449924	0.000000	122180	ttl	1	n/a	n/a	n/a	n/a	n/a	n/a	n/a	n/a	n/a	n/a	n/a	n/a	n/a	n/a	n/a	n/a	n/a	n/a	n/a	n/a	305.452408	n/a
305.459924	0.000000	122184	stimulus_presentation	n/a	0	n/a	n/a	n/a	n/a	n/a	n/a	n/a	n/a	n/a	n/a	n/a	n/a	n/a	n/a	n/a	n/a	n/a	n/a	n/a	305.462408	n/a
305.469923	0.000000	122188	stimulus_presentation	n/a	0	n/a	n/a	n/a	n/a	n/a	n/a	n/a	n/a	n/a	n/a	n/a	n/a	n/a	n/a	n/a	n/a	n/a	n/a	n/a	305.472408	n/a
307.466267	0.000000	122987	ttl	6	n/a	n/a	n/a	n/a	n/a	n/a	n/a	n/a	n/a	n/a	n/a	n/a	n/a	n/a	n/a	n/a	n/a	n/a	n/a	n/a	307.468751	n/a
310.150766	0.000000	124060	stimulus_presentation	n/a	185	n/a	n/a	n/a	n/a	n/a	n/a	n/a	n/a	n/a	n/a	n/a	n/a	n/a	n/a	n/a	n/a	n/a	n/a	n/a	310.153250	n/a
310.150766	0.000000	124060	ttl	7	n/a	n/a	n/a	n/a	n/a	n/a	n/a	n/a	n/a	n/a	n/a	n/a	n/a	n/a	n/a	n/a	n/a	n/a	n/a	n/a	310.153250	n/a
310.988453	0.000000	124395	ttl	8	n/a	n/a	n/a	n/a	n/a	n/a	n/a	n/a	n/a	n/a	n/a	n/a	n/a	n/a	n/a	n/a	n/a	n/a	n/a	n/a	310.990938	n/a
311.014610	6.884184	124406	sternberg_trial	n/a	n/a	420	0	0	505	1	0	1	312.01768699999997	314.03396799999996	0.0	0.0	0.0	0.0	311.017094	314.03396799999996	316.685248	317.901278	intervals/trials	31	311.017094	317.901278
311.014610	0.000000	124406	ttl	11	n/a	n/a	n/a	n/a	n/a	n/a	n/a	n/a	n/a	n/a	n/a	n/a	n/a	n/a	n/a	n/a	n/a	n/a	n/a	n/a	311.017094	n/a
312.015202	0.000000	124806	stimulus_presentation	n/a	190	n/a	n/a	n/a	n/a	n/a	n/a	n/a	n/a	n/a	n/a	n/a	n/a	n/a	n/a	n/a	n/a	n/a	n/a	n/a	312.017687	n/a
312.015202	0.000000	124806	ttl	1	n/a	n/a	n/a	n/a	n/a	n/a	n/a	n/a	n/a	n/a	n/a	n/a	n/a	n/a	n/a	n/a	n/a	n/a	n/a	n/a	312.017687	n/a
312.025202	0.000000	124810	stimulus_presentation	n/a	0	n/a	n/a	n/a	n/a	n/a	n/a	n/a	n/a	n/a	n/a	n/a	n/a	n/a	n/a	n/a	n/a	n/a	n/a	n/a	312.027687	n/a
312.035202	0.000000	124814	stimulus_presentation	n/a	0	n/a	n/a	n/a	n/a	n/a	n/a	n/a	n/a	n/a	n/a	n/a	n/a	n/a	n/a	n/a	n/a	n/a	n/a	n/a	312.037687	n/a
314.031483	0.000000	125613	ttl	6	n/a	n/a	n/a	n/a	n/a	n/a	n/a	n/a	n/a	n/a	n/a	n/a	n/a	n/a	n/a	n/a	n/a	n/a	n/a	n/a	314.033968	n/a
316.682764	0.000000	126673	stimulus_presentation	n/a	230	n/a	n/a	n/a	n/a	n/a	n/a	n/a	n/a	n/a	n/a	n/a	n/a	n/a	n/a	n/a	n/a	n/a	n/a	n/a	316.685248	n/a
316.682764	0.000000	126673	ttl	7	n/a	n/a	n/a	n/a	n/a	n/a	n/a	n/a	n/a	n/a	n/a	n/a	n/a	n/a	n/a	n/a	n/a	n/a	n/a	n/a	316.685248	n/a
317.898794	0.000000	127160	ttl	8	n/a	n/a	n/a	n/a	n/a	n/a	n/a	n/a	n/a	n/a	n/a	n/a	n/a	n/a	n/a	n/a	n/a	n/a	n/a	n/a	317.901278	n/a
317.929701	6.607497	127172	sternberg_trial	n/a	n/a	112	0	0	112	1	1	1	318.999872	321.01680799999997	0.0	0.0	0.0	0.0	317.932185	321.01680799999997	323.733995	324.53968199999997	intervals/trials	32	317.932185	324.539682
317.929701	0.000000	127172	ttl	11	n/a	n/a	n/a	n/a	n/a	n/a	n/a	n/a	n/a	n/a	n/a	n/a	n/a	n/a	n/a	n/a	n/a	n/a	n/a	n/a	317.932185	n/a
318.997388	0.000000	127599	stimulus_presentation	n/a	12	n/a	n/a	n/a	n/a	n/a	n/a	n/a	n/a	n/a	n/a	n/a	n/a	n/a	n/a	n/a	n/a	n/a	n/a	n/a	318.999872	n/a
318.997388	0.000000	127599	ttl	1	n/a	n/a	n/a	n/a	n/a	n/a	n/a	n/a	n/a	n/a	n/a	n/a	n/a	n/a	n/a	n/a	n/a	n/a	n/a	n/a	318.999872	n/a
319.007387	0.000000	127603	stimulus_presentation	n/a	0	n/a	n/a	n/a	n/a	n/a	n/a	n/a	n/a	n/a	n/a	n/a	n/a	n/a	n/a	n/a	n/a	n/a	n/a	n/a	319.009872	n/a
319.017387	0.000000	127607	stimulus_presentation	n/a	0	n/a	n/a	n/a	n/a	n/a	n/a	n/a	n/a	n/a	n/a	n/a	n/a	n/a	n/a	n/a	n/a	n/a	n/a	n/a	319.019872	n/a
321.014323	0.000000	128406	ttl	6	n/a	n/a	n/a	n/a	n/a	n/a	n/a	n/a	n/a	n/a	n/a	n/a	n/a	n/a	n/a	n/a	n/a	n/a	n/a	n/a	321.016808	n/a
323.731511	0.000000	129493	stimulus_presentation	n/a	12	n/a	n/a	n/a	n/a	n/a	n/a	n/a	n/a	n/a	n/a	n/a	n/a	n/a	n/a	n/a	n/a	n/a	n/a	n/a	323.733995	n/a
323.731511	0.000000	129493	ttl	7	n/a	n/a	n/a	n/a	n/a	n/a	n/a	n/a	n/a	n/a	n/a	n/a	n/a	n/a	n/a	n/a	n/a	n/a	n/a	n/a	323.733995	n/a
324.537197	0.000000	129815	ttl	8	n/a	n/a	n/a	n/a	n/a	n/a	n/a	n/a	n/a	n/a	n/a	n/a	n/a	n/a	n/a	n/a	n/a	n/a	n/a	n/a	324.539682	n/a
324.561760	12.052495	129825	sternberg_trial	n/a	n/a	512	421	113	213	3	0	0	325.58174399999996	327.598275	327.698306	329.715055	329.831149	331.846367	324.56424499999997	331.846367	334.43202199999996	336.61674	intervals/trials	33	324.564245	336.616740
324.561760	0.000000	129825	ttl	11	n/a	n/a	n/a	n/a	n/a	n/a	n/a	n/a	n/a	n/a	n/a	n/a	n/a	n/a	n/a	n/a	n/a	n/a	n/a	n/a	324.564245	n/a
325.579259	0.000000	130232	stimulus_presentation	n/a	237	n/a	n/a	n/a	n/a	n/a	n/a	n/a	n/a	n/a	n/a	n/a	n/a	n/a	n/a	n/a	n/a	n/a	n/a	n/a	325.581744	n/a
325.579259	0.000000	130232	ttl	1	n/a	n/a	n/a	n/a	n/a	n/a	n/a	n/a	n/a	n/a	n/a	n/a	n/a	n/a	n/a	n/a	n/a	n/a	n/a	n/a	325.581744	n/a
327.595791	0.000000	131038	ttl	5	n/a	n/a	n/a	n/a	n/a	n/a	n/a	n/a	n/a	n/a	n/a	n/a	n/a	n/a	n/a	n/a	n/a	n/a	n/a	n/a	327.598275	n/a
327.695822	0.000000	131078	stimulus_presentation	n/a	191	n/a	n/a	n/a	n/a	n/a	n/a	n/a	n/a	n/a	n/a	n/a	n/a	n/a	n/a	n/a	n/a	n/a	n/a	n/a	327.698306	n/a
327.695822	0.000000	131078	ttl	2	n/a	n/a	n/a	n/a	n/a	n/a	n/a	n/a	n/a	n/a	n/a	n/a	n/a	n/a	n/a	n/a	n/a	n/a	n/a	n/a	327.698306	n/a
329.712571	0.000000	131885	ttl	5	n/a	n/a	n/a	n/a	n/a	n/a	n/a	n/a	n/a	n/a	n/a	n/a	n/a	n/a	n/a	n/a	n/a	n/a	n/a	n/a	329.715055	n/a
329.828665	0.000000	131931	stimulus_presentation	n/a	13	n/a	n/a	n/a	n/a	n/a	n/a	n/a	n/a	n/a	n/a	n/a	n/a	n/a	n/a	n/a	n/a	n/a	n/a	n/a	329.831149	n/a
329.828665	0.000000	131931	ttl	3	n/a	n/a	n/a	n/a	n/a	n/a	n/a	n/a	n/a	n/a	n/a	n/a	n/a	n/a	n/a	n/a	n/a	n/a	n/a	n/a	329.831149	n/a
331.843883	0.000000	132738	ttl	6	n/a	n/a	n/a	n/a	n/a	n/a	n/a	n/a	n/a	n/a	n/a	n/a	n/a	n/a	n/a	n/a	n/a	n/a	n/a	n/a	331.846367	n/a
334.429537	0.000000	133772	stimulus_presentation	n/a	70	n/a	n/a	n/a	n/a	n/a	n/a	n/a	n/a	n/a	n/a	n/a	n/a	n/a	n/a	n/a	n/a	n/a	n/a	n/a	334.432022	n/a
334.429537	0.000000	133772	ttl	7	n/a	n/a	n/a	n/a	n/a	n/a	n/a	n/a	n/a	n/a	n/a	n/a	n/a	n/a	n/a	n/a	n/a	n/a	n/a	n/a	334.432022	n/a
336.614256	0.000000	134646	ttl	8	n/a	n/a	n/a	n/a	n/a	n/a	n/a	n/a	n/a	n/a	n/a	n/a	n/a	n/a	n/a	n/a	n/a	n/a	n/a	n/a	336.616740	n/a
336.642912	6.577779	134657	sternberg_trial	n/a	n/a	513	0	0	303	1	0	1	337.763677	339.778926	0.0	0.0	0.0	0.0	336.645396	339.778926	342.53055	343.22317499999997	intervals/trials	34	336.645396	343.223175
336.642912	0.000000	134657	ttl	11	n/a	n/a	n/a	n/a	n/a	n/a	n/a	n/a	n/a	n/a	n/a	n/a	n/a	n/a	n/a	n/a	n/a	n/a	n/a	n/a	336.645396	n/a
337.761192	0.000000	135104	stimulus_presentation	n/a	238	n/a	n/a	n/a	n/a	n/a	n/a	n/a	n/a	n/a	n/a	n/a	n/a	n/a	n/a	n/a	n/a	n/a	n/a	n/a	337.763677	n/a
337.761192	0.000000	135104	ttl	1	n/a	n/a	n/a	n/a	n/a	n/a	n/a	n/a	n/a	n/a	n/a	n/a	n/a	n/a	n/a	n/a	n/a	n/a	n/a	n/a	337.763677	n/a
337.771192	0.000000	135108	stimulus_presentation	n/a	0	n/a	n/a	n/a	n/a	n/a	n/a	n/a	n/a	n/a	n/a	n/a	n/a	n/a	n/a	n/a	n/a	n/a	n/a	n/a	337.773677	n/a
337.781192	0.000000	135112	stimulus_presentation	n/a	0	n/a	n/a	n/a	n/a	n/a	n/a	n/a	n/a	n/a	n/a	n/a	n/a	n/a	n/a	n/a	n/a	n/a	n/a	n/a	337.783677	n/a
339.776442	0.000000	135911	ttl	6	n/a	n/a	n/a	n/a	n/a	n/a	n/a	n/a	n/a	n/a	n/a	n/a	n/a	n/a	n/a	n/a	n/a	n/a	n/a	n/a	339.778926	n/a
342.528066	0.000000	137011	stimulus_presentation	n/a	117	n/a	n/a	n/a	n/a	n/a	n/a	n/a	n/a	n/a	n/a	n/a	n/a	n/a	n/a	n/a	n/a	n/a	n/a	n/a	342.530550	n/a
342.528066	0.000000	137011	ttl	7	n/a	n/a	n/a	n/a	n/a	n/a	n/a	n/a	n/a	n/a	n/a	n/a	n/a	n/a	n/a	n/a	n/a	n/a	n/a	n/a	342.530550	n/a
343.220690	0.000000	137288	ttl	8	n/a	n/a	n/a	n/a	n/a	n/a	n/a	n/a	n/a	n/a	n/a	n/a	n/a	n/a	n/a	n/a	n/a	n/a	n/a	n/a	343.223175	n/a
343.241721	6.489372	137297	sternberg_trial	n/a	n/a	422	0	0	422	1	1	1	344.29551799999996	346.31208	0.0	0.0	0.0	0.0	343.24420599999996	346.31208	349.112297	349.73357799999997	intervals/trials	35	343.244206	349.733578
343.241721	0.000000	137297	ttl	11	n/a	n/a	n/a	n/a	n/a	n/a	n/a	n/a	n/a	n/a	n/a	n/a	n/a	n/a	n/a	n/a	n/a	n/a	n/a	n/a	343.244206	n/a
344.293033	0.000000	137717	stimulus_presentation	n/a	192	n/a	n/a	n/a	n/a	n/a	n/a	n/a	n/a	n/a	n/a	n/a	n/a	n/a	n/a	n/a	n/a	n/a	n/a	n/a	344.295518	n/a
344.293033	0.000000	137717	ttl	1	n/a	n/a	n/a	n/a	n/a	n/a	n/a	n/a	n/a	n/a	n/a	n/a	n/a	n/a	n/a	n/a	n/a	n/a	n/a	n/a	344.295518	n/a
344.303033	0.000000	137721	stimulus_presentation	n/a	0	n/a	n/a	n/a	n/a	n/a	n/a	n/a	n/a	n/a	n/a	n/a	n/a	n/a	n/a	n/a	n/a	n/a	n/a	n/a	344.305518	n/a
344.313033	0.000000	137725	stimulus_presentation	n/a	0	n/a	n/a	n/a	n/a	n/a	n/a	n/a	n/a	n/a	n/a	n/a	n/a	n/a	n/a	n/a	n/a	n/a	n/a	n/a	344.315518	n/a
346.309596	0.000000	138524	ttl	6	n/a	n/a	n/a	n/a	n/a	n/a	n/a	n/a	n/a	n/a	n/a	n/a	n/a	n/a	n/a	n/a	n/a	n/a	n/a	n/a	346.312080	n/a
349.109813	0.000000	139644	stimulus_presentation	n/a	192	n/a	n/a	n/a	n/a	n/a	n/a	n/a	n/a	n/a	n/a	n/a	n/a	n/a	n/a	n/a	n/a	n/a	n/a	n/a	349.112297	n/a
349.109813	0.000000	139644	ttl	7	n/a	n/a	n/a	n/a	n/a	n/a	n/a	n/a	n/a	n/a	n/a	n/a	n/a	n/a	n/a	n/a	n/a	n/a	n/a	n/a	349.112297	n/a
349.731093	0.000000	139892	ttl	8	n/a	n/a	n/a	n/a	n/a	n/a	n/a	n/a	n/a	n/a	n/a	n/a	n/a	n/a	n/a	n/a	n/a	n/a	n/a	n/a	349.733578	n/a
349.757000	6.596467	139903	sternberg_trial	n/a	n/a	219	0	0	219	1	1	1	350.810672	352.826796	0.0	0.0	0.0	0.0	349.759484	352.826796	355.578045	356.355951	intervals/trials	36	349.759484	356.355951
349.757000	0.000000	139903	ttl	11	n/a	n/a	n/a	n/a	n/a	n/a	n/a	n/a	n/a	n/a	n/a	n/a	n/a	n/a	n/a	n/a	n/a	n/a	n/a	n/a	349.759484	n/a
350.808188	0.000000	140323	stimulus_presentation	n/a	76	n/a	n/a	n/a	n/a	n/a	n/a	n/a	n/a	n/a	n/a	n/a	n/a	n/a	n/a	n/a	n/a	n/a	n/a	n/a	350.810672	n/a
350.808188	0.000000	140323	ttl	1	n/a	n/a	n/a	n/a	n/a	n/a	n/a	n/a	n/a	n/a	n/a	n/a	n/a	n/a	n/a	n/a	n/a	n/a	n/a	n/a	350.810672	n/a
350.818188	0.000000	140327	stimulus_presentation	n/a	0	n/a	n/a	n/a	n/a	n/a	n/a	n/a	n/a	n/a	n/a	n/a	n/a	n/a	n/a	n/a	n/a	n/a	n/a	n/a	350.820672	n/a
350.828188	0.000000	140331	stimulus_presentation	n/a	0	n/a	n/a	n/a	n/a	n/a	n/a	n/a	n/a	n/a	n/a	n/a	n/a	n/a	n/a	n/a	n/a	n/a	n/a	n/a	350.830672	n/a
352.824312	0.000000	141130	ttl	6	n/a	n/a	n/a	n/a	n/a	n/a	n/a	n/a	n/a	n/a	n/a	n/a	n/a	n/a	n/a	n/a	n/a	n/a	n/a	n/a	352.826796	n/a
355.575560	0.000000	142230	stimulus_presentation	n/a	76	n/a	n/a	n/a	n/a	n/a	n/a	n/a	n/a	n/a	n/a	n/a	n/a	n/a	n/a	n/a	n/a	n/a	n/a	n/a	355.578045	n/a
355.575560	0.000000	142230	ttl	7	n/a	n/a	n/a	n/a	n/a	n/a	n/a	n/a	n/a	n/a	n/a	n/a	n/a	n/a	n/a	n/a	n/a	n/a	n/a	n/a	355.578045	n/a
356.353467	0.000000	142541	ttl	8	n/a	n/a	n/a	n/a	n/a	n/a	n/a	n/a	n/a	n/a	n/a	n/a	n/a	n/a	n/a	n/a	n/a	n/a	n/a	n/a	356.355951	n/a
356.388779	6.699060	142556	sternberg_trial	n/a	n/a	315	0	0	512	1	0	1	357.559356	359.57541799999996	0.0	0.0	0.0	0.0	356.391263	359.57541799999996	362.226604	363.09032299999996	intervals/trials	37	356.391263	363.090323
356.388779	0.000000	142556	ttl	11	n/a	n/a	n/a	n/a	n/a	n/a	n/a	n/a	n/a	n/a	n/a	n/a	n/a	n/a	n/a	n/a	n/a	n/a	n/a	n/a	356.391263	n/a
357.556871	0.000000	143023	stimulus_presentation	n/a	129	n/a	n/a	n/a	n/a	n/a	n/a	n/a	n/a	n/a	n/a	n/a	n/a	n/a	n/a	n/a	n/a	n/a	n/a	n/a	357.559356	n/a
357.556871	0.000000	143023	ttl	1	n/a	n/a	n/a	n/a	n/a	n/a	n/a	n/a	n/a	n/a	n/a	n/a	n/a	n/a	n/a	n/a	n/a	n/a	n/a	n/a	357.559356	n/a
357.566871	0.000000	143027	stimulus_presentation	n/a	0	n/a	n/a	n/a	n/a	n/a	n/a	n/a	n/a	n/a	n/a	n/a	n/a	n/a	n/a	n/a	n/a	n/a	n/a	n/a	357.569356	n/a
357.576871	0.000000	143031	stimulus_presentation	n/a	0	n/a	n/a	n/a	n/a	n/a	n/a	n/a	n/a	n/a	n/a	n/a	n/a	n/a	n/a	n/a	n/a	n/a	n/a	n/a	357.579356	n/a
359.572933	0.000000	143829	ttl	6	n/a	n/a	n/a	n/a	n/a	n/a	n/a	n/a	n/a	n/a	n/a	n/a	n/a	n/a	n/a	n/a	n/a	n/a	n/a	n/a	359.575418	n/a
362.224120	0.000000	144890	stimulus_presentation	n/a	237	n/a	n/a	n/a	n/a	n/a	n/a	n/a	n/a	n/a	n/a	n/a	n/a	n/a	n/a	n/a	n/a	n/a	n/a	n/a	362.226604	n/a
362.224120	0.000000	144890	ttl	7	n/a	n/a	n/a	n/a	n/a	n/a	n/a	n/a	n/a	n/a	n/a	n/a	n/a	n/a	n/a	n/a	n/a	n/a	n/a	n/a	362.226604	n/a
363.087838	0.000000	145235	ttl	8	n/a	n/a	n/a	n/a	n/a	n/a	n/a	n/a	n/a	n/a	n/a	n/a	n/a	n/a	n/a	n/a	n/a	n/a	n/a	n/a	363.090323	n/a
363.121058	6.573216	145248	sternberg_trial	n/a	n/a	114	0	0	209	1	0	1	364.158072	366.174759	0.0	0.0	0.0	0.0	363.123542	366.174759	368.825383	369.696758	intervals/trials	38	363.123542	369.696758
363.121058	0.000000	145248	ttl	11	n/a	n/a	n/a	n/a	n/a	n/a	n/a	n/a	n/a	n/a	n/a	n/a	n/a	n/a	n/a	n/a	n/a	n/a	n/a	n/a	363.123542	n/a
364.155588	0.000000	145662	stimulus_presentation	n/a	14	n/a	n/a	n/a	n/a	n/a	n/a	n/a	n/a	n/a	n/a	n/a	n/a	n/a	n/a	n/a	n/a	n/a	n/a	n/a	364.158072	n/a
364.155588	0.000000	145662	ttl	1	n/a	n/a	n/a	n/a	n/a	n/a	n/a	n/a	n/a	n/a	n/a	n/a	n/a	n/a	n/a	n/a	n/a	n/a	n/a	n/a	364.158072	n/a
364.165588	0.000000	145666	stimulus_presentation	n/a	0	n/a	n/a	n/a	n/a	n/a	n/a	n/a	n/a	n/a	n/a	n/a	n/a	n/a	n/a	n/a	n/a	n/a	n/a	n/a	364.168072	n/a
364.175588	0.000000	145670	stimulus_presentation	n/a	0	n/a	n/a	n/a	n/a	n/a	n/a	n/a	n/a	n/a	n/a	n/a	n/a	n/a	n/a	n/a	n/a	n/a	n/a	n/a	364.178072	n/a
366.172275	0.000000	146469	ttl	6	n/a	n/a	n/a	n/a	n/a	n/a	n/a	n/a	n/a	n/a	n/a	n/a	n/a	n/a	n/a	n/a	n/a	n/a	n/a	n/a	366.174759	n/a
368.822899	0.000000	147529	stimulus_presentation	n/a	66	n/a	n/a	n/a	n/a	n/a	n/a	n/a	n/a	n/a	n/a	n/a	n/a	n/a	n/a	n/a	n/a	n/a	n/a	n/a	368.825383	n/a
368.822899	0.000000	147529	ttl	7	n/a	n/a	n/a	n/a	n/a	n/a	n/a	n/a	n/a	n/a	n/a	n/a	n/a	n/a	n/a	n/a	n/a	n/a	n/a	n/a	368.825383	n/a
369.694274	0.000000	147878	ttl	8	n/a	n/a	n/a	n/a	n/a	n/a	n/a	n/a	n/a	n/a	n/a	n/a	n/a	n/a	n/a	n/a	n/a	n/a	n/a	n/a	369.696758	n/a
369.719617	6.357123	147888	sternberg_trial	n/a	n/a	423	0	0	423	1	1	1	370.806445	372.822944	0.0	0.0	0.0	0.0	369.722101	372.822944	375.473505	376.079224	intervals/trials	39	369.722101	376.079224
369.719617	0.000000	147888	ttl	11	n/a	n/a	n/a	n/a	n/a	n/a	n/a	n/a	n/a	n/a	n/a	n/a	n/a	n/a	n/a	n/a	n/a	n/a	n/a	n/a	369.722101	n/a
370.803961	0.000000	148322	stimulus_presentation	n/a	193	n/a	n/a	n/a	n/a	n/a	n/a	n/a	n/a	n/a	n/a	n/a	n/a	n/a	n/a	n/a	n/a	n/a	n/a	n/a	370.806445	n/a
370.803961	0.000000	148322	ttl	1	n/a	n/a	n/a	n/a	n/a	n/a	n/a	n/a	n/a	n/a	n/a	n/a	n/a	n/a	n/a	n/a	n/a	n/a	n/a	n/a	370.806445	n/a
370.813961	0.000000	148326	stimulus_presentation	n/a	0	n/a	n/a	n/a	n/a	n/a	n/a	n/a	n/a	n/a	n/a	n/a	n/a	n/a	n/a	n/a	n/a	n/a	n/a	n/a	370.816445	n/a
370.823960	0.000000	148330	stimulus_presentation	n/a	0	n/a	n/a	n/a	n/a	n/a	n/a	n/a	n/a	n/a	n/a	n/a	n/a	n/a	n/a	n/a	n/a	n/a	n/a	n/a	370.826445	n/a
372.820460	0.000000	149128	ttl	6	n/a	n/a	n/a	n/a	n/a	n/a	n/a	n/a	n/a	n/a	n/a	n/a	n/a	n/a	n/a	n/a	n/a	n/a	n/a	n/a	372.822944	n/a
375.471021	0.000000	150188	stimulus_presentation	n/a	193	n/a	n/a	n/a	n/a	n/a	n/a	n/a	n/a	n/a	n/a	n/a	n/a	n/a	n/a	n/a	n/a	n/a	n/a	n/a	375.473505	n/a
375.471021	0.000000	150188	ttl	7	n/a	n/a	n/a	n/a	n/a	n/a	n/a	n/a	n/a	n/a	n/a	n/a	n/a	n/a	n/a	n/a	n/a	n/a	n/a	n/a	375.473505	n/a
376.076740	0.000000	150431	ttl	8	n/a	n/a	n/a	n/a	n/a	n/a	n/a	n/a	n/a	n/a	n/a	n/a	n/a	n/a	n/a	n/a	n/a	n/a	n/a	n/a	376.079224	n/a
376.101896	6.981122	150441	sternberg_trial	n/a	n/a	115	0	0	115	1	1	1	377.25559799999996	379.271848	0.0	0.0	0.0	0.0	376.10438	379.271848	382.08743999999996	383.08550199999996	intervals/trials	40	376.104380	383.085502
376.101896	0.000000	150441	ttl	11	n/a	n/a	n/a	n/a	n/a	n/a	n/a	n/a	n/a	n/a	n/a	n/a	n/a	n/a	n/a	n/a	n/a	n/a	n/a	n/a	376.104380	n/a
377.253113	0.000000	150901	stimulus_presentation	n/a	15	n/a	n/a	n/a	n/a	n/a	n/a	n/a	n/a	n/a	n/a	n/a	n/a	n/a	n/a	n/a	n/a	n/a	n/a	n/a	377.255598	n/a
377.253113	0.000000	150901	ttl	1	n/a	n/a	n/a	n/a	n/a	n/a	n/a	n/a	n/a	n/a	n/a	n/a	n/a	n/a	n/a	n/a	n/a	n/a	n/a	n/a	377.255598	n/a
377.263113	0.000000	150905	stimulus_presentation	n/a	0	n/a	n/a	n/a	n/a	n/a	n/a	n/a	n/a	n/a	n/a	n/a	n/a	n/a	n/a	n/a	n/a	n/a	n/a	n/a	377.265598	n/a
377.273113	0.000000	150909	stimulus_presentation	n/a	0	n/a	n/a	n/a	n/a	n/a	n/a	n/a	n/a	n/a	n/a	n/a	n/a	n/a	n/a	n/a	n/a	n/a	n/a	n/a	377.275598	n/a
379.269363	0.000000	151708	ttl	6	n/a	n/a	n/a	n/a	n/a	n/a	n/a	n/a	n/a	n/a	n/a	n/a	n/a	n/a	n/a	n/a	n/a	n/a	n/a	n/a	379.271848	n/a
382.084955	0.000000	152834	stimulus_presentation	n/a	15	n/a	n/a	n/a	n/a	n/a	n/a	n/a	n/a	n/a	n/a	n/a	n/a	n/a	n/a	n/a	n/a	n/a	n/a	n/a	382.087440	n/a
382.084955	0.000000	152834	ttl	7	n/a	n/a	n/a	n/a	n/a	n/a	n/a	n/a	n/a	n/a	n/a	n/a	n/a	n/a	n/a	n/a	n/a	n/a	n/a	n/a	382.087440	n/a
383.083017	0.000000	153233	ttl	8	n/a	n/a	n/a	n/a	n/a	n/a	n/a	n/a	n/a	n/a	n/a	n/a	n/a	n/a	n/a	n/a	n/a	n/a	n/a	n/a	383.085502	n/a
383.117392	6.524060	153247	sternberg_trial	n/a	n/a	514	0	0	514	1	1	1	384.154346	386.17040699999995	0.0	0.0	0.0	0.0	383.119877	386.17040699999995	388.805031	389.643937	intervals/trials	41	383.119877	389.643937
383.117392	0.000000	153247	ttl	11	n/a	n/a	n/a	n/a	n/a	n/a	n/a	n/a	n/a	n/a	n/a	n/a	n/a	n/a	n/a	n/a	n/a	n/a	n/a	n/a	383.119877	n/a
384.151861	0.000000	153661	stimulus_presentation	n/a	239	n/a	n/a	n/a	n/a	n/a	n/a	n/a	n/a	n/a	n/a	n/a	n/a	n/a	n/a	n/a	n/a	n/a	n/a	n/a	384.154346	n/a
384.151861	0.000000	153661	ttl	1	n/a	n/a	n/a	n/a	n/a	n/a	n/a	n/a	n/a	n/a	n/a	n/a	n/a	n/a	n/a	n/a	n/a	n/a	n/a	n/a	384.154346	n/a
384.161861	0.000000	153665	stimulus_presentation	n/a	0	n/a	n/a	n/a	n/a	n/a	n/a	n/a	n/a	n/a	n/a	n/a	n/a	n/a	n/a	n/a	n/a	n/a	n/a	n/a	384.164346	n/a
384.171861	0.000000	153669	stimulus_presentation	n/a	0	n/a	n/a	n/a	n/a	n/a	n/a	n/a	n/a	n/a	n/a	n/a	n/a	n/a	n/a	n/a	n/a	n/a	n/a	n/a	384.174346	n/a
386.167922	0.000000	154467	ttl	6	n/a	n/a	n/a	n/a	n/a	n/a	n/a	n/a	n/a	n/a	n/a	n/a	n/a	n/a	n/a	n/a	n/a	n/a	n/a	n/a	386.170407	n/a
388.802547	0.000000	155521	stimulus_presentation	n/a	239	n/a	n/a	n/a	n/a	n/a	n/a	n/a	n/a	n/a	n/a	n/a	n/a	n/a	n/a	n/a	n/a	n/a	n/a	n/a	388.805031	n/a
388.802547	0.000000	155521	ttl	7	n/a	n/a	n/a	n/a	n/a	n/a	n/a	n/a	n/a	n/a	n/a	n/a	n/a	n/a	n/a	n/a	n/a	n/a	n/a	n/a	388.805031	n/a
389.641453	0.000000	155857	ttl	8	n/a	n/a	n/a	n/a	n/a	n/a	n/a	n/a	n/a	n/a	n/a	n/a	n/a	n/a	n/a	n/a	n/a	n/a	n/a	n/a	389.643937	n/a
389.665733	11.237058	155866	sternberg_trial	n/a	n/a	515	220	316	110	3	0	1	390.819468	392.836061	392.969061	394.98540399999996	395.13577899999996	397.15159	389.66821799999997	397.15159	399.969589	400.90527599999996	intervals/trials	42	389.668218	400.905276
389.665733	0.000000	155866	ttl	11	n/a	n/a	n/a	n/a	n/a	n/a	n/a	n/a	n/a	n/a	n/a	n/a	n/a	n/a	n/a	n/a	n/a	n/a	n/a	n/a	389.668218	n/a
390.816983	0.000000	156327	stimulus_presentation	n/a	240	n/a	n/a	n/a	n/a	n/a	n/a	n/a	n/a	n/a	n/a	n/a	n/a	n/a	n/a	n/a	n/a	n/a	n/a	n/a	390.819468	n/a
390.816983	0.000000	156327	ttl	1	n/a	n/a	n/a	n/a	n/a	n/a	n/a	n/a	n/a	n/a	n/a	n/a	n/a	n/a	n/a	n/a	n/a	n/a	n/a	n/a	390.819468	n/a
392.833576	0.000000	157133	ttl	5	n/a	n/a	n/a	n/a	n/a	n/a	n/a	n/a	n/a	n/a	n/a	n/a	n/a	n/a	n/a	n/a	n/a	n/a	n/a	n/a	392.836061	n/a
392.966577	0.000000	157187	stimulus_presentation	n/a	77	n/a	n/a	n/a	n/a	n/a	n/a	n/a	n/a	n/a	n/a	n/a	n/a	n/a	n/a	n/a	n/a	n/a	n/a	n/a	392.969061	n/a
392.966577	0.000000	157187	ttl	2	n/a	n/a	n/a	n/a	n/a	n/a	n/a	n/a	n/a	n/a	n/a	n/a	n/a	n/a	n/a	n/a	n/a	n/a	n/a	n/a	392.969061	n/a
394.982919	0.000000	157993	ttl	5	n/a	n/a	n/a	n/a	n/a	n/a	n/a	n/a	n/a	n/a	n/a	n/a	n/a	n/a	n/a	n/a	n/a	n/a	n/a	n/a	394.985404	n/a
395.133294	0.000000	158053	stimulus_presentation	n/a	130	n/a	n/a	n/a	n/a	n/a	n/a	n/a	n/a	n/a	n/a	n/a	n/a	n/a	n/a	n/a	n/a	n/a	n/a	n/a	395.135779	n/a
395.133294	0.000000	158053	ttl	3	n/a	n/a	n/a	n/a	n/a	n/a	n/a	n/a	n/a	n/a	n/a	n/a	n/a	n/a	n/a	n/a	n/a	n/a	n/a	n/a	395.135779	n/a
397.149106	0.000000	158860	ttl	6	n/a	n/a	n/a	n/a	n/a	n/a	n/a	n/a	n/a	n/a	n/a	n/a	n/a	n/a	n/a	n/a	n/a	n/a	n/a	n/a	397.151590	n/a
399.967105	0.000000	159987	stimulus_presentation	n/a	10	n/a	n/a	n/a	n/a	n/a	n/a	n/a	n/a	n/a	n/a	n/a	n/a	n/a	n/a	n/a	n/a	n/a	n/a	n/a	399.969589	n/a
399.967105	0.000000	159987	ttl	7	n/a	n/a	n/a	n/a	n/a	n/a	n/a	n/a	n/a	n/a	n/a	n/a	n/a	n/a	n/a	n/a	n/a	n/a	n/a	n/a	399.969589	n/a
400.902791	0.000000	160361	ttl	8	n/a	n/a	n/a	n/a	n/a	n/a	n/a	n/a	n/a	n/a	n/a	n/a	n/a	n/a	n/a	n/a	n/a	n/a	n/a	n/a	400.905276	n/a
400.930511	10.961621	160372	sternberg_trial	n/a	n/a	317	516	221	412	3	0	1	401.91637	403.933681	404.133713	406.150243	406.16614899999996	408.183211	400.932995	408.183211	410.86717899999996	411.894616	intervals/trials	43	400.932995	411.894616
400.930511	0.000000	160372	ttl	11	n/a	n/a	n/a	n/a	n/a	n/a	n/a	n/a	n/a	n/a	n/a	n/a	n/a	n/a	n/a	n/a	n/a	n/a	n/a	n/a	400.932995	n/a
401.913885	0.000000	160766	stimulus_presentation	n/a	131	n/a	n/a	n/a	n/a	n/a	n/a	n/a	n/a	n/a	n/a	n/a	n/a	n/a	n/a	n/a	n/a	n/a	n/a	n/a	401.916370	n/a
401.913885	0.000000	160766	ttl	1	n/a	n/a	n/a	n/a	n/a	n/a	n/a	n/a	n/a	n/a	n/a	n/a	n/a	n/a	n/a	n/a	n/a	n/a	n/a	n/a	401.916370	n/a
403.931196	0.000000	161572	ttl	5	n/a	n/a	n/a	n/a	n/a	n/a	n/a	n/a	n/a	n/a	n/a	n/a	n/a	n/a	n/a	n/a	n/a	n/a	n/a	n/a	403.933681	n/a
404.131229	0.000000	161652	stimulus_presentation	n/a	241	n/a	n/a	n/a	n/a	n/a	n/a	n/a	n/a	n/a	n/a	n/a	n/a	n/a	n/a	n/a	n/a	n/a	n/a	n/a	404.133713	n/a
404.131229	0.000000	161652	ttl	2	n/a	n/a	n/a	n/a	n/a	n/a	n/a	n/a	n/a	n/a	n/a	n/a	n/a	n/a	n/a	n/a	n/a	n/a	n/a	n/a	404.133713	n/a
406.147759	0.000000	162459	ttl	5	n/a	n/a	n/a	n/a	n/a	n/a	n/a	n/a	n/a	n/a	n/a	n/a	n/a	n/a	n/a	n/a	n/a	n/a	n/a	n/a	406.150243	n/a
406.163664	0.000000	162465	stimulus_presentation	n/a	78	n/a	n/a	n/a	n/a	n/a	n/a	n/a	n/a	n/a	n/a	n/a	n/a	n/a	n/a	n/a	n/a	n/a	n/a	n/a	406.166149	n/a
406.163664	0.000000	162465	ttl	3	n/a	n/a	n/a	n/a	n/a	n/a	n/a	n/a	n/a	n/a	n/a	n/a	n/a	n/a	n/a	n/a	n/a	n/a	n/a	n/a	406.166149	n/a
408.180726	0.000000	163272	ttl	6	n/a	n/a	n/a	n/a	n/a	n/a	n/a	n/a	n/a	n/a	n/a	n/a	n/a	n/a	n/a	n/a	n/a	n/a	n/a	n/a	408.183211	n/a
410.864694	0.000000	164346	stimulus_presentation	n/a	182	n/a	n/a	n/a	n/a	n/a	n/a	n/a	n/a	n/a	n/a	n/a	n/a	n/a	n/a	n/a	n/a	n/a	n/a	n/a	410.867179	n/a
410.864694	0.000000	164346	ttl	7	n/a	n/a	n/a	n/a	n/a	n/a	n/a	n/a	n/a	n/a	n/a	n/a	n/a	n/a	n/a	n/a	n/a	n/a	n/a	n/a	410.867179	n/a
411.892132	0.000000	164757	ttl	8	n/a	n/a	n/a	n/a	n/a	n/a	n/a	n/a	n/a	n/a	n/a	n/a	n/a	n/a	n/a	n/a	n/a	n/a	n/a	n/a	411.894616	n/a
411.911600	10.793965	164765	sternberg_trial	n/a	n/a	424	517	222	111	3	0	1	413.015522	415.031521	415.148396	417.164489	417.19789499999996	419.21417499999995	411.914084	419.21417499999995	421.915174	422.70804899999996	intervals/trials	44	411.914084	422.708049
411.911600	0.000000	164765	ttl	11	n/a	n/a	n/a	n/a	n/a	n/a	n/a	n/a	n/a	n/a	n/a	n/a	n/a	n/a	n/a	n/a	n/a	n/a	n/a	n/a	411.914084	n/a
413.013037	0.000000	165205	stimulus_presentation	n/a	194	n/a	n/a	n/a	n/a	n/a	n/a	n/a	n/a	n/a	n/a	n/a	n/a	n/a	n/a	n/a	n/a	n/a	n/a	n/a	413.015522	n/a
413.013037	0.000000	165205	ttl	1	n/a	n/a	n/a	n/a	n/a	n/a	n/a	n/a	n/a	n/a	n/a	n/a	n/a	n/a	n/a	n/a	n/a	n/a	n/a	n/a	413.015522	n/a
415.029037	0.000000	166012	ttl	5	n/a	n/a	n/a	n/a	n/a	n/a	n/a	n/a	n/a	n/a	n/a	n/a	n/a	n/a	n/a	n/a	n/a	n/a	n/a	n/a	415.031521	n/a
415.145912	0.000000	166058	stimulus_presentation	n/a	242	n/a	n/a	n/a	n/a	n/a	n/a	n/a	n/a	n/a	n/a	n/a	n/a	n/a	n/a	n/a	n/a	n/a	n/a	n/a	415.148396	n/a
415.145912	0.000000	166058	ttl	2	n/a	n/a	n/a	n/a	n/a	n/a	n/a	n/a	n/a	n/a	n/a	n/a	n/a	n/a	n/a	n/a	n/a	n/a	n/a	n/a	415.148396	n/a
417.162005	0.000000	166865	ttl	5	n/a	n/a	n/a	n/a	n/a	n/a	n/a	n/a	n/a	n/a	n/a	n/a	n/a	n/a	n/a	n/a	n/a	n/a	n/a	n/a	417.164489	n/a
417.195410	0.000000	166878	stimulus_presentation	n/a	79	n/a	n/a	n/a	n/a	n/a	n/a	n/a	n/a	n/a	n/a	n/a	n/a	n/a	n/a	n/a	n/a	n/a	n/a	n/a	417.197895	n/a
417.195410	0.000000	166878	ttl	3	n/a	n/a	n/a	n/a	n/a	n/a	n/a	n/a	n/a	n/a	n/a	n/a	n/a	n/a	n/a	n/a	n/a	n/a	n/a	n/a	417.197895	n/a
419.211690	0.000000	167685	ttl	6	n/a	n/a	n/a	n/a	n/a	n/a	n/a	n/a	n/a	n/a	n/a	n/a	n/a	n/a	n/a	n/a	n/a	n/a	n/a	n/a	419.214175	n/a
421.912689	0.000000	168765	stimulus_presentation	n/a	11	n/a	n/a	n/a	n/a	n/a	n/a	n/a	n/a	n/a	n/a	n/a	n/a	n/a	n/a	n/a	n/a	n/a	n/a	n/a	421.915174	n/a
421.912689	0.000000	168765	ttl	7	n/a	n/a	n/a	n/a	n/a	n/a	n/a	n/a	n/a	n/a	n/a	n/a	n/a	n/a	n/a	n/a	n/a	n/a	n/a	n/a	421.915174	n/a
422.705564	0.000000	169082	ttl	8	n/a	n/a	n/a	n/a	n/a	n/a	n/a	n/a	n/a	n/a	n/a	n/a	n/a	n/a	n/a	n/a	n/a	n/a	n/a	n/a	422.708049	n/a
422.726408	10.984433	169091	sternberg_trial	n/a	n/a	223	425	518	104	3	0	1	423.72970499999997	425.74636	425.92960999999997	427.94557799999995	428.129015	430.14467099999996	422.72889299999997	430.14467099999996	432.862326	433.713326	intervals/trials	45	422.728893	433.713326
422.726408	0.000000	169091	ttl	11	n/a	n/a	n/a	n/a	n/a	n/a	n/a	n/a	n/a	n/a	n/a	n/a	n/a	n/a	n/a	n/a	n/a	n/a	n/a	n/a	422.728893	n/a
423.727220	0.000000	169491	stimulus_presentation	n/a	80	n/a	n/a	n/a	n/a	n/a	n/a	n/a	n/a	n/a	n/a	n/a	n/a	n/a	n/a	n/a	n/a	n/a	n/a	n/a	423.729705	n/a
423.727220	0.000000	169491	ttl	1	n/a	n/a	n/a	n/a	n/a	n/a	n/a	n/a	n/a	n/a	n/a	n/a	n/a	n/a	n/a	n/a	n/a	n/a	n/a	n/a	423.729705	n/a
425.743876	0.000000	170298	ttl	5	n/a	n/a	n/a	n/a	n/a	n/a	n/a	n/a	n/a	n/a	n/a	n/a	n/a	n/a	n/a	n/a	n/a	n/a	n/a	n/a	425.746360	n/a
425.927125	0.000000	170371	stimulus_presentation	n/a	195	n/a	n/a	n/a	n/a	n/a	n/a	n/a	n/a	n/a	n/a	n/a	n/a	n/a	n/a	n/a	n/a	n/a	n/a	n/a	425.929610	n/a
425.927125	0.000000	170371	ttl	2	n/a	n/a	n/a	n/a	n/a	n/a	n/a	n/a	n/a	n/a	n/a	n/a	n/a	n/a	n/a	n/a	n/a	n/a	n/a	n/a	425.929610	n/a
427.943093	0.000000	171177	ttl	5	n/a	n/a	n/a	n/a	n/a	n/a	n/a	n/a	n/a	n/a	n/a	n/a	n/a	n/a	n/a	n/a	n/a	n/a	n/a	n/a	427.945578	n/a
428.126531	0.000000	171251	stimulus_presentation	n/a	243	n/a	n/a	n/a	n/a	n/a	n/a	n/a	n/a	n/a	n/a	n/a	n/a	n/a	n/a	n/a	n/a	n/a	n/a	n/a	428.129015	n/a
428.126531	0.000000	171251	ttl	3	n/a	n/a	n/a	n/a	n/a	n/a	n/a	n/a	n/a	n/a	n/a	n/a	n/a	n/a	n/a	n/a	n/a	n/a	n/a	n/a	428.129015	n/a
430.142186	0.000000	172057	ttl	6	n/a	n/a	n/a	n/a	n/a	n/a	n/a	n/a	n/a	n/a	n/a	n/a	n/a	n/a	n/a	n/a	n/a	n/a	n/a	n/a	430.144671	n/a
432.859842	0.000000	173144	stimulus_presentation	n/a	4	n/a	n/a	n/a	n/a	n/a	n/a	n/a	n/a	n/a	n/a	n/a	n/a	n/a	n/a	n/a	n/a	n/a	n/a	n/a	432.862326	n/a
432.859842	0.000000	173144	ttl	7	n/a	n/a	n/a	n/a	n/a	n/a	n/a	n/a	n/a	n/a	n/a	n/a	n/a	n/a	n/a	n/a	n/a	n/a	n/a	n/a	432.862326	n/a
433.710842	0.000000	173484	ttl	8	n/a	n/a	n/a	n/a	n/a	n/a	n/a	n/a	n/a	n/a	n/a	n/a	n/a	n/a	n/a	n/a	n/a	n/a	n/a	n/a	433.713326	n/a
433.740654	6.656560	173496	sternberg_trial	n/a	n/a	116	0	0	116	1	1	1	434.91101299999997	436.927356	0.0	0.0	0.0	0.0	433.743138	436.927356	439.712292	440.399698	intervals/trials	46	433.743138	440.399698
433.740654	0.000000	173496	ttl	11	n/a	n/a	n/a	n/a	n/a	n/a	n/a	n/a	n/a	n/a	n/a	n/a	n/a	n/a	n/a	n/a	n/a	n/a	n/a	n/a	433.743138	n/a
434.908528	0.000000	173963	stimulus_presentation	n/a	16	n/a	n/a	n/a	n/a	n/a	n/a	n/a	n/a	n/a	n/a	n/a	n/a	n/a	n/a	n/a	n/a	n/a	n/a	n/a	434.911013	n/a
434.908528	0.000000	173963	ttl	1	n/a	n/a	n/a	n/a	n/a	n/a	n/a	n/a	n/a	n/a	n/a	n/a	n/a	n/a	n/a	n/a	n/a	n/a	n/a	n/a	434.911013	n/a
434.918528	0.000000	173967	stimulus_presentation	n/a	0	n/a	n/a	n/a	n/a	n/a	n/a	n/a	n/a	n/a	n/a	n/a	n/a	n/a	n/a	n/a	n/a	n/a	n/a	n/a	434.921013	n/a
434.928528	0.000000	173971	stimulus_presentation	n/a	0	n/a	n/a	n/a	n/a	n/a	n/a	n/a	n/a	n/a	n/a	n/a	n/a	n/a	n/a	n/a	n/a	n/a	n/a	n/a	434.931013	n/a
436.924871	0.000000	174770	ttl	6	n/a	n/a	n/a	n/a	n/a	n/a	n/a	n/a	n/a	n/a	n/a	n/a	n/a	n/a	n/a	n/a	n/a	n/a	n/a	n/a	436.927356	n/a
439.709808	0.000000	175884	stimulus_presentation	n/a	16	n/a	n/a	n/a	n/a	n/a	n/a	n/a	n/a	n/a	n/a	n/a	n/a	n/a	n/a	n/a	n/a	n/a	n/a	n/a	439.712292	n/a
439.709808	0.000000	175884	ttl	7	n/a	n/a	n/a	n/a	n/a	n/a	n/a	n/a	n/a	n/a	n/a	n/a	n/a	n/a	n/a	n/a	n/a	n/a	n/a	n/a	439.712292	n/a
440.397214	0.000000	176159	ttl	8	n/a	n/a	n/a	n/a	n/a	n/a	n/a	n/a	n/a	n/a	n/a	n/a	n/a	n/a	n/a	n/a	n/a	n/a	n/a	n/a	440.399698	n/a
440.423089	6.500591	176169	sternberg_trial	n/a	n/a	318	0	0	504	1	0	1	441.559448	443.576666	0.0	0.0	0.0	0.0	440.425573	443.576666	446.17722699999996	446.92616399999997	intervals/trials	47	440.425573	446.926164
440.423089	0.000000	176169	ttl	11	n/a	n/a	n/a	n/a	n/a	n/a	n/a	n/a	n/a	n/a	n/a	n/a	n/a	n/a	n/a	n/a	n/a	n/a	n/a	n/a	440.425573	n/a
441.556963	0.000000	176623	stimulus_presentation	n/a	132	n/a	n/a	n/a	n/a	n/a	n/a	n/a	n/a	n/a	n/a	n/a	n/a	n/a	n/a	n/a	n/a	n/a	n/a	n/a	441.559448	n/a
441.556963	0.000000	176623	ttl	1	n/a	n/a	n/a	n/a	n/a	n/a	n/a	n/a	n/a	n/a	n/a	n/a	n/a	n/a	n/a	n/a	n/a	n/a	n/a	n/a	441.559448	n/a
441.566963	0.000000	176627	stimulus_presentation	n/a	0	n/a	n/a	n/a	n/a	n/a	n/a	n/a	n/a	n/a	n/a	n/a	n/a	n/a	n/a	n/a	n/a	n/a	n/a	n/a	441.569448	n/a
441.576963	0.000000	176631	stimulus_presentation	n/a	0	n/a	n/a	n/a	n/a	n/a	n/a	n/a	n/a	n/a	n/a	n/a	n/a	n/a	n/a	n/a	n/a	n/a	n/a	n/a	441.579448	n/a
443.574182	0.000000	177430	ttl	6	n/a	n/a	n/a	n/a	n/a	n/a	n/a	n/a	n/a	n/a	n/a	n/a	n/a	n/a	n/a	n/a	n/a	n/a	n/a	n/a	443.576666	n/a
446.174742	0.000000	178470	stimulus_presentation	n/a	229	n/a	n/a	n/a	n/a	n/a	n/a	n/a	n/a	n/a	n/a	n/a	n/a	n/a	n/a	n/a	n/a	n/a	n/a	n/a	446.177227	n/a
446.174742	0.000000	178470	ttl	7	n/a	n/a	n/a	n/a	n/a	n/a	n/a	n/a	n/a	n/a	n/a	n/a	n/a	n/a	n/a	n/a	n/a	n/a	n/a	n/a	446.177227	n/a
446.923679	0.000000	178769	ttl	8	n/a	n/a	n/a	n/a	n/a	n/a	n/a	n/a	n/a	n/a	n/a	n/a	n/a	n/a	n/a	n/a	n/a	n/a	n/a	n/a	446.926164	n/a
446.955179	6.782810	178782	sternberg_trial	n/a	n/a	224	0	0	224	1	1	1	448.091914	450.10819399999997	0.0	0.0	0.0	0.0	446.95766399999997	450.10819399999997	452.825881	453.740474	intervals/trials	48	446.957664	453.740474
446.955179	0.000000	178782	ttl	11	n/a	n/a	n/a	n/a	n/a	n/a	n/a	n/a	n/a	n/a	n/a	n/a	n/a	n/a	n/a	n/a	n/a	n/a	n/a	n/a	446.957664	n/a
448.089429	0.000000	179236	stimulus_presentation	n/a	81	n/a	n/a	n/a	n/a	n/a	n/a	n/a	n/a	n/a	n/a	n/a	n/a	n/a	n/a	n/a	n/a	n/a	n/a	n/a	448.091914	n/a
448.089429	0.000000	179236	ttl	1	n/a	n/a	n/a	n/a	n/a	n/a	n/a	n/a	n/a	n/a	n/a	n/a	n/a	n/a	n/a	n/a	n/a	n/a	n/a	n/a	448.091914	n/a
448.099429	0.000000	179240	stimulus_presentation	n/a	0	n/a	n/a	n/a	n/a	n/a	n/a	n/a	n/a	n/a	n/a	n/a	n/a	n/a	n/a	n/a	n/a	n/a	n/a	n/a	448.101914	n/a
448.109429	0.000000	179244	stimulus_presentation	n/a	0	n/a	n/a	n/a	n/a	n/a	n/a	n/a	n/a	n/a	n/a	n/a	n/a	n/a	n/a	n/a	n/a	n/a	n/a	n/a	448.111914	n/a
450.105709	0.000000	180042	ttl	6	n/a	n/a	n/a	n/a	n/a	n/a	n/a	n/a	n/a	n/a	n/a	n/a	n/a	n/a	n/a	n/a	n/a	n/a	n/a	n/a	450.108194	n/a
452.823397	0.000000	181129	stimulus_presentation	n/a	81	n/a	n/a	n/a	n/a	n/a	n/a	n/a	n/a	n/a	n/a	n/a	n/a	n/a	n/a	n/a	n/a	n/a	n/a	n/a	452.825881	n/a
452.823397	0.000000	181129	ttl	7	n/a	n/a	n/a	n/a	n/a	n/a	n/a	n/a	n/a	n/a	n/a	n/a	n/a	n/a	n/a	n/a	n/a	n/a	n/a	n/a	452.825881	n/a
453.737990	0.000000	181495	ttl	8	n/a	n/a	n/a	n/a	n/a	n/a	n/a	n/a	n/a	n/a	n/a	n/a	n/a	n/a	n/a	n/a	n/a	n/a	n/a	n/a	453.740474	n/a
453.770146	6.478279	181508	sternberg_trial	n/a	n/a	225	0	0	225	1	1	1	454.84038	456.85700399999996	0.0	0.0	0.0	0.0	453.77263	456.85700399999996	459.624784	460.250909	intervals/trials	49	453.772630	460.250909
453.770146	0.000000	181508	ttl	11	n/a	n/a	n/a	n/a	n/a	n/a	n/a	n/a	n/a	n/a	n/a	n/a	n/a	n/a	n/a	n/a	n/a	n/a	n/a	n/a	453.772630	n/a
454.837896	0.000000	181935	stimulus_presentation	n/a	82	n/a	n/a	n/a	n/a	n/a	n/a	n/a	n/a	n/a	n/a	n/a	n/a	n/a	n/a	n/a	n/a	n/a	n/a	n/a	454.840380	n/a
454.837896	0.000000	181935	ttl	1	n/a	n/a	n/a	n/a	n/a	n/a	n/a	n/a	n/a	n/a	n/a	n/a	n/a	n/a	n/a	n/a	n/a	n/a	n/a	n/a	454.840380	n/a
454.847895	0.000000	181939	stimulus_presentation	n/a	0	n/a	n/a	n/a	n/a	n/a	n/a	n/a	n/a	n/a	n/a	n/a	n/a	n/a	n/a	n/a	n/a	n/a	n/a	n/a	454.850380	n/a
454.857895	0.000000	181943	stimulus_presentation	n/a	0	n/a	n/a	n/a	n/a	n/a	n/a	n/a	n/a	n/a	n/a	n/a	n/a	n/a	n/a	n/a	n/a	n/a	n/a	n/a	454.860380	n/a
456.854519	0.000000	182742	ttl	6	n/a	n/a	n/a	n/a	n/a	n/a	n/a	n/a	n/a	n/a	n/a	n/a	n/a	n/a	n/a	n/a	n/a	n/a	n/a	n/a	456.857004	n/a
459.622299	0.000000	183849	stimulus_presentation	n/a	82	n/a	n/a	n/a	n/a	n/a	n/a	n/a	n/a	n/a	n/a	n/a	n/a	n/a	n/a	n/a	n/a	n/a	n/a	n/a	459.624784	n/a
459.622299	0.000000	183849	ttl	7	n/a	n/a	n/a	n/a	n/a	n/a	n/a	n/a	n/a	n/a	n/a	n/a	n/a	n/a	n/a	n/a	n/a	n/a	n/a	n/a	459.624784	n/a
460.248424	0.000000	184099	ttl	8	n/a	n/a	n/a	n/a	n/a	n/a	n/a	n/a	n/a	n/a	n/a	n/a	n/a	n/a	n/a	n/a	n/a	n/a	n/a	n/a	460.250909	n/a
460.269299	11.064433	184108	sternberg_trial	n/a	n/a	319	519	426	222	3	0	1	461.25644	463.27284499999996	463.48862599999995	465.50543799999997	465.555344	467.57099999999997	460.27178399999997	467.57099999999997	470.18953	471.336217	intervals/trials	50	460.271784	471.336217
460.269299	0.000000	184108	ttl	11	n/a	n/a	n/a	n/a	n/a	n/a	n/a	n/a	n/a	n/a	n/a	n/a	n/a	n/a	n/a	n/a	n/a	n/a	n/a	n/a	460.271784	n/a
461.253956	0.000000	184502	stimulus_presentation	n/a	133	n/a	n/a	n/a	n/a	n/a	n/a	n/a	n/a	n/a	n/a	n/a	n/a	n/a	n/a	n/a	n/a	n/a	n/a	n/a	461.256440	n/a
461.253956	0.000000	184502	ttl	1	n/a	n/a	n/a	n/a	n/a	n/a	n/a	n/a	n/a	n/a	n/a	n/a	n/a	n/a	n/a	n/a	n/a	n/a	n/a	n/a	461.256440	n/a
463.270360	0.000000	185308	ttl	5	n/a	n/a	n/a	n/a	n/a	n/a	n/a	n/a	n/a	n/a	n/a	n/a	n/a	n/a	n/a	n/a	n/a	n/a	n/a	n/a	463.272845	n/a
463.486141	0.000000	185394	stimulus_presentation	n/a	244	n/a	n/a	n/a	n/a	n/a	n/a	n/a	n/a	n/a	n/a	n/a	n/a	n/a	n/a	n/a	n/a	n/a	n/a	n/a	463.488626	n/a
463.486141	0.000000	185394	ttl	2	n/a	n/a	n/a	n/a	n/a	n/a	n/a	n/a	n/a	n/a	n/a	n/a	n/a	n/a	n/a	n/a	n/a	n/a	n/a	n/a	463.488626	n/a
465.502953	0.000000	186201	ttl	5	n/a	n/a	n/a	n/a	n/a	n/a	n/a	n/a	n/a	n/a	n/a	n/a	n/a	n/a	n/a	n/a	n/a	n/a	n/a	n/a	465.505438	n/a
465.552860	0.000000	186221	stimulus_presentation	n/a	196	n/a	n/a	n/a	n/a	n/a	n/a	n/a	n/a	n/a	n/a	n/a	n/a	n/a	n/a	n/a	n/a	n/a	n/a	n/a	465.555344	n/a
465.552860	0.000000	186221	ttl	3	n/a	n/a	n/a	n/a	n/a	n/a	n/a	n/a	n/a	n/a	n/a	n/a	n/a	n/a	n/a	n/a	n/a	n/a	n/a	n/a	465.555344	n/a
467.568515	0.000000	187027	ttl	6	n/a	n/a	n/a	n/a	n/a	n/a	n/a	n/a	n/a	n/a	n/a	n/a	n/a	n/a	n/a	n/a	n/a	n/a	n/a	n/a	467.571000	n/a
470.187046	0.000000	188075	stimulus_presentation	n/a	79	n/a	n/a	n/a	n/a	n/a	n/a	n/a	n/a	n/a	n/a	n/a	n/a	n/a	n/a	n/a	n/a	n/a	n/a	n/a	470.189530	n/a
470.187046	0.000000	188075	ttl	7	n/a	n/a	n/a	n/a	n/a	n/a	n/a	n/a	n/a	n/a	n/a	n/a	n/a	n/a	n/a	n/a	n/a	n/a	n/a	n/a	470.189530	n/a
471.333732	0.000000	188533	ttl	8	n/a	n/a	n/a	n/a	n/a	n/a	n/a	n/a	n/a	n/a	n/a	n/a	n/a	n/a	n/a	n/a	n/a	n/a	n/a	n/a	471.336217	n/a
471.367139	6.701060	188547	sternberg_trial	n/a	n/a	520	0	0	420	1	0	1	472.420779	474.436497	0.0	0.0	0.0	0.0	471.369623	474.436497	477.271465	478.070683	intervals/trials	51	471.369623	478.070683
471.367139	0.000000	188547	ttl	11	n/a	n/a	n/a	n/a	n/a	n/a	n/a	n/a	n/a	n/a	n/a	n/a	n/a	n/a	n/a	n/a	n/a	n/a	n/a	n/a	471.369623	n/a
472.418295	0.000000	188967	stimulus_presentation	n/a	245	n/a	n/a	n/a	n/a	n/a	n/a	n/a	n/a	n/a	n/a	n/a	n/a	n/a	n/a	n/a	n/a	n/a	n/a	n/a	472.420779	n/a
472.418295	0.000000	188967	ttl	1	n/a	n/a	n/a	n/a	n/a	n/a	n/a	n/a	n/a	n/a	n/a	n/a	n/a	n/a	n/a	n/a	n/a	n/a	n/a	n/a	472.420779	n/a
472.428294	0.000000	188971	stimulus_presentation	n/a	0	n/a	n/a	n/a	n/a	n/a	n/a	n/a	n/a	n/a	n/a	n/a	n/a	n/a	n/a	n/a	n/a	n/a	n/a	n/a	472.430779	n/a
472.438294	0.000000	188975	stimulus_presentation	n/a	0	n/a	n/a	n/a	n/a	n/a	n/a	n/a	n/a	n/a	n/a	n/a	n/a	n/a	n/a	n/a	n/a	n/a	n/a	n/a	472.440779	n/a
474.434012	0.000000	189774	ttl	6	n/a	n/a	n/a	n/a	n/a	n/a	n/a	n/a	n/a	n/a	n/a	n/a	n/a	n/a	n/a	n/a	n/a	n/a	n/a	n/a	474.436497	n/a
477.268980	0.000000	190908	stimulus_presentation	n/a	190	n/a	n/a	n/a	n/a	n/a	n/a	n/a	n/a	n/a	n/a	n/a	n/a	n/a	n/a	n/a	n/a	n/a	n/a	n/a	477.271465	n/a
477.268980	0.000000	190908	ttl	7	n/a	n/a	n/a	n/a	n/a	n/a	n/a	n/a	n/a	n/a	n/a	n/a	n/a	n/a	n/a	n/a	n/a	n/a	n/a	n/a	477.271465	n/a
478.068198	0.000000	191227	ttl	8	n/a	n/a	n/a	n/a	n/a	n/a	n/a	n/a	n/a	n/a	n/a	n/a	n/a	n/a	n/a	n/a	n/a	n/a	n/a	n/a	478.070683	n/a
478.098917	6.447622	191240	sternberg_trial	n/a	n/a	521	0	0	521	1	1	1	479.152807	481.169432	0.0	0.0	0.0	0.0	478.10140199999995	481.169432	483.870118	484.549024	intervals/trials	52	478.101402	484.549024
478.098917	0.000000	191240	ttl	11	n/a	n/a	n/a	n/a	n/a	n/a	n/a	n/a	n/a	n/a	n/a	n/a	n/a	n/a	n/a	n/a	n/a	n/a	n/a	n/a	478.101402	n/a
479.150323	0.000000	191660	stimulus_presentation	n/a	246	n/a	n/a	n/a	n/a	n/a	n/a	n/a	n/a	n/a	n/a	n/a	n/a	n/a	n/a	n/a	n/a	n/a	n/a	n/a	479.152807	n/a
479.150323	0.000000	191660	ttl	1	n/a	n/a	n/a	n/a	n/a	n/a	n/a	n/a	n/a	n/a	n/a	n/a	n/a	n/a	n/a	n/a	n/a	n/a	n/a	n/a	479.152807	n/a
479.160323	0.000000	191664	stimulus_presentation	n/a	0	n/a	n/a	n/a	n/a	n/a	n/a	n/a	n/a	n/a	n/a	n/a	n/a	n/a	n/a	n/a	n/a	n/a	n/a	n/a	479.162807	n/a
479.170322	0.000000	191668	stimulus_presentation	n/a	0	n/a	n/a	n/a	n/a	n/a	n/a	n/a	n/a	n/a	n/a	n/a	n/a	n/a	n/a	n/a	n/a	n/a	n/a	n/a	479.172807	n/a
481.166947	0.000000	192467	ttl	6	n/a	n/a	n/a	n/a	n/a	n/a	n/a	n/a	n/a	n/a	n/a	n/a	n/a	n/a	n/a	n/a	n/a	n/a	n/a	n/a	481.169432	n/a
483.867634	0.000000	193547	stimulus_presentation	n/a	246	n/a	n/a	n/a	n/a	n/a	n/a	n/a	n/a	n/a	n/a	n/a	n/a	n/a	n/a	n/a	n/a	n/a	n/a	n/a	483.870118	n/a
483.867634	0.000000	193547	ttl	7	n/a	n/a	n/a	n/a	n/a	n/a	n/a	n/a	n/a	n/a	n/a	n/a	n/a	n/a	n/a	n/a	n/a	n/a	n/a	n/a	483.870118	n/a
484.546539	0.000000	193819	ttl	8	n/a	n/a	n/a	n/a	n/a	n/a	n/a	n/a	n/a	n/a	n/a	n/a	n/a	n/a	n/a	n/a	n/a	n/a	n/a	n/a	484.549024	n/a
484.581290	11.098589	193833	sternberg_trial	n/a	n/a	320	522	117	409	3	0	1	485.751649	487.767679	487.851116	489.86808399999995	490.01617799999997	492.033615	484.583774	492.033615	494.784457	495.68236299999995	intervals/trials	53	484.583774	495.682363
484.581290	0.000000	193833	ttl	11	n/a	n/a	n/a	n/a	n/a	n/a	n/a	n/a	n/a	n/a	n/a	n/a	n/a	n/a	n/a	n/a	n/a	n/a	n/a	n/a	484.583774	n/a
485.749165	0.000000	194300	stimulus_presentation	n/a	134	n/a	n/a	n/a	n/a	n/a	n/a	n/a	n/a	n/a	n/a	n/a	n/a	n/a	n/a	n/a	n/a	n/a	n/a	n/a	485.751649	n/a
485.749165	0.000000	194300	ttl	1	n/a	n/a	n/a	n/a	n/a	n/a	n/a	n/a	n/a	n/a	n/a	n/a	n/a	n/a	n/a	n/a	n/a	n/a	n/a	n/a	485.751649	n/a
487.765195	0.000000	195106	ttl	5	n/a	n/a	n/a	n/a	n/a	n/a	n/a	n/a	n/a	n/a	n/a	n/a	n/a	n/a	n/a	n/a	n/a	n/a	n/a	n/a	487.767679	n/a
487.848632	0.000000	195139	stimulus_presentation	n/a	247	n/a	n/a	n/a	n/a	n/a	n/a	n/a	n/a	n/a	n/a	n/a	n/a	n/a	n/a	n/a	n/a	n/a	n/a	n/a	487.851116	n/a
487.848632	0.000000	195139	ttl	2	n/a	n/a	n/a	n/a	n/a	n/a	n/a	n/a	n/a	n/a	n/a	n/a	n/a	n/a	n/a	n/a	n/a	n/a	n/a	n/a	487.851116	n/a
489.865599	0.000000	195946	ttl	5	n/a	n/a	n/a	n/a	n/a	n/a	n/a	n/a	n/a	n/a	n/a	n/a	n/a	n/a	n/a	n/a	n/a	n/a	n/a	n/a	489.868084	n/a
490.013693	0.000000	196005	stimulus_presentation	n/a	17	n/a	n/a	n/a	n/a	n/a	n/a	n/a	n/a	n/a	n/a	n/a	n/a	n/a	n/a	n/a	n/a	n/a	n/a	n/a	490.016178	n/a
490.013693	0.000000	196005	ttl	3	n/a	n/a	n/a	n/a	n/a	n/a	n/a	n/a	n/a	n/a	n/a	n/a	n/a	n/a	n/a	n/a	n/a	n/a	n/a	n/a	490.016178	n/a
492.031131	0.000000	196812	ttl	6	n/a	n/a	n/a	n/a	n/a	n/a	n/a	n/a	n/a	n/a	n/a	n/a	n/a	n/a	n/a	n/a	n/a	n/a	n/a	n/a	492.033615	n/a
494.781972	0.000000	197913	stimulus_presentation	n/a	179	n/a	n/a	n/a	n/a	n/a	n/a	n/a	n/a	n/a	n/a	n/a	n/a	n/a	n/a	n/a	n/a	n/a	n/a	n/a	494.784457	n/a
494.781972	0.000000	197913	ttl	7	n/a	n/a	n/a	n/a	n/a	n/a	n/a	n/a	n/a	n/a	n/a	n/a	n/a	n/a	n/a	n/a	n/a	n/a	n/a	n/a	494.784457	n/a
495.679878	0.000000	198272	ttl	8	n/a	n/a	n/a	n/a	n/a	n/a	n/a	n/a	n/a	n/a	n/a	n/a	n/a	n/a	n/a	n/a	n/a	n/a	n/a	n/a	495.682363	n/a
495.712566	6.525810	198285	sternberg_trial	n/a	n/a	523	0	0	102	1	0	1	496.748988	498.76642499999997	0.0	0.0	0.0	0.0	495.71505099999996	498.76642499999997	501.45007999999996	502.240861	intervals/trials	54	495.715051	502.240861
495.712566	0.000000	198285	ttl	11	n/a	n/a	n/a	n/a	n/a	n/a	n/a	n/a	n/a	n/a	n/a	n/a	n/a	n/a	n/a	n/a	n/a	n/a	n/a	n/a	495.715051	n/a
496.746504	0.000000	198699	stimulus_presentation	n/a	248	n/a	n/a	n/a	n/a	n/a	n/a	n/a	n/a	n/a	n/a	n/a	n/a	n/a	n/a	n/a	n/a	n/a	n/a	n/a	496.748988	n/a
496.746504	0.000000	198699	ttl	1	n/a	n/a	n/a	n/a	n/a	n/a	n/a	n/a	n/a	n/a	n/a	n/a	n/a	n/a	n/a	n/a	n/a	n/a	n/a	n/a	496.748988	n/a
496.756504	0.000000	198703	stimulus_presentation	n/a	0	n/a	n/a	n/a	n/a	n/a	n/a	n/a	n/a	n/a	n/a	n/a	n/a	n/a	n/a	n/a	n/a	n/a	n/a	n/a	496.758988	n/a
496.766503	0.000000	198707	stimulus_presentation	n/a	0	n/a	n/a	n/a	n/a	n/a	n/a	n/a	n/a	n/a	n/a	n/a	n/a	n/a	n/a	n/a	n/a	n/a	n/a	n/a	496.768988	n/a
498.763940	0.000000	199506	ttl	6	n/a	n/a	n/a	n/a	n/a	n/a	n/a	n/a	n/a	n/a	n/a	n/a	n/a	n/a	n/a	n/a	n/a	n/a	n/a	n/a	498.766425	n/a
501.447595	0.000000	200579	stimulus_presentation	n/a	2	n/a	n/a	n/a	n/a	n/a	n/a	n/a	n/a	n/a	n/a	n/a	n/a	n/a	n/a	n/a	n/a	n/a	n/a	n/a	501.450080	n/a
501.447595	0.000000	200579	ttl	7	n/a	n/a	n/a	n/a	n/a	n/a	n/a	n/a	n/a	n/a	n/a	n/a	n/a	n/a	n/a	n/a	n/a	n/a	n/a	n/a	501.450080	n/a
502.238377	0.000000	200895	ttl	8	n/a	n/a	n/a	n/a	n/a	n/a	n/a	n/a	n/a	n/a	n/a	n/a	n/a	n/a	n/a	n/a	n/a	n/a	n/a	n/a	502.240861	n/a
502.261158	6.663591	200904	sternberg_trial	n/a	n/a	321	0	0	321	1	1	1	503.314798	505.330984	0.0	0.0	0.0	0.0	502.263642	505.330984	508.131983	508.927233	intervals/trials	55	502.263642	508.927233
502.261158	0.000000	200904	ttl	11	n/a	n/a	n/a	n/a	n/a	n/a	n/a	n/a	n/a	n/a	n/a	n/a	n/a	n/a	n/a	n/a	n/a	n/a	n/a	n/a	502.263642	n/a
503.312314	0.000000	201325	stimulus_presentation	n/a	135	n/a	n/a	n/a	n/a	n/a	n/a	n/a	n/a	n/a	n/a	n/a	n/a	n/a	n/a	n/a	n/a	n/a	n/a	n/a	503.314798	n/a
503.312314	0.000000	201325	ttl	1	n/a	n/a	n/a	n/a	n/a	n/a	n/a	n/a	n/a	n/a	n/a	n/a	n/a	n/a	n/a	n/a	n/a	n/a	n/a	n/a	503.314798	n/a
503.322314	0.000000	201329	stimulus_presentation	n/a	0	n/a	n/a	n/a	n/a	n/a	n/a	n/a	n/a	n/a	n/a	n/a	n/a	n/a	n/a	n/a	n/a	n/a	n/a	n/a	503.324798	n/a
503.332313	0.000000	201333	stimulus_presentation	n/a	0	n/a	n/a	n/a	n/a	n/a	n/a	n/a	n/a	n/a	n/a	n/a	n/a	n/a	n/a	n/a	n/a	n/a	n/a	n/a	503.334798	n/a
505.328500	0.000000	202131	ttl	6	n/a	n/a	n/a	n/a	n/a	n/a	n/a	n/a	n/a	n/a	n/a	n/a	n/a	n/a	n/a	n/a	n/a	n/a	n/a	n/a	505.330984	n/a
508.129499	0.000000	203252	stimulus_presentation	n/a	135	n/a	n/a	n/a	n/a	n/a	n/a	n/a	n/a	n/a	n/a	n/a	n/a	n/a	n/a	n/a	n/a	n/a	n/a	n/a	508.131983	n/a
508.129499	0.000000	203252	ttl	7	n/a	n/a	n/a	n/a	n/a	n/a	n/a	n/a	n/a	n/a	n/a	n/a	n/a	n/a	n/a	n/a	n/a	n/a	n/a	n/a	508.131983	n/a
508.924749	0.000000	203570	ttl	8	n/a	n/a	n/a	n/a	n/a	n/a	n/a	n/a	n/a	n/a	n/a	n/a	n/a	n/a	n/a	n/a	n/a	n/a	n/a	n/a	508.927233	n/a
508.960404	6.778716	203584	sternberg_trial	n/a	n/a	524	0	0	524	1	1	1	510.030264	512.046294	0.0	0.0	0.0	0.0	508.96288899999996	512.046294	514.830637	515.7416049999999	intervals/trials	56	508.962889	515.741605
508.960404	0.000000	203584	ttl	11	n/a	n/a	n/a	n/a	n/a	n/a	n/a	n/a	n/a	n/a	n/a	n/a	n/a	n/a	n/a	n/a	n/a	n/a	n/a	n/a	508.962889	n/a
510.027780	0.000000	204011	stimulus_presentation	n/a	249	n/a	n/a	n/a	n/a	n/a	n/a	n/a	n/a	n/a	n/a	n/a	n/a	n/a	n/a	n/a	n/a	n/a	n/a	n/a	510.030264	n/a
510.027780	0.000000	204011	ttl	1	n/a	n/a	n/a	n/a	n/a	n/a	n/a	n/a	n/a	n/a	n/a	n/a	n/a	n/a	n/a	n/a	n/a	n/a	n/a	n/a	510.030264	n/a
510.037779	0.000000	204015	stimulus_presentation	n/a	0	n/a	n/a	n/a	n/a	n/a	n/a	n/a	n/a	n/a	n/a	n/a	n/a	n/a	n/a	n/a	n/a	n/a	n/a	n/a	510.040264	n/a
510.047779	0.000000	204019	stimulus_presentation	n/a	0	n/a	n/a	n/a	n/a	n/a	n/a	n/a	n/a	n/a	n/a	n/a	n/a	n/a	n/a	n/a	n/a	n/a	n/a	n/a	510.050264	n/a
512.043809	0.000000	204818	ttl	6	n/a	n/a	n/a	n/a	n/a	n/a	n/a	n/a	n/a	n/a	n/a	n/a	n/a	n/a	n/a	n/a	n/a	n/a	n/a	n/a	512.046294	n/a
514.828152	0.000000	205931	stimulus_presentation	n/a	249	n/a	n/a	n/a	n/a	n/a	n/a	n/a	n/a	n/a	n/a	n/a	n/a	n/a	n/a	n/a	n/a	n/a	n/a	n/a	514.830637	n/a
514.828152	0.000000	205931	ttl	7	n/a	n/a	n/a	n/a	n/a	n/a	n/a	n/a	n/a	n/a	n/a	n/a	n/a	n/a	n/a	n/a	n/a	n/a	n/a	n/a	514.830637	n/a
515.739120	0.000000	206296	ttl	8	n/a	n/a	n/a	n/a	n/a	n/a	n/a	n/a	n/a	n/a	n/a	n/a	n/a	n/a	n/a	n/a	n/a	n/a	n/a	n/a	515.741605	n/a
515.758620	10.889840	206303	sternberg_trial	n/a	n/a	322	118	525	218	3	0	1	516.8277919999999	518.845854	518.894823	520.911478	521.011447	523.027384	515.7611049999999	523.027384	525.695508	526.650945	intervals/trials	57	515.761105	526.650945
515.758620	0.000000	206303	ttl	11	n/a	n/a	n/a	n/a	n/a	n/a	n/a	n/a	n/a	n/a	n/a	n/a	n/a	n/a	n/a	n/a	n/a	n/a	n/a	n/a	515.761105	n/a
516.825307	0.000000	206730	stimulus_presentation	n/a	136	n/a	n/a	n/a	n/a	n/a	n/a	n/a	n/a	n/a	n/a	n/a	n/a	n/a	n/a	n/a	n/a	n/a	n/a	n/a	516.827792	n/a
516.825307	0.000000	206730	ttl	1	n/a	n/a	n/a	n/a	n/a	n/a	n/a	n/a	n/a	n/a	n/a	n/a	n/a	n/a	n/a	n/a	n/a	n/a	n/a	n/a	516.827792	n/a
518.843369	0.000000	207537	ttl	5	n/a	n/a	n/a	n/a	n/a	n/a	n/a	n/a	n/a	n/a	n/a	n/a	n/a	n/a	n/a	n/a	n/a	n/a	n/a	n/a	518.845854	n/a
518.892338	0.000000	207557	stimulus_presentation	n/a	18	n/a	n/a	n/a	n/a	n/a	n/a	n/a	n/a	n/a	n/a	n/a	n/a	n/a	n/a	n/a	n/a	n/a	n/a	n/a	518.894823	n/a
518.892338	0.000000	207557	ttl	2	n/a	n/a	n/a	n/a	n/a	n/a	n/a	n/a	n/a	n/a	n/a	n/a	n/a	n/a	n/a	n/a	n/a	n/a	n/a	n/a	518.894823	n/a
520.908993	0.000000	208364	ttl	5	n/a	n/a	n/a	n/a	n/a	n/a	n/a	n/a	n/a	n/a	n/a	n/a	n/a	n/a	n/a	n/a	n/a	n/a	n/a	n/a	520.911478	n/a
521.008962	0.000000	208404	stimulus_presentation	n/a	250	n/a	n/a	n/a	n/a	n/a	n/a	n/a	n/a	n/a	n/a	n/a	n/a	n/a	n/a	n/a	n/a	n/a	n/a	n/a	521.011447	n/a
521.008962	0.000000	208404	ttl	3	n/a	n/a	n/a	n/a	n/a	n/a	n/a	n/a	n/a	n/a	n/a	n/a	n/a	n/a	n/a	n/a	n/a	n/a	n/a	n/a	521.011447	n/a
523.024899	0.000000	209210	ttl	6	n/a	n/a	n/a	n/a	n/a	n/a	n/a	n/a	n/a	n/a	n/a	n/a	n/a	n/a	n/a	n/a	n/a	n/a	n/a	n/a	523.027384	n/a
525.693023	0.000000	210277	stimulus_presentation	n/a	75	n/a	n/a	n/a	n/a	n/a	n/a	n/a	n/a	n/a	n/a	n/a	n/a	n/a	n/a	n/a	n/a	n/a	n/a	n/a	525.695508	n/a
525.693023	0.000000	210277	ttl	7	n/a	n/a	n/a	n/a	n/a	n/a	n/a	n/a	n/a	n/a	n/a	n/a	n/a	n/a	n/a	n/a	n/a	n/a	n/a	n/a	525.695508	n/a
526.648460	0.000000	210659	ttl	8	n/a	n/a	n/a	n/a	n/a	n/a	n/a	n/a	n/a	n/a	n/a	n/a	n/a	n/a	n/a	n/a	n/a	n/a	n/a	n/a	526.650945	n/a
526.673210	11.636495	210669	sternberg_trial	n/a	n/a	427	0	0	313	1	0	1	527.710819	529.726318	0.0	0.0	0.0	0.0	526.675695	529.726318	532.427192	538.31219	intervals/trials	58	526.675695	538.312190
526.673210	0.000000	210669	ttl	11	n/a	n/a	n/a	n/a	n/a	n/a	n/a	n/a	n/a	n/a	n/a	n/a	n/a	n/a	n/a	n/a	n/a	n/a	n/a	n/a	526.675695	n/a
527.708334	0.000000	211083	stimulus_presentation	n/a	197	n/a	n/a	n/a	n/a	n/a	n/a	n/a	n/a	n/a	n/a	n/a	n/a	n/a	n/a	n/a	n/a	n/a	n/a	n/a	527.710819	n/a
527.708334	0.000000	211083	ttl	1	n/a	n/a	n/a	n/a	n/a	n/a	n/a	n/a	n/a	n/a	n/a	n/a	n/a	n/a	n/a	n/a	n/a	n/a	n/a	n/a	527.710819	n/a
527.718334	0.000000	211087	stimulus_presentation	n/a	0	n/a	n/a	n/a	n/a	n/a	n/a	n/a	n/a	n/a	n/a	n/a	n/a	n/a	n/a	n/a	n/a	n/a	n/a	n/a	527.720819	n/a
527.728334	0.000000	211091	stimulus_presentation	n/a	0	n/a	n/a	n/a	n/a	n/a	n/a	n/a	n/a	n/a	n/a	n/a	n/a	n/a	n/a	n/a	n/a	n/a	n/a	n/a	527.730819	n/a
529.723833	0.000000	211890	ttl	6	n/a	n/a	n/a	n/a	n/a	n/a	n/a	n/a	n/a	n/a	n/a	n/a	n/a	n/a	n/a	n/a	n/a	n/a	n/a	n/a	529.726318	n/a
532.424707	0.000000	212970	stimulus_presentation	n/a	127	n/a	n/a	n/a	n/a	n/a	n/a	n/a	n/a	n/a	n/a	n/a	n/a	n/a	n/a	n/a	n/a	n/a	n/a	n/a	532.427192	n/a
532.424707	0.000000	212970	ttl	7	n/a	n/a	n/a	n/a	n/a	n/a	n/a	n/a	n/a	n/a	n/a	n/a	n/a	n/a	n/a	n/a	n/a	n/a	n/a	n/a	532.427192	n/a
538.309705	0.000000	215324	ttl	8	n/a	n/a	n/a	n/a	n/a	n/a	n/a	n/a	n/a	n/a	n/a	n/a	n/a	n/a	n/a	n/a	n/a	n/a	n/a	n/a	538.312190	n/a
538.337674	11.649183	215335	sternberg_trial	n/a	n/a	428	323	119	323	3	1	1	539.391721	541.406689	541.5906259999999	543.606188	543.823907	545.839968	538.340159	545.839968	548.572061	549.989342	intervals/trials	59	538.340159	549.989342
538.337674	0.000000	215335	ttl	11	n/a	n/a	n/a	n/a	n/a	n/a	n/a	n/a	n/a	n/a	n/a	n/a	n/a	n/a	n/a	n/a	n/a	n/a	n/a	n/a	538.340159	n/a
539.389236	0.000000	215756	stimulus_presentation	n/a	198	n/a	n/a	n/a	n/a	n/a	n/a	n/a	n/a	n/a	n/a	n/a	n/a	n/a	n/a	n/a	n/a	n/a	n/a	n/a	539.391721	n/a
539.389236	0.000000	215756	ttl	1	n/a	n/a	n/a	n/a	n/a	n/a	n/a	n/a	n/a	n/a	n/a	n/a	n/a	n/a	n/a	n/a	n/a	n/a	n/a	n/a	539.391721	n/a
541.404204	0.000000	216562	ttl	5	n/a	n/a	n/a	n/a	n/a	n/a	n/a	n/a	n/a	n/a	n/a	n/a	n/a	n/a	n/a	n/a	n/a	n/a	n/a	n/a	541.406689	n/a
541.588141	0.000000	216635	stimulus_presentation	n/a	137	n/a	n/a	n/a	n/a	n/a	n/a	n/a	n/a	n/a	n/a	n/a	n/a	n/a	n/a	n/a	n/a	n/a	n/a	n/a	541.590626	n/a
541.588141	0.000000	216635	ttl	2	n/a	n/a	n/a	n/a	n/a	n/a	n/a	n/a	n/a	n/a	n/a	n/a	n/a	n/a	n/a	n/a	n/a	n/a	n/a	n/a	541.590626	n/a
543.603703	0.000000	217441	ttl	5	n/a	n/a	n/a	n/a	n/a	n/a	n/a	n/a	n/a	n/a	n/a	n/a	n/a	n/a	n/a	n/a	n/a	n/a	n/a	n/a	543.606188	n/a
543.821422	0.000000	217529	stimulus_presentation	n/a	19	n/a	n/a	n/a	n/a	n/a	n/a	n/a	n/a	n/a	n/a	n/a	n/a	n/a	n/a	n/a	n/a	n/a	n/a	n/a	543.823907	n/a
543.821422	0.000000	217529	ttl	3	n/a	n/a	n/a	n/a	n/a	n/a	n/a	n/a	n/a	n/a	n/a	n/a	n/a	n/a	n/a	n/a	n/a	n/a	n/a	n/a	543.823907	n/a
545.837483	0.000000	218335	ttl	6	n/a	n/a	n/a	n/a	n/a	n/a	n/a	n/a	n/a	n/a	n/a	n/a	n/a	n/a	n/a	n/a	n/a	n/a	n/a	n/a	545.839968	n/a
548.569576	0.000000	219428	stimulus_presentation	n/a	137	n/a	n/a	n/a	n/a	n/a	n/a	n/a	n/a	n/a	n/a	n/a	n/a	n/a	n/a	n/a	n/a	n/a	n/a	n/a	548.572061	n/a
548.569576	0.000000	219428	ttl	7	n/a	n/a	n/a	n/a	n/a	n/a	n/a	n/a	n/a	n/a	n/a	n/a	n/a	n/a	n/a	n/a	n/a	n/a	n/a	n/a	548.572061	n/a
549.986857	0.000000	219995	ttl	8	n/a	n/a	n/a	n/a	n/a	n/a	n/a	n/a	n/a	n/a	n/a	n/a	n/a	n/a	n/a	n/a	n/a	n/a	n/a	n/a	549.989342	n/a
550.018950	6.910248	220008	sternberg_trial	n/a	n/a	526	0	0	317	1	0	1	551.1388099999999	553.1551529999999	0.0	0.0	0.0	0.0	550.021435	553.1551529999999	555.972995	556.931683	intervals/trials	60	550.021435	556.931683
550.018950	0.000000	220008	ttl	11	n/a	n/a	n/a	n/a	n/a	n/a	n/a	n/a	n/a	n/a	n/a	n/a	n/a	n/a	n/a	n/a	n/a	n/a	n/a	n/a	550.021435	n/a
551.136325	0.000000	220455	stimulus_presentation	n/a	251	n/a	n/a	n/a	n/a	n/a	n/a	n/a	n/a	n/a	n/a	n/a	n/a	n/a	n/a	n/a	n/a	n/a	n/a	n/a	551.138810	n/a
551.136325	0.000000	220455	ttl	1	n/a	n/a	n/a	n/a	n/a	n/a	n/a	n/a	n/a	n/a	n/a	n/a	n/a	n/a	n/a	n/a	n/a	n/a	n/a	n/a	551.138810	n/a
551.146325	0.000000	220459	stimulus_presentation	n/a	0	n/a	n/a	n/a	n/a	n/a	n/a	n/a	n/a	n/a	n/a	n/a	n/a	n/a	n/a	n/a	n/a	n/a	n/a	n/a	551.148810	n/a
551.156325	0.000000	220463	stimulus_presentation	n/a	0	n/a	n/a	n/a	n/a	n/a	n/a	n/a	n/a	n/a	n/a	n/a	n/a	n/a	n/a	n/a	n/a	n/a	n/a	n/a	551.158810	n/a
553.152668	0.000000	221261	ttl	6	n/a	n/a	n/a	n/a	n/a	n/a	n/a	n/a	n/a	n/a	n/a	n/a	n/a	n/a	n/a	n/a	n/a	n/a	n/a	n/a	553.155153	n/a
555.970510	0.000000	222388	stimulus_presentation	n/a	131	n/a	n/a	n/a	n/a	n/a	n/a	n/a	n/a	n/a	n/a	n/a	n/a	n/a	n/a	n/a	n/a	n/a	n/a	n/a	555.972995	n/a
555.970510	0.000000	222388	ttl	7	n/a	n/a	n/a	n/a	n/a	n/a	n/a	n/a	n/a	n/a	n/a	n/a	n/a	n/a	n/a	n/a	n/a	n/a	n/a	n/a	555.972995	n/a
556.929198	0.000000	222772	ttl	8	n/a	n/a	n/a	n/a	n/a	n/a	n/a	n/a	n/a	n/a	n/a	n/a	n/a	n/a	n/a	n/a	n/a	n/a	n/a	n/a	556.931683	n/a
556.950854	10.743777	222780	sternberg_trial	n/a	n/a	429	527	120	221	3	0	1	557.954245	559.9712129999999	560.070431	562.086868	562.170212	564.18643	556.953339	564.18643	566.80446	567.6971159999999	intervals/trials	61	556.953339	567.697116
556.950854	0.000000	222780	ttl	11	n/a	n/a	n/a	n/a	n/a	n/a	n/a	n/a	n/a	n/a	n/a	n/a	n/a	n/a	n/a	n/a	n/a	n/a	n/a	n/a	556.953339	n/a
557.951760	0.000000	223181	stimulus_presentation	n/a	199	n/a	n/a	n/a	n/a	n/a	n/a	n/a	n/a	n/a	n/a	n/a	n/a	n/a	n/a	n/a	n/a	n/a	n/a	n/a	557.954245	n/a
557.951760	0.000000	223181	ttl	1	n/a	n/a	n/a	n/a	n/a	n/a	n/a	n/a	n/a	n/a	n/a	n/a	n/a	n/a	n/a	n/a	n/a	n/a	n/a	n/a	557.954245	n/a
559.968728	0.000000	223987	ttl	5	n/a	n/a	n/a	n/a	n/a	n/a	n/a	n/a	n/a	n/a	n/a	n/a	n/a	n/a	n/a	n/a	n/a	n/a	n/a	n/a	559.971213	n/a
560.067946	0.000000	224027	stimulus_presentation	n/a	252	n/a	n/a	n/a	n/a	n/a	n/a	n/a	n/a	n/a	n/a	n/a	n/a	n/a	n/a	n/a	n/a	n/a	n/a	n/a	560.070431	n/a
560.067946	0.000000	224027	ttl	2	n/a	n/a	n/a	n/a	n/a	n/a	n/a	n/a	n/a	n/a	n/a	n/a	n/a	n/a	n/a	n/a	n/a	n/a	n/a	n/a	560.070431	n/a
562.084383	0.000000	224834	ttl	5	n/a	n/a	n/a	n/a	n/a	n/a	n/a	n/a	n/a	n/a	n/a	n/a	n/a	n/a	n/a	n/a	n/a	n/a	n/a	n/a	562.086868	n/a
562.167727	0.000000	224867	stimulus_presentation	n/a	20	n/a	n/a	n/a	n/a	n/a	n/a	n/a	n/a	n/a	n/a	n/a	n/a	n/a	n/a	n/a	n/a	n/a	n/a	n/a	562.170212	n/a
562.167727	0.000000	224867	ttl	3	n/a	n/a	n/a	n/a	n/a	n/a	n/a	n/a	n/a	n/a	n/a	n/a	n/a	n/a	n/a	n/a	n/a	n/a	n/a	n/a	562.170212	n/a
564.183945	0.000000	225674	ttl	6	n/a	n/a	n/a	n/a	n/a	n/a	n/a	n/a	n/a	n/a	n/a	n/a	n/a	n/a	n/a	n/a	n/a	n/a	n/a	n/a	564.186430	n/a
566.801975	0.000000	226721	stimulus_presentation	n/a	78	n/a	n/a	n/a	n/a	n/a	n/a	n/a	n/a	n/a	n/a	n/a	n/a	n/a	n/a	n/a	n/a	n/a	n/a	n/a	566.804460	n/a
566.801975	0.000000	226721	ttl	7	n/a	n/a	n/a	n/a	n/a	n/a	n/a	n/a	n/a	n/a	n/a	n/a	n/a	n/a	n/a	n/a	n/a	n/a	n/a	n/a	566.804460	n/a
567.694631	0.000000	227078	ttl	8	n/a	n/a	n/a	n/a	n/a	n/a	n/a	n/a	n/a	n/a	n/a	n/a	n/a	n/a	n/a	n/a	n/a	n/a	n/a	n/a	567.697116	n/a
567.715443	11.096527	227086	sternberg_trial	n/a	n/a	226	324	121	324	3	1	1	568.78699	570.8019889999999	570.918739	572.9340199999999	573.0843639999999	575.100925	567.717928	575.100925	577.868705	578.814455	intervals/trials	62	567.717928	578.814455
567.715443	0.000000	227086	ttl	11	n/a	n/a	n/a	n/a	n/a	n/a	n/a	n/a	n/a	n/a	n/a	n/a	n/a	n/a	n/a	n/a	n/a	n/a	n/a	n/a	567.717928	n/a
568.784505	0.000000	227514	stimulus_presentation	n/a	83	n/a	n/a	n/a	n/a	n/a	n/a	n/a	n/a	n/a	n/a	n/a	n/a	n/a	n/a	n/a	n/a	n/a	n/a	n/a	568.786990	n/a
568.784505	0.000000	227514	ttl	1	n/a	n/a	n/a	n/a	n/a	n/a	n/a	n/a	n/a	n/a	n/a	n/a	n/a	n/a	n/a	n/a	n/a	n/a	n/a	n/a	568.786990	n/a
570.799504	0.000000	228320	ttl	5	n/a	n/a	n/a	n/a	n/a	n/a	n/a	n/a	n/a	n/a	n/a	n/a	n/a	n/a	n/a	n/a	n/a	n/a	n/a	n/a	570.801989	n/a
570.916254	0.000000	228367	stimulus_presentation	n/a	138	n/a	n/a	n/a	n/a	n/a	n/a	n/a	n/a	n/a	n/a	n/a	n/a	n/a	n/a	n/a	n/a	n/a	n/a	n/a	570.918739	n/a
570.916254	0.000000	228367	ttl	2	n/a	n/a	n/a	n/a	n/a	n/a	n/a	n/a	n/a	n/a	n/a	n/a	n/a	n/a	n/a	n/a	n/a	n/a	n/a	n/a	570.918739	n/a
572.931535	0.000000	229173	ttl	5	n/a	n/a	n/a	n/a	n/a	n/a	n/a	n/a	n/a	n/a	n/a	n/a	n/a	n/a	n/a	n/a	n/a	n/a	n/a	n/a	572.934020	n/a
573.081879	0.000000	229233	stimulus_presentation	n/a	21	n/a	n/a	n/a	n/a	n/a	n/a	n/a	n/a	n/a	n/a	n/a	n/a	n/a	n/a	n/a	n/a	n/a	n/a	n/a	573.084364	n/a
573.081879	0.000000	229233	ttl	3	n/a	n/a	n/a	n/a	n/a	n/a	n/a	n/a	n/a	n/a	n/a	n/a	n/a	n/a	n/a	n/a	n/a	n/a	n/a	n/a	573.084364	n/a
575.098440	0.000000	230039	ttl	6	n/a	n/a	n/a	n/a	n/a	n/a	n/a	n/a	n/a	n/a	n/a	n/a	n/a	n/a	n/a	n/a	n/a	n/a	n/a	n/a	575.100925	n/a
577.866220	0.000000	231146	stimulus_presentation	n/a	138	n/a	n/a	n/a	n/a	n/a	n/a	n/a	n/a	n/a	n/a	n/a	n/a	n/a	n/a	n/a	n/a	n/a	n/a	n/a	577.868705	n/a
577.866220	0.000000	231146	ttl	7	n/a	n/a	n/a	n/a	n/a	n/a	n/a	n/a	n/a	n/a	n/a	n/a	n/a	n/a	n/a	n/a	n/a	n/a	n/a	n/a	577.868705	n/a
578.811970	0.000000	231525	ttl	8	n/a	n/a	n/a	n/a	n/a	n/a	n/a	n/a	n/a	n/a	n/a	n/a	n/a	n/a	n/a	n/a	n/a	n/a	n/a	n/a	578.814455	n/a
578.846345	10.826933	231539	sternberg_trial	n/a	n/a	528	227	122	122	3	1	1	579.850455	581.866454	581.99961	584.014953	584.1648279999999	586.182327	578.84883	586.182327	588.91667	589.675763	intervals/trials	63	578.848830	589.675763
578.846345	0.000000	231539	ttl	11	n/a	n/a	n/a	n/a	n/a	n/a	n/a	n/a	n/a	n/a	n/a	n/a	n/a	n/a	n/a	n/a	n/a	n/a	n/a	n/a	578.848830	n/a
579.847970	0.000000	231939	stimulus_presentation	n/a	253	n/a	n/a	n/a	n/a	n/a	n/a	n/a	n/a	n/a	n/a	n/a	n/a	n/a	n/a	n/a	n/a	n/a	n/a	n/a	579.850455	n/a
579.847970	0.000000	231939	ttl	1	n/a	n/a	n/a	n/a	n/a	n/a	n/a	n/a	n/a	n/a	n/a	n/a	n/a	n/a	n/a	n/a	n/a	n/a	n/a	n/a	579.850455	n/a
581.863969	0.000000	232746	ttl	5	n/a	n/a	n/a	n/a	n/a	n/a	n/a	n/a	n/a	n/a	n/a	n/a	n/a	n/a	n/a	n/a	n/a	n/a	n/a	n/a	581.866454	n/a
581.997125	0.000000	232799	stimulus_presentation	n/a	84	n/a	n/a	n/a	n/a	n/a	n/a	n/a	n/a	n/a	n/a	n/a	n/a	n/a	n/a	n/a	n/a	n/a	n/a	n/a	581.999610	n/a
581.997125	0.000000	232799	ttl	2	n/a	n/a	n/a	n/a	n/a	n/a	n/a	n/a	n/a	n/a	n/a	n/a	n/a	n/a	n/a	n/a	n/a	n/a	n/a	n/a	581.999610	n/a
584.012468	0.000000	233605	ttl	5	n/a	n/a	n/a	n/a	n/a	n/a	n/a	n/a	n/a	n/a	n/a	n/a	n/a	n/a	n/a	n/a	n/a	n/a	n/a	n/a	584.014953	n/a
584.162343	0.000000	233665	stimulus_presentation	n/a	22	n/a	n/a	n/a	n/a	n/a	n/a	n/a	n/a	n/a	n/a	n/a	n/a	n/a	n/a	n/a	n/a	n/a	n/a	n/a	584.164828	n/a
584.162343	0.000000	233665	ttl	3	n/a	n/a	n/a	n/a	n/a	n/a	n/a	n/a	n/a	n/a	n/a	n/a	n/a	n/a	n/a	n/a	n/a	n/a	n/a	n/a	584.164828	n/a
586.179842	0.000000	234472	ttl	6	n/a	n/a	n/a	n/a	n/a	n/a	n/a	n/a	n/a	n/a	n/a	n/a	n/a	n/a	n/a	n/a	n/a	n/a	n/a	n/a	586.182327	n/a
588.914185	0.000000	235566	stimulus_presentation	n/a	22	n/a	n/a	n/a	n/a	n/a	n/a	n/a	n/a	n/a	n/a	n/a	n/a	n/a	n/a	n/a	n/a	n/a	n/a	n/a	588.916670	n/a
588.914185	0.000000	235566	ttl	7	n/a	n/a	n/a	n/a	n/a	n/a	n/a	n/a	n/a	n/a	n/a	n/a	n/a	n/a	n/a	n/a	n/a	n/a	n/a	n/a	588.916670	n/a
589.673278	0.000000	235869	ttl	8	n/a	n/a	n/a	n/a	n/a	n/a	n/a	n/a	n/a	n/a	n/a	n/a	n/a	n/a	n/a	n/a	n/a	n/a	n/a	n/a	589.675763	n/a
589.711497	7.559934	235885	sternberg_trial	n/a	n/a	529	0	0	529	1	1	1	590.848169	592.864293	0.0	0.0	0.0	0.0	589.713982	592.864293	595.498355	597.273916	intervals/trials	64	589.713982	597.273916
589.711497	0.000000	235885	ttl	11	n/a	n/a	n/a	n/a	n/a	n/a	n/a	n/a	n/a	n/a	n/a	n/a	n/a	n/a	n/a	n/a	n/a	n/a	n/a	n/a	589.713982	n/a
590.845684	0.000000	236338	stimulus_presentation	n/a	254	n/a	n/a	n/a	n/a	n/a	n/a	n/a	n/a	n/a	n/a	n/a	n/a	n/a	n/a	n/a	n/a	n/a	n/a	n/a	590.848169	n/a
590.845684	0.000000	236338	ttl	1	n/a	n/a	n/a	n/a	n/a	n/a	n/a	n/a	n/a	n/a	n/a	n/a	n/a	n/a	n/a	n/a	n/a	n/a	n/a	n/a	590.848169	n/a
590.855684	0.000000	236342	stimulus_presentation	n/a	0	n/a	n/a	n/a	n/a	n/a	n/a	n/a	n/a	n/a	n/a	n/a	n/a	n/a	n/a	n/a	n/a	n/a	n/a	n/a	590.858169	n/a
590.865684	0.000000	236346	stimulus_presentation	n/a	0	n/a	n/a	n/a	n/a	n/a	n/a	n/a	n/a	n/a	n/a	n/a	n/a	n/a	n/a	n/a	n/a	n/a	n/a	n/a	590.868169	n/a
592.861808	0.000000	237145	ttl	6	n/a	n/a	n/a	n/a	n/a	n/a	n/a	n/a	n/a	n/a	n/a	n/a	n/a	n/a	n/a	n/a	n/a	n/a	n/a	n/a	592.864293	n/a
595.495870	0.000000	238198	stimulus_presentation	n/a	254	n/a	n/a	n/a	n/a	n/a	n/a	n/a	n/a	n/a	n/a	n/a	n/a	n/a	n/a	n/a	n/a	n/a	n/a	n/a	595.498355	n/a
595.495870	0.000000	238198	ttl	7	n/a	n/a	n/a	n/a	n/a	n/a	n/a	n/a	n/a	n/a	n/a	n/a	n/a	n/a	n/a	n/a	n/a	n/a	n/a	n/a	595.498355	n/a
597.271431	0.000000	238909	ttl	8	n/a	n/a	n/a	n/a	n/a	n/a	n/a	n/a	n/a	n/a	n/a	n/a	n/a	n/a	n/a	n/a	n/a	n/a	n/a	n/a	597.273916	n/a
597.293119	7.256591	238917	sternberg_trial	n/a	n/a	228	0	0	413	1	0	1	598.397822	600.412509	0.0	0.0	0.0	0.0	597.295604	600.412509	603.013914	604.552195	intervals/trials	65	597.295604	604.552195
597.293119	0.000000	238917	ttl	11	n/a	n/a	n/a	n/a	n/a	n/a	n/a	n/a	n/a	n/a	n/a	n/a	n/a	n/a	n/a	n/a	n/a	n/a	n/a	n/a	597.295604	n/a
598.395337	0.000000	239358	stimulus_presentation	n/a	85	n/a	n/a	n/a	n/a	n/a	n/a	n/a	n/a	n/a	n/a	n/a	n/a	n/a	n/a	n/a	n/a	n/a	n/a	n/a	598.397822	n/a
598.395337	0.000000	239358	ttl	1	n/a	n/a	n/a	n/a	n/a	n/a	n/a	n/a	n/a	n/a	n/a	n/a	n/a	n/a	n/a	n/a	n/a	n/a	n/a	n/a	598.397822	n/a
598.405337	0.000000	239362	stimulus_presentation	n/a	0	n/a	n/a	n/a	n/a	n/a	n/a	n/a	n/a	n/a	n/a	n/a	n/a	n/a	n/a	n/a	n/a	n/a	n/a	n/a	598.407822	n/a
598.415337	0.000000	239366	stimulus_presentation	n/a	0	n/a	n/a	n/a	n/a	n/a	n/a	n/a	n/a	n/a	n/a	n/a	n/a	n/a	n/a	n/a	n/a	n/a	n/a	n/a	598.417822	n/a
600.410024	0.000000	240164	ttl	6	n/a	n/a	n/a	n/a	n/a	n/a	n/a	n/a	n/a	n/a	n/a	n/a	n/a	n/a	n/a	n/a	n/a	n/a	n/a	n/a	600.412509	n/a
603.011429	0.000000	241205	stimulus_presentation	n/a	183	n/a	n/a	n/a	n/a	n/a	n/a	n/a	n/a	n/a	n/a	n/a	n/a	n/a	n/a	n/a	n/a	n/a	n/a	n/a	603.013914	n/a
603.011429	0.000000	241205	ttl	7	n/a	n/a	n/a	n/a	n/a	n/a	n/a	n/a	n/a	n/a	n/a	n/a	n/a	n/a	n/a	n/a	n/a	n/a	n/a	n/a	603.013914	n/a
604.549710	0.000000	241820	ttl	8	n/a	n/a	n/a	n/a	n/a	n/a	n/a	n/a	n/a	n/a	n/a	n/a	n/a	n/a	n/a	n/a	n/a	n/a	n/a	n/a	604.552195	n/a
604.575147	11.107902	241830	sternberg_trial	n/a	n/a	123	325	430	430	3	1	1	605.628569	607.645443	607.7782559999999	609.794505	609.9110989999999	611.927317	604.577632	611.927317	614.7116589999999	615.685534	intervals/trials	66	604.577632	615.685534
604.575147	0.000000	241830	ttl	11	n/a	n/a	n/a	n/a	n/a	n/a	n/a	n/a	n/a	n/a	n/a	n/a	n/a	n/a	n/a	n/a	n/a	n/a	n/a	n/a	604.577632	n/a
605.626084	0.000000	242250	stimulus_presentation	n/a	23	n/a	n/a	n/a	n/a	n/a	n/a	n/a	n/a	n/a	n/a	n/a	n/a	n/a	n/a	n/a	n/a	n/a	n/a	n/a	605.628569	n/a
605.626084	0.000000	242250	ttl	1	n/a	n/a	n/a	n/a	n/a	n/a	n/a	n/a	n/a	n/a	n/a	n/a	n/a	n/a	n/a	n/a	n/a	n/a	n/a	n/a	605.628569	n/a
607.642958	0.000000	243057	ttl	5	n/a	n/a	n/a	n/a	n/a	n/a	n/a	n/a	n/a	n/a	n/a	n/a	n/a	n/a	n/a	n/a	n/a	n/a	n/a	n/a	607.645443	n/a
607.775771	0.000000	243110	stimulus_presentation	n/a	139	n/a	n/a	n/a	n/a	n/a	n/a	n/a	n/a	n/a	n/a	n/a	n/a	n/a	n/a	n/a	n/a	n/a	n/a	n/a	607.778256	n/a
607.775771	0.000000	243110	ttl	2	n/a	n/a	n/a	n/a	n/a	n/a	n/a	n/a	n/a	n/a	n/a	n/a	n/a	n/a	n/a	n/a	n/a	n/a	n/a	n/a	607.778256	n/a
609.792020	0.000000	243917	ttl	5	n/a	n/a	n/a	n/a	n/a	n/a	n/a	n/a	n/a	n/a	n/a	n/a	n/a	n/a	n/a	n/a	n/a	n/a	n/a	n/a	609.794505	n/a
609.908614	0.000000	243963	stimulus_presentation	n/a	200	n/a	n/a	n/a	n/a	n/a	n/a	n/a	n/a	n/a	n/a	n/a	n/a	n/a	n/a	n/a	n/a	n/a	n/a	n/a	609.911099	n/a
609.908614	0.000000	243963	ttl	3	n/a	n/a	n/a	n/a	n/a	n/a	n/a	n/a	n/a	n/a	n/a	n/a	n/a	n/a	n/a	n/a	n/a	n/a	n/a	n/a	609.911099	n/a
611.924832	0.000000	244770	ttl	6	n/a	n/a	n/a	n/a	n/a	n/a	n/a	n/a	n/a	n/a	n/a	n/a	n/a	n/a	n/a	n/a	n/a	n/a	n/a	n/a	611.927317	n/a
614.709174	0.000000	245884	stimulus_presentation	n/a	200	n/a	n/a	n/a	n/a	n/a	n/a	n/a	n/a	n/a	n/a	n/a	n/a	n/a	n/a	n/a	n/a	n/a	n/a	n/a	614.711659	n/a
614.709174	0.000000	245884	ttl	7	n/a	n/a	n/a	n/a	n/a	n/a	n/a	n/a	n/a	n/a	n/a	n/a	n/a	n/a	n/a	n/a	n/a	n/a	n/a	n/a	614.711659	n/a
615.683049	0.000000	246273	ttl	8	n/a	n/a	n/a	n/a	n/a	n/a	n/a	n/a	n/a	n/a	n/a	n/a	n/a	n/a	n/a	n/a	n/a	n/a	n/a	n/a	615.685534	n/a
615.706299	6.823060	246283	sternberg_trial	n/a	n/a	431	0	0	431	1	1	1	616.892783	618.908314	0.0	0.0	0.0	0.0	615.7087839999999	618.908314	621.577094	622.531844	intervals/trials	67	615.708784	622.531844
615.706299	0.000000	246283	ttl	11	n/a	n/a	n/a	n/a	n/a	n/a	n/a	n/a	n/a	n/a	n/a	n/a	n/a	n/a	n/a	n/a	n/a	n/a	n/a	n/a	615.708784	n/a
616.890298	0.000000	246756	stimulus_presentation	n/a	201	n/a	n/a	n/a	n/a	n/a	n/a	n/a	n/a	n/a	n/a	n/a	n/a	n/a	n/a	n/a	n/a	n/a	n/a	n/a	616.892783	n/a
616.890298	0.000000	246756	ttl	1	n/a	n/a	n/a	n/a	n/a	n/a	n/a	n/a	n/a	n/a	n/a	n/a	n/a	n/a	n/a	n/a	n/a	n/a	n/a	n/a	616.892783	n/a
616.900298	0.000000	246760	stimulus_presentation	n/a	0	n/a	n/a	n/a	n/a	n/a	n/a	n/a	n/a	n/a	n/a	n/a	n/a	n/a	n/a	n/a	n/a	n/a	n/a	n/a	616.902783	n/a
616.910298	0.000000	246764	stimulus_presentation	n/a	0	n/a	n/a	n/a	n/a	n/a	n/a	n/a	n/a	n/a	n/a	n/a	n/a	n/a	n/a	n/a	n/a	n/a	n/a	n/a	616.912783	n/a
618.905829	0.000000	247562	ttl	6	n/a	n/a	n/a	n/a	n/a	n/a	n/a	n/a	n/a	n/a	n/a	n/a	n/a	n/a	n/a	n/a	n/a	n/a	n/a	n/a	618.908314	n/a
621.574609	0.000000	248630	stimulus_presentation	n/a	201	n/a	n/a	n/a	n/a	n/a	n/a	n/a	n/a	n/a	n/a	n/a	n/a	n/a	n/a	n/a	n/a	n/a	n/a	n/a	621.577094	n/a
621.574609	0.000000	248630	ttl	7	n/a	n/a	n/a	n/a	n/a	n/a	n/a	n/a	n/a	n/a	n/a	n/a	n/a	n/a	n/a	n/a	n/a	n/a	n/a	n/a	621.577094	n/a
622.529359	0.000000	249012	ttl	8	n/a	n/a	n/a	n/a	n/a	n/a	n/a	n/a	n/a	n/a	n/a	n/a	n/a	n/a	n/a	n/a	n/a	n/a	n/a	n/a	622.531844	n/a
622.555015	7.540559	249022	sternberg_trial	n/a	n/a	124	0	0	425	1	0	1	623.691687	625.708624	0.0	0.0	0.0	0.0	622.5575	625.708624	628.3089659999999	630.0980589999999	intervals/trials	68	622.557500	630.098059
622.555015	0.000000	249022	ttl	11	n/a	n/a	n/a	n/a	n/a	n/a	n/a	n/a	n/a	n/a	n/a	n/a	n/a	n/a	n/a	n/a	n/a	n/a	n/a	n/a	622.557500	n/a
623.689202	0.000000	249476	stimulus_presentation	n/a	24	n/a	n/a	n/a	n/a	n/a	n/a	n/a	n/a	n/a	n/a	n/a	n/a	n/a	n/a	n/a	n/a	n/a	n/a	n/a	623.691687	n/a
623.689202	0.000000	249476	ttl	1	n/a	n/a	n/a	n/a	n/a	n/a	n/a	n/a	n/a	n/a	n/a	n/a	n/a	n/a	n/a	n/a	n/a	n/a	n/a	n/a	623.691687	n/a
623.699202	0.000000	249480	stimulus_presentation	n/a	0	n/a	n/a	n/a	n/a	n/a	n/a	n/a	n/a	n/a	n/a	n/a	n/a	n/a	n/a	n/a	n/a	n/a	n/a	n/a	623.701687	n/a
623.709202	0.000000	249484	stimulus_presentation	n/a	0	n/a	n/a	n/a	n/a	n/a	n/a	n/a	n/a	n/a	n/a	n/a	n/a	n/a	n/a	n/a	n/a	n/a	n/a	n/a	623.711687	n/a
625.706139	0.000000	250282	ttl	6	n/a	n/a	n/a	n/a	n/a	n/a	n/a	n/a	n/a	n/a	n/a	n/a	n/a	n/a	n/a	n/a	n/a	n/a	n/a	n/a	625.708624	n/a
628.306481	0.000000	251323	stimulus_presentation	n/a	195	n/a	n/a	n/a	n/a	n/a	n/a	n/a	n/a	n/a	n/a	n/a	n/a	n/a	n/a	n/a	n/a	n/a	n/a	n/a	628.308966	n/a
628.306481	0.000000	251323	ttl	7	n/a	n/a	n/a	n/a	n/a	n/a	n/a	n/a	n/a	n/a	n/a	n/a	n/a	n/a	n/a	n/a	n/a	n/a	n/a	n/a	628.308966	n/a
630.095574	0.000000	252038	ttl	8	n/a	n/a	n/a	n/a	n/a	n/a	n/a	n/a	n/a	n/a	n/a	n/a	n/a	n/a	n/a	n/a	n/a	n/a	n/a	n/a	630.098059	n/a
630.120231	7.685403	252048	sternberg_trial	n/a	n/a	432	0	0	527	1	0	1	631.2905589999999	633.306777	0.0	0.0	0.0	0.0	630.122716	633.306777	636.024088	637.8081189999999	intervals/trials	69	630.122716	637.808119
630.120231	0.000000	252048	ttl	11	n/a	n/a	n/a	n/a	n/a	n/a	n/a	n/a	n/a	n/a	n/a	n/a	n/a	n/a	n/a	n/a	n/a	n/a	n/a	n/a	630.122716	n/a
631.288074	0.000000	252515	stimulus_presentation	n/a	202	n/a	n/a	n/a	n/a	n/a	n/a	n/a	n/a	n/a	n/a	n/a	n/a	n/a	n/a	n/a	n/a	n/a	n/a	n/a	631.290559	n/a
631.288074	0.000000	252515	ttl	1	n/a	n/a	n/a	n/a	n/a	n/a	n/a	n/a	n/a	n/a	n/a	n/a	n/a	n/a	n/a	n/a	n/a	n/a	n/a	n/a	631.290559	n/a
631.298074	0.000000	252519	stimulus_presentation	n/a	0	n/a	n/a	n/a	n/a	n/a	n/a	n/a	n/a	n/a	n/a	n/a	n/a	n/a	n/a	n/a	n/a	n/a	n/a	n/a	631.300559	n/a
631.308074	0.000000	252523	stimulus_presentation	n/a	0	n/a	n/a	n/a	n/a	n/a	n/a	n/a	n/a	n/a	n/a	n/a	n/a	n/a	n/a	n/a	n/a	n/a	n/a	n/a	631.310559	n/a
633.304292	0.000000	253322	ttl	6	n/a	n/a	n/a	n/a	n/a	n/a	n/a	n/a	n/a	n/a	n/a	n/a	n/a	n/a	n/a	n/a	n/a	n/a	n/a	n/a	633.306777	n/a
636.021603	0.000000	254409	stimulus_presentation	n/a	252	n/a	n/a	n/a	n/a	n/a	n/a	n/a	n/a	n/a	n/a	n/a	n/a	n/a	n/a	n/a	n/a	n/a	n/a	n/a	636.024088	n/a
636.021603	0.000000	254409	ttl	7	n/a	n/a	n/a	n/a	n/a	n/a	n/a	n/a	n/a	n/a	n/a	n/a	n/a	n/a	n/a	n/a	n/a	n/a	n/a	n/a	636.024088	n/a
637.805634	0.000000	255122	ttl	8	n/a	n/a	n/a	n/a	n/a	n/a	n/a	n/a	n/a	n/a	n/a	n/a	n/a	n/a	n/a	n/a	n/a	n/a	n/a	n/a	637.808119	n/a
711.971698	13.269119	284789	sternberg_trial	n/a	n/a	125	433	530	530	3	1	1	712.975151	714.990744	715.190806	717.207087	717.223712	719.2403989999999	711.9741829999999	719.2403989999999	721.94146	725.243302	intervals/trials	70	711.974183	725.243302
711.971698	0.000000	284789	ttl	11	n/a	n/a	n/a	n/a	n/a	n/a	n/a	n/a	n/a	n/a	n/a	n/a	n/a	n/a	n/a	n/a	n/a	n/a	n/a	n/a	711.974183	n/a
712.972666	0.000000	285189	stimulus_presentation	n/a	25	n/a	n/a	n/a	n/a	n/a	n/a	n/a	n/a	n/a	n/a	n/a	n/a	n/a	n/a	n/a	n/a	n/a	n/a	n/a	712.975151	n/a
712.972666	0.000000	285189	ttl	1	n/a	n/a	n/a	n/a	n/a	n/a	n/a	n/a	n/a	n/a	n/a	n/a	n/a	n/a	n/a	n/a	n/a	n/a	n/a	n/a	712.975151	n/a
714.988259	0.000000	285995	ttl	5	n/a	n/a	n/a	n/a	n/a	n/a	n/a	n/a	n/a	n/a	n/a	n/a	n/a	n/a	n/a	n/a	n/a	n/a	n/a	n/a	714.990744	n/a
715.188321	0.000000	286075	stimulus_presentation	n/a	203	n/a	n/a	n/a	n/a	n/a	n/a	n/a	n/a	n/a	n/a	n/a	n/a	n/a	n/a	n/a	n/a	n/a	n/a	n/a	715.190806	n/a
715.188321	0.000000	286075	ttl	2	n/a	n/a	n/a	n/a	n/a	n/a	n/a	n/a	n/a	n/a	n/a	n/a	n/a	n/a	n/a	n/a	n/a	n/a	n/a	n/a	715.190806	n/a
717.204602	0.000000	286882	ttl	5	n/a	n/a	n/a	n/a	n/a	n/a	n/a	n/a	n/a	n/a	n/a	n/a	n/a	n/a	n/a	n/a	n/a	n/a	n/a	n/a	717.207087	n/a
717.221227	0.000000	286888	stimulus_presentation	n/a	255	n/a	n/a	n/a	n/a	n/a	n/a	n/a	n/a	n/a	n/a	n/a	n/a	n/a	n/a	n/a	n/a	n/a	n/a	n/a	717.223712	n/a
717.221227	0.000000	286888	ttl	3	n/a	n/a	n/a	n/a	n/a	n/a	n/a	n/a	n/a	n/a	n/a	n/a	n/a	n/a	n/a	n/a	n/a	n/a	n/a	n/a	717.223712	n/a
719.237914	0.000000	287695	ttl	6	n/a	n/a	n/a	n/a	n/a	n/a	n/a	n/a	n/a	n/a	n/a	n/a	n/a	n/a	n/a	n/a	n/a	n/a	n/a	n/a	719.240399	n/a
721.938975	0.000000	288776	stimulus_presentation	n/a	255	n/a	n/a	n/a	n/a	n/a	n/a	n/a	n/a	n/a	n/a	n/a	n/a	n/a	n/a	n/a	n/a	n/a	n/a	n/a	721.941460	n/a
721.938975	0.000000	288776	ttl	7	n/a	n/a	n/a	n/a	n/a	n/a	n/a	n/a	n/a	n/a	n/a	n/a	n/a	n/a	n/a	n/a	n/a	n/a	n/a	n/a	721.941460	n/a
725.240817	0.000000	290096	ttl	8	n/a	n/a	n/a	n/a	n/a	n/a	n/a	n/a	n/a	n/a	n/a	n/a	n/a	n/a	n/a	n/a	n/a	n/a	n/a	n/a	725.243302	n/a
725.268692	7.506247	290107	sternberg_trial	n/a	n/a	126	0	0	210	1	0	1	726.338052	728.3547699999999	0.0	0.0	0.0	0.0	725.271177	728.3547699999999	731.122925	732.777424	intervals/trials	71	725.271177	732.777424
725.268692	0.000000	290107	ttl	11	n/a	n/a	n/a	n/a	n/a	n/a	n/a	n/a	n/a	n/a	n/a	n/a	n/a	n/a	n/a	n/a	n/a	n/a	n/a	n/a	725.271177	n/a
726.335567	0.000000	290534	stimulus_presentation	n/a	26	n/a	n/a	n/a	n/a	n/a	n/a	n/a	n/a	n/a	n/a	n/a	n/a	n/a	n/a	n/a	n/a	n/a	n/a	n/a	726.338052	n/a
726.335567	0.000000	290534	ttl	1	n/a	n/a	n/a	n/a	n/a	n/a	n/a	n/a	n/a	n/a	n/a	n/a	n/a	n/a	n/a	n/a	n/a	n/a	n/a	n/a	726.338052	n/a
726.345567	0.000000	290538	stimulus_presentation	n/a	0	n/a	n/a	n/a	n/a	n/a	n/a	n/a	n/a	n/a	n/a	n/a	n/a	n/a	n/a	n/a	n/a	n/a	n/a	n/a	726.348052	n/a
726.355567	0.000000	290542	stimulus_presentation	n/a	0	n/a	n/a	n/a	n/a	n/a	n/a	n/a	n/a	n/a	n/a	n/a	n/a	n/a	n/a	n/a	n/a	n/a	n/a	n/a	726.358052	n/a
728.352285	0.000000	291341	ttl	6	n/a	n/a	n/a	n/a	n/a	n/a	n/a	n/a	n/a	n/a	n/a	n/a	n/a	n/a	n/a	n/a	n/a	n/a	n/a	n/a	728.354770	n/a
731.120440	0.000000	292448	stimulus_presentation	n/a	67	n/a	n/a	n/a	n/a	n/a	n/a	n/a	n/a	n/a	n/a	n/a	n/a	n/a	n/a	n/a	n/a	n/a	n/a	n/a	731.122925	n/a
731.120440	0.000000	292448	ttl	7	n/a	n/a	n/a	n/a	n/a	n/a	n/a	n/a	n/a	n/a	n/a	n/a	n/a	n/a	n/a	n/a	n/a	n/a	n/a	n/a	731.122925	n/a
732.774939	0.000000	293110	ttl	8	n/a	n/a	n/a	n/a	n/a	n/a	n/a	n/a	n/a	n/a	n/a	n/a	n/a	n/a	n/a	n/a	n/a	n/a	n/a	n/a	732.777424	n/a
732.800314	11.907746	293120	sternberg_trial	n/a	n/a	127	531	229	531	3	1	1	733.88758	735.9036729999999	736.020392	738.036391	738.0860789999999	740.1031399999999	732.8027989999999	740.1031399999999	742.804045	744.7105449999999	intervals/trials	72	732.802799	744.710545
732.800314	0.000000	293120	ttl	11	n/a	n/a	n/a	n/a	n/a	n/a	n/a	n/a	n/a	n/a	n/a	n/a	n/a	n/a	n/a	n/a	n/a	n/a	n/a	n/a	732.802799	n/a
733.885095	0.000000	293554	stimulus_presentation	n/a	27	n/a	n/a	n/a	n/a	n/a	n/a	n/a	n/a	n/a	n/a	n/a	n/a	n/a	n/a	n/a	n/a	n/a	n/a	n/a	733.887580	n/a
733.885095	0.000000	293554	ttl	1	n/a	n/a	n/a	n/a	n/a	n/a	n/a	n/a	n/a	n/a	n/a	n/a	n/a	n/a	n/a	n/a	n/a	n/a	n/a	n/a	733.887580	n/a
735.901188	0.000000	294360	ttl	5	n/a	n/a	n/a	n/a	n/a	n/a	n/a	n/a	n/a	n/a	n/a	n/a	n/a	n/a	n/a	n/a	n/a	n/a	n/a	n/a	735.903673	n/a
736.017907	0.000000	294407	stimulus_presentation	n/a	256	n/a	n/a	n/a	n/a	n/a	n/a	n/a	n/a	n/a	n/a	n/a	n/a	n/a	n/a	n/a	n/a	n/a	n/a	n/a	736.020392	n/a
736.017907	0.000000	294407	ttl	2	n/a	n/a	n/a	n/a	n/a	n/a	n/a	n/a	n/a	n/a	n/a	n/a	n/a	n/a	n/a	n/a	n/a	n/a	n/a	n/a	736.020392	n/a
738.033906	0.000000	295214	ttl	5	n/a	n/a	n/a	n/a	n/a	n/a	n/a	n/a	n/a	n/a	n/a	n/a	n/a	n/a	n/a	n/a	n/a	n/a	n/a	n/a	738.036391	n/a
738.083594	0.000000	295233	stimulus_presentation	n/a	86	n/a	n/a	n/a	n/a	n/a	n/a	n/a	n/a	n/a	n/a	n/a	n/a	n/a	n/a	n/a	n/a	n/a	n/a	n/a	738.086079	n/a
738.083594	0.000000	295233	ttl	3	n/a	n/a	n/a	n/a	n/a	n/a	n/a	n/a	n/a	n/a	n/a	n/a	n/a	n/a	n/a	n/a	n/a	n/a	n/a	n/a	738.086079	n/a
740.100655	0.000000	296040	ttl	6	n/a	n/a	n/a	n/a	n/a	n/a	n/a	n/a	n/a	n/a	n/a	n/a	n/a	n/a	n/a	n/a	n/a	n/a	n/a	n/a	740.103140	n/a
742.801560	0.000000	297121	stimulus_presentation	n/a	256	n/a	n/a	n/a	n/a	n/a	n/a	n/a	n/a	n/a	n/a	n/a	n/a	n/a	n/a	n/a	n/a	n/a	n/a	n/a	742.804045	n/a
742.801560	0.000000	297121	ttl	7	n/a	n/a	n/a	n/a	n/a	n/a	n/a	n/a	n/a	n/a	n/a	n/a	n/a	n/a	n/a	n/a	n/a	n/a	n/a	n/a	742.804045	n/a
744.708060	0.000000	297883	ttl	8	n/a	n/a	n/a	n/a	n/a	n/a	n/a	n/a	n/a	n/a	n/a	n/a	n/a	n/a	n/a	n/a	n/a	n/a	n/a	n/a	744.710545	n/a
744.731810	11.781495	297893	sternberg_trial	n/a	n/a	434	128	230	230	3	1	1	745.78495	747.801575	748.000637	750.017699	750.0843239999999	752.100604	744.734295	752.100604	754.835291	756.5157899999999	intervals/trials	73	744.734295	756.515790
744.731810	0.000000	297893	ttl	11	n/a	n/a	n/a	n/a	n/a	n/a	n/a	n/a	n/a	n/a	n/a	n/a	n/a	n/a	n/a	n/a	n/a	n/a	n/a	n/a	744.734295	n/a
745.782465	0.000000	298313	stimulus_presentation	n/a	204	n/a	n/a	n/a	n/a	n/a	n/a	n/a	n/a	n/a	n/a	n/a	n/a	n/a	n/a	n/a	n/a	n/a	n/a	n/a	745.784950	n/a
745.782465	0.000000	298313	ttl	1	n/a	n/a	n/a	n/a	n/a	n/a	n/a	n/a	n/a	n/a	n/a	n/a	n/a	n/a	n/a	n/a	n/a	n/a	n/a	n/a	745.784950	n/a
747.799090	0.000000	299120	ttl	5	n/a	n/a	n/a	n/a	n/a	n/a	n/a	n/a	n/a	n/a	n/a	n/a	n/a	n/a	n/a	n/a	n/a	n/a	n/a	n/a	747.801575	n/a
747.998152	0.000000	299199	stimulus_presentation	n/a	28	n/a	n/a	n/a	n/a	n/a	n/a	n/a	n/a	n/a	n/a	n/a	n/a	n/a	n/a	n/a	n/a	n/a	n/a	n/a	748.000637	n/a
747.998152	0.000000	299199	ttl	2	n/a	n/a	n/a	n/a	n/a	n/a	n/a	n/a	n/a	n/a	n/a	n/a	n/a	n/a	n/a	n/a	n/a	n/a	n/a	n/a	748.000637	n/a
750.015214	0.000000	300006	ttl	5	n/a	n/a	n/a	n/a	n/a	n/a	n/a	n/a	n/a	n/a	n/a	n/a	n/a	n/a	n/a	n/a	n/a	n/a	n/a	n/a	750.017699	n/a
750.081839	0.000000	300033	stimulus_presentation	n/a	87	n/a	n/a	n/a	n/a	n/a	n/a	n/a	n/a	n/a	n/a	n/a	n/a	n/a	n/a	n/a	n/a	n/a	n/a	n/a	750.084324	n/a
750.081839	0.000000	300033	ttl	3	n/a	n/a	n/a	n/a	n/a	n/a	n/a	n/a	n/a	n/a	n/a	n/a	n/a	n/a	n/a	n/a	n/a	n/a	n/a	n/a	750.084324	n/a
752.098119	0.000000	300839	ttl	6	n/a	n/a	n/a	n/a	n/a	n/a	n/a	n/a	n/a	n/a	n/a	n/a	n/a	n/a	n/a	n/a	n/a	n/a	n/a	n/a	752.100604	n/a
754.832806	0.000000	301933	stimulus_presentation	n/a	87	n/a	n/a	n/a	n/a	n/a	n/a	n/a	n/a	n/a	n/a	n/a	n/a	n/a	n/a	n/a	n/a	n/a	n/a	n/a	754.835291	n/a
754.832806	0.000000	301933	ttl	7	n/a	n/a	n/a	n/a	n/a	n/a	n/a	n/a	n/a	n/a	n/a	n/a	n/a	n/a	n/a	n/a	n/a	n/a	n/a	n/a	754.835291	n/a
756.513305	0.000000	302605	ttl	8	n/a	n/a	n/a	n/a	n/a	n/a	n/a	n/a	n/a	n/a	n/a	n/a	n/a	n/a	n/a	n/a	n/a	n/a	n/a	n/a	756.515790	n/a
756.546211	11.356402	302618	sternberg_trial	n/a	n/a	532	326	129	129	3	1	1	757.599164	759.61582	759.765914	761.7821319999999	761.915475	763.9317239999999	756.548696	763.9317239999999	766.649192	767.905098	intervals/trials	74	756.548696	767.905098
756.546211	0.000000	302618	ttl	11	n/a	n/a	n/a	n/a	n/a	n/a	n/a	n/a	n/a	n/a	n/a	n/a	n/a	n/a	n/a	n/a	n/a	n/a	n/a	n/a	756.548696	n/a
757.596679	0.000000	303039	stimulus_presentation	n/a	257	n/a	n/a	n/a	n/a	n/a	n/a	n/a	n/a	n/a	n/a	n/a	n/a	n/a	n/a	n/a	n/a	n/a	n/a	n/a	757.599164	n/a
757.596679	0.000000	303039	ttl	1	n/a	n/a	n/a	n/a	n/a	n/a	n/a	n/a	n/a	n/a	n/a	n/a	n/a	n/a	n/a	n/a	n/a	n/a	n/a	n/a	757.599164	n/a
759.613335	0.000000	303845	ttl	5	n/a	n/a	n/a	n/a	n/a	n/a	n/a	n/a	n/a	n/a	n/a	n/a	n/a	n/a	n/a	n/a	n/a	n/a	n/a	n/a	759.615820	n/a
759.763429	0.000000	303905	stimulus_presentation	n/a	140	n/a	n/a	n/a	n/a	n/a	n/a	n/a	n/a	n/a	n/a	n/a	n/a	n/a	n/a	n/a	n/a	n/a	n/a	n/a	759.765914	n/a
759.763429	0.000000	303905	ttl	2	n/a	n/a	n/a	n/a	n/a	n/a	n/a	n/a	n/a	n/a	n/a	n/a	n/a	n/a	n/a	n/a	n/a	n/a	n/a	n/a	759.765914	n/a
761.779647	0.000000	304712	ttl	5	n/a	n/a	n/a	n/a	n/a	n/a	n/a	n/a	n/a	n/a	n/a	n/a	n/a	n/a	n/a	n/a	n/a	n/a	n/a	n/a	761.782132	n/a
761.912990	0.000000	304765	stimulus_presentation	n/a	29	n/a	n/a	n/a	n/a	n/a	n/a	n/a	n/a	n/a	n/a	n/a	n/a	n/a	n/a	n/a	n/a	n/a	n/a	n/a	761.915475	n/a
761.912990	0.000000	304765	ttl	3	n/a	n/a	n/a	n/a	n/a	n/a	n/a	n/a	n/a	n/a	n/a	n/a	n/a	n/a	n/a	n/a	n/a	n/a	n/a	n/a	761.915475	n/a
763.929239	0.000000	305572	ttl	6	n/a	n/a	n/a	n/a	n/a	n/a	n/a	n/a	n/a	n/a	n/a	n/a	n/a	n/a	n/a	n/a	n/a	n/a	n/a	n/a	763.931724	n/a
766.646707	0.000000	306659	stimulus_presentation	n/a	29	n/a	n/a	n/a	n/a	n/a	n/a	n/a	n/a	n/a	n/a	n/a	n/a	n/a	n/a	n/a	n/a	n/a	n/a	n/a	766.649192	n/a
766.646707	0.000000	306659	ttl	7	n/a	n/a	n/a	n/a	n/a	n/a	n/a	n/a	n/a	n/a	n/a	n/a	n/a	n/a	n/a	n/a	n/a	n/a	n/a	n/a	766.649192	n/a
767.902613	0.000000	307161	ttl	8	n/a	n/a	n/a	n/a	n/a	n/a	n/a	n/a	n/a	n/a	n/a	n/a	n/a	n/a	n/a	n/a	n/a	n/a	n/a	n/a	767.905098	n/a
767.927425	7.125435	307171	sternberg_trial	n/a	n/a	130	0	0	130	1	1	1	769.064097	771.080284	0.0	0.0	0.0	0.0	767.92991	771.080284	773.848127	775.055345	intervals/trials	75	767.929910	775.055345
767.927425	0.000000	307171	ttl	11	n/a	n/a	n/a	n/a	n/a	n/a	n/a	n/a	n/a	n/a	n/a	n/a	n/a	n/a	n/a	n/a	n/a	n/a	n/a	n/a	767.929910	n/a
769.061612	0.000000	307625	stimulus_presentation	n/a	30	n/a	n/a	n/a	n/a	n/a	n/a	n/a	n/a	n/a	n/a	n/a	n/a	n/a	n/a	n/a	n/a	n/a	n/a	n/a	769.064097	n/a
769.061612	0.000000	307625	ttl	1	n/a	n/a	n/a	n/a	n/a	n/a	n/a	n/a	n/a	n/a	n/a	n/a	n/a	n/a	n/a	n/a	n/a	n/a	n/a	n/a	769.064097	n/a
769.071612	0.000000	307629	stimulus_presentation	n/a	0	n/a	n/a	n/a	n/a	n/a	n/a	n/a	n/a	n/a	n/a	n/a	n/a	n/a	n/a	n/a	n/a	n/a	n/a	n/a	769.074097	n/a
769.081612	0.000000	307633	stimulus_presentation	n/a	0	n/a	n/a	n/a	n/a	n/a	n/a	n/a	n/a	n/a	n/a	n/a	n/a	n/a	n/a	n/a	n/a	n/a	n/a	n/a	769.084097	n/a
771.077799	0.000000	308431	ttl	6	n/a	n/a	n/a	n/a	n/a	n/a	n/a	n/a	n/a	n/a	n/a	n/a	n/a	n/a	n/a	n/a	n/a	n/a	n/a	n/a	771.080284	n/a
773.845642	0.000000	309538	stimulus_presentation	n/a	30	n/a	n/a	n/a	n/a	n/a	n/a	n/a	n/a	n/a	n/a	n/a	n/a	n/a	n/a	n/a	n/a	n/a	n/a	n/a	773.848127	n/a
773.845642	0.000000	309538	ttl	7	n/a	n/a	n/a	n/a	n/a	n/a	n/a	n/a	n/a	n/a	n/a	n/a	n/a	n/a	n/a	n/a	n/a	n/a	n/a	n/a	773.848127	n/a
775.052860	0.000000	310021	ttl	8	n/a	n/a	n/a	n/a	n/a	n/a	n/a	n/a	n/a	n/a	n/a	n/a	n/a	n/a	n/a	n/a	n/a	n/a	n/a	n/a	775.055345	n/a
775.076016	12.117902	310030	sternberg_trial	n/a	n/a	327	231	131	131	3	1	1	776.063188	778.078125	778.2122499999999	780.2285929999999	780.3452179999999	782.361529	775.078501	782.361529	785.079403	787.1964029999999	intervals/trials	76	775.078501	787.196403
775.076016	0.000000	310030	ttl	11	n/a	n/a	n/a	n/a	n/a	n/a	n/a	n/a	n/a	n/a	n/a	n/a	n/a	n/a	n/a	n/a	n/a	n/a	n/a	n/a	775.078501	n/a
776.060703	0.000000	310424	stimulus_presentation	n/a	141	n/a	n/a	n/a	n/a	n/a	n/a	n/a	n/a	n/a	n/a	n/a	n/a	n/a	n/a	n/a	n/a	n/a	n/a	n/a	776.063188	n/a
776.060703	0.000000	310424	ttl	1	n/a	n/a	n/a	n/a	n/a	n/a	n/a	n/a	n/a	n/a	n/a	n/a	n/a	n/a	n/a	n/a	n/a	n/a	n/a	n/a	776.063188	n/a
778.075640	0.000000	311230	ttl	5	n/a	n/a	n/a	n/a	n/a	n/a	n/a	n/a	n/a	n/a	n/a	n/a	n/a	n/a	n/a	n/a	n/a	n/a	n/a	n/a	778.078125	n/a
778.209765	0.000000	311284	stimulus_presentation	n/a	88	n/a	n/a	n/a	n/a	n/a	n/a	n/a	n/a	n/a	n/a	n/a	n/a	n/a	n/a	n/a	n/a	n/a	n/a	n/a	778.212250	n/a
778.209765	0.000000	311284	ttl	2	n/a	n/a	n/a	n/a	n/a	n/a	n/a	n/a	n/a	n/a	n/a	n/a	n/a	n/a	n/a	n/a	n/a	n/a	n/a	n/a	778.212250	n/a
780.226108	0.000000	312090	ttl	5	n/a	n/a	n/a	n/a	n/a	n/a	n/a	n/a	n/a	n/a	n/a	n/a	n/a	n/a	n/a	n/a	n/a	n/a	n/a	n/a	780.228593	n/a
780.342733	0.000000	312137	stimulus_presentation	n/a	31	n/a	n/a	n/a	n/a	n/a	n/a	n/a	n/a	n/a	n/a	n/a	n/a	n/a	n/a	n/a	n/a	n/a	n/a	n/a	780.345218	n/a
780.342733	0.000000	312137	ttl	3	n/a	n/a	n/a	n/a	n/a	n/a	n/a	n/a	n/a	n/a	n/a	n/a	n/a	n/a	n/a	n/a	n/a	n/a	n/a	n/a	780.345218	n/a
782.359044	0.000000	312944	ttl	6	n/a	n/a	n/a	n/a	n/a	n/a	n/a	n/a	n/a	n/a	n/a	n/a	n/a	n/a	n/a	n/a	n/a	n/a	n/a	n/a	782.361529	n/a
785.076918	0.000000	314031	stimulus_presentation	n/a	31	n/a	n/a	n/a	n/a	n/a	n/a	n/a	n/a	n/a	n/a	n/a	n/a	n/a	n/a	n/a	n/a	n/a	n/a	n/a	785.079403	n/a
785.076918	0.000000	314031	ttl	7	n/a	n/a	n/a	n/a	n/a	n/a	n/a	n/a	n/a	n/a	n/a	n/a	n/a	n/a	n/a	n/a	n/a	n/a	n/a	n/a	785.079403	n/a
787.193918	0.000000	314878	ttl	8	n/a	n/a	n/a	n/a	n/a	n/a	n/a	n/a	n/a	n/a	n/a	n/a	n/a	n/a	n/a	n/a	n/a	n/a	n/a	n/a	787.196403	n/a
787.223636	6.960654	314889	sternberg_trial	n/a	n/a	533	0	0	533	1	1	1	788.32634	790.3430579999999	0.0	0.0	0.0	0.0	787.2261209999999	790.3430579999999	793.0777439999999	794.186775	intervals/trials	77	787.226121	794.186775
787.223636	0.000000	314889	ttl	11	n/a	n/a	n/a	n/a	n/a	n/a	n/a	n/a	n/a	n/a	n/a	n/a	n/a	n/a	n/a	n/a	n/a	n/a	n/a	n/a	787.226121	n/a
788.323855	0.000000	315330	stimulus_presentation	n/a	258	n/a	n/a	n/a	n/a	n/a	n/a	n/a	n/a	n/a	n/a	n/a	n/a	n/a	n/a	n/a	n/a	n/a	n/a	n/a	788.326340	n/a
788.323855	0.000000	315330	ttl	1	n/a	n/a	n/a	n/a	n/a	n/a	n/a	n/a	n/a	n/a	n/a	n/a	n/a	n/a	n/a	n/a	n/a	n/a	n/a	n/a	788.326340	n/a
788.333855	0.000000	315334	stimulus_presentation	n/a	0	n/a	n/a	n/a	n/a	n/a	n/a	n/a	n/a	n/a	n/a	n/a	n/a	n/a	n/a	n/a	n/a	n/a	n/a	n/a	788.336340	n/a
788.343855	0.000000	315338	stimulus_presentation	n/a	0	n/a	n/a	n/a	n/a	n/a	n/a	n/a	n/a	n/a	n/a	n/a	n/a	n/a	n/a	n/a	n/a	n/a	n/a	n/a	788.346340	n/a
790.340573	0.000000	316136	ttl	6	n/a	n/a	n/a	n/a	n/a	n/a	n/a	n/a	n/a	n/a	n/a	n/a	n/a	n/a	n/a	n/a	n/a	n/a	n/a	n/a	790.343058	n/a
793.075259	0.000000	317230	stimulus_presentation	n/a	258	n/a	n/a	n/a	n/a	n/a	n/a	n/a	n/a	n/a	n/a	n/a	n/a	n/a	n/a	n/a	n/a	n/a	n/a	n/a	793.077744	n/a
793.075259	0.000000	317230	ttl	7	n/a	n/a	n/a	n/a	n/a	n/a	n/a	n/a	n/a	n/a	n/a	n/a	n/a	n/a	n/a	n/a	n/a	n/a	n/a	n/a	793.077744	n/a
794.184290	0.000000	317674	ttl	8	n/a	n/a	n/a	n/a	n/a	n/a	n/a	n/a	n/a	n/a	n/a	n/a	n/a	n/a	n/a	n/a	n/a	n/a	n/a	n/a	794.186775	n/a
794.205571	11.815808	317682	sternberg_trial	n/a	n/a	232	328	534	123	3	0	1	795.292931	797.308586	797.44193	799.45846	799.591554	801.607803	794.2080559999999	801.607803	804.3586459999999	806.023864	intervals/trials	78	794.208056	806.023864
794.205571	0.000000	317682	ttl	11	n/a	n/a	n/a	n/a	n/a	n/a	n/a	n/a	n/a	n/a	n/a	n/a	n/a	n/a	n/a	n/a	n/a	n/a	n/a	n/a	794.208056	n/a
795.290446	0.000000	318116	stimulus_presentation	n/a	89	n/a	n/a	n/a	n/a	n/a	n/a	n/a	n/a	n/a	n/a	n/a	n/a	n/a	n/a	n/a	n/a	n/a	n/a	n/a	795.292931	n/a
795.290446	0.000000	318116	ttl	1	n/a	n/a	n/a	n/a	n/a	n/a	n/a	n/a	n/a	n/a	n/a	n/a	n/a	n/a	n/a	n/a	n/a	n/a	n/a	n/a	795.292931	n/a
797.306101	0.000000	318922	ttl	5	n/a	n/a	n/a	n/a	n/a	n/a	n/a	n/a	n/a	n/a	n/a	n/a	n/a	n/a	n/a	n/a	n/a	n/a	n/a	n/a	797.308586	n/a
797.439445	0.000000	318976	stimulus_presentation	n/a	142	n/a	n/a	n/a	n/a	n/a	n/a	n/a	n/a	n/a	n/a	n/a	n/a	n/a	n/a	n/a	n/a	n/a	n/a	n/a	797.441930	n/a
797.439445	0.000000	318976	ttl	2	n/a	n/a	n/a	n/a	n/a	n/a	n/a	n/a	n/a	n/a	n/a	n/a	n/a	n/a	n/a	n/a	n/a	n/a	n/a	n/a	797.441930	n/a
799.455975	0.000000	319782	ttl	5	n/a	n/a	n/a	n/a	n/a	n/a	n/a	n/a	n/a	n/a	n/a	n/a	n/a	n/a	n/a	n/a	n/a	n/a	n/a	n/a	799.458460	n/a
799.589069	0.000000	319836	stimulus_presentation	n/a	259	n/a	n/a	n/a	n/a	n/a	n/a	n/a	n/a	n/a	n/a	n/a	n/a	n/a	n/a	n/a	n/a	n/a	n/a	n/a	799.591554	n/a
799.589069	0.000000	319836	ttl	3	n/a	n/a	n/a	n/a	n/a	n/a	n/a	n/a	n/a	n/a	n/a	n/a	n/a	n/a	n/a	n/a	n/a	n/a	n/a	n/a	799.591554	n/a
801.605318	0.000000	320642	ttl	6	n/a	n/a	n/a	n/a	n/a	n/a	n/a	n/a	n/a	n/a	n/a	n/a	n/a	n/a	n/a	n/a	n/a	n/a	n/a	n/a	801.607803	n/a
804.356161	0.000000	321742	stimulus_presentation	n/a	23	n/a	n/a	n/a	n/a	n/a	n/a	n/a	n/a	n/a	n/a	n/a	n/a	n/a	n/a	n/a	n/a	n/a	n/a	n/a	804.358646	n/a
804.356161	0.000000	321742	ttl	7	n/a	n/a	n/a	n/a	n/a	n/a	n/a	n/a	n/a	n/a	n/a	n/a	n/a	n/a	n/a	n/a	n/a	n/a	n/a	n/a	804.358646	n/a
806.021379	0.000000	322409	ttl	8	n/a	n/a	n/a	n/a	n/a	n/a	n/a	n/a	n/a	n/a	n/a	n/a	n/a	n/a	n/a	n/a	n/a	n/a	n/a	n/a	806.023864	n/a
806.053535	11.405214	322421	sternberg_trial	n/a	n/a	435	233	132	435	3	1	1	807.206863	809.223362	809.373081	811.389362	811.5059239999999	813.521861	806.05602	813.521861	816.2568279999999	817.461234	intervals/trials	79	806.056020	817.461234
806.053535	0.000000	322421	ttl	11	n/a	n/a	n/a	n/a	n/a	n/a	n/a	n/a	n/a	n/a	n/a	n/a	n/a	n/a	n/a	n/a	n/a	n/a	n/a	n/a	806.056020	n/a
807.204378	0.000000	322882	stimulus_presentation	n/a	205	n/a	n/a	n/a	n/a	n/a	n/a	n/a	n/a	n/a	n/a	n/a	n/a	n/a	n/a	n/a	n/a	n/a	n/a	n/a	807.206863	n/a
807.204378	0.000000	322882	ttl	1	n/a	n/a	n/a	n/a	n/a	n/a	n/a	n/a	n/a	n/a	n/a	n/a	n/a	n/a	n/a	n/a	n/a	n/a	n/a	n/a	807.206863	n/a
809.220877	0.000000	323688	ttl	5	n/a	n/a	n/a	n/a	n/a	n/a	n/a	n/a	n/a	n/a	n/a	n/a	n/a	n/a	n/a	n/a	n/a	n/a	n/a	n/a	809.223362	n/a
809.370596	0.000000	323748	stimulus_presentation	n/a	90	n/a	n/a	n/a	n/a	n/a	n/a	n/a	n/a	n/a	n/a	n/a	n/a	n/a	n/a	n/a	n/a	n/a	n/a	n/a	809.373081	n/a
809.370596	0.000000	323748	ttl	2	n/a	n/a	n/a	n/a	n/a	n/a	n/a	n/a	n/a	n/a	n/a	n/a	n/a	n/a	n/a	n/a	n/a	n/a	n/a	n/a	809.373081	n/a
811.386877	0.000000	324555	ttl	5	n/a	n/a	n/a	n/a	n/a	n/a	n/a	n/a	n/a	n/a	n/a	n/a	n/a	n/a	n/a	n/a	n/a	n/a	n/a	n/a	811.389362	n/a
811.503439	0.000000	324601	stimulus_presentation	n/a	32	n/a	n/a	n/a	n/a	n/a	n/a	n/a	n/a	n/a	n/a	n/a	n/a	n/a	n/a	n/a	n/a	n/a	n/a	n/a	811.505924	n/a
811.503439	0.000000	324601	ttl	3	n/a	n/a	n/a	n/a	n/a	n/a	n/a	n/a	n/a	n/a	n/a	n/a	n/a	n/a	n/a	n/a	n/a	n/a	n/a	n/a	811.505924	n/a
813.519376	0.000000	325408	ttl	6	n/a	n/a	n/a	n/a	n/a	n/a	n/a	n/a	n/a	n/a	n/a	n/a	n/a	n/a	n/a	n/a	n/a	n/a	n/a	n/a	813.521861	n/a
816.254343	0.000000	326502	stimulus_presentation	n/a	205	n/a	n/a	n/a	n/a	n/a	n/a	n/a	n/a	n/a	n/a	n/a	n/a	n/a	n/a	n/a	n/a	n/a	n/a	n/a	816.256828	n/a
816.254343	0.000000	326502	ttl	7	n/a	n/a	n/a	n/a	n/a	n/a	n/a	n/a	n/a	n/a	n/a	n/a	n/a	n/a	n/a	n/a	n/a	n/a	n/a	n/a	816.256828	n/a
817.458749	0.000000	326983	ttl	8	n/a	n/a	n/a	n/a	n/a	n/a	n/a	n/a	n/a	n/a	n/a	n/a	n/a	n/a	n/a	n/a	n/a	n/a	n/a	n/a	817.461234	n/a
817.484187	11.251776	326994	sternberg_trial	n/a	n/a	133	329	234	234	3	1	1	818.621265	820.637483	820.753889	822.7705129999999	822.987263	825.003481	817.486672	825.003481	827.604668	828.738448	intervals/trials	80	817.486672	828.738448
817.484187	0.000000	326994	ttl	11	n/a	n/a	n/a	n/a	n/a	n/a	n/a	n/a	n/a	n/a	n/a	n/a	n/a	n/a	n/a	n/a	n/a	n/a	n/a	n/a	817.486672	n/a
818.618780	0.000000	327448	stimulus_presentation	n/a	33	n/a	n/a	n/a	n/a	n/a	n/a	n/a	n/a	n/a	n/a	n/a	n/a	n/a	n/a	n/a	n/a	n/a	n/a	n/a	818.621265	n/a
818.618780	0.000000	327448	ttl	1	n/a	n/a	n/a	n/a	n/a	n/a	n/a	n/a	n/a	n/a	n/a	n/a	n/a	n/a	n/a	n/a	n/a	n/a	n/a	n/a	818.621265	n/a
820.634998	0.000000	328254	ttl	5	n/a	n/a	n/a	n/a	n/a	n/a	n/a	n/a	n/a	n/a	n/a	n/a	n/a	n/a	n/a	n/a	n/a	n/a	n/a	n/a	820.637483	n/a
820.751404	0.000000	328301	stimulus_presentation	n/a	143	n/a	n/a	n/a	n/a	n/a	n/a	n/a	n/a	n/a	n/a	n/a	n/a	n/a	n/a	n/a	n/a	n/a	n/a	n/a	820.753889	n/a
820.751404	0.000000	328301	ttl	2	n/a	n/a	n/a	n/a	n/a	n/a	n/a	n/a	n/a	n/a	n/a	n/a	n/a	n/a	n/a	n/a	n/a	n/a	n/a	n/a	820.753889	n/a
822.768028	0.000000	329107	ttl	5	n/a	n/a	n/a	n/a	n/a	n/a	n/a	n/a	n/a	n/a	n/a	n/a	n/a	n/a	n/a	n/a	n/a	n/a	n/a	n/a	822.770513	n/a
822.984778	0.000000	329194	stimulus_presentation	n/a	91	n/a	n/a	n/a	n/a	n/a	n/a	n/a	n/a	n/a	n/a	n/a	n/a	n/a	n/a	n/a	n/a	n/a	n/a	n/a	822.987263	n/a
822.984778	0.000000	329194	ttl	3	n/a	n/a	n/a	n/a	n/a	n/a	n/a	n/a	n/a	n/a	n/a	n/a	n/a	n/a	n/a	n/a	n/a	n/a	n/a	n/a	822.987263	n/a
825.000996	0.000000	330000	ttl	6	n/a	n/a	n/a	n/a	n/a	n/a	n/a	n/a	n/a	n/a	n/a	n/a	n/a	n/a	n/a	n/a	n/a	n/a	n/a	n/a	825.003481	n/a
827.602183	0.000000	331041	stimulus_presentation	n/a	91	n/a	n/a	n/a	n/a	n/a	n/a	n/a	n/a	n/a	n/a	n/a	n/a	n/a	n/a	n/a	n/a	n/a	n/a	n/a	827.604668	n/a
827.602183	0.000000	331041	ttl	7	n/a	n/a	n/a	n/a	n/a	n/a	n/a	n/a	n/a	n/a	n/a	n/a	n/a	n/a	n/a	n/a	n/a	n/a	n/a	n/a	827.604668	n/a
828.735963	0.000000	331494	ttl	8	n/a	n/a	n/a	n/a	n/a	n/a	n/a	n/a	n/a	n/a	n/a	n/a	n/a	n/a	n/a	n/a	n/a	n/a	n/a	n/a	828.738448	n/a
828.765745	11.647370	331506	sternberg_trial	n/a	n/a	535	134	235	535	3	1	1	829.785948	831.8022599999999	831.9016029999999	833.918415	834.0183529999999	836.034945	828.76823	836.034945	838.819038	840.4155999999999	intervals/trials	81	828.768230	840.415600
828.765745	0.000000	331506	ttl	11	n/a	n/a	n/a	n/a	n/a	n/a	n/a	n/a	n/a	n/a	n/a	n/a	n/a	n/a	n/a	n/a	n/a	n/a	n/a	n/a	828.768230	n/a
829.783463	0.000000	331913	stimulus_presentation	n/a	260	n/a	n/a	n/a	n/a	n/a	n/a	n/a	n/a	n/a	n/a	n/a	n/a	n/a	n/a	n/a	n/a	n/a	n/a	n/a	829.785948	n/a
829.783463	0.000000	331913	ttl	1	n/a	n/a	n/a	n/a	n/a	n/a	n/a	n/a	n/a	n/a	n/a	n/a	n/a	n/a	n/a	n/a	n/a	n/a	n/a	n/a	829.785948	n/a
831.799775	0.000000	332720	ttl	5	n/a	n/a	n/a	n/a	n/a	n/a	n/a	n/a	n/a	n/a	n/a	n/a	n/a	n/a	n/a	n/a	n/a	n/a	n/a	n/a	831.802260	n/a
831.899118	0.000000	332760	stimulus_presentation	n/a	34	n/a	n/a	n/a	n/a	n/a	n/a	n/a	n/a	n/a	n/a	n/a	n/a	n/a	n/a	n/a	n/a	n/a	n/a	n/a	831.901603	n/a
831.899118	0.000000	332760	ttl	2	n/a	n/a	n/a	n/a	n/a	n/a	n/a	n/a	n/a	n/a	n/a	n/a	n/a	n/a	n/a	n/a	n/a	n/a	n/a	n/a	831.901603	n/a
833.915930	0.000000	333566	ttl	5	n/a	n/a	n/a	n/a	n/a	n/a	n/a	n/a	n/a	n/a	n/a	n/a	n/a	n/a	n/a	n/a	n/a	n/a	n/a	n/a	833.918415	n/a
834.015868	0.000000	333606	stimulus_presentation	n/a	92	n/a	n/a	n/a	n/a	n/a	n/a	n/a	n/a	n/a	n/a	n/a	n/a	n/a	n/a	n/a	n/a	n/a	n/a	n/a	834.018353	n/a
834.015868	0.000000	333606	ttl	3	n/a	n/a	n/a	n/a	n/a	n/a	n/a	n/a	n/a	n/a	n/a	n/a	n/a	n/a	n/a	n/a	n/a	n/a	n/a	n/a	834.018353	n/a
836.032460	0.000000	334413	ttl	6	n/a	n/a	n/a	n/a	n/a	n/a	n/a	n/a	n/a	n/a	n/a	n/a	n/a	n/a	n/a	n/a	n/a	n/a	n/a	n/a	836.034945	n/a
838.816553	0.000000	335527	stimulus_presentation	n/a	260	n/a	n/a	n/a	n/a	n/a	n/a	n/a	n/a	n/a	n/a	n/a	n/a	n/a	n/a	n/a	n/a	n/a	n/a	n/a	838.819038	n/a
838.816553	0.000000	335527	ttl	7	n/a	n/a	n/a	n/a	n/a	n/a	n/a	n/a	n/a	n/a	n/a	n/a	n/a	n/a	n/a	n/a	n/a	n/a	n/a	n/a	838.819038	n/a
840.413115	0.000000	336165	ttl	8	n/a	n/a	n/a	n/a	n/a	n/a	n/a	n/a	n/a	n/a	n/a	n/a	n/a	n/a	n/a	n/a	n/a	n/a	n/a	n/a	840.415600	n/a
840.446834	11.643558	336179	sternberg_trial	n/a	n/a	330	236	536	121	3	0	1	841.6667239999999	843.6831609999999	843.733036	845.7496289999999	845.799442	847.816066	840.449319	847.816066	850.5165959999999	852.0928769999999	intervals/trials	82	840.449319	852.092877
840.446834	0.000000	336179	ttl	11	n/a	n/a	n/a	n/a	n/a	n/a	n/a	n/a	n/a	n/a	n/a	n/a	n/a	n/a	n/a	n/a	n/a	n/a	n/a	n/a	840.449319	n/a
841.664239	0.000000	336666	stimulus_presentation	n/a	144	n/a	n/a	n/a	n/a	n/a	n/a	n/a	n/a	n/a	n/a	n/a	n/a	n/a	n/a	n/a	n/a	n/a	n/a	n/a	841.666724	n/a
841.664239	0.000000	336666	ttl	1	n/a	n/a	n/a	n/a	n/a	n/a	n/a	n/a	n/a	n/a	n/a	n/a	n/a	n/a	n/a	n/a	n/a	n/a	n/a	n/a	841.666724	n/a
843.680676	0.000000	337472	ttl	5	n/a	n/a	n/a	n/a	n/a	n/a	n/a	n/a	n/a	n/a	n/a	n/a	n/a	n/a	n/a	n/a	n/a	n/a	n/a	n/a	843.683161	n/a
843.730551	0.000000	337492	stimulus_presentation	n/a	93	n/a	n/a	n/a	n/a	n/a	n/a	n/a	n/a	n/a	n/a	n/a	n/a	n/a	n/a	n/a	n/a	n/a	n/a	n/a	843.733036	n/a
843.730551	0.000000	337492	ttl	2	n/a	n/a	n/a	n/a	n/a	n/a	n/a	n/a	n/a	n/a	n/a	n/a	n/a	n/a	n/a	n/a	n/a	n/a	n/a	n/a	843.733036	n/a
845.747144	0.000000	338299	ttl	5	n/a	n/a	n/a	n/a	n/a	n/a	n/a	n/a	n/a	n/a	n/a	n/a	n/a	n/a	n/a	n/a	n/a	n/a	n/a	n/a	845.749629	n/a
845.796957	0.000000	338319	stimulus_presentation	n/a	261	n/a	n/a	n/a	n/a	n/a	n/a	n/a	n/a	n/a	n/a	n/a	n/a	n/a	n/a	n/a	n/a	n/a	n/a	n/a	845.799442	n/a
845.796957	0.000000	338319	ttl	3	n/a	n/a	n/a	n/a	n/a	n/a	n/a	n/a	n/a	n/a	n/a	n/a	n/a	n/a	n/a	n/a	n/a	n/a	n/a	n/a	845.799442	n/a
847.813581	0.000000	339125	ttl	6	n/a	n/a	n/a	n/a	n/a	n/a	n/a	n/a	n/a	n/a	n/a	n/a	n/a	n/a	n/a	n/a	n/a	n/a	n/a	n/a	847.816066	n/a
850.514111	0.000000	340206	stimulus_presentation	n/a	21	n/a	n/a	n/a	n/a	n/a	n/a	n/a	n/a	n/a	n/a	n/a	n/a	n/a	n/a	n/a	n/a	n/a	n/a	n/a	850.516596	n/a
850.514111	0.000000	340206	ttl	7	n/a	n/a	n/a	n/a	n/a	n/a	n/a	n/a	n/a	n/a	n/a	n/a	n/a	n/a	n/a	n/a	n/a	n/a	n/a	n/a	850.516596	n/a
852.090392	0.000000	340836	ttl	8	n/a	n/a	n/a	n/a	n/a	n/a	n/a	n/a	n/a	n/a	n/a	n/a	n/a	n/a	n/a	n/a	n/a	n/a	n/a	n/a	852.092877	n/a
852.111173	7.497340	340844	sternberg_trial	n/a	n/a	331	0	0	410	1	0	1	853.2646259999999	855.280625	0.0	0.0	0.0	0.0	852.113658	855.280625	857.9654989999999	859.610998	intervals/trials	83	852.113658	859.610998
852.111173	0.000000	340844	ttl	11	n/a	n/a	n/a	n/a	n/a	n/a	n/a	n/a	n/a	n/a	n/a	n/a	n/a	n/a	n/a	n/a	n/a	n/a	n/a	n/a	852.113658	n/a
853.262141	0.000000	341305	stimulus_presentation	n/a	145	n/a	n/a	n/a	n/a	n/a	n/a	n/a	n/a	n/a	n/a	n/a	n/a	n/a	n/a	n/a	n/a	n/a	n/a	n/a	853.264626	n/a
853.262141	0.000000	341305	ttl	1	n/a	n/a	n/a	n/a	n/a	n/a	n/a	n/a	n/a	n/a	n/a	n/a	n/a	n/a	n/a	n/a	n/a	n/a	n/a	n/a	853.264626	n/a
853.272141	0.000000	341309	stimulus_presentation	n/a	0	n/a	n/a	n/a	n/a	n/a	n/a	n/a	n/a	n/a	n/a	n/a	n/a	n/a	n/a	n/a	n/a	n/a	n/a	n/a	853.274626	n/a
853.282141	0.000000	341313	stimulus_presentation	n/a	0	n/a	n/a	n/a	n/a	n/a	n/a	n/a	n/a	n/a	n/a	n/a	n/a	n/a	n/a	n/a	n/a	n/a	n/a	n/a	853.284626	n/a
855.278140	0.000000	342111	ttl	6	n/a	n/a	n/a	n/a	n/a	n/a	n/a	n/a	n/a	n/a	n/a	n/a	n/a	n/a	n/a	n/a	n/a	n/a	n/a	n/a	855.280625	n/a
857.963014	0.000000	343185	stimulus_presentation	n/a	180	n/a	n/a	n/a	n/a	n/a	n/a	n/a	n/a	n/a	n/a	n/a	n/a	n/a	n/a	n/a	n/a	n/a	n/a	n/a	857.965499	n/a
857.963014	0.000000	343185	ttl	7	n/a	n/a	n/a	n/a	n/a	n/a	n/a	n/a	n/a	n/a	n/a	n/a	n/a	n/a	n/a	n/a	n/a	n/a	n/a	n/a	857.965499	n/a
859.608513	0.000000	343843	ttl	8	n/a	n/a	n/a	n/a	n/a	n/a	n/a	n/a	n/a	n/a	n/a	n/a	n/a	n/a	n/a	n/a	n/a	n/a	n/a	n/a	859.610998	n/a
859.643076	7.451653	343857	sternberg_trial	n/a	n/a	537	0	0	128	1	0	1	860.764092	862.7797469999999	0.0	0.0	0.0	0.0	859.6455609999999	862.7797469999999	865.430559	867.097214	intervals/trials	84	859.645561	867.097214
859.643076	0.000000	343857	ttl	11	n/a	n/a	n/a	n/a	n/a	n/a	n/a	n/a	n/a	n/a	n/a	n/a	n/a	n/a	n/a	n/a	n/a	n/a	n/a	n/a	859.645561	n/a
860.761607	0.000000	344305	stimulus_presentation	n/a	262	n/a	n/a	n/a	n/a	n/a	n/a	n/a	n/a	n/a	n/a	n/a	n/a	n/a	n/a	n/a	n/a	n/a	n/a	n/a	860.764092	n/a
860.761607	0.000000	344305	ttl	1	n/a	n/a	n/a	n/a	n/a	n/a	n/a	n/a	n/a	n/a	n/a	n/a	n/a	n/a	n/a	n/a	n/a	n/a	n/a	n/a	860.764092	n/a
860.771607	0.000000	344309	stimulus_presentation	n/a	0	n/a	n/a	n/a	n/a	n/a	n/a	n/a	n/a	n/a	n/a	n/a	n/a	n/a	n/a	n/a	n/a	n/a	n/a	n/a	860.774092	n/a
860.781607	0.000000	344313	stimulus_presentation	n/a	0	n/a	n/a	n/a	n/a	n/a	n/a	n/a	n/a	n/a	n/a	n/a	n/a	n/a	n/a	n/a	n/a	n/a	n/a	n/a	860.784092	n/a
862.777262	0.000000	345111	ttl	6	n/a	n/a	n/a	n/a	n/a	n/a	n/a	n/a	n/a	n/a	n/a	n/a	n/a	n/a	n/a	n/a	n/a	n/a	n/a	n/a	862.779747	n/a
865.428074	0.000000	346171	stimulus_presentation	n/a	28	n/a	n/a	n/a	n/a	n/a	n/a	n/a	n/a	n/a	n/a	n/a	n/a	n/a	n/a	n/a	n/a	n/a	n/a	n/a	865.430559	n/a
865.428074	0.000000	346171	ttl	7	n/a	n/a	n/a	n/a	n/a	n/a	n/a	n/a	n/a	n/a	n/a	n/a	n/a	n/a	n/a	n/a	n/a	n/a	n/a	n/a	865.430559	n/a
867.094729	0.000000	346838	ttl	8	n/a	n/a	n/a	n/a	n/a	n/a	n/a	n/a	n/a	n/a	n/a	n/a	n/a	n/a	n/a	n/a	n/a	n/a	n/a	n/a	867.097214	n/a
867.125010	6.864091	346850	sternberg_trial	n/a	n/a	135	0	0	314	1	0	1	868.095245	870.112026	0.0	0.0	0.0	0.0	867.127495	870.112026	872.845649	873.991586	intervals/trials	85	867.127495	873.991586
867.125010	0.000000	346850	ttl	11	n/a	n/a	n/a	n/a	n/a	n/a	n/a	n/a	n/a	n/a	n/a	n/a	n/a	n/a	n/a	n/a	n/a	n/a	n/a	n/a	867.127495	n/a
868.092760	0.000000	347237	stimulus_presentation	n/a	35	n/a	n/a	n/a	n/a	n/a	n/a	n/a	n/a	n/a	n/a	n/a	n/a	n/a	n/a	n/a	n/a	n/a	n/a	n/a	868.095245	n/a
868.092760	0.000000	347237	ttl	1	n/a	n/a	n/a	n/a	n/a	n/a	n/a	n/a	n/a	n/a	n/a	n/a	n/a	n/a	n/a	n/a	n/a	n/a	n/a	n/a	868.095245	n/a
868.102760	0.000000	347241	stimulus_presentation	n/a	0	n/a	n/a	n/a	n/a	n/a	n/a	n/a	n/a	n/a	n/a	n/a	n/a	n/a	n/a	n/a	n/a	n/a	n/a	n/a	868.105245	n/a
868.112760	0.000000	347245	stimulus_presentation	n/a	0	n/a	n/a	n/a	n/a	n/a	n/a	n/a	n/a	n/a	n/a	n/a	n/a	n/a	n/a	n/a	n/a	n/a	n/a	n/a	868.115245	n/a
870.109541	0.000000	348044	ttl	6	n/a	n/a	n/a	n/a	n/a	n/a	n/a	n/a	n/a	n/a	n/a	n/a	n/a	n/a	n/a	n/a	n/a	n/a	n/a	n/a	870.112026	n/a
872.843164	0.000000	349137	stimulus_presentation	n/a	128	n/a	n/a	n/a	n/a	n/a	n/a	n/a	n/a	n/a	n/a	n/a	n/a	n/a	n/a	n/a	n/a	n/a	n/a	n/a	872.845649	n/a
872.843164	0.000000	349137	ttl	7	n/a	n/a	n/a	n/a	n/a	n/a	n/a	n/a	n/a	n/a	n/a	n/a	n/a	n/a	n/a	n/a	n/a	n/a	n/a	n/a	872.845649	n/a
873.989101	0.000000	349596	ttl	8	n/a	n/a	n/a	n/a	n/a	n/a	n/a	n/a	n/a	n/a	n/a	n/a	n/a	n/a	n/a	n/a	n/a	n/a	n/a	n/a	873.991586	n/a
874.023601	11.386746	349609	sternberg_trial	n/a	n/a	436	0	0	135	1	0	1	875.093617	877.110116	0.0	0.0	0.0	0.0	874.026086	877.110116	879.861178	885.412832	intervals/trials	86	874.026086	885.412832
874.023601	0.000000	349609	ttl	11	n/a	n/a	n/a	n/a	n/a	n/a	n/a	n/a	n/a	n/a	n/a	n/a	n/a	n/a	n/a	n/a	n/a	n/a	n/a	n/a	874.026086	n/a
875.091132	0.000000	350036	stimulus_presentation	n/a	206	n/a	n/a	n/a	n/a	n/a	n/a	n/a	n/a	n/a	n/a	n/a	n/a	n/a	n/a	n/a	n/a	n/a	n/a	n/a	875.093617	n/a
875.091132	0.000000	350036	ttl	1	n/a	n/a	n/a	n/a	n/a	n/a	n/a	n/a	n/a	n/a	n/a	n/a	n/a	n/a	n/a	n/a	n/a	n/a	n/a	n/a	875.093617	n/a
875.101132	0.000000	350040	stimulus_presentation	n/a	0	n/a	n/a	n/a	n/a	n/a	n/a	n/a	n/a	n/a	n/a	n/a	n/a	n/a	n/a	n/a	n/a	n/a	n/a	n/a	875.103617	n/a
875.111132	0.000000	350044	stimulus_presentation	n/a	0	n/a	n/a	n/a	n/a	n/a	n/a	n/a	n/a	n/a	n/a	n/a	n/a	n/a	n/a	n/a	n/a	n/a	n/a	n/a	875.113617	n/a
877.107631	0.000000	350843	ttl	6	n/a	n/a	n/a	n/a	n/a	n/a	n/a	n/a	n/a	n/a	n/a	n/a	n/a	n/a	n/a	n/a	n/a	n/a	n/a	n/a	877.110116	n/a
879.858693	0.000000	351943	stimulus_presentation	n/a	35	n/a	n/a	n/a	n/a	n/a	n/a	n/a	n/a	n/a	n/a	n/a	n/a	n/a	n/a	n/a	n/a	n/a	n/a	n/a	879.861178	n/a
879.858693	0.000000	351943	ttl	7	n/a	n/a	n/a	n/a	n/a	n/a	n/a	n/a	n/a	n/a	n/a	n/a	n/a	n/a	n/a	n/a	n/a	n/a	n/a	n/a	879.861178	n/a
885.410347	0.000000	354164	ttl	8	n/a	n/a	n/a	n/a	n/a	n/a	n/a	n/a	n/a	n/a	n/a	n/a	n/a	n/a	n/a	n/a	n/a	n/a	n/a	n/a	885.412832	n/a
885.438253	7.282372	354175	sternberg_trial	n/a	n/a	332	0	0	518	1	0	1	886.524644	888.541424	0.0	0.0	0.0	0.0	885.440738	888.541424	891.142611	892.7231099999999	intervals/trials	87	885.440738	892.723110
885.438253	0.000000	354175	ttl	11	n/a	n/a	n/a	n/a	n/a	n/a	n/a	n/a	n/a	n/a	n/a	n/a	n/a	n/a	n/a	n/a	n/a	n/a	n/a	n/a	885.440738	n/a
886.522159	0.000000	354609	stimulus_presentation	n/a	146	n/a	n/a	n/a	n/a	n/a	n/a	n/a	n/a	n/a	n/a	n/a	n/a	n/a	n/a	n/a	n/a	n/a	n/a	n/a	886.524644	n/a
886.522159	0.000000	354609	ttl	1	n/a	n/a	n/a	n/a	n/a	n/a	n/a	n/a	n/a	n/a	n/a	n/a	n/a	n/a	n/a	n/a	n/a	n/a	n/a	n/a	886.524644	n/a
886.532159	0.000000	354613	stimulus_presentation	n/a	0	n/a	n/a	n/a	n/a	n/a	n/a	n/a	n/a	n/a	n/a	n/a	n/a	n/a	n/a	n/a	n/a	n/a	n/a	n/a	886.534644	n/a
886.542159	0.000000	354617	stimulus_presentation	n/a	0	n/a	n/a	n/a	n/a	n/a	n/a	n/a	n/a	n/a	n/a	n/a	n/a	n/a	n/a	n/a	n/a	n/a	n/a	n/a	886.544644	n/a
888.538939	0.000000	355416	ttl	6	n/a	n/a	n/a	n/a	n/a	n/a	n/a	n/a	n/a	n/a	n/a	n/a	n/a	n/a	n/a	n/a	n/a	n/a	n/a	n/a	888.541424	n/a
891.140126	0.000000	356456	stimulus_presentation	n/a	243	n/a	n/a	n/a	n/a	n/a	n/a	n/a	n/a	n/a	n/a	n/a	n/a	n/a	n/a	n/a	n/a	n/a	n/a	n/a	891.142611	n/a
891.140126	0.000000	356456	ttl	7	n/a	n/a	n/a	n/a	n/a	n/a	n/a	n/a	n/a	n/a	n/a	n/a	n/a	n/a	n/a	n/a	n/a	n/a	n/a	n/a	891.142611	n/a
892.720625	0.000000	357088	ttl	8	n/a	n/a	n/a	n/a	n/a	n/a	n/a	n/a	n/a	n/a	n/a	n/a	n/a	n/a	n/a	n/a	n/a	n/a	n/a	n/a	892.723110	n/a
892.753688	6.829278	357101	sternberg_trial	n/a	n/a	136	0	0	136	1	1	1	893.75736	895.773234	0.0	0.0	0.0	0.0	892.756173	895.773234	898.540889	899.5854509999999	intervals/trials	88	892.756173	899.585451
892.753688	0.000000	357101	ttl	11	n/a	n/a	n/a	n/a	n/a	n/a	n/a	n/a	n/a	n/a	n/a	n/a	n/a	n/a	n/a	n/a	n/a	n/a	n/a	n/a	892.756173	n/a
893.754875	0.000000	357502	stimulus_presentation	n/a	36	n/a	n/a	n/a	n/a	n/a	n/a	n/a	n/a	n/a	n/a	n/a	n/a	n/a	n/a	n/a	n/a	n/a	n/a	n/a	893.757360	n/a
893.754875	0.000000	357502	ttl	1	n/a	n/a	n/a	n/a	n/a	n/a	n/a	n/a	n/a	n/a	n/a	n/a	n/a	n/a	n/a	n/a	n/a	n/a	n/a	n/a	893.757360	n/a
893.764875	0.000000	357506	stimulus_presentation	n/a	0	n/a	n/a	n/a	n/a	n/a	n/a	n/a	n/a	n/a	n/a	n/a	n/a	n/a	n/a	n/a	n/a	n/a	n/a	n/a	893.767360	n/a
893.774875	0.000000	357510	stimulus_presentation	n/a	0	n/a	n/a	n/a	n/a	n/a	n/a	n/a	n/a	n/a	n/a	n/a	n/a	n/a	n/a	n/a	n/a	n/a	n/a	n/a	893.777360	n/a
895.770749	0.000000	358308	ttl	6	n/a	n/a	n/a	n/a	n/a	n/a	n/a	n/a	n/a	n/a	n/a	n/a	n/a	n/a	n/a	n/a	n/a	n/a	n/a	n/a	895.773234	n/a
898.538404	0.000000	359415	stimulus_presentation	n/a	36	n/a	n/a	n/a	n/a	n/a	n/a	n/a	n/a	n/a	n/a	n/a	n/a	n/a	n/a	n/a	n/a	n/a	n/a	n/a	898.540889	n/a
898.538404	0.000000	359415	ttl	7	n/a	n/a	n/a	n/a	n/a	n/a	n/a	n/a	n/a	n/a	n/a	n/a	n/a	n/a	n/a	n/a	n/a	n/a	n/a	n/a	898.540889	n/a
899.582966	0.000000	359833	ttl	8	n/a	n/a	n/a	n/a	n/a	n/a	n/a	n/a	n/a	n/a	n/a	n/a	n/a	n/a	n/a	n/a	n/a	n/a	n/a	n/a	899.585451	n/a
899.618747	11.193496	359847	sternberg_trial	n/a	n/a	137	333	237	237	3	1	1	900.755763	902.7725439999999	902.871887	904.888199	905.070886	907.087011	899.621232	907.087011	909.822103	910.814728	intervals/trials	89	899.621232	910.814728
899.618747	0.000000	359847	ttl	11	n/a	n/a	n/a	n/a	n/a	n/a	n/a	n/a	n/a	n/a	n/a	n/a	n/a	n/a	n/a	n/a	n/a	n/a	n/a	n/a	899.621232	n/a
900.753278	0.000000	360301	stimulus_presentation	n/a	37	n/a	n/a	n/a	n/a	n/a	n/a	n/a	n/a	n/a	n/a	n/a	n/a	n/a	n/a	n/a	n/a	n/a	n/a	n/a	900.755763	n/a
900.753278	0.000000	360301	ttl	1	n/a	n/a	n/a	n/a	n/a	n/a	n/a	n/a	n/a	n/a	n/a	n/a	n/a	n/a	n/a	n/a	n/a	n/a	n/a	n/a	900.755763	n/a
902.770059	0.000000	361108	ttl	5	n/a	n/a	n/a	n/a	n/a	n/a	n/a	n/a	n/a	n/a	n/a	n/a	n/a	n/a	n/a	n/a	n/a	n/a	n/a	n/a	902.772544	n/a
902.869402	0.000000	361148	stimulus_presentation	n/a	147	n/a	n/a	n/a	n/a	n/a	n/a	n/a	n/a	n/a	n/a	n/a	n/a	n/a	n/a	n/a	n/a	n/a	n/a	n/a	902.871887	n/a
902.869402	0.000000	361148	ttl	2	n/a	n/a	n/a	n/a	n/a	n/a	n/a	n/a	n/a	n/a	n/a	n/a	n/a	n/a	n/a	n/a	n/a	n/a	n/a	n/a	902.871887	n/a
904.885714	0.000000	361954	ttl	5	n/a	n/a	n/a	n/a	n/a	n/a	n/a	n/a	n/a	n/a	n/a	n/a	n/a	n/a	n/a	n/a	n/a	n/a	n/a	n/a	904.888199	n/a
905.068401	0.000000	362027	stimulus_presentation	n/a	94	n/a	n/a	n/a	n/a	n/a	n/a	n/a	n/a	n/a	n/a	n/a	n/a	n/a	n/a	n/a	n/a	n/a	n/a	n/a	905.070886	n/a
905.068401	0.000000	362027	ttl	3	n/a	n/a	n/a	n/a	n/a	n/a	n/a	n/a	n/a	n/a	n/a	n/a	n/a	n/a	n/a	n/a	n/a	n/a	n/a	n/a	905.070886	n/a
907.084526	0.000000	362834	ttl	6	n/a	n/a	n/a	n/a	n/a	n/a	n/a	n/a	n/a	n/a	n/a	n/a	n/a	n/a	n/a	n/a	n/a	n/a	n/a	n/a	907.087011	n/a
909.819618	0.000000	363928	stimulus_presentation	n/a	94	n/a	n/a	n/a	n/a	n/a	n/a	n/a	n/a	n/a	n/a	n/a	n/a	n/a	n/a	n/a	n/a	n/a	n/a	n/a	909.822103	n/a
909.819618	0.000000	363928	ttl	7	n/a	n/a	n/a	n/a	n/a	n/a	n/a	n/a	n/a	n/a	n/a	n/a	n/a	n/a	n/a	n/a	n/a	n/a	n/a	n/a	909.822103	n/a
910.812243	0.000000	364325	ttl	8	n/a	n/a	n/a	n/a	n/a	n/a	n/a	n/a	n/a	n/a	n/a	n/a	n/a	n/a	n/a	n/a	n/a	n/a	n/a	n/a	910.814728	n/a
910.833493	11.464027	364333	sternberg_trial	n/a	n/a	538	138	334	212	3	0	1	912.037009	914.0529769999999	914.13657	916.152695	916.3026629999999	918.318819	910.835978	918.318819	921.05338	922.3000049999999	intervals/trials	90	910.835978	922.300005
910.833493	0.000000	364333	ttl	11	n/a	n/a	n/a	n/a	n/a	n/a	n/a	n/a	n/a	n/a	n/a	n/a	n/a	n/a	n/a	n/a	n/a	n/a	n/a	n/a	910.835978	n/a
912.034524	0.000000	364814	stimulus_presentation	n/a	263	n/a	n/a	n/a	n/a	n/a	n/a	n/a	n/a	n/a	n/a	n/a	n/a	n/a	n/a	n/a	n/a	n/a	n/a	n/a	912.037009	n/a
912.034524	0.000000	364814	ttl	1	n/a	n/a	n/a	n/a	n/a	n/a	n/a	n/a	n/a	n/a	n/a	n/a	n/a	n/a	n/a	n/a	n/a	n/a	n/a	n/a	912.037009	n/a
914.050492	0.000000	365620	ttl	5	n/a	n/a	n/a	n/a	n/a	n/a	n/a	n/a	n/a	n/a	n/a	n/a	n/a	n/a	n/a	n/a	n/a	n/a	n/a	n/a	914.052977	n/a
914.134085	0.000000	365654	stimulus_presentation	n/a	38	n/a	n/a	n/a	n/a	n/a	n/a	n/a	n/a	n/a	n/a	n/a	n/a	n/a	n/a	n/a	n/a	n/a	n/a	n/a	914.136570	n/a
914.134085	0.000000	365654	ttl	2	n/a	n/a	n/a	n/a	n/a	n/a	n/a	n/a	n/a	n/a	n/a	n/a	n/a	n/a	n/a	n/a	n/a	n/a	n/a	n/a	914.136570	n/a
916.150210	0.000000	366460	ttl	5	n/a	n/a	n/a	n/a	n/a	n/a	n/a	n/a	n/a	n/a	n/a	n/a	n/a	n/a	n/a	n/a	n/a	n/a	n/a	n/a	916.152695	n/a
916.300178	0.000000	366520	stimulus_presentation	n/a	148	n/a	n/a	n/a	n/a	n/a	n/a	n/a	n/a	n/a	n/a	n/a	n/a	n/a	n/a	n/a	n/a	n/a	n/a	n/a	916.302663	n/a
916.300178	0.000000	366520	ttl	3	n/a	n/a	n/a	n/a	n/a	n/a	n/a	n/a	n/a	n/a	n/a	n/a	n/a	n/a	n/a	n/a	n/a	n/a	n/a	n/a	916.302663	n/a
918.316334	0.000000	367327	ttl	6	n/a	n/a	n/a	n/a	n/a	n/a	n/a	n/a	n/a	n/a	n/a	n/a	n/a	n/a	n/a	n/a	n/a	n/a	n/a	n/a	918.318819	n/a
921.050895	0.000000	368420	stimulus_presentation	n/a	69	n/a	n/a	n/a	n/a	n/a	n/a	n/a	n/a	n/a	n/a	n/a	n/a	n/a	n/a	n/a	n/a	n/a	n/a	n/a	921.053380	n/a
921.050895	0.000000	368420	ttl	7	n/a	n/a	n/a	n/a	n/a	n/a	n/a	n/a	n/a	n/a	n/a	n/a	n/a	n/a	n/a	n/a	n/a	n/a	n/a	n/a	921.053380	n/a
922.297520	0.000000	368919	ttl	8	n/a	n/a	n/a	n/a	n/a	n/a	n/a	n/a	n/a	n/a	n/a	n/a	n/a	n/a	n/a	n/a	n/a	n/a	n/a	n/a	922.300005	n/a
922.330926	7.228872	368932	sternberg_trial	n/a	n/a	139	0	0	427	1	0	1	923.4510349999999	925.4675659999999	0.0	0.0	0.0	0.0	922.333411	925.4675659999999	928.285221	929.562283	intervals/trials	91	922.333411	929.562283
922.330926	0.000000	368932	ttl	11	n/a	n/a	n/a	n/a	n/a	n/a	n/a	n/a	n/a	n/a	n/a	n/a	n/a	n/a	n/a	n/a	n/a	n/a	n/a	n/a	922.333411	n/a
923.448550	0.000000	369379	stimulus_presentation	n/a	39	n/a	n/a	n/a	n/a	n/a	n/a	n/a	n/a	n/a	n/a	n/a	n/a	n/a	n/a	n/a	n/a	n/a	n/a	n/a	923.451035	n/a
923.448550	0.000000	369379	ttl	1	n/a	n/a	n/a	n/a	n/a	n/a	n/a	n/a	n/a	n/a	n/a	n/a	n/a	n/a	n/a	n/a	n/a	n/a	n/a	n/a	923.451035	n/a
923.458550	0.000000	369383	stimulus_presentation	n/a	0	n/a	n/a	n/a	n/a	n/a	n/a	n/a	n/a	n/a	n/a	n/a	n/a	n/a	n/a	n/a	n/a	n/a	n/a	n/a	923.461035	n/a
923.468550	0.000000	369387	stimulus_presentation	n/a	0	n/a	n/a	n/a	n/a	n/a	n/a	n/a	n/a	n/a	n/a	n/a	n/a	n/a	n/a	n/a	n/a	n/a	n/a	n/a	923.471035	n/a
925.465081	0.000000	370186	ttl	6	n/a	n/a	n/a	n/a	n/a	n/a	n/a	n/a	n/a	n/a	n/a	n/a	n/a	n/a	n/a	n/a	n/a	n/a	n/a	n/a	925.467566	n/a
928.282736	0.000000	371313	stimulus_presentation	n/a	197	n/a	n/a	n/a	n/a	n/a	n/a	n/a	n/a	n/a	n/a	n/a	n/a	n/a	n/a	n/a	n/a	n/a	n/a	n/a	928.285221	n/a
928.282736	0.000000	371313	ttl	7	n/a	n/a	n/a	n/a	n/a	n/a	n/a	n/a	n/a	n/a	n/a	n/a	n/a	n/a	n/a	n/a	n/a	n/a	n/a	n/a	928.285221	n/a
929.559798	0.000000	371824	ttl	8	n/a	n/a	n/a	n/a	n/a	n/a	n/a	n/a	n/a	n/a	n/a	n/a	n/a	n/a	n/a	n/a	n/a	n/a	n/a	n/a	929.562283	n/a
929.579767	11.465308	371832	sternberg_trial	n/a	n/a	437	539	335	220	3	0	1	930.600282	932.616375	932.682813	934.6991869999999	934.799281	936.8142799999999	929.5822519999999	936.8142799999999	939.581654	941.04756	intervals/trials	92	929.582252	941.047560
929.579767	0.000000	371832	ttl	11	n/a	n/a	n/a	n/a	n/a	n/a	n/a	n/a	n/a	n/a	n/a	n/a	n/a	n/a	n/a	n/a	n/a	n/a	n/a	n/a	929.582252	n/a
930.597797	0.000000	372239	stimulus_presentation	n/a	207	n/a	n/a	n/a	n/a	n/a	n/a	n/a	n/a	n/a	n/a	n/a	n/a	n/a	n/a	n/a	n/a	n/a	n/a	n/a	930.600282	n/a
930.597797	0.000000	372239	ttl	1	n/a	n/a	n/a	n/a	n/a	n/a	n/a	n/a	n/a	n/a	n/a	n/a	n/a	n/a	n/a	n/a	n/a	n/a	n/a	n/a	930.600282	n/a
932.613890	0.000000	373046	ttl	5	n/a	n/a	n/a	n/a	n/a	n/a	n/a	n/a	n/a	n/a	n/a	n/a	n/a	n/a	n/a	n/a	n/a	n/a	n/a	n/a	932.616375	n/a
932.680328	0.000000	373072	stimulus_presentation	n/a	264	n/a	n/a	n/a	n/a	n/a	n/a	n/a	n/a	n/a	n/a	n/a	n/a	n/a	n/a	n/a	n/a	n/a	n/a	n/a	932.682813	n/a
932.680328	0.000000	373072	ttl	2	n/a	n/a	n/a	n/a	n/a	n/a	n/a	n/a	n/a	n/a	n/a	n/a	n/a	n/a	n/a	n/a	n/a	n/a	n/a	n/a	932.682813	n/a
934.696702	0.000000	373879	ttl	5	n/a	n/a	n/a	n/a	n/a	n/a	n/a	n/a	n/a	n/a	n/a	n/a	n/a	n/a	n/a	n/a	n/a	n/a	n/a	n/a	934.699187	n/a
934.796796	0.000000	373919	stimulus_presentation	n/a	149	n/a	n/a	n/a	n/a	n/a	n/a	n/a	n/a	n/a	n/a	n/a	n/a	n/a	n/a	n/a	n/a	n/a	n/a	n/a	934.799281	n/a
934.796796	0.000000	373919	ttl	3	n/a	n/a	n/a	n/a	n/a	n/a	n/a	n/a	n/a	n/a	n/a	n/a	n/a	n/a	n/a	n/a	n/a	n/a	n/a	n/a	934.799281	n/a
936.811795	0.000000	374725	ttl	6	n/a	n/a	n/a	n/a	n/a	n/a	n/a	n/a	n/a	n/a	n/a	n/a	n/a	n/a	n/a	n/a	n/a	n/a	n/a	n/a	936.814280	n/a
939.579169	0.000000	375832	stimulus_presentation	n/a	77	n/a	n/a	n/a	n/a	n/a	n/a	n/a	n/a	n/a	n/a	n/a	n/a	n/a	n/a	n/a	n/a	n/a	n/a	n/a	939.581654	n/a
939.579169	0.000000	375832	ttl	7	n/a	n/a	n/a	n/a	n/a	n/a	n/a	n/a	n/a	n/a	n/a	n/a	n/a	n/a	n/a	n/a	n/a	n/a	n/a	n/a	939.581654	n/a
941.045075	0.000000	376418	ttl	8	n/a	n/a	n/a	n/a	n/a	n/a	n/a	n/a	n/a	n/a	n/a	n/a	n/a	n/a	n/a	n/a	n/a	n/a	n/a	n/a	941.047560	n/a
941.077575	7.069747	376431	sternberg_trial	n/a	n/a	238	0	0	513	1	0	1	942.146622	944.1637149999999	0.0	0.0	0.0	0.0	941.08006	944.1637149999999	946.747807	948.149807	intervals/trials	93	941.080060	948.149807
941.077575	0.000000	376431	ttl	11	n/a	n/a	n/a	n/a	n/a	n/a	n/a	n/a	n/a	n/a	n/a	n/a	n/a	n/a	n/a	n/a	n/a	n/a	n/a	n/a	941.080060	n/a
942.144137	0.000000	376858	stimulus_presentation	n/a	95	n/a	n/a	n/a	n/a	n/a	n/a	n/a	n/a	n/a	n/a	n/a	n/a	n/a	n/a	n/a	n/a	n/a	n/a	n/a	942.146622	n/a
942.144137	0.000000	376858	ttl	1	n/a	n/a	n/a	n/a	n/a	n/a	n/a	n/a	n/a	n/a	n/a	n/a	n/a	n/a	n/a	n/a	n/a	n/a	n/a	n/a	942.146622	n/a
942.154137	0.000000	376862	stimulus_presentation	n/a	0	n/a	n/a	n/a	n/a	n/a	n/a	n/a	n/a	n/a	n/a	n/a	n/a	n/a	n/a	n/a	n/a	n/a	n/a	n/a	942.156622	n/a
942.164137	0.000000	376866	stimulus_presentation	n/a	0	n/a	n/a	n/a	n/a	n/a	n/a	n/a	n/a	n/a	n/a	n/a	n/a	n/a	n/a	n/a	n/a	n/a	n/a	n/a	942.166622	n/a
944.161230	0.000000	377664	ttl	6	n/a	n/a	n/a	n/a	n/a	n/a	n/a	n/a	n/a	n/a	n/a	n/a	n/a	n/a	n/a	n/a	n/a	n/a	n/a	n/a	944.163715	n/a
946.745322	0.000000	378698	stimulus_presentation	n/a	238	n/a	n/a	n/a	n/a	n/a	n/a	n/a	n/a	n/a	n/a	n/a	n/a	n/a	n/a	n/a	n/a	n/a	n/a	n/a	946.747807	n/a
946.745322	0.000000	378698	ttl	7	n/a	n/a	n/a	n/a	n/a	n/a	n/a	n/a	n/a	n/a	n/a	n/a	n/a	n/a	n/a	n/a	n/a	n/a	n/a	n/a	946.747807	n/a
948.147322	0.000000	379259	ttl	8	n/a	n/a	n/a	n/a	n/a	n/a	n/a	n/a	n/a	n/a	n/a	n/a	n/a	n/a	n/a	n/a	n/a	n/a	n/a	n/a	948.149807	n/a
948.176165	7.281372	379270	sternberg_trial	n/a	n/a	438	0	0	312	1	0	1	949.280056	951.2960549999999	0.0	0.0	0.0	0.0	948.17865	951.2960549999999	953.947242	955.460022	intervals/trials	94	948.178650	955.460022
948.176165	0.000000	379270	ttl	11	n/a	n/a	n/a	n/a	n/a	n/a	n/a	n/a	n/a	n/a	n/a	n/a	n/a	n/a	n/a	n/a	n/a	n/a	n/a	n/a	948.178650	n/a
949.277571	0.000000	379711	stimulus_presentation	n/a	208	n/a	n/a	n/a	n/a	n/a	n/a	n/a	n/a	n/a	n/a	n/a	n/a	n/a	n/a	n/a	n/a	n/a	n/a	n/a	949.280056	n/a
949.277571	0.000000	379711	ttl	1	n/a	n/a	n/a	n/a	n/a	n/a	n/a	n/a	n/a	n/a	n/a	n/a	n/a	n/a	n/a	n/a	n/a	n/a	n/a	n/a	949.280056	n/a
949.287571	0.000000	379715	stimulus_presentation	n/a	0	n/a	n/a	n/a	n/a	n/a	n/a	n/a	n/a	n/a	n/a	n/a	n/a	n/a	n/a	n/a	n/a	n/a	n/a	n/a	949.290056	n/a
949.297571	0.000000	379719	stimulus_presentation	n/a	0	n/a	n/a	n/a	n/a	n/a	n/a	n/a	n/a	n/a	n/a	n/a	n/a	n/a	n/a	n/a	n/a	n/a	n/a	n/a	949.300056	n/a
951.293570	0.000000	380517	ttl	6	n/a	n/a	n/a	n/a	n/a	n/a	n/a	n/a	n/a	n/a	n/a	n/a	n/a	n/a	n/a	n/a	n/a	n/a	n/a	n/a	951.296055	n/a
953.944757	0.000000	381578	stimulus_presentation	n/a	126	n/a	n/a	n/a	n/a	n/a	n/a	n/a	n/a	n/a	n/a	n/a	n/a	n/a	n/a	n/a	n/a	n/a	n/a	n/a	953.947242	n/a
953.944757	0.000000	381578	ttl	7	n/a	n/a	n/a	n/a	n/a	n/a	n/a	n/a	n/a	n/a	n/a	n/a	n/a	n/a	n/a	n/a	n/a	n/a	n/a	n/a	953.947242	n/a
955.457537	0.000000	382183	ttl	8	n/a	n/a	n/a	n/a	n/a	n/a	n/a	n/a	n/a	n/a	n/a	n/a	n/a	n/a	n/a	n/a	n/a	n/a	n/a	n/a	955.460022	n/a
955.491506	11.627277	382197	sternberg_trial	n/a	n/a	140	439	540	320	3	0	1	956.594616	958.6120209999999	958.7445839999999	960.7608329999999	960.960802	962.977051	955.4939909999999	962.977051	965.7280499999999	967.121268	intervals/trials	95	955.493991	967.121268
955.491506	0.000000	382197	ttl	11	n/a	n/a	n/a	n/a	n/a	n/a	n/a	n/a	n/a	n/a	n/a	n/a	n/a	n/a	n/a	n/a	n/a	n/a	n/a	n/a	955.493991	n/a
956.592131	0.000000	382637	stimulus_presentation	n/a	40	n/a	n/a	n/a	n/a	n/a	n/a	n/a	n/a	n/a	n/a	n/a	n/a	n/a	n/a	n/a	n/a	n/a	n/a	n/a	956.594616	n/a
956.592131	0.000000	382637	ttl	1	n/a	n/a	n/a	n/a	n/a	n/a	n/a	n/a	n/a	n/a	n/a	n/a	n/a	n/a	n/a	n/a	n/a	n/a	n/a	n/a	956.594616	n/a
958.609536	0.000000	383444	ttl	5	n/a	n/a	n/a	n/a	n/a	n/a	n/a	n/a	n/a	n/a	n/a	n/a	n/a	n/a	n/a	n/a	n/a	n/a	n/a	n/a	958.612021	n/a
958.742099	0.000000	383497	stimulus_presentation	n/a	209	n/a	n/a	n/a	n/a	n/a	n/a	n/a	n/a	n/a	n/a	n/a	n/a	n/a	n/a	n/a	n/a	n/a	n/a	n/a	958.744584	n/a
958.742099	0.000000	383497	ttl	2	n/a	n/a	n/a	n/a	n/a	n/a	n/a	n/a	n/a	n/a	n/a	n/a	n/a	n/a	n/a	n/a	n/a	n/a	n/a	n/a	958.744584	n/a
960.758348	0.000000	384303	ttl	5	n/a	n/a	n/a	n/a	n/a	n/a	n/a	n/a	n/a	n/a	n/a	n/a	n/a	n/a	n/a	n/a	n/a	n/a	n/a	n/a	960.760833	n/a
960.958317	0.000000	384383	stimulus_presentation	n/a	265	n/a	n/a	n/a	n/a	n/a	n/a	n/a	n/a	n/a	n/a	n/a	n/a	n/a	n/a	n/a	n/a	n/a	n/a	n/a	960.960802	n/a
960.958317	0.000000	384383	ttl	3	n/a	n/a	n/a	n/a	n/a	n/a	n/a	n/a	n/a	n/a	n/a	n/a	n/a	n/a	n/a	n/a	n/a	n/a	n/a	n/a	960.960802	n/a
962.974566	0.000000	385190	ttl	6	n/a	n/a	n/a	n/a	n/a	n/a	n/a	n/a	n/a	n/a	n/a	n/a	n/a	n/a	n/a	n/a	n/a	n/a	n/a	n/a	962.977051	n/a
965.725565	0.000000	386290	stimulus_presentation	n/a	134	n/a	n/a	n/a	n/a	n/a	n/a	n/a	n/a	n/a	n/a	n/a	n/a	n/a	n/a	n/a	n/a	n/a	n/a	n/a	965.728050	n/a
965.725565	0.000000	386290	ttl	7	n/a	n/a	n/a	n/a	n/a	n/a	n/a	n/a	n/a	n/a	n/a	n/a	n/a	n/a	n/a	n/a	n/a	n/a	n/a	n/a	965.728050	n/a
967.118783	0.000000	386848	ttl	8	n/a	n/a	n/a	n/a	n/a	n/a	n/a	n/a	n/a	n/a	n/a	n/a	n/a	n/a	n/a	n/a	n/a	n/a	n/a	n/a	967.121268	n/a
967.139314	11.368745	386856	sternberg_trial	n/a	n/a	239	141	336	141	3	1	1	968.359424	970.3756099999999	970.3922349999999	972.408547	972.6084219999999	974.624921	967.141799	974.624921	977.409232	978.510544	intervals/trials	96	967.141799	978.510544
967.139314	0.000000	386856	ttl	11	n/a	n/a	n/a	n/a	n/a	n/a	n/a	n/a	n/a	n/a	n/a	n/a	n/a	n/a	n/a	n/a	n/a	n/a	n/a	n/a	967.141799	n/a
968.356939	0.000000	387343	stimulus_presentation	n/a	96	n/a	n/a	n/a	n/a	n/a	n/a	n/a	n/a	n/a	n/a	n/a	n/a	n/a	n/a	n/a	n/a	n/a	n/a	n/a	968.359424	n/a
968.356939	0.000000	387343	ttl	1	n/a	n/a	n/a	n/a	n/a	n/a	n/a	n/a	n/a	n/a	n/a	n/a	n/a	n/a	n/a	n/a	n/a	n/a	n/a	n/a	968.359424	n/a
970.373125	0.000000	388149	ttl	5	n/a	n/a	n/a	n/a	n/a	n/a	n/a	n/a	n/a	n/a	n/a	n/a	n/a	n/a	n/a	n/a	n/a	n/a	n/a	n/a	970.375610	n/a
970.389750	0.000000	388156	stimulus_presentation	n/a	41	n/a	n/a	n/a	n/a	n/a	n/a	n/a	n/a	n/a	n/a	n/a	n/a	n/a	n/a	n/a	n/a	n/a	n/a	n/a	970.392235	n/a
970.389750	0.000000	388156	ttl	2	n/a	n/a	n/a	n/a	n/a	n/a	n/a	n/a	n/a	n/a	n/a	n/a	n/a	n/a	n/a	n/a	n/a	n/a	n/a	n/a	970.392235	n/a
972.406062	0.000000	388962	ttl	5	n/a	n/a	n/a	n/a	n/a	n/a	n/a	n/a	n/a	n/a	n/a	n/a	n/a	n/a	n/a	n/a	n/a	n/a	n/a	n/a	972.408547	n/a
972.605937	0.000000	389042	stimulus_presentation	n/a	150	n/a	n/a	n/a	n/a	n/a	n/a	n/a	n/a	n/a	n/a	n/a	n/a	n/a	n/a	n/a	n/a	n/a	n/a	n/a	972.608422	n/a
972.605937	0.000000	389042	ttl	3	n/a	n/a	n/a	n/a	n/a	n/a	n/a	n/a	n/a	n/a	n/a	n/a	n/a	n/a	n/a	n/a	n/a	n/a	n/a	n/a	972.608422	n/a
974.622436	0.000000	389849	ttl	6	n/a	n/a	n/a	n/a	n/a	n/a	n/a	n/a	n/a	n/a	n/a	n/a	n/a	n/a	n/a	n/a	n/a	n/a	n/a	n/a	974.624921	n/a
977.406747	0.000000	390963	stimulus_presentation	n/a	41	n/a	n/a	n/a	n/a	n/a	n/a	n/a	n/a	n/a	n/a	n/a	n/a	n/a	n/a	n/a	n/a	n/a	n/a	n/a	977.409232	n/a
977.406747	0.000000	390963	ttl	7	n/a	n/a	n/a	n/a	n/a	n/a	n/a	n/a	n/a	n/a	n/a	n/a	n/a	n/a	n/a	n/a	n/a	n/a	n/a	n/a	977.409232	n/a
978.508059	0.000000	391403	ttl	8	n/a	n/a	n/a	n/a	n/a	n/a	n/a	n/a	n/a	n/a	n/a	n/a	n/a	n/a	n/a	n/a	n/a	n/a	n/a	n/a	978.510544	n/a
978.554091	11.263276	391422	sternberg_trial	n/a	n/a	337	142	240	240	3	1	1	979.7072	981.723481	981.7906059999999	983.806417	983.9230739999999	985.9393849999999	978.556576	985.9393849999999	988.740415	989.819852	intervals/trials	97	978.556576	989.819852
978.554091	0.000000	391422	ttl	11	n/a	n/a	n/a	n/a	n/a	n/a	n/a	n/a	n/a	n/a	n/a	n/a	n/a	n/a	n/a	n/a	n/a	n/a	n/a	n/a	978.556576	n/a
979.704715	0.000000	391882	stimulus_presentation	n/a	151	n/a	n/a	n/a	n/a	n/a	n/a	n/a	n/a	n/a	n/a	n/a	n/a	n/a	n/a	n/a	n/a	n/a	n/a	n/a	979.707200	n/a
979.704715	0.000000	391882	ttl	1	n/a	n/a	n/a	n/a	n/a	n/a	n/a	n/a	n/a	n/a	n/a	n/a	n/a	n/a	n/a	n/a	n/a	n/a	n/a	n/a	979.707200	n/a
981.720996	0.000000	392688	ttl	5	n/a	n/a	n/a	n/a	n/a	n/a	n/a	n/a	n/a	n/a	n/a	n/a	n/a	n/a	n/a	n/a	n/a	n/a	n/a	n/a	981.723481	n/a
981.788121	0.000000	392715	stimulus_presentation	n/a	42	n/a	n/a	n/a	n/a	n/a	n/a	n/a	n/a	n/a	n/a	n/a	n/a	n/a	n/a	n/a	n/a	n/a	n/a	n/a	981.790606	n/a
981.788121	0.000000	392715	ttl	2	n/a	n/a	n/a	n/a	n/a	n/a	n/a	n/a	n/a	n/a	n/a	n/a	n/a	n/a	n/a	n/a	n/a	n/a	n/a	n/a	981.790606	n/a
983.803932	0.000000	393522	ttl	5	n/a	n/a	n/a	n/a	n/a	n/a	n/a	n/a	n/a	n/a	n/a	n/a	n/a	n/a	n/a	n/a	n/a	n/a	n/a	n/a	983.806417	n/a
983.920589	0.000000	393568	stimulus_presentation	n/a	97	n/a	n/a	n/a	n/a	n/a	n/a	n/a	n/a	n/a	n/a	n/a	n/a	n/a	n/a	n/a	n/a	n/a	n/a	n/a	983.923074	n/a
983.920589	0.000000	393568	ttl	3	n/a	n/a	n/a	n/a	n/a	n/a	n/a	n/a	n/a	n/a	n/a	n/a	n/a	n/a	n/a	n/a	n/a	n/a	n/a	n/a	983.923074	n/a
985.936900	0.000000	394375	ttl	6	n/a	n/a	n/a	n/a	n/a	n/a	n/a	n/a	n/a	n/a	n/a	n/a	n/a	n/a	n/a	n/a	n/a	n/a	n/a	n/a	985.939385	n/a
988.737930	0.000000	395495	stimulus_presentation	n/a	97	n/a	n/a	n/a	n/a	n/a	n/a	n/a	n/a	n/a	n/a	n/a	n/a	n/a	n/a	n/a	n/a	n/a	n/a	n/a	988.740415	n/a
988.737930	0.000000	395495	ttl	7	n/a	n/a	n/a	n/a	n/a	n/a	n/a	n/a	n/a	n/a	n/a	n/a	n/a	n/a	n/a	n/a	n/a	n/a	n/a	n/a	988.740415	n/a
989.817367	0.000000	395927	ttl	8	n/a	n/a	n/a	n/a	n/a	n/a	n/a	n/a	n/a	n/a	n/a	n/a	n/a	n/a	n/a	n/a	n/a	n/a	n/a	n/a	989.819852	n/a
989.851617	6.844185	395941	sternberg_trial	n/a	n/a	338	0	0	338	1	1	1	990.971414	992.988039	0.0	0.0	0.0	0.0	989.854102	992.988039	995.672381	996.6982869999999	intervals/trials	98	989.854102	996.698287
989.851617	0.000000	395941	ttl	11	n/a	n/a	n/a	n/a	n/a	n/a	n/a	n/a	n/a	n/a	n/a	n/a	n/a	n/a	n/a	n/a	n/a	n/a	n/a	n/a	989.854102	n/a
990.968929	0.000000	396388	stimulus_presentation	n/a	152	n/a	n/a	n/a	n/a	n/a	n/a	n/a	n/a	n/a	n/a	n/a	n/a	n/a	n/a	n/a	n/a	n/a	n/a	n/a	990.971414	n/a
990.968929	0.000000	396388	ttl	1	n/a	n/a	n/a	n/a	n/a	n/a	n/a	n/a	n/a	n/a	n/a	n/a	n/a	n/a	n/a	n/a	n/a	n/a	n/a	n/a	990.971414	n/a
990.978929	0.000000	396392	stimulus_presentation	n/a	0	n/a	n/a	n/a	n/a	n/a	n/a	n/a	n/a	n/a	n/a	n/a	n/a	n/a	n/a	n/a	n/a	n/a	n/a	n/a	990.981414	n/a
990.988929	0.000000	396396	stimulus_presentation	n/a	0	n/a	n/a	n/a	n/a	n/a	n/a	n/a	n/a	n/a	n/a	n/a	n/a	n/a	n/a	n/a	n/a	n/a	n/a	n/a	990.991414	n/a
992.985554	0.000000	397194	ttl	6	n/a	n/a	n/a	n/a	n/a	n/a	n/a	n/a	n/a	n/a	n/a	n/a	n/a	n/a	n/a	n/a	n/a	n/a	n/a	n/a	992.988039	n/a
995.669896	0.000000	398268	stimulus_presentation	n/a	152	n/a	n/a	n/a	n/a	n/a	n/a	n/a	n/a	n/a	n/a	n/a	n/a	n/a	n/a	n/a	n/a	n/a	n/a	n/a	995.672381	n/a
995.669896	0.000000	398268	ttl	7	n/a	n/a	n/a	n/a	n/a	n/a	n/a	n/a	n/a	n/a	n/a	n/a	n/a	n/a	n/a	n/a	n/a	n/a	n/a	n/a	995.672381	n/a
996.695802	0.000000	398678	ttl	8	n/a	n/a	n/a	n/a	n/a	n/a	n/a	n/a	n/a	n/a	n/a	n/a	n/a	n/a	n/a	n/a	n/a	n/a	n/a	n/a	996.698287	n/a
996.716896	11.607995	398687	sternberg_trial	n/a	n/a	440	143	339	440	3	1	1	997.854474	999.870005	1000.0361919999999	1002.052785	1002.253066	1004.2691279999999	996.719381	1004.2691279999999	1007.1038139999999	1008.327376	intervals/trials	99	996.719381	1008.327376
996.716896	0.000000	398687	ttl	11	n/a	n/a	n/a	n/a	n/a	n/a	n/a	n/a	n/a	n/a	n/a	n/a	n/a	n/a	n/a	n/a	n/a	n/a	n/a	n/a	996.719381	n/a
997.851989	0.000000	399141	stimulus_presentation	n/a	210	n/a	n/a	n/a	n/a	n/a	n/a	n/a	n/a	n/a	n/a	n/a	n/a	n/a	n/a	n/a	n/a	n/a	n/a	n/a	997.854474	n/a
997.851989	0.000000	399141	ttl	1	n/a	n/a	n/a	n/a	n/a	n/a	n/a	n/a	n/a	n/a	n/a	n/a	n/a	n/a	n/a	n/a	n/a	n/a	n/a	n/a	997.854474	n/a
999.867520	0.000000	399947	ttl	5	n/a	n/a	n/a	n/a	n/a	n/a	n/a	n/a	n/a	n/a	n/a	n/a	n/a	n/a	n/a	n/a	n/a	n/a	n/a	n/a	999.870005	n/a
1000.033707	0.000000	400013	stimulus_presentation	n/a	43	n/a	n/a	n/a	n/a	n/a	n/a	n/a	n/a	n/a	n/a	n/a	n/a	n/a	n/a	n/a	n/a	n/a	n/a	n/a	1000.036192	n/a
1000.033707	0.000000	400013	ttl	2	n/a	n/a	n/a	n/a	n/a	n/a	n/a	n/a	n/a	n/a	n/a	n/a	n/a	n/a	n/a	n/a	n/a	n/a	n/a	n/a	1000.036192	n/a
1002.050300	0.000000	400820	ttl	5	n/a	n/a	n/a	n/a	n/a	n/a	n/a	n/a	n/a	n/a	n/a	n/a	n/a	n/a	n/a	n/a	n/a	n/a	n/a	n/a	1002.052785	n/a
1002.250581	0.000000	400900	stimulus_presentation	n/a	153	n/a	n/a	n/a	n/a	n/a	n/a	n/a	n/a	n/a	n/a	n/a	n/a	n/a	n/a	n/a	n/a	n/a	n/a	n/a	1002.253066	n/a
1002.250581	0.000000	400900	ttl	3	n/a	n/a	n/a	n/a	n/a	n/a	n/a	n/a	n/a	n/a	n/a	n/a	n/a	n/a	n/a	n/a	n/a	n/a	n/a	n/a	1002.253066	n/a
1004.266643	0.000000	401707	ttl	6	n/a	n/a	n/a	n/a	n/a	n/a	n/a	n/a	n/a	n/a	n/a	n/a	n/a	n/a	n/a	n/a	n/a	n/a	n/a	n/a	1004.269128	n/a
1007.101329	0.000000	402841	stimulus_presentation	n/a	210	n/a	n/a	n/a	n/a	n/a	n/a	n/a	n/a	n/a	n/a	n/a	n/a	n/a	n/a	n/a	n/a	n/a	n/a	n/a	1007.103814	n/a
1007.101329	0.000000	402841	ttl	7	n/a	n/a	n/a	n/a	n/a	n/a	n/a	n/a	n/a	n/a	n/a	n/a	n/a	n/a	n/a	n/a	n/a	n/a	n/a	n/a	1007.103814	n/a
1008.324891	0.000000	403330	ttl	8	n/a	n/a	n/a	n/a	n/a	n/a	n/a	n/a	n/a	n/a	n/a	n/a	n/a	n/a	n/a	n/a	n/a	n/a	n/a	n/a	1008.327376	n/a
1008.347766	6.567560	403339	sternberg_trial	n/a	n/a	144	0	0	144	1	1	1	1009.48397	1011.501188	0.0	0.0	0.0	0.0	1008.350251	1011.501188	1014.08578	1014.9178109999999	intervals/trials	100	1008.350251	1014.917811
1008.347766	0.000000	403339	ttl	11	n/a	n/a	n/a	n/a	n/a	n/a	n/a	n/a	n/a	n/a	n/a	n/a	n/a	n/a	n/a	n/a	n/a	n/a	n/a	n/a	1008.350251	n/a
1009.481485	0.000000	403793	stimulus_presentation	n/a	44	n/a	n/a	n/a	n/a	n/a	n/a	n/a	n/a	n/a	n/a	n/a	n/a	n/a	n/a	n/a	n/a	n/a	n/a	n/a	1009.483970	n/a
1009.481485	0.000000	403793	ttl	1	n/a	n/a	n/a	n/a	n/a	n/a	n/a	n/a	n/a	n/a	n/a	n/a	n/a	n/a	n/a	n/a	n/a	n/a	n/a	n/a	1009.483970	n/a
1009.491485	0.000000	403797	stimulus_presentation	n/a	0	n/a	n/a	n/a	n/a	n/a	n/a	n/a	n/a	n/a	n/a	n/a	n/a	n/a	n/a	n/a	n/a	n/a	n/a	n/a	1009.493970	n/a
1009.501485	0.000000	403801	stimulus_presentation	n/a	0	n/a	n/a	n/a	n/a	n/a	n/a	n/a	n/a	n/a	n/a	n/a	n/a	n/a	n/a	n/a	n/a	n/a	n/a	n/a	1009.503970	n/a
1011.498703	0.000000	404599	ttl	6	n/a	n/a	n/a	n/a	n/a	n/a	n/a	n/a	n/a	n/a	n/a	n/a	n/a	n/a	n/a	n/a	n/a	n/a	n/a	n/a	1011.501188	n/a
1014.083295	0.000000	405633	stimulus_presentation	n/a	44	n/a	n/a	n/a	n/a	n/a	n/a	n/a	n/a	n/a	n/a	n/a	n/a	n/a	n/a	n/a	n/a	n/a	n/a	n/a	1014.085780	n/a
1014.083295	0.000000	405633	ttl	7	n/a	n/a	n/a	n/a	n/a	n/a	n/a	n/a	n/a	n/a	n/a	n/a	n/a	n/a	n/a	n/a	n/a	n/a	n/a	n/a	1014.085780	n/a
1014.915326	0.000000	405966	ttl	8	n/a	n/a	n/a	n/a	n/a	n/a	n/a	n/a	n/a	n/a	n/a	n/a	n/a	n/a	n/a	n/a	n/a	n/a	n/a	n/a	1014.917811	n/a
1014.946951	11.933808	405979	sternberg_trial	n/a	n/a	241	541	340	434	3	0	1	1016.100342	1018.116372	1018.1832159999999	1020.1995589999999	1020.3326529999999	1022.3490579999999	1014.949436	1022.3490579999999	1025.0333699999999	1026.8832439999999	intervals/trials	101	1014.949436	1026.883244
1014.946951	0.000000	405979	ttl	11	n/a	n/a	n/a	n/a	n/a	n/a	n/a	n/a	n/a	n/a	n/a	n/a	n/a	n/a	n/a	n/a	n/a	n/a	n/a	n/a	1014.949436	n/a
1016.097857	0.000000	406439	stimulus_presentation	n/a	98	n/a	n/a	n/a	n/a	n/a	n/a	n/a	n/a	n/a	n/a	n/a	n/a	n/a	n/a	n/a	n/a	n/a	n/a	n/a	1016.100342	n/a
1016.097857	0.000000	406439	ttl	1	n/a	n/a	n/a	n/a	n/a	n/a	n/a	n/a	n/a	n/a	n/a	n/a	n/a	n/a	n/a	n/a	n/a	n/a	n/a	n/a	1016.100342	n/a
1018.113887	0.000000	407246	ttl	5	n/a	n/a	n/a	n/a	n/a	n/a	n/a	n/a	n/a	n/a	n/a	n/a	n/a	n/a	n/a	n/a	n/a	n/a	n/a	n/a	1018.116372	n/a
1018.180731	0.000000	407272	stimulus_presentation	n/a	266	n/a	n/a	n/a	n/a	n/a	n/a	n/a	n/a	n/a	n/a	n/a	n/a	n/a	n/a	n/a	n/a	n/a	n/a	n/a	1018.183216	n/a
1018.180731	0.000000	407272	ttl	2	n/a	n/a	n/a	n/a	n/a	n/a	n/a	n/a	n/a	n/a	n/a	n/a	n/a	n/a	n/a	n/a	n/a	n/a	n/a	n/a	1018.183216	n/a
1020.197074	0.000000	408079	ttl	5	n/a	n/a	n/a	n/a	n/a	n/a	n/a	n/a	n/a	n/a	n/a	n/a	n/a	n/a	n/a	n/a	n/a	n/a	n/a	n/a	1020.199559	n/a
1020.330168	0.000000	408132	stimulus_presentation	n/a	154	n/a	n/a	n/a	n/a	n/a	n/a	n/a	n/a	n/a	n/a	n/a	n/a	n/a	n/a	n/a	n/a	n/a	n/a	n/a	1020.332653	n/a
1020.330168	0.000000	408132	ttl	3	n/a	n/a	n/a	n/a	n/a	n/a	n/a	n/a	n/a	n/a	n/a	n/a	n/a	n/a	n/a	n/a	n/a	n/a	n/a	n/a	1020.332653	n/a
1022.346573	0.000000	408939	ttl	6	n/a	n/a	n/a	n/a	n/a	n/a	n/a	n/a	n/a	n/a	n/a	n/a	n/a	n/a	n/a	n/a	n/a	n/a	n/a	n/a	1022.349058	n/a
1025.030885	0.000000	410012	stimulus_presentation	n/a	204	n/a	n/a	n/a	n/a	n/a	n/a	n/a	n/a	n/a	n/a	n/a	n/a	n/a	n/a	n/a	n/a	n/a	n/a	n/a	1025.033370	n/a
1025.030885	0.000000	410012	ttl	7	n/a	n/a	n/a	n/a	n/a	n/a	n/a	n/a	n/a	n/a	n/a	n/a	n/a	n/a	n/a	n/a	n/a	n/a	n/a	n/a	1025.033370	n/a
1026.880759	0.000000	410752	ttl	8	n/a	n/a	n/a	n/a	n/a	n/a	n/a	n/a	n/a	n/a	n/a	n/a	n/a	n/a	n/a	n/a	n/a	n/a	n/a	n/a	1026.883244	n/a
1026.911228	6.991559	410764	sternberg_trial	n/a	n/a	441	0	0	441	1	1	1	1027.897806	1029.91443	0.0	0.0	0.0	0.0	1026.913713	1029.91443	1032.598742	1033.905272	intervals/trials	102	1026.913713	1033.905272
1026.911228	0.000000	410764	ttl	11	n/a	n/a	n/a	n/a	n/a	n/a	n/a	n/a	n/a	n/a	n/a	n/a	n/a	n/a	n/a	n/a	n/a	n/a	n/a	n/a	1026.913713	n/a
1027.895321	0.000000	411158	stimulus_presentation	n/a	211	n/a	n/a	n/a	n/a	n/a	n/a	n/a	n/a	n/a	n/a	n/a	n/a	n/a	n/a	n/a	n/a	n/a	n/a	n/a	1027.897806	n/a
1027.895321	0.000000	411158	ttl	1	n/a	n/a	n/a	n/a	n/a	n/a	n/a	n/a	n/a	n/a	n/a	n/a	n/a	n/a	n/a	n/a	n/a	n/a	n/a	n/a	1027.897806	n/a
1027.905321	0.000000	411162	stimulus_presentation	n/a	0	n/a	n/a	n/a	n/a	n/a	n/a	n/a	n/a	n/a	n/a	n/a	n/a	n/a	n/a	n/a	n/a	n/a	n/a	n/a	1027.907806	n/a
1027.915321	0.000000	411166	stimulus_presentation	n/a	0	n/a	n/a	n/a	n/a	n/a	n/a	n/a	n/a	n/a	n/a	n/a	n/a	n/a	n/a	n/a	n/a	n/a	n/a	n/a	1027.917806	n/a
1029.911946	0.000000	411965	ttl	6	n/a	n/a	n/a	n/a	n/a	n/a	n/a	n/a	n/a	n/a	n/a	n/a	n/a	n/a	n/a	n/a	n/a	n/a	n/a	n/a	1029.914430	n/a
1032.596257	0.000000	413039	stimulus_presentation	n/a	211	n/a	n/a	n/a	n/a	n/a	n/a	n/a	n/a	n/a	n/a	n/a	n/a	n/a	n/a	n/a	n/a	n/a	n/a	n/a	1032.598742	n/a
1032.596257	0.000000	413039	ttl	7	n/a	n/a	n/a	n/a	n/a	n/a	n/a	n/a	n/a	n/a	n/a	n/a	n/a	n/a	n/a	n/a	n/a	n/a	n/a	n/a	1032.598742	n/a
1033.902787	0.000000	413561	ttl	8	n/a	n/a	n/a	n/a	n/a	n/a	n/a	n/a	n/a	n/a	n/a	n/a	n/a	n/a	n/a	n/a	n/a	n/a	n/a	n/a	1033.905272	n/a
1033.926537	11.301621	413571	sternberg_trial	n/a	n/a	542	341	442	206	3	0	1	1034.914022	1036.9297709999998	1036.979865	1038.99602	1039.029395	1041.045582	1033.929022	1041.045582	1043.763362	1045.2306429999999	intervals/trials	103	1033.929022	1045.230643
1033.926537	0.000000	413571	ttl	11	n/a	n/a	n/a	n/a	n/a	n/a	n/a	n/a	n/a	n/a	n/a	n/a	n/a	n/a	n/a	n/a	n/a	n/a	n/a	n/a	1033.929022	n/a
1034.911537	0.000000	413965	stimulus_presentation	n/a	267	n/a	n/a	n/a	n/a	n/a	n/a	n/a	n/a	n/a	n/a	n/a	n/a	n/a	n/a	n/a	n/a	n/a	n/a	n/a	1034.914022	n/a
1034.911537	0.000000	413965	ttl	1	n/a	n/a	n/a	n/a	n/a	n/a	n/a	n/a	n/a	n/a	n/a	n/a	n/a	n/a	n/a	n/a	n/a	n/a	n/a	n/a	1034.914022	n/a
1036.927286	0.000000	414771	ttl	5	n/a	n/a	n/a	n/a	n/a	n/a	n/a	n/a	n/a	n/a	n/a	n/a	n/a	n/a	n/a	n/a	n/a	n/a	n/a	n/a	1036.929771	n/a
1036.977380	0.000000	414791	stimulus_presentation	n/a	155	n/a	n/a	n/a	n/a	n/a	n/a	n/a	n/a	n/a	n/a	n/a	n/a	n/a	n/a	n/a	n/a	n/a	n/a	n/a	1036.979865	n/a
1036.977380	0.000000	414791	ttl	2	n/a	n/a	n/a	n/a	n/a	n/a	n/a	n/a	n/a	n/a	n/a	n/a	n/a	n/a	n/a	n/a	n/a	n/a	n/a	n/a	1036.979865	n/a
1038.993536	0.000000	415597	ttl	5	n/a	n/a	n/a	n/a	n/a	n/a	n/a	n/a	n/a	n/a	n/a	n/a	n/a	n/a	n/a	n/a	n/a	n/a	n/a	n/a	1038.996020	n/a
1039.026910	0.000000	415611	stimulus_presentation	n/a	212	n/a	n/a	n/a	n/a	n/a	n/a	n/a	n/a	n/a	n/a	n/a	n/a	n/a	n/a	n/a	n/a	n/a	n/a	n/a	1039.029395	n/a
1039.026910	0.000000	415611	ttl	3	n/a	n/a	n/a	n/a	n/a	n/a	n/a	n/a	n/a	n/a	n/a	n/a	n/a	n/a	n/a	n/a	n/a	n/a	n/a	n/a	1039.029395	n/a
1041.043097	0.000000	416417	ttl	6	n/a	n/a	n/a	n/a	n/a	n/a	n/a	n/a	n/a	n/a	n/a	n/a	n/a	n/a	n/a	n/a	n/a	n/a	n/a	n/a	1041.045582	n/a
1043.760877	0.000000	417504	stimulus_presentation	n/a	63	n/a	n/a	n/a	n/a	n/a	n/a	n/a	n/a	n/a	n/a	n/a	n/a	n/a	n/a	n/a	n/a	n/a	n/a	n/a	1043.763362	n/a
1043.760877	0.000000	417504	ttl	7	n/a	n/a	n/a	n/a	n/a	n/a	n/a	n/a	n/a	n/a	n/a	n/a	n/a	n/a	n/a	n/a	n/a	n/a	n/a	n/a	1043.763362	n/a
1045.228158	0.000000	418091	ttl	8	n/a	n/a	n/a	n/a	n/a	n/a	n/a	n/a	n/a	n/a	n/a	n/a	n/a	n/a	n/a	n/a	n/a	n/a	n/a	n/a	1045.230643	n/a
1045.257876	11.599433	418103	sternberg_trial	n/a	n/a	543	145	443	318	3	0	1	1046.360986	1048.377548	1048.5110789999999	1050.5273909999999	1050.643672	1052.660015	1045.2603609999999	1052.660015	1055.294295	1056.859794	intervals/trials	104	1045.260361	1056.859794
1045.257876	0.000000	418103	ttl	11	n/a	n/a	n/a	n/a	n/a	n/a	n/a	n/a	n/a	n/a	n/a	n/a	n/a	n/a	n/a	n/a	n/a	n/a	n/a	n/a	1045.260361	n/a
1046.358501	0.000000	418543	stimulus_presentation	n/a	268	n/a	n/a	n/a	n/a	n/a	n/a	n/a	n/a	n/a	n/a	n/a	n/a	n/a	n/a	n/a	n/a	n/a	n/a	n/a	1046.360986	n/a
1046.358501	0.000000	418543	ttl	1	n/a	n/a	n/a	n/a	n/a	n/a	n/a	n/a	n/a	n/a	n/a	n/a	n/a	n/a	n/a	n/a	n/a	n/a	n/a	n/a	1046.360986	n/a
1048.375063	0.000000	419350	ttl	5	n/a	n/a	n/a	n/a	n/a	n/a	n/a	n/a	n/a	n/a	n/a	n/a	n/a	n/a	n/a	n/a	n/a	n/a	n/a	n/a	1048.377548	n/a
1048.508594	0.000000	419403	stimulus_presentation	n/a	45	n/a	n/a	n/a	n/a	n/a	n/a	n/a	n/a	n/a	n/a	n/a	n/a	n/a	n/a	n/a	n/a	n/a	n/a	n/a	1048.511079	n/a
1048.508594	0.000000	419403	ttl	2	n/a	n/a	n/a	n/a	n/a	n/a	n/a	n/a	n/a	n/a	n/a	n/a	n/a	n/a	n/a	n/a	n/a	n/a	n/a	n/a	1048.511079	n/a
1050.524906	0.000000	420210	ttl	5	n/a	n/a	n/a	n/a	n/a	n/a	n/a	n/a	n/a	n/a	n/a	n/a	n/a	n/a	n/a	n/a	n/a	n/a	n/a	n/a	1050.527391	n/a
1050.641187	0.000000	420256	stimulus_presentation	n/a	213	n/a	n/a	n/a	n/a	n/a	n/a	n/a	n/a	n/a	n/a	n/a	n/a	n/a	n/a	n/a	n/a	n/a	n/a	n/a	1050.643672	n/a
1050.641187	0.000000	420256	ttl	3	n/a	n/a	n/a	n/a	n/a	n/a	n/a	n/a	n/a	n/a	n/a	n/a	n/a	n/a	n/a	n/a	n/a	n/a	n/a	n/a	1050.643672	n/a
1052.657530	0.000000	421063	ttl	6	n/a	n/a	n/a	n/a	n/a	n/a	n/a	n/a	n/a	n/a	n/a	n/a	n/a	n/a	n/a	n/a	n/a	n/a	n/a	n/a	1052.660015	n/a
1055.291810	0.000000	422117	stimulus_presentation	n/a	132	n/a	n/a	n/a	n/a	n/a	n/a	n/a	n/a	n/a	n/a	n/a	n/a	n/a	n/a	n/a	n/a	n/a	n/a	n/a	1055.294295	n/a
1055.291810	0.000000	422117	ttl	7	n/a	n/a	n/a	n/a	n/a	n/a	n/a	n/a	n/a	n/a	n/a	n/a	n/a	n/a	n/a	n/a	n/a	n/a	n/a	n/a	1055.294295	n/a
1056.857309	0.000000	422743	ttl	8	n/a	n/a	n/a	n/a	n/a	n/a	n/a	n/a	n/a	n/a	n/a	n/a	n/a	n/a	n/a	n/a	n/a	n/a	n/a	n/a	1056.859794	n/a
1056.888778	11.549808	422756	sternberg_trial	n/a	n/a	544	242	444	142	3	0	1	1057.976169	1059.992012	1060.058574	1062.074823	1062.208198	1064.22426	1056.891263	1064.22426	1066.942134	1068.441071	intervals/trials	105	1056.891263	1068.441071
1056.888778	0.000000	422756	ttl	11	n/a	n/a	n/a	n/a	n/a	n/a	n/a	n/a	n/a	n/a	n/a	n/a	n/a	n/a	n/a	n/a	n/a	n/a	n/a	n/a	1056.891263	n/a
1057.973684	0.000000	423189	stimulus_presentation	n/a	269	n/a	n/a	n/a	n/a	n/a	n/a	n/a	n/a	n/a	n/a	n/a	n/a	n/a	n/a	n/a	n/a	n/a	n/a	n/a	1057.976169	n/a
1057.973684	0.000000	423189	ttl	1	n/a	n/a	n/a	n/a	n/a	n/a	n/a	n/a	n/a	n/a	n/a	n/a	n/a	n/a	n/a	n/a	n/a	n/a	n/a	n/a	1057.976169	n/a
1059.989527	0.000000	423996	ttl	5	n/a	n/a	n/a	n/a	n/a	n/a	n/a	n/a	n/a	n/a	n/a	n/a	n/a	n/a	n/a	n/a	n/a	n/a	n/a	n/a	1059.992012	n/a
1060.056089	0.000000	424022	stimulus_presentation	n/a	99	n/a	n/a	n/a	n/a	n/a	n/a	n/a	n/a	n/a	n/a	n/a	n/a	n/a	n/a	n/a	n/a	n/a	n/a	n/a	1060.058574	n/a
1060.056089	0.000000	424022	ttl	2	n/a	n/a	n/a	n/a	n/a	n/a	n/a	n/a	n/a	n/a	n/a	n/a	n/a	n/a	n/a	n/a	n/a	n/a	n/a	n/a	1060.058574	n/a
1062.072338	0.000000	424829	ttl	5	n/a	n/a	n/a	n/a	n/a	n/a	n/a	n/a	n/a	n/a	n/a	n/a	n/a	n/a	n/a	n/a	n/a	n/a	n/a	n/a	1062.074823	n/a
1062.205714	0.000000	424882	stimulus_presentation	n/a	214	n/a	n/a	n/a	n/a	n/a	n/a	n/a	n/a	n/a	n/a	n/a	n/a	n/a	n/a	n/a	n/a	n/a	n/a	n/a	1062.208198	n/a
1062.205714	0.000000	424882	ttl	3	n/a	n/a	n/a	n/a	n/a	n/a	n/a	n/a	n/a	n/a	n/a	n/a	n/a	n/a	n/a	n/a	n/a	n/a	n/a	n/a	1062.208198	n/a
1064.221775	0.000000	425689	ttl	6	n/a	n/a	n/a	n/a	n/a	n/a	n/a	n/a	n/a	n/a	n/a	n/a	n/a	n/a	n/a	n/a	n/a	n/a	n/a	n/a	1064.224260	n/a
1066.939649	0.000000	426776	stimulus_presentation	n/a	42	n/a	n/a	n/a	n/a	n/a	n/a	n/a	n/a	n/a	n/a	n/a	n/a	n/a	n/a	n/a	n/a	n/a	n/a	n/a	1066.942134	n/a
1066.939649	0.000000	426776	ttl	7	n/a	n/a	n/a	n/a	n/a	n/a	n/a	n/a	n/a	n/a	n/a	n/a	n/a	n/a	n/a	n/a	n/a	n/a	n/a	n/a	1066.942134	n/a
1068.438586	0.000000	427375	ttl	8	n/a	n/a	n/a	n/a	n/a	n/a	n/a	n/a	n/a	n/a	n/a	n/a	n/a	n/a	n/a	n/a	n/a	n/a	n/a	n/a	1068.441071	n/a
1068.469930	8.238715	427388	sternberg_trial	n/a	n/a	243	0	0	316	1	0	1	1069.523539	1071.539757	0.0	0.0	0.0	0.0	1068.472415	1071.539757	1074.14085	1076.71113	intervals/trials	106	1068.472415	1076.711130
1068.469930	0.000000	427388	ttl	11	n/a	n/a	n/a	n/a	n/a	n/a	n/a	n/a	n/a	n/a	n/a	n/a	n/a	n/a	n/a	n/a	n/a	n/a	n/a	n/a	1068.472415	n/a
1069.521054	0.000000	427808	stimulus_presentation	n/a	100	n/a	n/a	n/a	n/a	n/a	n/a	n/a	n/a	n/a	n/a	n/a	n/a	n/a	n/a	n/a	n/a	n/a	n/a	n/a	1069.523539	n/a
1069.521054	0.000000	427808	ttl	1	n/a	n/a	n/a	n/a	n/a	n/a	n/a	n/a	n/a	n/a	n/a	n/a	n/a	n/a	n/a	n/a	n/a	n/a	n/a	n/a	1069.523539	n/a
1069.531054	0.000000	427812	stimulus_presentation	n/a	0	n/a	n/a	n/a	n/a	n/a	n/a	n/a	n/a	n/a	n/a	n/a	n/a	n/a	n/a	n/a	n/a	n/a	n/a	n/a	1069.533539	n/a
1069.541054	0.000000	427816	stimulus_presentation	n/a	0	n/a	n/a	n/a	n/a	n/a	n/a	n/a	n/a	n/a	n/a	n/a	n/a	n/a	n/a	n/a	n/a	n/a	n/a	n/a	1069.543539	n/a
1071.537272	0.000000	428615	ttl	6	n/a	n/a	n/a	n/a	n/a	n/a	n/a	n/a	n/a	n/a	n/a	n/a	n/a	n/a	n/a	n/a	n/a	n/a	n/a	n/a	1071.539757	n/a
1074.138365	0.000000	429655	stimulus_presentation	n/a	130	n/a	n/a	n/a	n/a	n/a	n/a	n/a	n/a	n/a	n/a	n/a	n/a	n/a	n/a	n/a	n/a	n/a	n/a	n/a	1074.140850	n/a
1074.138365	0.000000	429655	ttl	7	n/a	n/a	n/a	n/a	n/a	n/a	n/a	n/a	n/a	n/a	n/a	n/a	n/a	n/a	n/a	n/a	n/a	n/a	n/a	n/a	1074.140850	n/a
1076.708645	0.000000	430683	ttl	8	n/a	n/a	n/a	n/a	n/a	n/a	n/a	n/a	n/a	n/a	n/a	n/a	n/a	n/a	n/a	n/a	n/a	n/a	n/a	n/a	1076.711130	n/a
1076.734770	11.603027	430694	sternberg_trial	n/a	n/a	244	146	342	146	3	1	1	1077.855317	1079.8710979999998	1079.904754	1081.921222	1082.120972	1084.137283	1076.737255	1084.137283	1086.904845	1088.340282	intervals/trials	107	1076.737255	1088.340282
1076.734770	0.000000	430694	ttl	11	n/a	n/a	n/a	n/a	n/a	n/a	n/a	n/a	n/a	n/a	n/a	n/a	n/a	n/a	n/a	n/a	n/a	n/a	n/a	n/a	1076.737255	n/a
1077.852832	0.000000	431141	stimulus_presentation	n/a	101	n/a	n/a	n/a	n/a	n/a	n/a	n/a	n/a	n/a	n/a	n/a	n/a	n/a	n/a	n/a	n/a	n/a	n/a	n/a	1077.855317	n/a
1077.852832	0.000000	431141	ttl	1	n/a	n/a	n/a	n/a	n/a	n/a	n/a	n/a	n/a	n/a	n/a	n/a	n/a	n/a	n/a	n/a	n/a	n/a	n/a	n/a	1077.855317	n/a
1079.868613	0.000000	431947	ttl	5	n/a	n/a	n/a	n/a	n/a	n/a	n/a	n/a	n/a	n/a	n/a	n/a	n/a	n/a	n/a	n/a	n/a	n/a	n/a	n/a	1079.871098	n/a
1079.902269	0.000000	431961	stimulus_presentation	n/a	46	n/a	n/a	n/a	n/a	n/a	n/a	n/a	n/a	n/a	n/a	n/a	n/a	n/a	n/a	n/a	n/a	n/a	n/a	n/a	1079.904754	n/a
1079.902269	0.000000	431961	ttl	2	n/a	n/a	n/a	n/a	n/a	n/a	n/a	n/a	n/a	n/a	n/a	n/a	n/a	n/a	n/a	n/a	n/a	n/a	n/a	n/a	1079.904754	n/a
1081.918737	0.000000	432767	ttl	5	n/a	n/a	n/a	n/a	n/a	n/a	n/a	n/a	n/a	n/a	n/a	n/a	n/a	n/a	n/a	n/a	n/a	n/a	n/a	n/a	1081.921222	n/a
1082.118487	0.000000	432847	stimulus_presentation	n/a	156	n/a	n/a	n/a	n/a	n/a	n/a	n/a	n/a	n/a	n/a	n/a	n/a	n/a	n/a	n/a	n/a	n/a	n/a	n/a	1082.120972	n/a
1082.118487	0.000000	432847	ttl	3	n/a	n/a	n/a	n/a	n/a	n/a	n/a	n/a	n/a	n/a	n/a	n/a	n/a	n/a	n/a	n/a	n/a	n/a	n/a	n/a	1082.120972	n/a
1084.134798	0.000000	433654	ttl	6	n/a	n/a	n/a	n/a	n/a	n/a	n/a	n/a	n/a	n/a	n/a	n/a	n/a	n/a	n/a	n/a	n/a	n/a	n/a	n/a	1084.137283	n/a
1086.902360	0.000000	434761	stimulus_presentation	n/a	46	n/a	n/a	n/a	n/a	n/a	n/a	n/a	n/a	n/a	n/a	n/a	n/a	n/a	n/a	n/a	n/a	n/a	n/a	n/a	1086.904845	n/a
1086.902360	0.000000	434761	ttl	7	n/a	n/a	n/a	n/a	n/a	n/a	n/a	n/a	n/a	n/a	n/a	n/a	n/a	n/a	n/a	n/a	n/a	n/a	n/a	n/a	1086.904845	n/a
1088.337797	0.000000	435335	ttl	8	n/a	n/a	n/a	n/a	n/a	n/a	n/a	n/a	n/a	n/a	n/a	n/a	n/a	n/a	n/a	n/a	n/a	n/a	n/a	n/a	1088.340282	n/a
1088.366265	7.073873	435347	sternberg_trial	n/a	n/a	343	0	0	343	1	1	1	1089.569469	1091.584687	0.0	0.0	0.0	0.0	1088.3687499999999	1091.584687	1094.40131	1095.442623	intervals/trials	108	1088.368750	1095.442623
1088.366265	0.000000	435347	ttl	11	n/a	n/a	n/a	n/a	n/a	n/a	n/a	n/a	n/a	n/a	n/a	n/a	n/a	n/a	n/a	n/a	n/a	n/a	n/a	n/a	1088.368750	n/a
1089.566984	0.000000	435827	stimulus_presentation	n/a	157	n/a	n/a	n/a	n/a	n/a	n/a	n/a	n/a	n/a	n/a	n/a	n/a	n/a	n/a	n/a	n/a	n/a	n/a	n/a	1089.569469	n/a
1089.566984	0.000000	435827	ttl	1	n/a	n/a	n/a	n/a	n/a	n/a	n/a	n/a	n/a	n/a	n/a	n/a	n/a	n/a	n/a	n/a	n/a	n/a	n/a	n/a	1089.569469	n/a
1089.576984	0.000000	435831	stimulus_presentation	n/a	0	n/a	n/a	n/a	n/a	n/a	n/a	n/a	n/a	n/a	n/a	n/a	n/a	n/a	n/a	n/a	n/a	n/a	n/a	n/a	1089.579469	n/a
1089.586984	0.000000	435835	stimulus_presentation	n/a	0	n/a	n/a	n/a	n/a	n/a	n/a	n/a	n/a	n/a	n/a	n/a	n/a	n/a	n/a	n/a	n/a	n/a	n/a	n/a	1089.589469	n/a
1091.582202	0.000000	436633	ttl	6	n/a	n/a	n/a	n/a	n/a	n/a	n/a	n/a	n/a	n/a	n/a	n/a	n/a	n/a	n/a	n/a	n/a	n/a	n/a	n/a	1091.584687	n/a
1094.398825	0.000000	437760	stimulus_presentation	n/a	157	n/a	n/a	n/a	n/a	n/a	n/a	n/a	n/a	n/a	n/a	n/a	n/a	n/a	n/a	n/a	n/a	n/a	n/a	n/a	1094.401310	n/a
1094.398825	0.000000	437760	ttl	7	n/a	n/a	n/a	n/a	n/a	n/a	n/a	n/a	n/a	n/a	n/a	n/a	n/a	n/a	n/a	n/a	n/a	n/a	n/a	n/a	1094.401310	n/a
1095.440138	0.000000	438176	ttl	8	n/a	n/a	n/a	n/a	n/a	n/a	n/a	n/a	n/a	n/a	n/a	n/a	n/a	n/a	n/a	n/a	n/a	n/a	n/a	n/a	1095.442623	n/a
1095.464919	11.172620	438186	sternberg_trial	n/a	n/a	445	344	245	127	3	0	1	1096.4674029999999	1098.483403	1098.566371	1100.582933	1100.616308	1102.632588	1095.467404	1102.632588	1105.265931	1106.640024	intervals/trials	109	1095.467404	1106.640024
1095.464919	0.000000	438186	ttl	11	n/a	n/a	n/a	n/a	n/a	n/a	n/a	n/a	n/a	n/a	n/a	n/a	n/a	n/a	n/a	n/a	n/a	n/a	n/a	n/a	1095.467404	n/a
1096.464918	0.000000	438586	stimulus_presentation	n/a	215	n/a	n/a	n/a	n/a	n/a	n/a	n/a	n/a	n/a	n/a	n/a	n/a	n/a	n/a	n/a	n/a	n/a	n/a	n/a	1096.467403	n/a
1096.464918	0.000000	438586	ttl	1	n/a	n/a	n/a	n/a	n/a	n/a	n/a	n/a	n/a	n/a	n/a	n/a	n/a	n/a	n/a	n/a	n/a	n/a	n/a	n/a	1096.467403	n/a
1098.480918	0.000000	439392	ttl	5	n/a	n/a	n/a	n/a	n/a	n/a	n/a	n/a	n/a	n/a	n/a	n/a	n/a	n/a	n/a	n/a	n/a	n/a	n/a	n/a	1098.483403	n/a
1098.563886	0.000000	439426	stimulus_presentation	n/a	158	n/a	n/a	n/a	n/a	n/a	n/a	n/a	n/a	n/a	n/a	n/a	n/a	n/a	n/a	n/a	n/a	n/a	n/a	n/a	1098.566371	n/a
1098.563886	0.000000	439426	ttl	2	n/a	n/a	n/a	n/a	n/a	n/a	n/a	n/a	n/a	n/a	n/a	n/a	n/a	n/a	n/a	n/a	n/a	n/a	n/a	n/a	1098.566371	n/a
1100.580448	0.000000	440232	ttl	5	n/a	n/a	n/a	n/a	n/a	n/a	n/a	n/a	n/a	n/a	n/a	n/a	n/a	n/a	n/a	n/a	n/a	n/a	n/a	n/a	1100.582933	n/a
1100.613823	0.000000	440246	stimulus_presentation	n/a	102	n/a	n/a	n/a	n/a	n/a	n/a	n/a	n/a	n/a	n/a	n/a	n/a	n/a	n/a	n/a	n/a	n/a	n/a	n/a	1100.616308	n/a
1100.613823	0.000000	440246	ttl	3	n/a	n/a	n/a	n/a	n/a	n/a	n/a	n/a	n/a	n/a	n/a	n/a	n/a	n/a	n/a	n/a	n/a	n/a	n/a	n/a	1100.616308	n/a
1102.630103	0.000000	441052	ttl	6	n/a	n/a	n/a	n/a	n/a	n/a	n/a	n/a	n/a	n/a	n/a	n/a	n/a	n/a	n/a	n/a	n/a	n/a	n/a	n/a	1102.632588	n/a
1105.263446	0.000000	442105	stimulus_presentation	n/a	27	n/a	n/a	n/a	n/a	n/a	n/a	n/a	n/a	n/a	n/a	n/a	n/a	n/a	n/a	n/a	n/a	n/a	n/a	n/a	1105.265931	n/a
1105.263446	0.000000	442105	ttl	7	n/a	n/a	n/a	n/a	n/a	n/a	n/a	n/a	n/a	n/a	n/a	n/a	n/a	n/a	n/a	n/a	n/a	n/a	n/a	n/a	1105.265931	n/a
1106.637540	0.000000	442655	ttl	8	n/a	n/a	n/a	n/a	n/a	n/a	n/a	n/a	n/a	n/a	n/a	n/a	n/a	n/a	n/a	n/a	n/a	n/a	n/a	n/a	1106.640024	n/a
1106.662664	11.380058	442665	sternberg_trial	n/a	n/a	147	246	545	545	3	1	1	1107.699711	1109.715804	1109.832461	1111.848647	1111.998647	1114.015115	1106.665149	1114.015115	1116.666395	1118.045207	intervals/trials	110	1106.665149	1118.045207
1106.662664	0.000000	442665	ttl	11	n/a	n/a	n/a	n/a	n/a	n/a	n/a	n/a	n/a	n/a	n/a	n/a	n/a	n/a	n/a	n/a	n/a	n/a	n/a	n/a	1106.665149	n/a
1107.697226	0.000000	443079	stimulus_presentation	n/a	47	n/a	n/a	n/a	n/a	n/a	n/a	n/a	n/a	n/a	n/a	n/a	n/a	n/a	n/a	n/a	n/a	n/a	n/a	n/a	1107.699711	n/a
1107.697226	0.000000	443079	ttl	1	n/a	n/a	n/a	n/a	n/a	n/a	n/a	n/a	n/a	n/a	n/a	n/a	n/a	n/a	n/a	n/a	n/a	n/a	n/a	n/a	1107.699711	n/a
1109.713319	0.000000	443885	ttl	5	n/a	n/a	n/a	n/a	n/a	n/a	n/a	n/a	n/a	n/a	n/a	n/a	n/a	n/a	n/a	n/a	n/a	n/a	n/a	n/a	1109.715804	n/a
1109.829976	0.000000	443932	stimulus_presentation	n/a	103	n/a	n/a	n/a	n/a	n/a	n/a	n/a	n/a	n/a	n/a	n/a	n/a	n/a	n/a	n/a	n/a	n/a	n/a	n/a	1109.832461	n/a
1109.829976	0.000000	443932	ttl	2	n/a	n/a	n/a	n/a	n/a	n/a	n/a	n/a	n/a	n/a	n/a	n/a	n/a	n/a	n/a	n/a	n/a	n/a	n/a	n/a	1109.832461	n/a
1111.846162	0.000000	444738	ttl	5	n/a	n/a	n/a	n/a	n/a	n/a	n/a	n/a	n/a	n/a	n/a	n/a	n/a	n/a	n/a	n/a	n/a	n/a	n/a	n/a	1111.848647	n/a
1111.996162	0.000000	444798	stimulus_presentation	n/a	270	n/a	n/a	n/a	n/a	n/a	n/a	n/a	n/a	n/a	n/a	n/a	n/a	n/a	n/a	n/a	n/a	n/a	n/a	n/a	1111.998647	n/a
1111.996162	0.000000	444798	ttl	3	n/a	n/a	n/a	n/a	n/a	n/a	n/a	n/a	n/a	n/a	n/a	n/a	n/a	n/a	n/a	n/a	n/a	n/a	n/a	n/a	1111.998647	n/a
1114.012630	0.000000	445605	ttl	6	n/a	n/a	n/a	n/a	n/a	n/a	n/a	n/a	n/a	n/a	n/a	n/a	n/a	n/a	n/a	n/a	n/a	n/a	n/a	n/a	1114.015115	n/a
1116.663910	0.000000	446666	stimulus_presentation	n/a	270	n/a	n/a	n/a	n/a	n/a	n/a	n/a	n/a	n/a	n/a	n/a	n/a	n/a	n/a	n/a	n/a	n/a	n/a	n/a	1116.666395	n/a
1116.663910	0.000000	446666	ttl	7	n/a	n/a	n/a	n/a	n/a	n/a	n/a	n/a	n/a	n/a	n/a	n/a	n/a	n/a	n/a	n/a	n/a	n/a	n/a	n/a	1116.666395	n/a
1118.042722	0.000000	447217	ttl	8	n/a	n/a	n/a	n/a	n/a	n/a	n/a	n/a	n/a	n/a	n/a	n/a	n/a	n/a	n/a	n/a	n/a	n/a	n/a	n/a	1118.045207	n/a
1118.077222	11.274808	447231	sternberg_trial	n/a	n/a	446	148	546	337	3	0	1	1119.163644	1121.180018	1121.279581	1123.296799	1123.329861	1125.3460479999999	1118.0797069999999	1125.3460479999999	1128.0138279999999	1129.354515	intervals/trials	111	1118.079707	1129.354515
1118.077222	0.000000	447231	ttl	11	n/a	n/a	n/a	n/a	n/a	n/a	n/a	n/a	n/a	n/a	n/a	n/a	n/a	n/a	n/a	n/a	n/a	n/a	n/a	n/a	1118.079707	n/a
1119.161159	0.000000	447664	stimulus_presentation	n/a	216	n/a	n/a	n/a	n/a	n/a	n/a	n/a	n/a	n/a	n/a	n/a	n/a	n/a	n/a	n/a	n/a	n/a	n/a	n/a	1119.163644	n/a
1119.161159	0.000000	447664	ttl	1	n/a	n/a	n/a	n/a	n/a	n/a	n/a	n/a	n/a	n/a	n/a	n/a	n/a	n/a	n/a	n/a	n/a	n/a	n/a	n/a	1119.163644	n/a
1121.177533	0.000000	448471	ttl	5	n/a	n/a	n/a	n/a	n/a	n/a	n/a	n/a	n/a	n/a	n/a	n/a	n/a	n/a	n/a	n/a	n/a	n/a	n/a	n/a	1121.180018	n/a
1121.277096	0.000000	448511	stimulus_presentation	n/a	48	n/a	n/a	n/a	n/a	n/a	n/a	n/a	n/a	n/a	n/a	n/a	n/a	n/a	n/a	n/a	n/a	n/a	n/a	n/a	1121.279581	n/a
1121.277096	0.000000	448511	ttl	2	n/a	n/a	n/a	n/a	n/a	n/a	n/a	n/a	n/a	n/a	n/a	n/a	n/a	n/a	n/a	n/a	n/a	n/a	n/a	n/a	1121.279581	n/a
1123.294314	0.000000	449318	ttl	5	n/a	n/a	n/a	n/a	n/a	n/a	n/a	n/a	n/a	n/a	n/a	n/a	n/a	n/a	n/a	n/a	n/a	n/a	n/a	n/a	1123.296799	n/a
1123.327376	0.000000	449331	stimulus_presentation	n/a	271	n/a	n/a	n/a	n/a	n/a	n/a	n/a	n/a	n/a	n/a	n/a	n/a	n/a	n/a	n/a	n/a	n/a	n/a	n/a	1123.329861	n/a
1123.327376	0.000000	449331	ttl	3	n/a	n/a	n/a	n/a	n/a	n/a	n/a	n/a	n/a	n/a	n/a	n/a	n/a	n/a	n/a	n/a	n/a	n/a	n/a	n/a	1123.329861	n/a
1125.343563	0.000000	450137	ttl	6	n/a	n/a	n/a	n/a	n/a	n/a	n/a	n/a	n/a	n/a	n/a	n/a	n/a	n/a	n/a	n/a	n/a	n/a	n/a	n/a	1125.346048	n/a
1128.011343	0.000000	451205	stimulus_presentation	n/a	151	n/a	n/a	n/a	n/a	n/a	n/a	n/a	n/a	n/a	n/a	n/a	n/a	n/a	n/a	n/a	n/a	n/a	n/a	n/a	1128.013828	n/a
1128.011343	0.000000	451205	ttl	7	n/a	n/a	n/a	n/a	n/a	n/a	n/a	n/a	n/a	n/a	n/a	n/a	n/a	n/a	n/a	n/a	n/a	n/a	n/a	n/a	1128.013828	n/a
1129.352030	0.000000	451741	ttl	8	n/a	n/a	n/a	n/a	n/a	n/a	n/a	n/a	n/a	n/a	n/a	n/a	n/a	n/a	n/a	n/a	n/a	n/a	n/a	n/a	1129.354515	n/a
1129.374969	6.711466	451750	sternberg_trial	n/a	n/a	149	0	0	149	1	1	1	1130.428984	1132.4447949999999	0.0	0.0	0.0	0.0	1129.377453	1132.4447949999999	1135.262575	1136.088919	intervals/trials	112	1129.377453	1136.088919
1129.374969	0.000000	451750	ttl	11	n/a	n/a	n/a	n/a	n/a	n/a	n/a	n/a	n/a	n/a	n/a	n/a	n/a	n/a	n/a	n/a	n/a	n/a	n/a	n/a	1129.377453	n/a
1130.426499	0.000000	452171	stimulus_presentation	n/a	49	n/a	n/a	n/a	n/a	n/a	n/a	n/a	n/a	n/a	n/a	n/a	n/a	n/a	n/a	n/a	n/a	n/a	n/a	n/a	1130.428984	n/a
1130.426499	0.000000	452171	ttl	1	n/a	n/a	n/a	n/a	n/a	n/a	n/a	n/a	n/a	n/a	n/a	n/a	n/a	n/a	n/a	n/a	n/a	n/a	n/a	n/a	1130.428984	n/a
1130.436499	0.000000	452175	stimulus_presentation	n/a	0	n/a	n/a	n/a	n/a	n/a	n/a	n/a	n/a	n/a	n/a	n/a	n/a	n/a	n/a	n/a	n/a	n/a	n/a	n/a	1130.438984	n/a
1130.446499	0.000000	452179	stimulus_presentation	n/a	0	n/a	n/a	n/a	n/a	n/a	n/a	n/a	n/a	n/a	n/a	n/a	n/a	n/a	n/a	n/a	n/a	n/a	n/a	n/a	1130.448984	n/a
1132.442310	0.000000	452977	ttl	6	n/a	n/a	n/a	n/a	n/a	n/a	n/a	n/a	n/a	n/a	n/a	n/a	n/a	n/a	n/a	n/a	n/a	n/a	n/a	n/a	1132.444795	n/a
1135.260090	0.000000	454104	stimulus_presentation	n/a	49	n/a	n/a	n/a	n/a	n/a	n/a	n/a	n/a	n/a	n/a	n/a	n/a	n/a	n/a	n/a	n/a	n/a	n/a	n/a	1135.262575	n/a
1135.260090	0.000000	454104	ttl	7	n/a	n/a	n/a	n/a	n/a	n/a	n/a	n/a	n/a	n/a	n/a	n/a	n/a	n/a	n/a	n/a	n/a	n/a	n/a	n/a	1135.262575	n/a
1136.086434	0.000000	454435	ttl	8	n/a	n/a	n/a	n/a	n/a	n/a	n/a	n/a	n/a	n/a	n/a	n/a	n/a	n/a	n/a	n/a	n/a	n/a	n/a	n/a	1136.088919	n/a
1136.107059	12.168526	454443	sternberg_trial	n/a	n/a	150	547	345	444	3	0	1	1137.193606	1139.210417	1139.309792	1141.32626	1141.442667	1143.459103	1136.109544	1143.459103	1146.241758	1148.2780699999998	intervals/trials	113	1136.109544	1148.278070
1136.107059	0.000000	454443	ttl	11	n/a	n/a	n/a	n/a	n/a	n/a	n/a	n/a	n/a	n/a	n/a	n/a	n/a	n/a	n/a	n/a	n/a	n/a	n/a	n/a	1136.109544	n/a
1137.191122	0.000000	454876	stimulus_presentation	n/a	50	n/a	n/a	n/a	n/a	n/a	n/a	n/a	n/a	n/a	n/a	n/a	n/a	n/a	n/a	n/a	n/a	n/a	n/a	n/a	1137.193606	n/a
1137.191122	0.000000	454876	ttl	1	n/a	n/a	n/a	n/a	n/a	n/a	n/a	n/a	n/a	n/a	n/a	n/a	n/a	n/a	n/a	n/a	n/a	n/a	n/a	n/a	1137.193606	n/a
1139.207932	0.000000	455683	ttl	5	n/a	n/a	n/a	n/a	n/a	n/a	n/a	n/a	n/a	n/a	n/a	n/a	n/a	n/a	n/a	n/a	n/a	n/a	n/a	n/a	1139.210417	n/a
1139.307307	0.000000	455723	stimulus_presentation	n/a	272	n/a	n/a	n/a	n/a	n/a	n/a	n/a	n/a	n/a	n/a	n/a	n/a	n/a	n/a	n/a	n/a	n/a	n/a	n/a	1139.309792	n/a
1139.307307	0.000000	455723	ttl	2	n/a	n/a	n/a	n/a	n/a	n/a	n/a	n/a	n/a	n/a	n/a	n/a	n/a	n/a	n/a	n/a	n/a	n/a	n/a	n/a	1139.309792	n/a
1141.323776	0.000000	456530	ttl	5	n/a	n/a	n/a	n/a	n/a	n/a	n/a	n/a	n/a	n/a	n/a	n/a	n/a	n/a	n/a	n/a	n/a	n/a	n/a	n/a	1141.326260	n/a
1141.440182	0.000000	456576	stimulus_presentation	n/a	159	n/a	n/a	n/a	n/a	n/a	n/a	n/a	n/a	n/a	n/a	n/a	n/a	n/a	n/a	n/a	n/a	n/a	n/a	n/a	1141.442667	n/a
1141.440182	0.000000	456576	ttl	3	n/a	n/a	n/a	n/a	n/a	n/a	n/a	n/a	n/a	n/a	n/a	n/a	n/a	n/a	n/a	n/a	n/a	n/a	n/a	n/a	1141.442667	n/a
1143.456618	0.000000	457383	ttl	6	n/a	n/a	n/a	n/a	n/a	n/a	n/a	n/a	n/a	n/a	n/a	n/a	n/a	n/a	n/a	n/a	n/a	n/a	n/a	n/a	1143.459103	n/a
1146.239273	0.000000	458496	stimulus_presentation	n/a	214	n/a	n/a	n/a	n/a	n/a	n/a	n/a	n/a	n/a	n/a	n/a	n/a	n/a	n/a	n/a	n/a	n/a	n/a	n/a	1146.241758	n/a
1146.239273	0.000000	458496	ttl	7	n/a	n/a	n/a	n/a	n/a	n/a	n/a	n/a	n/a	n/a	n/a	n/a	n/a	n/a	n/a	n/a	n/a	n/a	n/a	n/a	1146.241758	n/a
1148.275585	0.000000	459310	ttl	8	n/a	n/a	n/a	n/a	n/a	n/a	n/a	n/a	n/a	n/a	n/a	n/a	n/a	n/a	n/a	n/a	n/a	n/a	n/a	n/a	1148.278070	n/a
1148.304710	11.152214	459322	sternberg_trial	n/a	n/a	151	346	548	446	3	0	1	1149.324601	1151.34085	1151.3745999999999	1153.390756	1153.507474	1155.523661	1148.3071949999999	1155.523661	1158.156597	1159.459409	intervals/trials	114	1148.307195	1159.459409
1148.304710	0.000000	459322	ttl	11	n/a	n/a	n/a	n/a	n/a	n/a	n/a	n/a	n/a	n/a	n/a	n/a	n/a	n/a	n/a	n/a	n/a	n/a	n/a	n/a	1148.307195	n/a
1149.322116	0.000000	459729	stimulus_presentation	n/a	51	n/a	n/a	n/a	n/a	n/a	n/a	n/a	n/a	n/a	n/a	n/a	n/a	n/a	n/a	n/a	n/a	n/a	n/a	n/a	1149.324601	n/a
1149.322116	0.000000	459729	ttl	1	n/a	n/a	n/a	n/a	n/a	n/a	n/a	n/a	n/a	n/a	n/a	n/a	n/a	n/a	n/a	n/a	n/a	n/a	n/a	n/a	1149.324601	n/a
1151.338366	0.000000	460535	ttl	5	n/a	n/a	n/a	n/a	n/a	n/a	n/a	n/a	n/a	n/a	n/a	n/a	n/a	n/a	n/a	n/a	n/a	n/a	n/a	n/a	1151.340850	n/a
1151.372115	0.000000	460549	stimulus_presentation	n/a	160	n/a	n/a	n/a	n/a	n/a	n/a	n/a	n/a	n/a	n/a	n/a	n/a	n/a	n/a	n/a	n/a	n/a	n/a	n/a	1151.374600	n/a
1151.372115	0.000000	460549	ttl	2	n/a	n/a	n/a	n/a	n/a	n/a	n/a	n/a	n/a	n/a	n/a	n/a	n/a	n/a	n/a	n/a	n/a	n/a	n/a	n/a	1151.374600	n/a
1153.388271	0.000000	461355	ttl	5	n/a	n/a	n/a	n/a	n/a	n/a	n/a	n/a	n/a	n/a	n/a	n/a	n/a	n/a	n/a	n/a	n/a	n/a	n/a	n/a	1153.390756	n/a
1153.504989	0.000000	461402	stimulus_presentation	n/a	273	n/a	n/a	n/a	n/a	n/a	n/a	n/a	n/a	n/a	n/a	n/a	n/a	n/a	n/a	n/a	n/a	n/a	n/a	n/a	1153.507474	n/a
1153.504989	0.000000	461402	ttl	3	n/a	n/a	n/a	n/a	n/a	n/a	n/a	n/a	n/a	n/a	n/a	n/a	n/a	n/a	n/a	n/a	n/a	n/a	n/a	n/a	1153.507474	n/a
1155.521176	0.000000	462208	ttl	6	n/a	n/a	n/a	n/a	n/a	n/a	n/a	n/a	n/a	n/a	n/a	n/a	n/a	n/a	n/a	n/a	n/a	n/a	n/a	n/a	1155.523661	n/a
1158.154112	0.000000	463262	stimulus_presentation	n/a	216	n/a	n/a	n/a	n/a	n/a	n/a	n/a	n/a	n/a	n/a	n/a	n/a	n/a	n/a	n/a	n/a	n/a	n/a	n/a	1158.156597	n/a
1158.154112	0.000000	463262	ttl	7	n/a	n/a	n/a	n/a	n/a	n/a	n/a	n/a	n/a	n/a	n/a	n/a	n/a	n/a	n/a	n/a	n/a	n/a	n/a	n/a	1158.156597	n/a
1159.456925	0.000000	463783	ttl	8	n/a	n/a	n/a	n/a	n/a	n/a	n/a	n/a	n/a	n/a	n/a	n/a	n/a	n/a	n/a	n/a	n/a	n/a	n/a	n/a	1159.459409	n/a
1159.502331	11.327745	463801	sternberg_trial	n/a	n/a	447	347	247	447	3	1	1	1160.655034	1162.6712519999999	1162.771283	1164.788595	1164.988688	1167.004906	1159.504816	1167.004906	1169.655687	1170.832561	intervals/trials	115	1159.504816	1170.832561
1159.502331	0.000000	463801	ttl	11	n/a	n/a	n/a	n/a	n/a	n/a	n/a	n/a	n/a	n/a	n/a	n/a	n/a	n/a	n/a	n/a	n/a	n/a	n/a	n/a	1159.504816	n/a
1160.652549	0.000000	464261	stimulus_presentation	n/a	217	n/a	n/a	n/a	n/a	n/a	n/a	n/a	n/a	n/a	n/a	n/a	n/a	n/a	n/a	n/a	n/a	n/a	n/a	n/a	1160.655034	n/a
1160.652549	0.000000	464261	ttl	1	n/a	n/a	n/a	n/a	n/a	n/a	n/a	n/a	n/a	n/a	n/a	n/a	n/a	n/a	n/a	n/a	n/a	n/a	n/a	n/a	1160.655034	n/a
1162.668767	0.000000	465068	ttl	5	n/a	n/a	n/a	n/a	n/a	n/a	n/a	n/a	n/a	n/a	n/a	n/a	n/a	n/a	n/a	n/a	n/a	n/a	n/a	n/a	1162.671252	n/a
1162.768799	0.000000	465108	stimulus_presentation	n/a	161	n/a	n/a	n/a	n/a	n/a	n/a	n/a	n/a	n/a	n/a	n/a	n/a	n/a	n/a	n/a	n/a	n/a	n/a	n/a	1162.771283	n/a
1162.768799	0.000000	465108	ttl	2	n/a	n/a	n/a	n/a	n/a	n/a	n/a	n/a	n/a	n/a	n/a	n/a	n/a	n/a	n/a	n/a	n/a	n/a	n/a	n/a	1162.771283	n/a
1164.786110	0.000000	465914	ttl	5	n/a	n/a	n/a	n/a	n/a	n/a	n/a	n/a	n/a	n/a	n/a	n/a	n/a	n/a	n/a	n/a	n/a	n/a	n/a	n/a	1164.788595	n/a
1164.986203	0.000000	465994	stimulus_presentation	n/a	104	n/a	n/a	n/a	n/a	n/a	n/a	n/a	n/a	n/a	n/a	n/a	n/a	n/a	n/a	n/a	n/a	n/a	n/a	n/a	1164.988688	n/a
1164.986203	0.000000	465994	ttl	3	n/a	n/a	n/a	n/a	n/a	n/a	n/a	n/a	n/a	n/a	n/a	n/a	n/a	n/a	n/a	n/a	n/a	n/a	n/a	n/a	1164.988688	n/a
1167.002421	0.000000	466801	ttl	6	n/a	n/a	n/a	n/a	n/a	n/a	n/a	n/a	n/a	n/a	n/a	n/a	n/a	n/a	n/a	n/a	n/a	n/a	n/a	n/a	1167.004906	n/a
1169.653202	0.000000	467861	stimulus_presentation	n/a	217	n/a	n/a	n/a	n/a	n/a	n/a	n/a	n/a	n/a	n/a	n/a	n/a	n/a	n/a	n/a	n/a	n/a	n/a	n/a	1169.655687	n/a
1169.653202	0.000000	467861	ttl	7	n/a	n/a	n/a	n/a	n/a	n/a	n/a	n/a	n/a	n/a	n/a	n/a	n/a	n/a	n/a	n/a	n/a	n/a	n/a	n/a	1169.655687	n/a
1170.830076	0.000000	468332	ttl	8	n/a	n/a	n/a	n/a	n/a	n/a	n/a	n/a	n/a	n/a	n/a	n/a	n/a	n/a	n/a	n/a	n/a	n/a	n/a	n/a	1170.832561	n/a
1170.850357	11.545027	468340	sternberg_trial	n/a	n/a	549	448	348	119	3	0	1	1171.887342	1173.90356	1174.037153	1176.0530899999999	1176.136559	1178.152746	1170.852842	1178.152746	1180.753588	1182.397869	intervals/trials	116	1170.852842	1182.397869
1170.850357	0.000000	468340	ttl	11	n/a	n/a	n/a	n/a	n/a	n/a	n/a	n/a	n/a	n/a	n/a	n/a	n/a	n/a	n/a	n/a	n/a	n/a	n/a	n/a	1170.852842	n/a
1171.884857	0.000000	468754	stimulus_presentation	n/a	274	n/a	n/a	n/a	n/a	n/a	n/a	n/a	n/a	n/a	n/a	n/a	n/a	n/a	n/a	n/a	n/a	n/a	n/a	n/a	1171.887342	n/a
1171.884857	0.000000	468754	ttl	1	n/a	n/a	n/a	n/a	n/a	n/a	n/a	n/a	n/a	n/a	n/a	n/a	n/a	n/a	n/a	n/a	n/a	n/a	n/a	n/a	1171.887342	n/a
1173.901075	0.000000	469560	ttl	5	n/a	n/a	n/a	n/a	n/a	n/a	n/a	n/a	n/a	n/a	n/a	n/a	n/a	n/a	n/a	n/a	n/a	n/a	n/a	n/a	1173.903560	n/a
1174.034668	0.000000	469614	stimulus_presentation	n/a	218	n/a	n/a	n/a	n/a	n/a	n/a	n/a	n/a	n/a	n/a	n/a	n/a	n/a	n/a	n/a	n/a	n/a	n/a	n/a	1174.037153	n/a
1174.034668	0.000000	469614	ttl	2	n/a	n/a	n/a	n/a	n/a	n/a	n/a	n/a	n/a	n/a	n/a	n/a	n/a	n/a	n/a	n/a	n/a	n/a	n/a	n/a	1174.037153	n/a
1176.050605	0.000000	470420	ttl	5	n/a	n/a	n/a	n/a	n/a	n/a	n/a	n/a	n/a	n/a	n/a	n/a	n/a	n/a	n/a	n/a	n/a	n/a	n/a	n/a	1176.053090	n/a
1176.134074	0.000000	470454	stimulus_presentation	n/a	162	n/a	n/a	n/a	n/a	n/a	n/a	n/a	n/a	n/a	n/a	n/a	n/a	n/a	n/a	n/a	n/a	n/a	n/a	n/a	1176.136559	n/a
1176.134074	0.000000	470454	ttl	3	n/a	n/a	n/a	n/a	n/a	n/a	n/a	n/a	n/a	n/a	n/a	n/a	n/a	n/a	n/a	n/a	n/a	n/a	n/a	n/a	1176.136559	n/a
1178.150261	0.000000	471260	ttl	6	n/a	n/a	n/a	n/a	n/a	n/a	n/a	n/a	n/a	n/a	n/a	n/a	n/a	n/a	n/a	n/a	n/a	n/a	n/a	n/a	1178.152746	n/a
1180.751103	0.000000	472300	stimulus_presentation	n/a	19	n/a	n/a	n/a	n/a	n/a	n/a	n/a	n/a	n/a	n/a	n/a	n/a	n/a	n/a	n/a	n/a	n/a	n/a	n/a	1180.753588	n/a
1180.751103	0.000000	472300	ttl	7	n/a	n/a	n/a	n/a	n/a	n/a	n/a	n/a	n/a	n/a	n/a	n/a	n/a	n/a	n/a	n/a	n/a	n/a	n/a	n/a	1180.753588	n/a
1182.395384	0.000000	472958	ttl	8	n/a	n/a	n/a	n/a	n/a	n/a	n/a	n/a	n/a	n/a	n/a	n/a	n/a	n/a	n/a	n/a	n/a	n/a	n/a	n/a	1182.397869	n/a
1182.414884	6.826872	472966	sternberg_trial	n/a	n/a	248	0	0	248	1	1	1	1183.418587	1185.4346799999998	0.0	0.0	0.0	0.0	1182.417369	1185.4346799999998	1188.0349919999999	1189.2442409999999	intervals/trials	117	1182.417369	1189.244241
1182.414884	0.000000	472966	ttl	11	n/a	n/a	n/a	n/a	n/a	n/a	n/a	n/a	n/a	n/a	n/a	n/a	n/a	n/a	n/a	n/a	n/a	n/a	n/a	n/a	1182.417369	n/a
1183.416102	0.000000	473366	stimulus_presentation	n/a	105	n/a	n/a	n/a	n/a	n/a	n/a	n/a	n/a	n/a	n/a	n/a	n/a	n/a	n/a	n/a	n/a	n/a	n/a	n/a	1183.418587	n/a
1183.416102	0.000000	473366	ttl	1	n/a	n/a	n/a	n/a	n/a	n/a	n/a	n/a	n/a	n/a	n/a	n/a	n/a	n/a	n/a	n/a	n/a	n/a	n/a	n/a	1183.418587	n/a
1183.426102	0.000000	473370	stimulus_presentation	n/a	0	n/a	n/a	n/a	n/a	n/a	n/a	n/a	n/a	n/a	n/a	n/a	n/a	n/a	n/a	n/a	n/a	n/a	n/a	n/a	1183.428587	n/a
1183.436102	0.000000	473374	stimulus_presentation	n/a	0	n/a	n/a	n/a	n/a	n/a	n/a	n/a	n/a	n/a	n/a	n/a	n/a	n/a	n/a	n/a	n/a	n/a	n/a	n/a	1183.438587	n/a
1185.432195	0.000000	474173	ttl	6	n/a	n/a	n/a	n/a	n/a	n/a	n/a	n/a	n/a	n/a	n/a	n/a	n/a	n/a	n/a	n/a	n/a	n/a	n/a	n/a	1185.434680	n/a
1188.032507	0.000000	475213	stimulus_presentation	n/a	105	n/a	n/a	n/a	n/a	n/a	n/a	n/a	n/a	n/a	n/a	n/a	n/a	n/a	n/a	n/a	n/a	n/a	n/a	n/a	1188.034992	n/a
1188.032507	0.000000	475213	ttl	7	n/a	n/a	n/a	n/a	n/a	n/a	n/a	n/a	n/a	n/a	n/a	n/a	n/a	n/a	n/a	n/a	n/a	n/a	n/a	n/a	1188.034992	n/a
1189.241756	0.000000	475697	ttl	8	n/a	n/a	n/a	n/a	n/a	n/a	n/a	n/a	n/a	n/a	n/a	n/a	n/a	n/a	n/a	n/a	n/a	n/a	n/a	n/a	1189.244241	n/a
1189.263600	7.624309	475705	sternberg_trial	n/a	n/a	550	0	0	245	1	0	1	1190.333709	1192.350459	0.0	0.0	0.0	0.0	1189.266085	1192.350459	1194.9496139999999	1196.890394	intervals/trials	118	1189.266085	1196.890394
1189.263600	0.000000	475705	ttl	11	n/a	n/a	n/a	n/a	n/a	n/a	n/a	n/a	n/a	n/a	n/a	n/a	n/a	n/a	n/a	n/a	n/a	n/a	n/a	n/a	1189.266085	n/a
1190.331224	0.000000	476132	stimulus_presentation	n/a	275	n/a	n/a	n/a	n/a	n/a	n/a	n/a	n/a	n/a	n/a	n/a	n/a	n/a	n/a	n/a	n/a	n/a	n/a	n/a	1190.333709	n/a
1190.331224	0.000000	476132	ttl	1	n/a	n/a	n/a	n/a	n/a	n/a	n/a	n/a	n/a	n/a	n/a	n/a	n/a	n/a	n/a	n/a	n/a	n/a	n/a	n/a	1190.333709	n/a
1190.341224	0.000000	476136	stimulus_presentation	n/a	0	n/a	n/a	n/a	n/a	n/a	n/a	n/a	n/a	n/a	n/a	n/a	n/a	n/a	n/a	n/a	n/a	n/a	n/a	n/a	1190.343709	n/a
1190.351224	0.000000	476140	stimulus_presentation	n/a	0	n/a	n/a	n/a	n/a	n/a	n/a	n/a	n/a	n/a	n/a	n/a	n/a	n/a	n/a	n/a	n/a	n/a	n/a	n/a	1190.353709	n/a
1192.347974	0.000000	476939	ttl	6	n/a	n/a	n/a	n/a	n/a	n/a	n/a	n/a	n/a	n/a	n/a	n/a	n/a	n/a	n/a	n/a	n/a	n/a	n/a	n/a	1192.350459	n/a
1194.947129	0.000000	477979	stimulus_presentation	n/a	102	n/a	n/a	n/a	n/a	n/a	n/a	n/a	n/a	n/a	n/a	n/a	n/a	n/a	n/a	n/a	n/a	n/a	n/a	n/a	1194.949614	n/a
1194.947129	0.000000	477979	ttl	7	n/a	n/a	n/a	n/a	n/a	n/a	n/a	n/a	n/a	n/a	n/a	n/a	n/a	n/a	n/a	n/a	n/a	n/a	n/a	n/a	1194.949614	n/a
1196.887909	0.000000	478755	ttl	8	n/a	n/a	n/a	n/a	n/a	n/a	n/a	n/a	n/a	n/a	n/a	n/a	n/a	n/a	n/a	n/a	n/a	n/a	n/a	n/a	1196.890394	n/a
1196.912191	10.885089	478765	sternberg_trial	n/a	n/a	249	551	152	249	3	1	1	1198.065456	1200.081956	1200.165299	1202.182173	1202.2647359999999	1204.28111	1196.9146759999999	1204.28111	1206.882359	1207.799765	intervals/trials	119	1196.914676	1207.799765
1196.912191	0.000000	478765	ttl	11	n/a	n/a	n/a	n/a	n/a	n/a	n/a	n/a	n/a	n/a	n/a	n/a	n/a	n/a	n/a	n/a	n/a	n/a	n/a	n/a	1196.914676	n/a
1198.062972	0.000000	479225	stimulus_presentation	n/a	106	n/a	n/a	n/a	n/a	n/a	n/a	n/a	n/a	n/a	n/a	n/a	n/a	n/a	n/a	n/a	n/a	n/a	n/a	n/a	1198.065456	n/a
1198.062972	0.000000	479225	ttl	1	n/a	n/a	n/a	n/a	n/a	n/a	n/a	n/a	n/a	n/a	n/a	n/a	n/a	n/a	n/a	n/a	n/a	n/a	n/a	n/a	1198.065456	n/a
1200.079471	0.000000	480032	ttl	5	n/a	n/a	n/a	n/a	n/a	n/a	n/a	n/a	n/a	n/a	n/a	n/a	n/a	n/a	n/a	n/a	n/a	n/a	n/a	n/a	1200.081956	n/a
1200.162814	0.000000	480065	stimulus_presentation	n/a	276	n/a	n/a	n/a	n/a	n/a	n/a	n/a	n/a	n/a	n/a	n/a	n/a	n/a	n/a	n/a	n/a	n/a	n/a	n/a	1200.165299	n/a
1200.162814	0.000000	480065	ttl	2	n/a	n/a	n/a	n/a	n/a	n/a	n/a	n/a	n/a	n/a	n/a	n/a	n/a	n/a	n/a	n/a	n/a	n/a	n/a	n/a	1200.165299	n/a
1202.179688	0.000000	480872	ttl	5	n/a	n/a	n/a	n/a	n/a	n/a	n/a	n/a	n/a	n/a	n/a	n/a	n/a	n/a	n/a	n/a	n/a	n/a	n/a	n/a	1202.182173	n/a
1202.262251	0.000000	480905	stimulus_presentation	n/a	52	n/a	n/a	n/a	n/a	n/a	n/a	n/a	n/a	n/a	n/a	n/a	n/a	n/a	n/a	n/a	n/a	n/a	n/a	n/a	1202.264736	n/a
1202.262251	0.000000	480905	ttl	3	n/a	n/a	n/a	n/a	n/a	n/a	n/a	n/a	n/a	n/a	n/a	n/a	n/a	n/a	n/a	n/a	n/a	n/a	n/a	n/a	1202.264736	n/a
1204.278625	0.000000	481711	ttl	6	n/a	n/a	n/a	n/a	n/a	n/a	n/a	n/a	n/a	n/a	n/a	n/a	n/a	n/a	n/a	n/a	n/a	n/a	n/a	n/a	1204.281110	n/a
1206.879874	0.000000	482752	stimulus_presentation	n/a	106	n/a	n/a	n/a	n/a	n/a	n/a	n/a	n/a	n/a	n/a	n/a	n/a	n/a	n/a	n/a	n/a	n/a	n/a	n/a	1206.882359	n/a
1206.879874	0.000000	482752	ttl	7	n/a	n/a	n/a	n/a	n/a	n/a	n/a	n/a	n/a	n/a	n/a	n/a	n/a	n/a	n/a	n/a	n/a	n/a	n/a	n/a	1206.882359	n/a
1207.797280	0.000000	483119	ttl	8	n/a	n/a	n/a	n/a	n/a	n/a	n/a	n/a	n/a	n/a	n/a	n/a	n/a	n/a	n/a	n/a	n/a	n/a	n/a	n/a	1207.799765	n/a
1207.826717	6.609029	483131	sternberg_trial	n/a	n/a	449	0	0	449	1	1	1	1208.963264	1210.980451	0.0	0.0	0.0	0.0	1207.829202	1210.980451	1213.6641379999999	1214.4382309999999	intervals/trials	120	1207.829202	1214.438231
1207.826717	0.000000	483131	ttl	11	n/a	n/a	n/a	n/a	n/a	n/a	n/a	n/a	n/a	n/a	n/a	n/a	n/a	n/a	n/a	n/a	n/a	n/a	n/a	n/a	1207.829202	n/a
1208.960779	0.000000	483584	stimulus_presentation	n/a	219	n/a	n/a	n/a	n/a	n/a	n/a	n/a	n/a	n/a	n/a	n/a	n/a	n/a	n/a	n/a	n/a	n/a	n/a	n/a	1208.963264	n/a
1208.960779	0.000000	483584	ttl	1	n/a	n/a	n/a	n/a	n/a	n/a	n/a	n/a	n/a	n/a	n/a	n/a	n/a	n/a	n/a	n/a	n/a	n/a	n/a	n/a	1208.963264	n/a
1208.970779	0.000000	483588	stimulus_presentation	n/a	0	n/a	n/a	n/a	n/a	n/a	n/a	n/a	n/a	n/a	n/a	n/a	n/a	n/a	n/a	n/a	n/a	n/a	n/a	n/a	1208.973264	n/a
1208.980779	0.000000	483592	stimulus_presentation	n/a	0	n/a	n/a	n/a	n/a	n/a	n/a	n/a	n/a	n/a	n/a	n/a	n/a	n/a	n/a	n/a	n/a	n/a	n/a	n/a	1208.983264	n/a
1210.977966	0.000000	484391	ttl	6	n/a	n/a	n/a	n/a	n/a	n/a	n/a	n/a	n/a	n/a	n/a	n/a	n/a	n/a	n/a	n/a	n/a	n/a	n/a	n/a	1210.980451	n/a
1213.661653	0.000000	485465	stimulus_presentation	n/a	219	n/a	n/a	n/a	n/a	n/a	n/a	n/a	n/a	n/a	n/a	n/a	n/a	n/a	n/a	n/a	n/a	n/a	n/a	n/a	1213.664138	n/a
1213.661653	0.000000	485465	ttl	7	n/a	n/a	n/a	n/a	n/a	n/a	n/a	n/a	n/a	n/a	n/a	n/a	n/a	n/a	n/a	n/a	n/a	n/a	n/a	n/a	1213.664138	n/a
1214.435746	0.000000	485774	ttl	8	n/a	n/a	n/a	n/a	n/a	n/a	n/a	n/a	n/a	n/a	n/a	n/a	n/a	n/a	n/a	n/a	n/a	n/a	n/a	n/a	1214.438231	n/a
1214.458496	6.935528	485783	sternberg_trial	n/a	n/a	450	0	0	450	1	1	1	1215.662356	1217.678761	0.0	0.0	0.0	0.0	1214.460981	1217.678761	1220.346166	1221.396509	intervals/trials	121	1214.460981	1221.396509
1214.458496	0.000000	485783	ttl	11	n/a	n/a	n/a	n/a	n/a	n/a	n/a	n/a	n/a	n/a	n/a	n/a	n/a	n/a	n/a	n/a	n/a	n/a	n/a	n/a	1214.460981	n/a
1215.659872	0.000000	486264	stimulus_presentation	n/a	220	n/a	n/a	n/a	n/a	n/a	n/a	n/a	n/a	n/a	n/a	n/a	n/a	n/a	n/a	n/a	n/a	n/a	n/a	n/a	1215.662356	n/a
1215.659872	0.000000	486264	ttl	1	n/a	n/a	n/a	n/a	n/a	n/a	n/a	n/a	n/a	n/a	n/a	n/a	n/a	n/a	n/a	n/a	n/a	n/a	n/a	n/a	1215.662356	n/a
1215.669871	0.000000	486268	stimulus_presentation	n/a	0	n/a	n/a	n/a	n/a	n/a	n/a	n/a	n/a	n/a	n/a	n/a	n/a	n/a	n/a	n/a	n/a	n/a	n/a	n/a	1215.672356	n/a
1215.679871	0.000000	486272	stimulus_presentation	n/a	0	n/a	n/a	n/a	n/a	n/a	n/a	n/a	n/a	n/a	n/a	n/a	n/a	n/a	n/a	n/a	n/a	n/a	n/a	n/a	1215.682356	n/a
1217.676276	0.000000	487071	ttl	6	n/a	n/a	n/a	n/a	n/a	n/a	n/a	n/a	n/a	n/a	n/a	n/a	n/a	n/a	n/a	n/a	n/a	n/a	n/a	n/a	1217.678761	n/a
1220.343682	0.000000	488137	stimulus_presentation	n/a	220	n/a	n/a	n/a	n/a	n/a	n/a	n/a	n/a	n/a	n/a	n/a	n/a	n/a	n/a	n/a	n/a	n/a	n/a	n/a	1220.346166	n/a
1220.343682	0.000000	488137	ttl	7	n/a	n/a	n/a	n/a	n/a	n/a	n/a	n/a	n/a	n/a	n/a	n/a	n/a	n/a	n/a	n/a	n/a	n/a	n/a	n/a	1220.346166	n/a
1221.394024	0.000000	488558	ttl	8	n/a	n/a	n/a	n/a	n/a	n/a	n/a	n/a	n/a	n/a	n/a	n/a	n/a	n/a	n/a	n/a	n/a	n/a	n/a	n/a	1221.396509	n/a
1221.423868	11.135527	488570	sternberg_trial	n/a	n/a	153	349	451	153	3	1	1	1222.461259	1224.477196	1224.643789	1226.660351	1226.677039	1228.692975	1221.4263529999998	1228.692975	1231.327568	1232.56188	intervals/trials	122	1221.426353	1232.561880
1221.423868	0.000000	488570	ttl	11	n/a	n/a	n/a	n/a	n/a	n/a	n/a	n/a	n/a	n/a	n/a	n/a	n/a	n/a	n/a	n/a	n/a	n/a	n/a	n/a	1221.426353	n/a
1222.458774	0.000000	488984	stimulus_presentation	n/a	53	n/a	n/a	n/a	n/a	n/a	n/a	n/a	n/a	n/a	n/a	n/a	n/a	n/a	n/a	n/a	n/a	n/a	n/a	n/a	1222.461259	n/a
1222.458774	0.000000	488984	ttl	1	n/a	n/a	n/a	n/a	n/a	n/a	n/a	n/a	n/a	n/a	n/a	n/a	n/a	n/a	n/a	n/a	n/a	n/a	n/a	n/a	1222.461259	n/a
1224.474712	0.000000	489790	ttl	5	n/a	n/a	n/a	n/a	n/a	n/a	n/a	n/a	n/a	n/a	n/a	n/a	n/a	n/a	n/a	n/a	n/a	n/a	n/a	n/a	1224.477196	n/a
1224.641304	0.000000	489857	stimulus_presentation	n/a	163	n/a	n/a	n/a	n/a	n/a	n/a	n/a	n/a	n/a	n/a	n/a	n/a	n/a	n/a	n/a	n/a	n/a	n/a	n/a	1224.643789	n/a
1224.641304	0.000000	489857	ttl	2	n/a	n/a	n/a	n/a	n/a	n/a	n/a	n/a	n/a	n/a	n/a	n/a	n/a	n/a	n/a	n/a	n/a	n/a	n/a	n/a	1224.643789	n/a
1226.657866	0.000000	490663	ttl	5	n/a	n/a	n/a	n/a	n/a	n/a	n/a	n/a	n/a	n/a	n/a	n/a	n/a	n/a	n/a	n/a	n/a	n/a	n/a	n/a	1226.660351	n/a
1226.674554	0.000000	490670	stimulus_presentation	n/a	221	n/a	n/a	n/a	n/a	n/a	n/a	n/a	n/a	n/a	n/a	n/a	n/a	n/a	n/a	n/a	n/a	n/a	n/a	n/a	1226.677039	n/a
1226.674554	0.000000	490670	ttl	3	n/a	n/a	n/a	n/a	n/a	n/a	n/a	n/a	n/a	n/a	n/a	n/a	n/a	n/a	n/a	n/a	n/a	n/a	n/a	n/a	1226.677039	n/a
1228.690490	0.000000	491476	ttl	6	n/a	n/a	n/a	n/a	n/a	n/a	n/a	n/a	n/a	n/a	n/a	n/a	n/a	n/a	n/a	n/a	n/a	n/a	n/a	n/a	1228.692975	n/a
1231.325083	0.000000	492530	stimulus_presentation	n/a	53	n/a	n/a	n/a	n/a	n/a	n/a	n/a	n/a	n/a	n/a	n/a	n/a	n/a	n/a	n/a	n/a	n/a	n/a	n/a	1231.327568	n/a
1231.325083	0.000000	492530	ttl	7	n/a	n/a	n/a	n/a	n/a	n/a	n/a	n/a	n/a	n/a	n/a	n/a	n/a	n/a	n/a	n/a	n/a	n/a	n/a	n/a	1231.327568	n/a
1232.559395	0.000000	493024	ttl	8	n/a	n/a	n/a	n/a	n/a	n/a	n/a	n/a	n/a	n/a	n/a	n/a	n/a	n/a	n/a	n/a	n/a	n/a	n/a	n/a	1232.561880	n/a
1232.588832	7.488779	493036	sternberg_trial	n/a	n/a	452	0	0	242	1	0	1	1233.725473	1235.741441	0.0	0.0	0.0	0.0	1232.591317	1235.741441	1238.508909	1240.080096	intervals/trials	123	1232.591317	1240.080096
1232.588832	0.000000	493036	ttl	11	n/a	n/a	n/a	n/a	n/a	n/a	n/a	n/a	n/a	n/a	n/a	n/a	n/a	n/a	n/a	n/a	n/a	n/a	n/a	n/a	1232.591317	n/a
1233.722988	0.000000	493489	stimulus_presentation	n/a	222	n/a	n/a	n/a	n/a	n/a	n/a	n/a	n/a	n/a	n/a	n/a	n/a	n/a	n/a	n/a	n/a	n/a	n/a	n/a	1233.725473	n/a
1233.722988	0.000000	493489	ttl	1	n/a	n/a	n/a	n/a	n/a	n/a	n/a	n/a	n/a	n/a	n/a	n/a	n/a	n/a	n/a	n/a	n/a	n/a	n/a	n/a	1233.725473	n/a
1233.732988	0.000000	493493	stimulus_presentation	n/a	0	n/a	n/a	n/a	n/a	n/a	n/a	n/a	n/a	n/a	n/a	n/a	n/a	n/a	n/a	n/a	n/a	n/a	n/a	n/a	1233.735473	n/a
1233.742988	0.000000	493497	stimulus_presentation	n/a	0	n/a	n/a	n/a	n/a	n/a	n/a	n/a	n/a	n/a	n/a	n/a	n/a	n/a	n/a	n/a	n/a	n/a	n/a	n/a	1233.745473	n/a
1235.738956	0.000000	494296	ttl	6	n/a	n/a	n/a	n/a	n/a	n/a	n/a	n/a	n/a	n/a	n/a	n/a	n/a	n/a	n/a	n/a	n/a	n/a	n/a	n/a	1235.741441	n/a
1238.506424	0.000000	495403	stimulus_presentation	n/a	99	n/a	n/a	n/a	n/a	n/a	n/a	n/a	n/a	n/a	n/a	n/a	n/a	n/a	n/a	n/a	n/a	n/a	n/a	n/a	1238.508909	n/a
1238.506424	0.000000	495403	ttl	7	n/a	n/a	n/a	n/a	n/a	n/a	n/a	n/a	n/a	n/a	n/a	n/a	n/a	n/a	n/a	n/a	n/a	n/a	n/a	n/a	1238.508909	n/a
1240.077611	0.000000	496031	ttl	8	n/a	n/a	n/a	n/a	n/a	n/a	n/a	n/a	n/a	n/a	n/a	n/a	n/a	n/a	n/a	n/a	n/a	n/a	n/a	n/a	1240.080096	n/a
1240.103798	6.836154	496042	sternberg_trial	n/a	n/a	154	0	0	528	1	0	1	1241.223564	1243.2404689999998	0.0	0.0	0.0	0.0	1240.1062829999998	1243.2404689999998	1245.874843	1246.942437	intervals/trials	124	1240.106283	1246.942437
1240.103798	0.000000	496042	ttl	11	n/a	n/a	n/a	n/a	n/a	n/a	n/a	n/a	n/a	n/a	n/a	n/a	n/a	n/a	n/a	n/a	n/a	n/a	n/a	n/a	1240.106283	n/a
1241.221079	0.000000	496488	stimulus_presentation	n/a	54	n/a	n/a	n/a	n/a	n/a	n/a	n/a	n/a	n/a	n/a	n/a	n/a	n/a	n/a	n/a	n/a	n/a	n/a	n/a	1241.223564	n/a
1241.221079	0.000000	496488	ttl	1	n/a	n/a	n/a	n/a	n/a	n/a	n/a	n/a	n/a	n/a	n/a	n/a	n/a	n/a	n/a	n/a	n/a	n/a	n/a	n/a	1241.223564	n/a
1241.231079	0.000000	496492	stimulus_presentation	n/a	0	n/a	n/a	n/a	n/a	n/a	n/a	n/a	n/a	n/a	n/a	n/a	n/a	n/a	n/a	n/a	n/a	n/a	n/a	n/a	1241.233564	n/a
1241.241079	0.000000	496496	stimulus_presentation	n/a	0	n/a	n/a	n/a	n/a	n/a	n/a	n/a	n/a	n/a	n/a	n/a	n/a	n/a	n/a	n/a	n/a	n/a	n/a	n/a	1241.243564	n/a
1243.237984	0.000000	497295	ttl	6	n/a	n/a	n/a	n/a	n/a	n/a	n/a	n/a	n/a	n/a	n/a	n/a	n/a	n/a	n/a	n/a	n/a	n/a	n/a	n/a	1243.240469	n/a
1245.872359	0.000000	498349	stimulus_presentation	n/a	253	n/a	n/a	n/a	n/a	n/a	n/a	n/a	n/a	n/a	n/a	n/a	n/a	n/a	n/a	n/a	n/a	n/a	n/a	n/a	1245.874843	n/a
1245.872359	0.000000	498349	ttl	7	n/a	n/a	n/a	n/a	n/a	n/a	n/a	n/a	n/a	n/a	n/a	n/a	n/a	n/a	n/a	n/a	n/a	n/a	n/a	n/a	1245.874843	n/a
1246.939952	0.000000	498776	ttl	8	n/a	n/a	n/a	n/a	n/a	n/a	n/a	n/a	n/a	n/a	n/a	n/a	n/a	n/a	n/a	n/a	n/a	n/a	n/a	n/a	1246.942437	n/a
1246.968920	7.473185	498788	sternberg_trial	n/a	n/a	350	0	0	350	1	1	1	1248.0558429999999	1250.0732169999999	0.0	0.0	0.0	0.0	1246.971405	1250.0732169999999	1252.807153	1254.4445899999998	intervals/trials	125	1246.971405	1254.444590
1246.968920	0.000000	498788	ttl	11	n/a	n/a	n/a	n/a	n/a	n/a	n/a	n/a	n/a	n/a	n/a	n/a	n/a	n/a	n/a	n/a	n/a	n/a	n/a	n/a	1246.971405	n/a
1248.053358	0.000000	499221	stimulus_presentation	n/a	164	n/a	n/a	n/a	n/a	n/a	n/a	n/a	n/a	n/a	n/a	n/a	n/a	n/a	n/a	n/a	n/a	n/a	n/a	n/a	1248.055843	n/a
1248.053358	0.000000	499221	ttl	1	n/a	n/a	n/a	n/a	n/a	n/a	n/a	n/a	n/a	n/a	n/a	n/a	n/a	n/a	n/a	n/a	n/a	n/a	n/a	n/a	1248.055843	n/a
1248.063358	0.000000	499225	stimulus_presentation	n/a	0	n/a	n/a	n/a	n/a	n/a	n/a	n/a	n/a	n/a	n/a	n/a	n/a	n/a	n/a	n/a	n/a	n/a	n/a	n/a	1248.065843	n/a
1248.073358	0.000000	499229	stimulus_presentation	n/a	0	n/a	n/a	n/a	n/a	n/a	n/a	n/a	n/a	n/a	n/a	n/a	n/a	n/a	n/a	n/a	n/a	n/a	n/a	n/a	1248.075843	n/a
1250.070732	0.000000	500028	ttl	6	n/a	n/a	n/a	n/a	n/a	n/a	n/a	n/a	n/a	n/a	n/a	n/a	n/a	n/a	n/a	n/a	n/a	n/a	n/a	n/a	1250.073217	n/a
1252.804668	0.000000	501122	stimulus_presentation	n/a	164	n/a	n/a	n/a	n/a	n/a	n/a	n/a	n/a	n/a	n/a	n/a	n/a	n/a	n/a	n/a	n/a	n/a	n/a	n/a	1252.807153	n/a
1252.804668	0.000000	501122	ttl	7	n/a	n/a	n/a	n/a	n/a	n/a	n/a	n/a	n/a	n/a	n/a	n/a	n/a	n/a	n/a	n/a	n/a	n/a	n/a	n/a	1252.807153	n/a
1254.442105	0.000000	501777	ttl	8	n/a	n/a	n/a	n/a	n/a	n/a	n/a	n/a	n/a	n/a	n/a	n/a	n/a	n/a	n/a	n/a	n/a	n/a	n/a	n/a	1254.444590	n/a
1254.467917	6.804654	501787	sternberg_trial	n/a	n/a	351	0	0	351	1	1	1	1255.554433	1257.570964	0.0	0.0	0.0	0.0	1254.470402	1257.570964	1260.388681	1261.275056	intervals/trials	126	1254.470402	1261.275056
1254.467917	0.000000	501787	ttl	11	n/a	n/a	n/a	n/a	n/a	n/a	n/a	n/a	n/a	n/a	n/a	n/a	n/a	n/a	n/a	n/a	n/a	n/a	n/a	n/a	1254.470402	n/a
1255.551948	0.000000	502221	stimulus_presentation	n/a	165	n/a	n/a	n/a	n/a	n/a	n/a	n/a	n/a	n/a	n/a	n/a	n/a	n/a	n/a	n/a	n/a	n/a	n/a	n/a	1255.554433	n/a
1255.551948	0.000000	502221	ttl	1	n/a	n/a	n/a	n/a	n/a	n/a	n/a	n/a	n/a	n/a	n/a	n/a	n/a	n/a	n/a	n/a	n/a	n/a	n/a	n/a	1255.554433	n/a
1255.561948	0.000000	502225	stimulus_presentation	n/a	0	n/a	n/a	n/a	n/a	n/a	n/a	n/a	n/a	n/a	n/a	n/a	n/a	n/a	n/a	n/a	n/a	n/a	n/a	n/a	1255.564433	n/a
1255.571948	0.000000	502229	stimulus_presentation	n/a	0	n/a	n/a	n/a	n/a	n/a	n/a	n/a	n/a	n/a	n/a	n/a	n/a	n/a	n/a	n/a	n/a	n/a	n/a	n/a	1255.574433	n/a
1257.568479	0.000000	503027	ttl	6	n/a	n/a	n/a	n/a	n/a	n/a	n/a	n/a	n/a	n/a	n/a	n/a	n/a	n/a	n/a	n/a	n/a	n/a	n/a	n/a	1257.570964	n/a
1260.386196	0.000000	504154	stimulus_presentation	n/a	165	n/a	n/a	n/a	n/a	n/a	n/a	n/a	n/a	n/a	n/a	n/a	n/a	n/a	n/a	n/a	n/a	n/a	n/a	n/a	1260.388681	n/a
1260.386196	0.000000	504154	ttl	7	n/a	n/a	n/a	n/a	n/a	n/a	n/a	n/a	n/a	n/a	n/a	n/a	n/a	n/a	n/a	n/a	n/a	n/a	n/a	n/a	1260.388681	n/a
1261.272571	0.000000	504509	ttl	8	n/a	n/a	n/a	n/a	n/a	n/a	n/a	n/a	n/a	n/a	n/a	n/a	n/a	n/a	n/a	n/a	n/a	n/a	n/a	n/a	1261.275056	n/a
1261.299852	7.106904	504520	sternberg_trial	n/a	n/a	155	0	0	551	1	0	1	1262.253399	1264.2694299999998	0.0	0.0	0.0	0.0	1261.3023369999999	1264.2694299999998	1266.920647	1268.4092409999998	intervals/trials	127	1261.302337	1268.409241
1261.299852	0.000000	504520	ttl	11	n/a	n/a	n/a	n/a	n/a	n/a	n/a	n/a	n/a	n/a	n/a	n/a	n/a	n/a	n/a	n/a	n/a	n/a	n/a	n/a	1261.302337	n/a
1262.250914	0.000000	504900	stimulus_presentation	n/a	55	n/a	n/a	n/a	n/a	n/a	n/a	n/a	n/a	n/a	n/a	n/a	n/a	n/a	n/a	n/a	n/a	n/a	n/a	n/a	1262.253399	n/a
1262.250914	0.000000	504900	ttl	1	n/a	n/a	n/a	n/a	n/a	n/a	n/a	n/a	n/a	n/a	n/a	n/a	n/a	n/a	n/a	n/a	n/a	n/a	n/a	n/a	1262.253399	n/a
1262.260914	0.000000	504904	stimulus_presentation	n/a	0	n/a	n/a	n/a	n/a	n/a	n/a	n/a	n/a	n/a	n/a	n/a	n/a	n/a	n/a	n/a	n/a	n/a	n/a	n/a	1262.263399	n/a
1262.270914	0.000000	504908	stimulus_presentation	n/a	0	n/a	n/a	n/a	n/a	n/a	n/a	n/a	n/a	n/a	n/a	n/a	n/a	n/a	n/a	n/a	n/a	n/a	n/a	n/a	1262.273399	n/a
1264.266945	0.000000	505707	ttl	6	n/a	n/a	n/a	n/a	n/a	n/a	n/a	n/a	n/a	n/a	n/a	n/a	n/a	n/a	n/a	n/a	n/a	n/a	n/a	n/a	1264.269430	n/a
1266.918162	0.000000	506767	stimulus_presentation	n/a	276	n/a	n/a	n/a	n/a	n/a	n/a	n/a	n/a	n/a	n/a	n/a	n/a	n/a	n/a	n/a	n/a	n/a	n/a	n/a	1266.920647	n/a
1266.918162	0.000000	506767	ttl	7	n/a	n/a	n/a	n/a	n/a	n/a	n/a	n/a	n/a	n/a	n/a	n/a	n/a	n/a	n/a	n/a	n/a	n/a	n/a	n/a	1266.920647	n/a
1268.406756	0.000000	507363	ttl	8	n/a	n/a	n/a	n/a	n/a	n/a	n/a	n/a	n/a	n/a	n/a	n/a	n/a	n/a	n/a	n/a	n/a	n/a	n/a	n/a	1268.409241	n/a
1268.431912	11.172214	507373	sternberg_trial	n/a	n/a	250	552	453	335	3	0	1	1269.468959	1271.484864	1271.6507709999998	1273.6680509999999	1273.7179879999999	1275.734175	1268.434397	1275.734175	1278.385268	1279.606611	intervals/trials	128	1268.434397	1279.606611
1268.431912	0.000000	507373	ttl	11	n/a	n/a	n/a	n/a	n/a	n/a	n/a	n/a	n/a	n/a	n/a	n/a	n/a	n/a	n/a	n/a	n/a	n/a	n/a	n/a	1268.434397	n/a
1269.466475	0.000000	507787	stimulus_presentation	n/a	107	n/a	n/a	n/a	n/a	n/a	n/a	n/a	n/a	n/a	n/a	n/a	n/a	n/a	n/a	n/a	n/a	n/a	n/a	n/a	1269.468959	n/a
1269.466475	0.000000	507787	ttl	1	n/a	n/a	n/a	n/a	n/a	n/a	n/a	n/a	n/a	n/a	n/a	n/a	n/a	n/a	n/a	n/a	n/a	n/a	n/a	n/a	1269.468959	n/a
1271.482379	0.000000	508593	ttl	5	n/a	n/a	n/a	n/a	n/a	n/a	n/a	n/a	n/a	n/a	n/a	n/a	n/a	n/a	n/a	n/a	n/a	n/a	n/a	n/a	1271.484864	n/a
1271.648286	0.000000	508659	stimulus_presentation	n/a	277	n/a	n/a	n/a	n/a	n/a	n/a	n/a	n/a	n/a	n/a	n/a	n/a	n/a	n/a	n/a	n/a	n/a	n/a	n/a	1271.650771	n/a
1271.648286	0.000000	508659	ttl	2	n/a	n/a	n/a	n/a	n/a	n/a	n/a	n/a	n/a	n/a	n/a	n/a	n/a	n/a	n/a	n/a	n/a	n/a	n/a	n/a	1271.650771	n/a
1273.665566	0.000000	509466	ttl	5	n/a	n/a	n/a	n/a	n/a	n/a	n/a	n/a	n/a	n/a	n/a	n/a	n/a	n/a	n/a	n/a	n/a	n/a	n/a	n/a	1273.668051	n/a
1273.715503	0.000000	509486	stimulus_presentation	n/a	223	n/a	n/a	n/a	n/a	n/a	n/a	n/a	n/a	n/a	n/a	n/a	n/a	n/a	n/a	n/a	n/a	n/a	n/a	n/a	1273.717988	n/a
1273.715503	0.000000	509486	ttl	3	n/a	n/a	n/a	n/a	n/a	n/a	n/a	n/a	n/a	n/a	n/a	n/a	n/a	n/a	n/a	n/a	n/a	n/a	n/a	n/a	1273.717988	n/a
1275.731691	0.000000	510293	ttl	6	n/a	n/a	n/a	n/a	n/a	n/a	n/a	n/a	n/a	n/a	n/a	n/a	n/a	n/a	n/a	n/a	n/a	n/a	n/a	n/a	1275.734175	n/a
1278.382783	0.000000	511353	stimulus_presentation	n/a	149	n/a	n/a	n/a	n/a	n/a	n/a	n/a	n/a	n/a	n/a	n/a	n/a	n/a	n/a	n/a	n/a	n/a	n/a	n/a	1278.385268	n/a
1278.382783	0.000000	511353	ttl	7	n/a	n/a	n/a	n/a	n/a	n/a	n/a	n/a	n/a	n/a	n/a	n/a	n/a	n/a	n/a	n/a	n/a	n/a	n/a	n/a	1278.385268	n/a
1279.604126	0.000000	511842	ttl	8	n/a	n/a	n/a	n/a	n/a	n/a	n/a	n/a	n/a	n/a	n/a	n/a	n/a	n/a	n/a	n/a	n/a	n/a	n/a	n/a	1279.606611	n/a
1279.629689	7.364684	511852	sternberg_trial	n/a	n/a	352	0	0	352	1	1	1	1280.783267	1282.799329	0.0	0.0	0.0	0.0	1279.6321739999998	1282.799329	1285.550109	1286.996858	intervals/trials	129	1279.632174	1286.996858
1279.629689	0.000000	511852	ttl	11	n/a	n/a	n/a	n/a	n/a	n/a	n/a	n/a	n/a	n/a	n/a	n/a	n/a	n/a	n/a	n/a	n/a	n/a	n/a	n/a	1279.632174	n/a
1280.780782	0.000000	512312	stimulus_presentation	n/a	166	n/a	n/a	n/a	n/a	n/a	n/a	n/a	n/a	n/a	n/a	n/a	n/a	n/a	n/a	n/a	n/a	n/a	n/a	n/a	1280.783267	n/a
1280.780782	0.000000	512312	ttl	1	n/a	n/a	n/a	n/a	n/a	n/a	n/a	n/a	n/a	n/a	n/a	n/a	n/a	n/a	n/a	n/a	n/a	n/a	n/a	n/a	1280.783267	n/a
1280.790782	0.000000	512316	stimulus_presentation	n/a	0	n/a	n/a	n/a	n/a	n/a	n/a	n/a	n/a	n/a	n/a	n/a	n/a	n/a	n/a	n/a	n/a	n/a	n/a	n/a	1280.793267	n/a
1280.800782	0.000000	512320	stimulus_presentation	n/a	0	n/a	n/a	n/a	n/a	n/a	n/a	n/a	n/a	n/a	n/a	n/a	n/a	n/a	n/a	n/a	n/a	n/a	n/a	n/a	1280.803267	n/a
1282.796844	0.000000	513119	ttl	6	n/a	n/a	n/a	n/a	n/a	n/a	n/a	n/a	n/a	n/a	n/a	n/a	n/a	n/a	n/a	n/a	n/a	n/a	n/a	n/a	1282.799329	n/a
1285.547624	0.000000	514219	stimulus_presentation	n/a	166	n/a	n/a	n/a	n/a	n/a	n/a	n/a	n/a	n/a	n/a	n/a	n/a	n/a	n/a	n/a	n/a	n/a	n/a	n/a	1285.550109	n/a
1285.547624	0.000000	514219	ttl	7	n/a	n/a	n/a	n/a	n/a	n/a	n/a	n/a	n/a	n/a	n/a	n/a	n/a	n/a	n/a	n/a	n/a	n/a	n/a	n/a	1285.550109	n/a
1286.994373	0.000000	514798	ttl	8	n/a	n/a	n/a	n/a	n/a	n/a	n/a	n/a	n/a	n/a	n/a	n/a	n/a	n/a	n/a	n/a	n/a	n/a	n/a	n/a	1286.996858	n/a
1287.028404	6.828279	514811	sternberg_trial	n/a	n/a	251	0	0	428	1	0	1	1288.231951	1290.247263	0.0	0.0	0.0	0.0	1287.030889	1290.247263	1292.9826679999999	1293.859168	intervals/trials	130	1287.030889	1293.859168
1287.028404	0.000000	514811	ttl	11	n/a	n/a	n/a	n/a	n/a	n/a	n/a	n/a	n/a	n/a	n/a	n/a	n/a	n/a	n/a	n/a	n/a	n/a	n/a	n/a	1287.030889	n/a
1288.229466	0.000000	515292	stimulus_presentation	n/a	108	n/a	n/a	n/a	n/a	n/a	n/a	n/a	n/a	n/a	n/a	n/a	n/a	n/a	n/a	n/a	n/a	n/a	n/a	n/a	1288.231951	n/a
1288.229466	0.000000	515292	ttl	1	n/a	n/a	n/a	n/a	n/a	n/a	n/a	n/a	n/a	n/a	n/a	n/a	n/a	n/a	n/a	n/a	n/a	n/a	n/a	n/a	1288.231951	n/a
1288.239466	0.000000	515296	stimulus_presentation	n/a	0	n/a	n/a	n/a	n/a	n/a	n/a	n/a	n/a	n/a	n/a	n/a	n/a	n/a	n/a	n/a	n/a	n/a	n/a	n/a	1288.241951	n/a
1288.249466	0.000000	515300	stimulus_presentation	n/a	0	n/a	n/a	n/a	n/a	n/a	n/a	n/a	n/a	n/a	n/a	n/a	n/a	n/a	n/a	n/a	n/a	n/a	n/a	n/a	1288.251951	n/a
1290.244778	0.000000	516098	ttl	6	n/a	n/a	n/a	n/a	n/a	n/a	n/a	n/a	n/a	n/a	n/a	n/a	n/a	n/a	n/a	n/a	n/a	n/a	n/a	n/a	1290.247263	n/a
1292.980183	0.000000	517192	stimulus_presentation	n/a	198	n/a	n/a	n/a	n/a	n/a	n/a	n/a	n/a	n/a	n/a	n/a	n/a	n/a	n/a	n/a	n/a	n/a	n/a	n/a	1292.982668	n/a
1292.980183	0.000000	517192	ttl	7	n/a	n/a	n/a	n/a	n/a	n/a	n/a	n/a	n/a	n/a	n/a	n/a	n/a	n/a	n/a	n/a	n/a	n/a	n/a	n/a	1292.982668	n/a
1293.856683	0.000000	517543	ttl	8	n/a	n/a	n/a	n/a	n/a	n/a	n/a	n/a	n/a	n/a	n/a	n/a	n/a	n/a	n/a	n/a	n/a	n/a	n/a	n/a	1293.859168	n/a
1293.877152	11.576932	517551	sternberg_trial	n/a	n/a	454	252	353	538	3	0	1	1294.997324	1297.014167	1297.146917	1299.162853	1299.346259	1301.362727	1293.879637	1301.362727	1304.0136949999999	1305.456569	intervals/trials	131	1293.879637	1305.456569
1293.877152	0.000000	517551	ttl	11	n/a	n/a	n/a	n/a	n/a	n/a	n/a	n/a	n/a	n/a	n/a	n/a	n/a	n/a	n/a	n/a	n/a	n/a	n/a	n/a	1293.879637	n/a
1294.994839	0.000000	517998	stimulus_presentation	n/a	224	n/a	n/a	n/a	n/a	n/a	n/a	n/a	n/a	n/a	n/a	n/a	n/a	n/a	n/a	n/a	n/a	n/a	n/a	n/a	1294.997324	n/a
1294.994839	0.000000	517998	ttl	1	n/a	n/a	n/a	n/a	n/a	n/a	n/a	n/a	n/a	n/a	n/a	n/a	n/a	n/a	n/a	n/a	n/a	n/a	n/a	n/a	1294.997324	n/a
1297.011683	0.000000	518805	ttl	5	n/a	n/a	n/a	n/a	n/a	n/a	n/a	n/a	n/a	n/a	n/a	n/a	n/a	n/a	n/a	n/a	n/a	n/a	n/a	n/a	1297.014167	n/a
1297.144432	0.000000	518858	stimulus_presentation	n/a	109	n/a	n/a	n/a	n/a	n/a	n/a	n/a	n/a	n/a	n/a	n/a	n/a	n/a	n/a	n/a	n/a	n/a	n/a	n/a	1297.146917	n/a
1297.144432	0.000000	518858	ttl	2	n/a	n/a	n/a	n/a	n/a	n/a	n/a	n/a	n/a	n/a	n/a	n/a	n/a	n/a	n/a	n/a	n/a	n/a	n/a	n/a	1297.146917	n/a
1299.160369	0.000000	519664	ttl	5	n/a	n/a	n/a	n/a	n/a	n/a	n/a	n/a	n/a	n/a	n/a	n/a	n/a	n/a	n/a	n/a	n/a	n/a	n/a	n/a	1299.162853	n/a
1299.343774	0.000000	519738	stimulus_presentation	n/a	167	n/a	n/a	n/a	n/a	n/a	n/a	n/a	n/a	n/a	n/a	n/a	n/a	n/a	n/a	n/a	n/a	n/a	n/a	n/a	1299.346259	n/a
1299.343774	0.000000	519738	ttl	3	n/a	n/a	n/a	n/a	n/a	n/a	n/a	n/a	n/a	n/a	n/a	n/a	n/a	n/a	n/a	n/a	n/a	n/a	n/a	n/a	1299.346259	n/a
1301.360242	0.000000	520544	ttl	6	n/a	n/a	n/a	n/a	n/a	n/a	n/a	n/a	n/a	n/a	n/a	n/a	n/a	n/a	n/a	n/a	n/a	n/a	n/a	n/a	1301.362727	n/a
1304.011210	0.000000	521604	stimulus_presentation	n/a	263	n/a	n/a	n/a	n/a	n/a	n/a	n/a	n/a	n/a	n/a	n/a	n/a	n/a	n/a	n/a	n/a	n/a	n/a	n/a	1304.013695	n/a
1304.011210	0.000000	521604	ttl	7	n/a	n/a	n/a	n/a	n/a	n/a	n/a	n/a	n/a	n/a	n/a	n/a	n/a	n/a	n/a	n/a	n/a	n/a	n/a	n/a	1304.013695	n/a
1305.454084	0.000000	522182	ttl	8	n/a	n/a	n/a	n/a	n/a	n/a	n/a	n/a	n/a	n/a	n/a	n/a	n/a	n/a	n/a	n/a	n/a	n/a	n/a	n/a	1305.456569	n/a
1305.474834	7.097373	522190	sternberg_trial	n/a	n/a	354	0	0	536	1	0	1	1306.528194	1308.544568	0.0	0.0	0.0	0.0	1305.4773189999999	1308.544568	1311.228786	1312.574692	intervals/trials	132	1305.477319	1312.574692
1305.474834	0.000000	522190	ttl	11	n/a	n/a	n/a	n/a	n/a	n/a	n/a	n/a	n/a	n/a	n/a	n/a	n/a	n/a	n/a	n/a	n/a	n/a	n/a	n/a	1305.477319	n/a
1306.525709	0.000000	522610	stimulus_presentation	n/a	168	n/a	n/a	n/a	n/a	n/a	n/a	n/a	n/a	n/a	n/a	n/a	n/a	n/a	n/a	n/a	n/a	n/a	n/a	n/a	1306.528194	n/a
1306.525709	0.000000	522610	ttl	1	n/a	n/a	n/a	n/a	n/a	n/a	n/a	n/a	n/a	n/a	n/a	n/a	n/a	n/a	n/a	n/a	n/a	n/a	n/a	n/a	1306.528194	n/a
1306.535709	0.000000	522614	stimulus_presentation	n/a	0	n/a	n/a	n/a	n/a	n/a	n/a	n/a	n/a	n/a	n/a	n/a	n/a	n/a	n/a	n/a	n/a	n/a	n/a	n/a	1306.538194	n/a
1306.545709	0.000000	522618	stimulus_presentation	n/a	0	n/a	n/a	n/a	n/a	n/a	n/a	n/a	n/a	n/a	n/a	n/a	n/a	n/a	n/a	n/a	n/a	n/a	n/a	n/a	1306.548194	n/a
1308.542083	0.000000	523417	ttl	6	n/a	n/a	n/a	n/a	n/a	n/a	n/a	n/a	n/a	n/a	n/a	n/a	n/a	n/a	n/a	n/a	n/a	n/a	n/a	n/a	1308.544568	n/a
1311.226301	0.000000	524491	stimulus_presentation	n/a	261	n/a	n/a	n/a	n/a	n/a	n/a	n/a	n/a	n/a	n/a	n/a	n/a	n/a	n/a	n/a	n/a	n/a	n/a	n/a	1311.228786	n/a
1311.226301	0.000000	524491	ttl	7	n/a	n/a	n/a	n/a	n/a	n/a	n/a	n/a	n/a	n/a	n/a	n/a	n/a	n/a	n/a	n/a	n/a	n/a	n/a	n/a	1311.228786	n/a
1312.572207	0.000000	525029	ttl	8	n/a	n/a	n/a	n/a	n/a	n/a	n/a	n/a	n/a	n/a	n/a	n/a	n/a	n/a	n/a	n/a	n/a	n/a	n/a	n/a	1312.574692	n/a
1312.607269	7.563153	525043	sternberg_trial	n/a	n/a	355	0	0	216	1	0	1	1313.711129	1315.7265969999999	0.0	0.0	0.0	0.0	1312.6097539999998	1315.7265969999999	1318.410846	1320.172907	intervals/trials	133	1312.609754	1320.172907
1312.607269	0.000000	525043	ttl	11	n/a	n/a	n/a	n/a	n/a	n/a	n/a	n/a	n/a	n/a	n/a	n/a	n/a	n/a	n/a	n/a	n/a	n/a	n/a	n/a	1312.609754	n/a
1313.708644	0.000000	525483	stimulus_presentation	n/a	169	n/a	n/a	n/a	n/a	n/a	n/a	n/a	n/a	n/a	n/a	n/a	n/a	n/a	n/a	n/a	n/a	n/a	n/a	n/a	1313.711129	n/a
1313.708644	0.000000	525483	ttl	1	n/a	n/a	n/a	n/a	n/a	n/a	n/a	n/a	n/a	n/a	n/a	n/a	n/a	n/a	n/a	n/a	n/a	n/a	n/a	n/a	1313.711129	n/a
1313.718644	0.000000	525487	stimulus_presentation	n/a	0	n/a	n/a	n/a	n/a	n/a	n/a	n/a	n/a	n/a	n/a	n/a	n/a	n/a	n/a	n/a	n/a	n/a	n/a	n/a	1313.721129	n/a
1313.728644	0.000000	525491	stimulus_presentation	n/a	0	n/a	n/a	n/a	n/a	n/a	n/a	n/a	n/a	n/a	n/a	n/a	n/a	n/a	n/a	n/a	n/a	n/a	n/a	n/a	1313.731129	n/a
1315.724112	0.000000	526290	ttl	6	n/a	n/a	n/a	n/a	n/a	n/a	n/a	n/a	n/a	n/a	n/a	n/a	n/a	n/a	n/a	n/a	n/a	n/a	n/a	n/a	1315.726597	n/a
1318.408361	0.000000	527363	stimulus_presentation	n/a	73	n/a	n/a	n/a	n/a	n/a	n/a	n/a	n/a	n/a	n/a	n/a	n/a	n/a	n/a	n/a	n/a	n/a	n/a	n/a	1318.410846	n/a
1318.408361	0.000000	527363	ttl	7	n/a	n/a	n/a	n/a	n/a	n/a	n/a	n/a	n/a	n/a	n/a	n/a	n/a	n/a	n/a	n/a	n/a	n/a	n/a	n/a	1318.410846	n/a
1320.170422	0.000000	528068	ttl	8	n/a	n/a	n/a	n/a	n/a	n/a	n/a	n/a	n/a	n/a	n/a	n/a	n/a	n/a	n/a	n/a	n/a	n/a	n/a	n/a	1320.172907	n/a
1320.222297	11.225340	528089	sternberg_trial	n/a	n/a	156	553	253	156	3	1	1	1321.242157	1323.2589369999998	1323.391969	1325.407874	1325.44128	1327.457686	1320.224782	1327.457686	1330.09206	1331.450122	intervals/trials	134	1320.224782	1331.450122
1320.222297	0.000000	528089	ttl	11	n/a	n/a	n/a	n/a	n/a	n/a	n/a	n/a	n/a	n/a	n/a	n/a	n/a	n/a	n/a	n/a	n/a	n/a	n/a	n/a	1320.224782	n/a
1321.239672	0.000000	528496	stimulus_presentation	n/a	56	n/a	n/a	n/a	n/a	n/a	n/a	n/a	n/a	n/a	n/a	n/a	n/a	n/a	n/a	n/a	n/a	n/a	n/a	n/a	1321.242157	n/a
1321.239672	0.000000	528496	ttl	1	n/a	n/a	n/a	n/a	n/a	n/a	n/a	n/a	n/a	n/a	n/a	n/a	n/a	n/a	n/a	n/a	n/a	n/a	n/a	n/a	1321.242157	n/a
1323.256452	0.000000	529303	ttl	5	n/a	n/a	n/a	n/a	n/a	n/a	n/a	n/a	n/a	n/a	n/a	n/a	n/a	n/a	n/a	n/a	n/a	n/a	n/a	n/a	1323.258937	n/a
1323.389484	0.000000	529356	stimulus_presentation	n/a	278	n/a	n/a	n/a	n/a	n/a	n/a	n/a	n/a	n/a	n/a	n/a	n/a	n/a	n/a	n/a	n/a	n/a	n/a	n/a	1323.391969	n/a
1323.389484	0.000000	529356	ttl	2	n/a	n/a	n/a	n/a	n/a	n/a	n/a	n/a	n/a	n/a	n/a	n/a	n/a	n/a	n/a	n/a	n/a	n/a	n/a	n/a	1323.391969	n/a
1325.405389	0.000000	530162	ttl	5	n/a	n/a	n/a	n/a	n/a	n/a	n/a	n/a	n/a	n/a	n/a	n/a	n/a	n/a	n/a	n/a	n/a	n/a	n/a	n/a	1325.407874	n/a
1325.438795	0.000000	530176	stimulus_presentation	n/a	110	n/a	n/a	n/a	n/a	n/a	n/a	n/a	n/a	n/a	n/a	n/a	n/a	n/a	n/a	n/a	n/a	n/a	n/a	n/a	1325.441280	n/a
1325.438795	0.000000	530176	ttl	3	n/a	n/a	n/a	n/a	n/a	n/a	n/a	n/a	n/a	n/a	n/a	n/a	n/a	n/a	n/a	n/a	n/a	n/a	n/a	n/a	1325.441280	n/a
1327.455201	0.000000	530982	ttl	6	n/a	n/a	n/a	n/a	n/a	n/a	n/a	n/a	n/a	n/a	n/a	n/a	n/a	n/a	n/a	n/a	n/a	n/a	n/a	n/a	1327.457686	n/a
1330.089575	0.000000	532036	stimulus_presentation	n/a	56	n/a	n/a	n/a	n/a	n/a	n/a	n/a	n/a	n/a	n/a	n/a	n/a	n/a	n/a	n/a	n/a	n/a	n/a	n/a	1330.092060	n/a
1330.089575	0.000000	532036	ttl	7	n/a	n/a	n/a	n/a	n/a	n/a	n/a	n/a	n/a	n/a	n/a	n/a	n/a	n/a	n/a	n/a	n/a	n/a	n/a	n/a	1330.092060	n/a
1331.447637	0.000000	532579	ttl	8	n/a	n/a	n/a	n/a	n/a	n/a	n/a	n/a	n/a	n/a	n/a	n/a	n/a	n/a	n/a	n/a	n/a	n/a	n/a	n/a	1331.450122	n/a
1331.469887	6.888247	532588	sternberg_trial	n/a	n/a	554	0	0	554	1	1	1	1332.5395899999999	1334.5560269999999	0.0	0.0	0.0	0.0	1331.472372	1334.5560269999999	1337.3409	1338.360619	intervals/trials	135	1331.472372	1338.360619
1331.469887	0.000000	532588	ttl	11	n/a	n/a	n/a	n/a	n/a	n/a	n/a	n/a	n/a	n/a	n/a	n/a	n/a	n/a	n/a	n/a	n/a	n/a	n/a	n/a	1331.472372	n/a
1332.537105	0.000000	533015	stimulus_presentation	n/a	279	n/a	n/a	n/a	n/a	n/a	n/a	n/a	n/a	n/a	n/a	n/a	n/a	n/a	n/a	n/a	n/a	n/a	n/a	n/a	1332.539590	n/a
1332.537105	0.000000	533015	ttl	1	n/a	n/a	n/a	n/a	n/a	n/a	n/a	n/a	n/a	n/a	n/a	n/a	n/a	n/a	n/a	n/a	n/a	n/a	n/a	n/a	1332.539590	n/a
1332.547105	0.000000	533019	stimulus_presentation	n/a	0	n/a	n/a	n/a	n/a	n/a	n/a	n/a	n/a	n/a	n/a	n/a	n/a	n/a	n/a	n/a	n/a	n/a	n/a	n/a	1332.549590	n/a
1332.557105	0.000000	533023	stimulus_presentation	n/a	0	n/a	n/a	n/a	n/a	n/a	n/a	n/a	n/a	n/a	n/a	n/a	n/a	n/a	n/a	n/a	n/a	n/a	n/a	n/a	1332.559590	n/a
1334.553542	0.000000	533821	ttl	6	n/a	n/a	n/a	n/a	n/a	n/a	n/a	n/a	n/a	n/a	n/a	n/a	n/a	n/a	n/a	n/a	n/a	n/a	n/a	n/a	1334.556027	n/a
1337.338415	0.000000	534935	stimulus_presentation	n/a	279	n/a	n/a	n/a	n/a	n/a	n/a	n/a	n/a	n/a	n/a	n/a	n/a	n/a	n/a	n/a	n/a	n/a	n/a	n/a	1337.340900	n/a
1337.338415	0.000000	534935	ttl	7	n/a	n/a	n/a	n/a	n/a	n/a	n/a	n/a	n/a	n/a	n/a	n/a	n/a	n/a	n/a	n/a	n/a	n/a	n/a	n/a	1337.340900	n/a
1338.358135	0.000000	535343	ttl	8	n/a	n/a	n/a	n/a	n/a	n/a	n/a	n/a	n/a	n/a	n/a	n/a	n/a	n/a	n/a	n/a	n/a	n/a	n/a	n/a	1338.360619	n/a
1338.385321	6.787216	535354	sternberg_trial	n/a	n/a	254	0	0	254	1	1	1	1339.539212	1341.55493	0.0	0.0	0.0	0.0	1338.387806	1341.55493	1344.27296	1345.175022	intervals/trials	136	1338.387806	1345.175022
1338.385321	0.000000	535354	ttl	11	n/a	n/a	n/a	n/a	n/a	n/a	n/a	n/a	n/a	n/a	n/a	n/a	n/a	n/a	n/a	n/a	n/a	n/a	n/a	n/a	1338.387806	n/a
1339.536727	0.000000	535815	stimulus_presentation	n/a	111	n/a	n/a	n/a	n/a	n/a	n/a	n/a	n/a	n/a	n/a	n/a	n/a	n/a	n/a	n/a	n/a	n/a	n/a	n/a	1339.539212	n/a
1339.536727	0.000000	535815	ttl	1	n/a	n/a	n/a	n/a	n/a	n/a	n/a	n/a	n/a	n/a	n/a	n/a	n/a	n/a	n/a	n/a	n/a	n/a	n/a	n/a	1339.539212	n/a
1339.546727	0.000000	535819	stimulus_presentation	n/a	0	n/a	n/a	n/a	n/a	n/a	n/a	n/a	n/a	n/a	n/a	n/a	n/a	n/a	n/a	n/a	n/a	n/a	n/a	n/a	1339.549212	n/a
1339.556727	0.000000	535823	stimulus_presentation	n/a	0	n/a	n/a	n/a	n/a	n/a	n/a	n/a	n/a	n/a	n/a	n/a	n/a	n/a	n/a	n/a	n/a	n/a	n/a	n/a	1339.559212	n/a
1341.552445	0.000000	536621	ttl	6	n/a	n/a	n/a	n/a	n/a	n/a	n/a	n/a	n/a	n/a	n/a	n/a	n/a	n/a	n/a	n/a	n/a	n/a	n/a	n/a	1341.554930	n/a
1344.270475	0.000000	537708	stimulus_presentation	n/a	111	n/a	n/a	n/a	n/a	n/a	n/a	n/a	n/a	n/a	n/a	n/a	n/a	n/a	n/a	n/a	n/a	n/a	n/a	n/a	1344.272960	n/a
1344.270475	0.000000	537708	ttl	7	n/a	n/a	n/a	n/a	n/a	n/a	n/a	n/a	n/a	n/a	n/a	n/a	n/a	n/a	n/a	n/a	n/a	n/a	n/a	n/a	1344.272960	n/a
1345.172537	0.000000	538069	ttl	8	n/a	n/a	n/a	n/a	n/a	n/a	n/a	n/a	n/a	n/a	n/a	n/a	n/a	n/a	n/a	n/a	n/a	n/a	n/a	n/a	1345.175022	n/a
1345.200287	11.313402	538080	sternberg_trial	n/a	n/a	555	356	255	143	3	0	1	1346.2708659999998	1348.287584	1348.3538019999999	1350.369833	1350.5532699999999	1352.569613	1345.2027719999999	1352.569613	1355.286831	1356.5161739999999	intervals/trials	137	1345.202772	1356.516174
1345.200287	0.000000	538080	ttl	11	n/a	n/a	n/a	n/a	n/a	n/a	n/a	n/a	n/a	n/a	n/a	n/a	n/a	n/a	n/a	n/a	n/a	n/a	n/a	n/a	1345.202772	n/a
1346.268381	0.000000	538507	stimulus_presentation	n/a	280	n/a	n/a	n/a	n/a	n/a	n/a	n/a	n/a	n/a	n/a	n/a	n/a	n/a	n/a	n/a	n/a	n/a	n/a	n/a	1346.270866	n/a
1346.268381	0.000000	538507	ttl	1	n/a	n/a	n/a	n/a	n/a	n/a	n/a	n/a	n/a	n/a	n/a	n/a	n/a	n/a	n/a	n/a	n/a	n/a	n/a	n/a	1346.270866	n/a
1348.285099	0.000000	539314	ttl	5	n/a	n/a	n/a	n/a	n/a	n/a	n/a	n/a	n/a	n/a	n/a	n/a	n/a	n/a	n/a	n/a	n/a	n/a	n/a	n/a	1348.287584	n/a
1348.351317	0.000000	539341	stimulus_presentation	n/a	170	n/a	n/a	n/a	n/a	n/a	n/a	n/a	n/a	n/a	n/a	n/a	n/a	n/a	n/a	n/a	n/a	n/a	n/a	n/a	1348.353802	n/a
1348.351317	0.000000	539341	ttl	2	n/a	n/a	n/a	n/a	n/a	n/a	n/a	n/a	n/a	n/a	n/a	n/a	n/a	n/a	n/a	n/a	n/a	n/a	n/a	n/a	1348.353802	n/a
1350.367348	0.000000	540147	ttl	5	n/a	n/a	n/a	n/a	n/a	n/a	n/a	n/a	n/a	n/a	n/a	n/a	n/a	n/a	n/a	n/a	n/a	n/a	n/a	n/a	1350.369833	n/a
1350.550785	0.000000	540220	stimulus_presentation	n/a	112	n/a	n/a	n/a	n/a	n/a	n/a	n/a	n/a	n/a	n/a	n/a	n/a	n/a	n/a	n/a	n/a	n/a	n/a	n/a	1350.553270	n/a
1350.550785	0.000000	540220	ttl	3	n/a	n/a	n/a	n/a	n/a	n/a	n/a	n/a	n/a	n/a	n/a	n/a	n/a	n/a	n/a	n/a	n/a	n/a	n/a	n/a	1350.553270	n/a
1352.567128	0.000000	541027	ttl	6	n/a	n/a	n/a	n/a	n/a	n/a	n/a	n/a	n/a	n/a	n/a	n/a	n/a	n/a	n/a	n/a	n/a	n/a	n/a	n/a	1352.569613	n/a
1355.284346	0.000000	542114	stimulus_presentation	n/a	43	n/a	n/a	n/a	n/a	n/a	n/a	n/a	n/a	n/a	n/a	n/a	n/a	n/a	n/a	n/a	n/a	n/a	n/a	n/a	1355.286831	n/a
1355.284346	0.000000	542114	ttl	7	n/a	n/a	n/a	n/a	n/a	n/a	n/a	n/a	n/a	n/a	n/a	n/a	n/a	n/a	n/a	n/a	n/a	n/a	n/a	n/a	1355.286831	n/a
1356.513689	0.000000	542605	ttl	8	n/a	n/a	n/a	n/a	n/a	n/a	n/a	n/a	n/a	n/a	n/a	n/a	n/a	n/a	n/a	n/a	n/a	n/a	n/a	n/a	1356.516174	n/a
1356.548126	11.242840	542619	sternberg_trial	n/a	n/a	157	256	455	157	3	1	1	1357.5182049999999	1359.534829	1359.6848909999999	1361.7009839999998	1361.801141	1363.817265	1356.550611	1363.817265	1366.517951	1367.793451	intervals/trials	138	1356.550611	1367.793451
1356.548126	0.000000	542619	ttl	11	n/a	n/a	n/a	n/a	n/a	n/a	n/a	n/a	n/a	n/a	n/a	n/a	n/a	n/a	n/a	n/a	n/a	n/a	n/a	n/a	1356.550611	n/a
1357.515720	0.000000	543006	stimulus_presentation	n/a	57	n/a	n/a	n/a	n/a	n/a	n/a	n/a	n/a	n/a	n/a	n/a	n/a	n/a	n/a	n/a	n/a	n/a	n/a	n/a	1357.518205	n/a
1357.515720	0.000000	543006	ttl	1	n/a	n/a	n/a	n/a	n/a	n/a	n/a	n/a	n/a	n/a	n/a	n/a	n/a	n/a	n/a	n/a	n/a	n/a	n/a	n/a	1357.518205	n/a
1359.532344	0.000000	543813	ttl	5	n/a	n/a	n/a	n/a	n/a	n/a	n/a	n/a	n/a	n/a	n/a	n/a	n/a	n/a	n/a	n/a	n/a	n/a	n/a	n/a	1359.534829	n/a
1359.682406	0.000000	543873	stimulus_presentation	n/a	113	n/a	n/a	n/a	n/a	n/a	n/a	n/a	n/a	n/a	n/a	n/a	n/a	n/a	n/a	n/a	n/a	n/a	n/a	n/a	1359.684891	n/a
1359.682406	0.000000	543873	ttl	2	n/a	n/a	n/a	n/a	n/a	n/a	n/a	n/a	n/a	n/a	n/a	n/a	n/a	n/a	n/a	n/a	n/a	n/a	n/a	n/a	1359.684891	n/a
1361.698499	0.000000	544679	ttl	5	n/a	n/a	n/a	n/a	n/a	n/a	n/a	n/a	n/a	n/a	n/a	n/a	n/a	n/a	n/a	n/a	n/a	n/a	n/a	n/a	1361.700984	n/a
1361.798656	0.000000	544719	stimulus_presentation	n/a	225	n/a	n/a	n/a	n/a	n/a	n/a	n/a	n/a	n/a	n/a	n/a	n/a	n/a	n/a	n/a	n/a	n/a	n/a	n/a	1361.801141	n/a
1361.798656	0.000000	544719	ttl	3	n/a	n/a	n/a	n/a	n/a	n/a	n/a	n/a	n/a	n/a	n/a	n/a	n/a	n/a	n/a	n/a	n/a	n/a	n/a	n/a	1361.801141	n/a
1363.814780	0.000000	545526	ttl	6	n/a	n/a	n/a	n/a	n/a	n/a	n/a	n/a	n/a	n/a	n/a	n/a	n/a	n/a	n/a	n/a	n/a	n/a	n/a	n/a	1363.817265	n/a
1366.515467	0.000000	546606	stimulus_presentation	n/a	57	n/a	n/a	n/a	n/a	n/a	n/a	n/a	n/a	n/a	n/a	n/a	n/a	n/a	n/a	n/a	n/a	n/a	n/a	n/a	1366.517951	n/a
1366.515467	0.000000	546606	ttl	7	n/a	n/a	n/a	n/a	n/a	n/a	n/a	n/a	n/a	n/a	n/a	n/a	n/a	n/a	n/a	n/a	n/a	n/a	n/a	n/a	1366.517951	n/a
1367.790966	0.000000	547116	ttl	8	n/a	n/a	n/a	n/a	n/a	n/a	n/a	n/a	n/a	n/a	n/a	n/a	n/a	n/a	n/a	n/a	n/a	n/a	n/a	n/a	1367.793451	n/a
1367.813028	7.688153	547125	sternberg_trial	n/a	n/a	257	0	0	327	1	0	1	1368.9328249999999	1370.949012	0.0	0.0	0.0	0.0	1367.815513	1370.949012	1373.647948	1375.5036659999998	intervals/trials	139	1367.815513	1375.503666
1367.813028	0.000000	547125	ttl	11	n/a	n/a	n/a	n/a	n/a	n/a	n/a	n/a	n/a	n/a	n/a	n/a	n/a	n/a	n/a	n/a	n/a	n/a	n/a	n/a	1367.815513	n/a
1368.930340	0.000000	547572	stimulus_presentation	n/a	114	n/a	n/a	n/a	n/a	n/a	n/a	n/a	n/a	n/a	n/a	n/a	n/a	n/a	n/a	n/a	n/a	n/a	n/a	n/a	1368.932825	n/a
1368.930340	0.000000	547572	ttl	1	n/a	n/a	n/a	n/a	n/a	n/a	n/a	n/a	n/a	n/a	n/a	n/a	n/a	n/a	n/a	n/a	n/a	n/a	n/a	n/a	1368.932825	n/a
1368.940340	0.000000	547576	stimulus_presentation	n/a	0	n/a	n/a	n/a	n/a	n/a	n/a	n/a	n/a	n/a	n/a	n/a	n/a	n/a	n/a	n/a	n/a	n/a	n/a	n/a	1368.942825	n/a
1368.950340	0.000000	547580	stimulus_presentation	n/a	0	n/a	n/a	n/a	n/a	n/a	n/a	n/a	n/a	n/a	n/a	n/a	n/a	n/a	n/a	n/a	n/a	n/a	n/a	n/a	1368.952825	n/a
1370.946528	0.000000	548379	ttl	6	n/a	n/a	n/a	n/a	n/a	n/a	n/a	n/a	n/a	n/a	n/a	n/a	n/a	n/a	n/a	n/a	n/a	n/a	n/a	n/a	1370.949012	n/a
1373.645464	0.000000	549458	stimulus_presentation	n/a	141	n/a	n/a	n/a	n/a	n/a	n/a	n/a	n/a	n/a	n/a	n/a	n/a	n/a	n/a	n/a	n/a	n/a	n/a	n/a	1373.647948	n/a
1373.645464	0.000000	549458	ttl	7	n/a	n/a	n/a	n/a	n/a	n/a	n/a	n/a	n/a	n/a	n/a	n/a	n/a	n/a	n/a	n/a	n/a	n/a	n/a	n/a	1373.647948	n/a
1375.501181	0.000000	550200	ttl	8	n/a	n/a	n/a	n/a	n/a	n/a	n/a	n/a	n/a	n/a	n/a	n/a	n/a	n/a	n/a	n/a	n/a	n/a	n/a	n/a	1375.503666	n/a
1392.218487	0.000000	556887	ttl	60	n/a	n/a	n/a	n/a	n/a	n/a	n/a	n/a	n/a	n/a	n/a	n/a	n/a	n/a	n/a	n/a	n/a	n/a	n/a	n/a	1392.220972	n/a
