onset	duration	sample	trial_type	value	stimulus_index	PicIDs_Encoding1	PicIDs_Encoding2	PicIDs_Encoding3	PicIDs_Probe	loads	probe_in_out	response_accuracy	timestamps_Encoding1	timestamps_Encoding1_end	timestamps_Encoding2	timestamps_Encoding2_end	timestamps_Encoding3	timestamps_Encoding3_end	timestamps_FixationCross	timestamps_Maintenance	timestamps_Probe	timestamps_Response	source_table	source_row_id	source_start_time	source_stop_time
-0.002485	0.000000	-1	ttl	61	n/a	n/a	n/a	n/a	n/a	n/a	n/a	n/a	n/a	n/a	n/a	n/a	n/a	n/a	n/a	n/a	n/a	n/a	n/a	n/a	0.000000	n/a
0.020702	10.903339	8	sternberg_trial	n/a	n/a	201	101	501	501	3	1	1	1.073906	3.089968	3.273374	5.289686	5.4223419999999996	7.439216	0.023188	7.439216	10.237964999999999	10.926527	intervals/trials	0	0.023188	10.926527
0.020702	0.000000	8	ttl	11	n/a	n/a	n/a	n/a	n/a	n/a	n/a	n/a	n/a	n/a	n/a	n/a	n/a	n/a	n/a	n/a	n/a	n/a	n/a	n/a	0.023188	n/a
1.071421	0.000000	429	stimulus_presentation	n/a	58	n/a	n/a	n/a	n/a	n/a	n/a	n/a	n/a	n/a	n/a	n/a	n/a	n/a	n/a	n/a	n/a	n/a	n/a	n/a	1.073906	n/a
1.071421	0.000000	429	ttl	1	n/a	n/a	n/a	n/a	n/a	n/a	n/a	n/a	n/a	n/a	n/a	n/a	n/a	n/a	n/a	n/a	n/a	n/a	n/a	n/a	1.073906	n/a
3.087482	0.000000	1235	ttl	5	n/a	n/a	n/a	n/a	n/a	n/a	n/a	n/a	n/a	n/a	n/a	n/a	n/a	n/a	n/a	n/a	n/a	n/a	n/a	n/a	3.089968	n/a
3.270888	0.000000	1308	stimulus_presentation	n/a	1	n/a	n/a	n/a	n/a	n/a	n/a	n/a	n/a	n/a	n/a	n/a	n/a	n/a	n/a	n/a	n/a	n/a	n/a	n/a	3.273374	n/a
3.270888	0.000000	1308	ttl	2	n/a	n/a	n/a	n/a	n/a	n/a	n/a	n/a	n/a	n/a	n/a	n/a	n/a	n/a	n/a	n/a	n/a	n/a	n/a	n/a	3.273374	n/a
5.287200	0.000000	2115	ttl	5	n/a	n/a	n/a	n/a	n/a	n/a	n/a	n/a	n/a	n/a	n/a	n/a	n/a	n/a	n/a	n/a	n/a	n/a	n/a	n/a	5.289686	n/a
5.419856	0.000000	2168	stimulus_presentation	n/a	226	n/a	n/a	n/a	n/a	n/a	n/a	n/a	n/a	n/a	n/a	n/a	n/a	n/a	n/a	n/a	n/a	n/a	n/a	n/a	5.422342	n/a
5.419856	0.000000	2168	ttl	3	n/a	n/a	n/a	n/a	n/a	n/a	n/a	n/a	n/a	n/a	n/a	n/a	n/a	n/a	n/a	n/a	n/a	n/a	n/a	n/a	5.422342	n/a
7.436731	0.000000	2975	ttl	6	n/a	n/a	n/a	n/a	n/a	n/a	n/a	n/a	n/a	n/a	n/a	n/a	n/a	n/a	n/a	n/a	n/a	n/a	n/a	n/a	7.439216	n/a
10.235479	0.000000	4094	stimulus_presentation	n/a	226	n/a	n/a	n/a	n/a	n/a	n/a	n/a	n/a	n/a	n/a	n/a	n/a	n/a	n/a	n/a	n/a	n/a	n/a	n/a	10.237965	n/a
10.235479	0.000000	4094	ttl	7	n/a	n/a	n/a	n/a	n/a	n/a	n/a	n/a	n/a	n/a	n/a	n/a	n/a	n/a	n/a	n/a	n/a	n/a	n/a	n/a	10.237965	n/a
10.924041	0.000000	4370	ttl	8	n/a	n/a	n/a	n/a	n/a	n/a	n/a	n/a	n/a	n/a	n/a	n/a	n/a	n/a	n/a	n/a	n/a	n/a	n/a	n/a	10.926527	n/a
10.951447	11.243340	4381	sternberg_trial	n/a	n/a	202	102	502	502	3	1	1	12.088182999999999	14.104401	14.121087999999999	16.137463	16.304088	18.320493	10.953933	18.320493	21.121492	22.197273	intervals/trials	1	10.953933	22.197273
10.951447	0.000000	4381	ttl	11	n/a	n/a	n/a	n/a	n/a	n/a	n/a	n/a	n/a	n/a	n/a	n/a	n/a	n/a	n/a	n/a	n/a	n/a	n/a	n/a	10.953933	n/a
12.085697	0.000000	4834	stimulus_presentation	n/a	59	n/a	n/a	n/a	n/a	n/a	n/a	n/a	n/a	n/a	n/a	n/a	n/a	n/a	n/a	n/a	n/a	n/a	n/a	n/a	12.088183	n/a
12.085697	0.000000	4834	ttl	1	n/a	n/a	n/a	n/a	n/a	n/a	n/a	n/a	n/a	n/a	n/a	n/a	n/a	n/a	n/a	n/a	n/a	n/a	n/a	n/a	12.088183	n/a
14.101915	0.000000	5641	ttl	5	n/a	n/a	n/a	n/a	n/a	n/a	n/a	n/a	n/a	n/a	n/a	n/a	n/a	n/a	n/a	n/a	n/a	n/a	n/a	n/a	14.104401	n/a
14.118602	0.000000	5647	stimulus_presentation	n/a	2	n/a	n/a	n/a	n/a	n/a	n/a	n/a	n/a	n/a	n/a	n/a	n/a	n/a	n/a	n/a	n/a	n/a	n/a	n/a	14.121088	n/a
14.118602	0.000000	5647	ttl	2	n/a	n/a	n/a	n/a	n/a	n/a	n/a	n/a	n/a	n/a	n/a	n/a	n/a	n/a	n/a	n/a	n/a	n/a	n/a	n/a	14.121088	n/a
16.134978	0.000000	6454	ttl	5	n/a	n/a	n/a	n/a	n/a	n/a	n/a	n/a	n/a	n/a	n/a	n/a	n/a	n/a	n/a	n/a	n/a	n/a	n/a	n/a	16.137463	n/a
16.301603	0.000000	6521	stimulus_presentation	n/a	227	n/a	n/a	n/a	n/a	n/a	n/a	n/a	n/a	n/a	n/a	n/a	n/a	n/a	n/a	n/a	n/a	n/a	n/a	n/a	16.304088	n/a
16.301603	0.000000	6521	ttl	3	n/a	n/a	n/a	n/a	n/a	n/a	n/a	n/a	n/a	n/a	n/a	n/a	n/a	n/a	n/a	n/a	n/a	n/a	n/a	n/a	16.304088	n/a
18.318008	0.000000	7327	ttl	6	n/a	n/a	n/a	n/a	n/a	n/a	n/a	n/a	n/a	n/a	n/a	n/a	n/a	n/a	n/a	n/a	n/a	n/a	n/a	n/a	18.320493	n/a
21.119007	0.000000	8448	stimulus_presentation	n/a	227	n/a	n/a	n/a	n/a	n/a	n/a	n/a	n/a	n/a	n/a	n/a	n/a	n/a	n/a	n/a	n/a	n/a	n/a	n/a	21.121492	n/a
21.119007	0.000000	8448	ttl	7	n/a	n/a	n/a	n/a	n/a	n/a	n/a	n/a	n/a	n/a	n/a	n/a	n/a	n/a	n/a	n/a	n/a	n/a	n/a	n/a	21.121492	n/a
22.194788	0.000000	8878	ttl	8	n/a	n/a	n/a	n/a	n/a	n/a	n/a	n/a	n/a	n/a	n/a	n/a	n/a	n/a	n/a	n/a	n/a	n/a	n/a	n/a	22.197273	n/a
22.216006	10.785871	8886	sternberg_trial	n/a	n/a	301	401	103	301	3	1	1	23.236054	25.254552999999998	25.435709	27.451770999999997	27.551833	29.568300999999998	22.218491	29.568300999999998	32.318861999999996	33.004362	intervals/trials	2	22.218491	33.004362
22.216006	0.000000	8886	ttl	11	n/a	n/a	n/a	n/a	n/a	n/a	n/a	n/a	n/a	n/a	n/a	n/a	n/a	n/a	n/a	n/a	n/a	n/a	n/a	n/a	22.218491	n/a
23.233569	0.000000	9293	stimulus_presentation	n/a	115	n/a	n/a	n/a	n/a	n/a	n/a	n/a	n/a	n/a	n/a	n/a	n/a	n/a	n/a	n/a	n/a	n/a	n/a	n/a	23.236054	n/a
23.233569	0.000000	9293	ttl	1	n/a	n/a	n/a	n/a	n/a	n/a	n/a	n/a	n/a	n/a	n/a	n/a	n/a	n/a	n/a	n/a	n/a	n/a	n/a	n/a	23.236054	n/a
25.252067	0.000000	10101	ttl	5	n/a	n/a	n/a	n/a	n/a	n/a	n/a	n/a	n/a	n/a	n/a	n/a	n/a	n/a	n/a	n/a	n/a	n/a	n/a	n/a	25.254553	n/a
25.433224	0.000000	10173	stimulus_presentation	n/a	171	n/a	n/a	n/a	n/a	n/a	n/a	n/a	n/a	n/a	n/a	n/a	n/a	n/a	n/a	n/a	n/a	n/a	n/a	n/a	25.435709	n/a
25.433224	0.000000	10173	ttl	2	n/a	n/a	n/a	n/a	n/a	n/a	n/a	n/a	n/a	n/a	n/a	n/a	n/a	n/a	n/a	n/a	n/a	n/a	n/a	n/a	25.435709	n/a
27.449285	0.000000	10980	ttl	5	n/a	n/a	n/a	n/a	n/a	n/a	n/a	n/a	n/a	n/a	n/a	n/a	n/a	n/a	n/a	n/a	n/a	n/a	n/a	n/a	27.451771	n/a
27.549347	0.000000	11020	stimulus_presentation	n/a	3	n/a	n/a	n/a	n/a	n/a	n/a	n/a	n/a	n/a	n/a	n/a	n/a	n/a	n/a	n/a	n/a	n/a	n/a	n/a	27.551833	n/a
27.549347	0.000000	11020	ttl	3	n/a	n/a	n/a	n/a	n/a	n/a	n/a	n/a	n/a	n/a	n/a	n/a	n/a	n/a	n/a	n/a	n/a	n/a	n/a	n/a	27.551833	n/a
29.565815	0.000000	11826	ttl	6	n/a	n/a	n/a	n/a	n/a	n/a	n/a	n/a	n/a	n/a	n/a	n/a	n/a	n/a	n/a	n/a	n/a	n/a	n/a	n/a	29.568301	n/a
32.316376	0.000000	12927	stimulus_presentation	n/a	115	n/a	n/a	n/a	n/a	n/a	n/a	n/a	n/a	n/a	n/a	n/a	n/a	n/a	n/a	n/a	n/a	n/a	n/a	n/a	32.318862	n/a
32.316376	0.000000	12927	ttl	7	n/a	n/a	n/a	n/a	n/a	n/a	n/a	n/a	n/a	n/a	n/a	n/a	n/a	n/a	n/a	n/a	n/a	n/a	n/a	n/a	32.318862	n/a
33.001877	0.000000	13201	ttl	8	n/a	n/a	n/a	n/a	n/a	n/a	n/a	n/a	n/a	n/a	n/a	n/a	n/a	n/a	n/a	n/a	n/a	n/a	n/a	n/a	33.004362	n/a
33.030783	7.453029	13212	sternberg_trial	n/a	n/a	503	0	0	503	1	1	1	34.000049	36.017142	0.0	0.0	0.0	0.0	33.033268	36.017142	38.801922	40.486297	intervals/trials	3	33.033268	40.486297
33.030783	0.000000	13212	ttl	11	n/a	n/a	n/a	n/a	n/a	n/a	n/a	n/a	n/a	n/a	n/a	n/a	n/a	n/a	n/a	n/a	n/a	n/a	n/a	n/a	33.033268	n/a
33.997563	0.000000	13599	stimulus_presentation	n/a	228	n/a	n/a	n/a	n/a	n/a	n/a	n/a	n/a	n/a	n/a	n/a	n/a	n/a	n/a	n/a	n/a	n/a	n/a	n/a	34.000049	n/a
33.997563	0.000000	13599	ttl	1	n/a	n/a	n/a	n/a	n/a	n/a	n/a	n/a	n/a	n/a	n/a	n/a	n/a	n/a	n/a	n/a	n/a	n/a	n/a	n/a	34.000049	n/a
34.007563	0.000000	13603	stimulus_presentation	n/a	0	n/a	n/a	n/a	n/a	n/a	n/a	n/a	n/a	n/a	n/a	n/a	n/a	n/a	n/a	n/a	n/a	n/a	n/a	n/a	34.010049	n/a
34.017563	0.000000	13607	stimulus_presentation	n/a	0	n/a	n/a	n/a	n/a	n/a	n/a	n/a	n/a	n/a	n/a	n/a	n/a	n/a	n/a	n/a	n/a	n/a	n/a	n/a	34.020049	n/a
36.014657	0.000000	14406	ttl	6	n/a	n/a	n/a	n/a	n/a	n/a	n/a	n/a	n/a	n/a	n/a	n/a	n/a	n/a	n/a	n/a	n/a	n/a	n/a	n/a	36.017142	n/a
38.799436	0.000000	15520	stimulus_presentation	n/a	228	n/a	n/a	n/a	n/a	n/a	n/a	n/a	n/a	n/a	n/a	n/a	n/a	n/a	n/a	n/a	n/a	n/a	n/a	n/a	38.801922	n/a
38.799436	0.000000	15520	ttl	7	n/a	n/a	n/a	n/a	n/a	n/a	n/a	n/a	n/a	n/a	n/a	n/a	n/a	n/a	n/a	n/a	n/a	n/a	n/a	n/a	38.801922	n/a
40.483812	0.000000	16194	ttl	8	n/a	n/a	n/a	n/a	n/a	n/a	n/a	n/a	n/a	n/a	n/a	n/a	n/a	n/a	n/a	n/a	n/a	n/a	n/a	n/a	40.486297	n/a
40.512749	11.129964	16205	sternberg_trial	n/a	n/a	402	203	504	103	3	0	1	41.633109	43.648607999999996	43.798826999999996	45.815200999999995	45.898451	47.914262	40.515234	47.914262	50.616043	51.645198	intervals/trials	4	40.515234	51.645198
40.512749	0.000000	16205	ttl	11	n/a	n/a	n/a	n/a	n/a	n/a	n/a	n/a	n/a	n/a	n/a	n/a	n/a	n/a	n/a	n/a	n/a	n/a	n/a	n/a	40.515234	n/a
41.630623	0.000000	16652	stimulus_presentation	n/a	172	n/a	n/a	n/a	n/a	n/a	n/a	n/a	n/a	n/a	n/a	n/a	n/a	n/a	n/a	n/a	n/a	n/a	n/a	n/a	41.633109	n/a
41.630623	0.000000	16652	ttl	1	n/a	n/a	n/a	n/a	n/a	n/a	n/a	n/a	n/a	n/a	n/a	n/a	n/a	n/a	n/a	n/a	n/a	n/a	n/a	n/a	41.633109	n/a
43.646122	0.000000	17458	ttl	5	n/a	n/a	n/a	n/a	n/a	n/a	n/a	n/a	n/a	n/a	n/a	n/a	n/a	n/a	n/a	n/a	n/a	n/a	n/a	n/a	43.648608	n/a
43.796341	0.000000	17519	stimulus_presentation	n/a	60	n/a	n/a	n/a	n/a	n/a	n/a	n/a	n/a	n/a	n/a	n/a	n/a	n/a	n/a	n/a	n/a	n/a	n/a	n/a	43.798827	n/a
43.796341	0.000000	17519	ttl	2	n/a	n/a	n/a	n/a	n/a	n/a	n/a	n/a	n/a	n/a	n/a	n/a	n/a	n/a	n/a	n/a	n/a	n/a	n/a	n/a	43.798827	n/a
45.812715	0.000000	18325	ttl	5	n/a	n/a	n/a	n/a	n/a	n/a	n/a	n/a	n/a	n/a	n/a	n/a	n/a	n/a	n/a	n/a	n/a	n/a	n/a	n/a	45.815201	n/a
45.895966	0.000000	18358	stimulus_presentation	n/a	229	n/a	n/a	n/a	n/a	n/a	n/a	n/a	n/a	n/a	n/a	n/a	n/a	n/a	n/a	n/a	n/a	n/a	n/a	n/a	45.898451	n/a
45.895966	0.000000	18358	ttl	3	n/a	n/a	n/a	n/a	n/a	n/a	n/a	n/a	n/a	n/a	n/a	n/a	n/a	n/a	n/a	n/a	n/a	n/a	n/a	n/a	45.898451	n/a
47.911777	0.000000	19165	ttl	6	n/a	n/a	n/a	n/a	n/a	n/a	n/a	n/a	n/a	n/a	n/a	n/a	n/a	n/a	n/a	n/a	n/a	n/a	n/a	n/a	47.914262	n/a
50.613557	0.000000	20245	stimulus_presentation	n/a	3	n/a	n/a	n/a	n/a	n/a	n/a	n/a	n/a	n/a	n/a	n/a	n/a	n/a	n/a	n/a	n/a	n/a	n/a	n/a	50.616043	n/a
50.613557	0.000000	20245	ttl	7	n/a	n/a	n/a	n/a	n/a	n/a	n/a	n/a	n/a	n/a	n/a	n/a	n/a	n/a	n/a	n/a	n/a	n/a	n/a	n/a	50.616043	n/a
51.642713	0.000000	20657	ttl	8	n/a	n/a	n/a	n/a	n/a	n/a	n/a	n/a	n/a	n/a	n/a	n/a	n/a	n/a	n/a	n/a	n/a	n/a	n/a	n/a	51.645198	n/a
51.693712	10.820059	20677	sternberg_trial	n/a	n/a	302	403	505	201	3	0	1	52.663604	54.679947	54.72976	56.746227999999995	56.812853	58.829257999999996	51.696197999999995	58.829257999999996	61.463538	62.516256999999996	intervals/trials	5	51.696198	62.516257
51.693712	0.000000	20677	ttl	11	n/a	n/a	n/a	n/a	n/a	n/a	n/a	n/a	n/a	n/a	n/a	n/a	n/a	n/a	n/a	n/a	n/a	n/a	n/a	n/a	51.696198	n/a
52.661119	0.000000	21064	stimulus_presentation	n/a	116	n/a	n/a	n/a	n/a	n/a	n/a	n/a	n/a	n/a	n/a	n/a	n/a	n/a	n/a	n/a	n/a	n/a	n/a	n/a	52.663604	n/a
52.661119	0.000000	21064	ttl	1	n/a	n/a	n/a	n/a	n/a	n/a	n/a	n/a	n/a	n/a	n/a	n/a	n/a	n/a	n/a	n/a	n/a	n/a	n/a	n/a	52.663604	n/a
54.677461	0.000000	21871	ttl	5	n/a	n/a	n/a	n/a	n/a	n/a	n/a	n/a	n/a	n/a	n/a	n/a	n/a	n/a	n/a	n/a	n/a	n/a	n/a	n/a	54.679947	n/a
54.727275	0.000000	21891	stimulus_presentation	n/a	173	n/a	n/a	n/a	n/a	n/a	n/a	n/a	n/a	n/a	n/a	n/a	n/a	n/a	n/a	n/a	n/a	n/a	n/a	n/a	54.729760	n/a
54.727275	0.000000	21891	ttl	2	n/a	n/a	n/a	n/a	n/a	n/a	n/a	n/a	n/a	n/a	n/a	n/a	n/a	n/a	n/a	n/a	n/a	n/a	n/a	n/a	54.729760	n/a
56.743742	0.000000	22697	ttl	5	n/a	n/a	n/a	n/a	n/a	n/a	n/a	n/a	n/a	n/a	n/a	n/a	n/a	n/a	n/a	n/a	n/a	n/a	n/a	n/a	56.746228	n/a
56.810367	0.000000	22724	stimulus_presentation	n/a	230	n/a	n/a	n/a	n/a	n/a	n/a	n/a	n/a	n/a	n/a	n/a	n/a	n/a	n/a	n/a	n/a	n/a	n/a	n/a	56.812853	n/a
56.810367	0.000000	22724	ttl	3	n/a	n/a	n/a	n/a	n/a	n/a	n/a	n/a	n/a	n/a	n/a	n/a	n/a	n/a	n/a	n/a	n/a	n/a	n/a	n/a	56.812853	n/a
58.826772	0.000000	23531	ttl	6	n/a	n/a	n/a	n/a	n/a	n/a	n/a	n/a	n/a	n/a	n/a	n/a	n/a	n/a	n/a	n/a	n/a	n/a	n/a	n/a	58.829258	n/a
61.461053	0.000000	24584	stimulus_presentation	n/a	58	n/a	n/a	n/a	n/a	n/a	n/a	n/a	n/a	n/a	n/a	n/a	n/a	n/a	n/a	n/a	n/a	n/a	n/a	n/a	61.463538	n/a
61.461053	0.000000	24584	ttl	7	n/a	n/a	n/a	n/a	n/a	n/a	n/a	n/a	n/a	n/a	n/a	n/a	n/a	n/a	n/a	n/a	n/a	n/a	n/a	n/a	61.463538	n/a
62.513771	0.000000	25006	ttl	8	n/a	n/a	n/a	n/a	n/a	n/a	n/a	n/a	n/a	n/a	n/a	n/a	n/a	n/a	n/a	n/a	n/a	n/a	n/a	n/a	62.516257	n/a
62.541677	11.019245	25017	sternberg_trial	n/a	n/a	404	303	506	203	3	0	1	63.661474999999996	65.677568	65.794724	67.81062899999999	67.893129	69.91072199999999	62.544163	69.91072199999999	72.678315	73.563408	intervals/trials	6	62.544163	73.563408
62.541677	0.000000	25017	ttl	11	n/a	n/a	n/a	n/a	n/a	n/a	n/a	n/a	n/a	n/a	n/a	n/a	n/a	n/a	n/a	n/a	n/a	n/a	n/a	n/a	62.544163	n/a
63.658989	0.000000	25464	stimulus_presentation	n/a	174	n/a	n/a	n/a	n/a	n/a	n/a	n/a	n/a	n/a	n/a	n/a	n/a	n/a	n/a	n/a	n/a	n/a	n/a	n/a	63.661475	n/a
63.658989	0.000000	25464	ttl	1	n/a	n/a	n/a	n/a	n/a	n/a	n/a	n/a	n/a	n/a	n/a	n/a	n/a	n/a	n/a	n/a	n/a	n/a	n/a	n/a	63.661475	n/a
65.675082	0.000000	26270	ttl	5	n/a	n/a	n/a	n/a	n/a	n/a	n/a	n/a	n/a	n/a	n/a	n/a	n/a	n/a	n/a	n/a	n/a	n/a	n/a	n/a	65.677568	n/a
65.792238	0.000000	26317	stimulus_presentation	n/a	117	n/a	n/a	n/a	n/a	n/a	n/a	n/a	n/a	n/a	n/a	n/a	n/a	n/a	n/a	n/a	n/a	n/a	n/a	n/a	65.794724	n/a
65.792238	0.000000	26317	ttl	2	n/a	n/a	n/a	n/a	n/a	n/a	n/a	n/a	n/a	n/a	n/a	n/a	n/a	n/a	n/a	n/a	n/a	n/a	n/a	n/a	65.794724	n/a
67.808143	0.000000	27123	ttl	5	n/a	n/a	n/a	n/a	n/a	n/a	n/a	n/a	n/a	n/a	n/a	n/a	n/a	n/a	n/a	n/a	n/a	n/a	n/a	n/a	67.810629	n/a
67.890643	0.000000	27156	stimulus_presentation	n/a	231	n/a	n/a	n/a	n/a	n/a	n/a	n/a	n/a	n/a	n/a	n/a	n/a	n/a	n/a	n/a	n/a	n/a	n/a	n/a	67.893129	n/a
67.890643	0.000000	27156	ttl	3	n/a	n/a	n/a	n/a	n/a	n/a	n/a	n/a	n/a	n/a	n/a	n/a	n/a	n/a	n/a	n/a	n/a	n/a	n/a	n/a	67.893129	n/a
69.908236	0.000000	27963	ttl	6	n/a	n/a	n/a	n/a	n/a	n/a	n/a	n/a	n/a	n/a	n/a	n/a	n/a	n/a	n/a	n/a	n/a	n/a	n/a	n/a	69.910722	n/a
72.675829	0.000000	29070	stimulus_presentation	n/a	60	n/a	n/a	n/a	n/a	n/a	n/a	n/a	n/a	n/a	n/a	n/a	n/a	n/a	n/a	n/a	n/a	n/a	n/a	n/a	72.678315	n/a
72.675829	0.000000	29070	ttl	7	n/a	n/a	n/a	n/a	n/a	n/a	n/a	n/a	n/a	n/a	n/a	n/a	n/a	n/a	n/a	n/a	n/a	n/a	n/a	n/a	72.678315	n/a
73.560922	0.000000	29424	ttl	8	n/a	n/a	n/a	n/a	n/a	n/a	n/a	n/a	n/a	n/a	n/a	n/a	n/a	n/a	n/a	n/a	n/a	n/a	n/a	n/a	73.563408	n/a
73.589516	10.762621	29436	sternberg_trial	n/a	n/a	104	204	304	304	3	1	1	74.67625199999999	76.692595	76.75903199999999	78.775437	78.875469	80.89153	73.592002	80.89153	83.475904	84.35462299999999	intervals/trials	7	73.592002	84.354623
73.589516	0.000000	29436	ttl	11	n/a	n/a	n/a	n/a	n/a	n/a	n/a	n/a	n/a	n/a	n/a	n/a	n/a	n/a	n/a	n/a	n/a	n/a	n/a	n/a	73.592002	n/a
74.673766	0.000000	29870	stimulus_presentation	n/a	4	n/a	n/a	n/a	n/a	n/a	n/a	n/a	n/a	n/a	n/a	n/a	n/a	n/a	n/a	n/a	n/a	n/a	n/a	n/a	74.676252	n/a
74.673766	0.000000	29870	ttl	1	n/a	n/a	n/a	n/a	n/a	n/a	n/a	n/a	n/a	n/a	n/a	n/a	n/a	n/a	n/a	n/a	n/a	n/a	n/a	n/a	74.676252	n/a
76.690109	0.000000	30676	ttl	5	n/a	n/a	n/a	n/a	n/a	n/a	n/a	n/a	n/a	n/a	n/a	n/a	n/a	n/a	n/a	n/a	n/a	n/a	n/a	n/a	76.692595	n/a
76.756546	0.000000	30703	stimulus_presentation	n/a	61	n/a	n/a	n/a	n/a	n/a	n/a	n/a	n/a	n/a	n/a	n/a	n/a	n/a	n/a	n/a	n/a	n/a	n/a	n/a	76.759032	n/a
76.756546	0.000000	30703	ttl	2	n/a	n/a	n/a	n/a	n/a	n/a	n/a	n/a	n/a	n/a	n/a	n/a	n/a	n/a	n/a	n/a	n/a	n/a	n/a	n/a	76.759032	n/a
78.772951	0.000000	31509	ttl	5	n/a	n/a	n/a	n/a	n/a	n/a	n/a	n/a	n/a	n/a	n/a	n/a	n/a	n/a	n/a	n/a	n/a	n/a	n/a	n/a	78.775437	n/a
78.872983	0.000000	31549	stimulus_presentation	n/a	118	n/a	n/a	n/a	n/a	n/a	n/a	n/a	n/a	n/a	n/a	n/a	n/a	n/a	n/a	n/a	n/a	n/a	n/a	n/a	78.875469	n/a
78.872983	0.000000	31549	ttl	3	n/a	n/a	n/a	n/a	n/a	n/a	n/a	n/a	n/a	n/a	n/a	n/a	n/a	n/a	n/a	n/a	n/a	n/a	n/a	n/a	78.875469	n/a
80.889044	0.000000	32356	ttl	6	n/a	n/a	n/a	n/a	n/a	n/a	n/a	n/a	n/a	n/a	n/a	n/a	n/a	n/a	n/a	n/a	n/a	n/a	n/a	n/a	80.891530	n/a
83.473418	0.000000	33389	stimulus_presentation	n/a	118	n/a	n/a	n/a	n/a	n/a	n/a	n/a	n/a	n/a	n/a	n/a	n/a	n/a	n/a	n/a	n/a	n/a	n/a	n/a	83.475904	n/a
83.473418	0.000000	33389	ttl	7	n/a	n/a	n/a	n/a	n/a	n/a	n/a	n/a	n/a	n/a	n/a	n/a	n/a	n/a	n/a	n/a	n/a	n/a	n/a	n/a	83.475904	n/a
84.352137	0.000000	33741	ttl	8	n/a	n/a	n/a	n/a	n/a	n/a	n/a	n/a	n/a	n/a	n/a	n/a	n/a	n/a	n/a	n/a	n/a	n/a	n/a	n/a	84.354623	n/a
84.387543	10.915933	33755	sternberg_trial	n/a	n/a	507	405	205	405	3	1	0	85.524154	87.54034	87.574028	89.59002699999999	89.65705799999999	91.672964	84.390029	91.672964	94.390744	95.305962	intervals/trials	8	84.390029	95.305962
84.387543	0.000000	33755	ttl	11	n/a	n/a	n/a	n/a	n/a	n/a	n/a	n/a	n/a	n/a	n/a	n/a	n/a	n/a	n/a	n/a	n/a	n/a	n/a	n/a	84.390029	n/a
85.521668	0.000000	34209	stimulus_presentation	n/a	232	n/a	n/a	n/a	n/a	n/a	n/a	n/a	n/a	n/a	n/a	n/a	n/a	n/a	n/a	n/a	n/a	n/a	n/a	n/a	85.524154	n/a
85.521668	0.000000	34209	ttl	1	n/a	n/a	n/a	n/a	n/a	n/a	n/a	n/a	n/a	n/a	n/a	n/a	n/a	n/a	n/a	n/a	n/a	n/a	n/a	n/a	85.524154	n/a
87.537854	0.000000	35015	ttl	5	n/a	n/a	n/a	n/a	n/a	n/a	n/a	n/a	n/a	n/a	n/a	n/a	n/a	n/a	n/a	n/a	n/a	n/a	n/a	n/a	87.540340	n/a
87.571542	0.000000	35029	stimulus_presentation	n/a	175	n/a	n/a	n/a	n/a	n/a	n/a	n/a	n/a	n/a	n/a	n/a	n/a	n/a	n/a	n/a	n/a	n/a	n/a	n/a	87.574028	n/a
87.571542	0.000000	35029	ttl	2	n/a	n/a	n/a	n/a	n/a	n/a	n/a	n/a	n/a	n/a	n/a	n/a	n/a	n/a	n/a	n/a	n/a	n/a	n/a	n/a	87.574028	n/a
89.587541	0.000000	35835	ttl	5	n/a	n/a	n/a	n/a	n/a	n/a	n/a	n/a	n/a	n/a	n/a	n/a	n/a	n/a	n/a	n/a	n/a	n/a	n/a	n/a	89.590027	n/a
89.654572	0.000000	35862	stimulus_presentation	n/a	62	n/a	n/a	n/a	n/a	n/a	n/a	n/a	n/a	n/a	n/a	n/a	n/a	n/a	n/a	n/a	n/a	n/a	n/a	n/a	89.657058	n/a
89.654572	0.000000	35862	ttl	3	n/a	n/a	n/a	n/a	n/a	n/a	n/a	n/a	n/a	n/a	n/a	n/a	n/a	n/a	n/a	n/a	n/a	n/a	n/a	n/a	89.657058	n/a
91.670478	0.000000	36668	ttl	6	n/a	n/a	n/a	n/a	n/a	n/a	n/a	n/a	n/a	n/a	n/a	n/a	n/a	n/a	n/a	n/a	n/a	n/a	n/a	n/a	91.672964	n/a
94.388258	0.000000	37755	stimulus_presentation	n/a	175	n/a	n/a	n/a	n/a	n/a	n/a	n/a	n/a	n/a	n/a	n/a	n/a	n/a	n/a	n/a	n/a	n/a	n/a	n/a	94.390744	n/a
94.388258	0.000000	37755	ttl	7	n/a	n/a	n/a	n/a	n/a	n/a	n/a	n/a	n/a	n/a	n/a	n/a	n/a	n/a	n/a	n/a	n/a	n/a	n/a	n/a	94.390744	n/a
95.303476	0.000000	38121	ttl	8	n/a	n/a	n/a	n/a	n/a	n/a	n/a	n/a	n/a	n/a	n/a	n/a	n/a	n/a	n/a	n/a	n/a	n/a	n/a	n/a	95.305962	n/a
95.335414	12.853401	38134	sternberg_trial	n/a	n/a	305	0	0	402	1	0	0	96.30543	98.321586	0.0	0.0	0.0	0.0	95.33789999999999	98.321586	101.072897	108.191301	intervals/trials	9	95.337900	108.191301
95.335414	0.000000	38134	ttl	11	n/a	n/a	n/a	n/a	n/a	n/a	n/a	n/a	n/a	n/a	n/a	n/a	n/a	n/a	n/a	n/a	n/a	n/a	n/a	n/a	95.337900	n/a
96.302944	0.000000	38521	stimulus_presentation	n/a	119	n/a	n/a	n/a	n/a	n/a	n/a	n/a	n/a	n/a	n/a	n/a	n/a	n/a	n/a	n/a	n/a	n/a	n/a	n/a	96.305430	n/a
96.302944	0.000000	38521	ttl	1	n/a	n/a	n/a	n/a	n/a	n/a	n/a	n/a	n/a	n/a	n/a	n/a	n/a	n/a	n/a	n/a	n/a	n/a	n/a	n/a	96.305430	n/a
96.312945	0.000000	38525	stimulus_presentation	n/a	0	n/a	n/a	n/a	n/a	n/a	n/a	n/a	n/a	n/a	n/a	n/a	n/a	n/a	n/a	n/a	n/a	n/a	n/a	n/a	96.315430	n/a
96.322945	0.000000	38529	stimulus_presentation	n/a	0	n/a	n/a	n/a	n/a	n/a	n/a	n/a	n/a	n/a	n/a	n/a	n/a	n/a	n/a	n/a	n/a	n/a	n/a	n/a	96.325430	n/a
98.319100	0.000000	39328	ttl	6	n/a	n/a	n/a	n/a	n/a	n/a	n/a	n/a	n/a	n/a	n/a	n/a	n/a	n/a	n/a	n/a	n/a	n/a	n/a	n/a	98.321586	n/a
101.070411	0.000000	40428	stimulus_presentation	n/a	172	n/a	n/a	n/a	n/a	n/a	n/a	n/a	n/a	n/a	n/a	n/a	n/a	n/a	n/a	n/a	n/a	n/a	n/a	n/a	101.072897	n/a
101.070411	0.000000	40428	ttl	7	n/a	n/a	n/a	n/a	n/a	n/a	n/a	n/a	n/a	n/a	n/a	n/a	n/a	n/a	n/a	n/a	n/a	n/a	n/a	n/a	101.072897	n/a
108.188815	0.000000	43276	ttl	8	n/a	n/a	n/a	n/a	n/a	n/a	n/a	n/a	n/a	n/a	n/a	n/a	n/a	n/a	n/a	n/a	n/a	n/a	n/a	n/a	108.191301	n/a
108.216158	6.463310	43286	sternberg_trial	n/a	n/a	306	0	0	306	1	1	0	109.30320599999999	111.319424	0.0	0.0	0.0	0.0	108.218644	111.319424	114.003861	114.68195399999999	intervals/trials	10	108.218644	114.681954
108.216158	0.000000	43286	ttl	11	n/a	n/a	n/a	n/a	n/a	n/a	n/a	n/a	n/a	n/a	n/a	n/a	n/a	n/a	n/a	n/a	n/a	n/a	n/a	n/a	108.218644	n/a
109.300720	0.000000	43720	stimulus_presentation	n/a	120	n/a	n/a	n/a	n/a	n/a	n/a	n/a	n/a	n/a	n/a	n/a	n/a	n/a	n/a	n/a	n/a	n/a	n/a	n/a	109.303206	n/a
109.300720	0.000000	43720	ttl	1	n/a	n/a	n/a	n/a	n/a	n/a	n/a	n/a	n/a	n/a	n/a	n/a	n/a	n/a	n/a	n/a	n/a	n/a	n/a	n/a	109.303206	n/a
109.310720	0.000000	43724	stimulus_presentation	n/a	0	n/a	n/a	n/a	n/a	n/a	n/a	n/a	n/a	n/a	n/a	n/a	n/a	n/a	n/a	n/a	n/a	n/a	n/a	n/a	109.313206	n/a
109.320720	0.000000	43728	stimulus_presentation	n/a	0	n/a	n/a	n/a	n/a	n/a	n/a	n/a	n/a	n/a	n/a	n/a	n/a	n/a	n/a	n/a	n/a	n/a	n/a	n/a	109.323206	n/a
111.316938	0.000000	44527	ttl	6	n/a	n/a	n/a	n/a	n/a	n/a	n/a	n/a	n/a	n/a	n/a	n/a	n/a	n/a	n/a	n/a	n/a	n/a	n/a	n/a	111.319424	n/a
114.001375	0.000000	45601	stimulus_presentation	n/a	120	n/a	n/a	n/a	n/a	n/a	n/a	n/a	n/a	n/a	n/a	n/a	n/a	n/a	n/a	n/a	n/a	n/a	n/a	n/a	114.003861	n/a
114.001375	0.000000	45601	ttl	7	n/a	n/a	n/a	n/a	n/a	n/a	n/a	n/a	n/a	n/a	n/a	n/a	n/a	n/a	n/a	n/a	n/a	n/a	n/a	n/a	114.003861	n/a
114.679468	0.000000	45872	ttl	8	n/a	n/a	n/a	n/a	n/a	n/a	n/a	n/a	n/a	n/a	n/a	n/a	n/a	n/a	n/a	n/a	n/a	n/a	n/a	n/a	114.681954	n/a
114.714968	11.027808	45886	sternberg_trial	n/a	n/a	206	406	307	507	3	0	1	115.75129799999999	117.76829699999999	117.86798399999999	119.88420199999999	120.03410799999999	122.05041999999999	114.71745399999999	122.05041999999999	124.76838799999999	125.745262	intervals/trials	11	114.717454	125.745262
114.714968	0.000000	45886	ttl	11	n/a	n/a	n/a	n/a	n/a	n/a	n/a	n/a	n/a	n/a	n/a	n/a	n/a	n/a	n/a	n/a	n/a	n/a	n/a	n/a	114.717454	n/a
115.748812	0.000000	46300	stimulus_presentation	n/a	63	n/a	n/a	n/a	n/a	n/a	n/a	n/a	n/a	n/a	n/a	n/a	n/a	n/a	n/a	n/a	n/a	n/a	n/a	n/a	115.751298	n/a
115.748812	0.000000	46300	ttl	1	n/a	n/a	n/a	n/a	n/a	n/a	n/a	n/a	n/a	n/a	n/a	n/a	n/a	n/a	n/a	n/a	n/a	n/a	n/a	n/a	115.751298	n/a
117.765811	0.000000	47106	ttl	5	n/a	n/a	n/a	n/a	n/a	n/a	n/a	n/a	n/a	n/a	n/a	n/a	n/a	n/a	n/a	n/a	n/a	n/a	n/a	n/a	117.768297	n/a
117.865498	0.000000	47146	stimulus_presentation	n/a	176	n/a	n/a	n/a	n/a	n/a	n/a	n/a	n/a	n/a	n/a	n/a	n/a	n/a	n/a	n/a	n/a	n/a	n/a	n/a	117.867984	n/a
117.865498	0.000000	47146	ttl	2	n/a	n/a	n/a	n/a	n/a	n/a	n/a	n/a	n/a	n/a	n/a	n/a	n/a	n/a	n/a	n/a	n/a	n/a	n/a	n/a	117.867984	n/a
119.881716	0.000000	47953	ttl	5	n/a	n/a	n/a	n/a	n/a	n/a	n/a	n/a	n/a	n/a	n/a	n/a	n/a	n/a	n/a	n/a	n/a	n/a	n/a	n/a	119.884202	n/a
120.031622	0.000000	48013	stimulus_presentation	n/a	121	n/a	n/a	n/a	n/a	n/a	n/a	n/a	n/a	n/a	n/a	n/a	n/a	n/a	n/a	n/a	n/a	n/a	n/a	n/a	120.034108	n/a
120.031622	0.000000	48013	ttl	3	n/a	n/a	n/a	n/a	n/a	n/a	n/a	n/a	n/a	n/a	n/a	n/a	n/a	n/a	n/a	n/a	n/a	n/a	n/a	n/a	120.034108	n/a
122.047934	0.000000	48819	ttl	6	n/a	n/a	n/a	n/a	n/a	n/a	n/a	n/a	n/a	n/a	n/a	n/a	n/a	n/a	n/a	n/a	n/a	n/a	n/a	n/a	122.050420	n/a
124.765902	0.000000	49906	stimulus_presentation	n/a	232	n/a	n/a	n/a	n/a	n/a	n/a	n/a	n/a	n/a	n/a	n/a	n/a	n/a	n/a	n/a	n/a	n/a	n/a	n/a	124.768388	n/a
124.765902	0.000000	49906	ttl	7	n/a	n/a	n/a	n/a	n/a	n/a	n/a	n/a	n/a	n/a	n/a	n/a	n/a	n/a	n/a	n/a	n/a	n/a	n/a	n/a	124.768388	n/a
125.742776	0.000000	50297	ttl	8	n/a	n/a	n/a	n/a	n/a	n/a	n/a	n/a	n/a	n/a	n/a	n/a	n/a	n/a	n/a	n/a	n/a	n/a	n/a	n/a	125.745262	n/a
125.762776	10.739309	50305	sternberg_trial	n/a	n/a	105	407	207	407	3	1	1	126.866699	128.88232399999998	128.982105	130.998042	131.098573	133.114603	125.76526199999999	133.114603	135.782852	136.504571	intervals/trials	12	125.765262	136.504571
125.762776	0.000000	50305	ttl	11	n/a	n/a	n/a	n/a	n/a	n/a	n/a	n/a	n/a	n/a	n/a	n/a	n/a	n/a	n/a	n/a	n/a	n/a	n/a	n/a	125.765262	n/a
126.864213	0.000000	50746	stimulus_presentation	n/a	5	n/a	n/a	n/a	n/a	n/a	n/a	n/a	n/a	n/a	n/a	n/a	n/a	n/a	n/a	n/a	n/a	n/a	n/a	n/a	126.866699	n/a
126.864213	0.000000	50746	ttl	1	n/a	n/a	n/a	n/a	n/a	n/a	n/a	n/a	n/a	n/a	n/a	n/a	n/a	n/a	n/a	n/a	n/a	n/a	n/a	n/a	126.866699	n/a
128.879838	0.000000	51552	ttl	5	n/a	n/a	n/a	n/a	n/a	n/a	n/a	n/a	n/a	n/a	n/a	n/a	n/a	n/a	n/a	n/a	n/a	n/a	n/a	n/a	128.882324	n/a
128.979619	0.000000	51592	stimulus_presentation	n/a	177	n/a	n/a	n/a	n/a	n/a	n/a	n/a	n/a	n/a	n/a	n/a	n/a	n/a	n/a	n/a	n/a	n/a	n/a	n/a	128.982105	n/a
128.979619	0.000000	51592	ttl	2	n/a	n/a	n/a	n/a	n/a	n/a	n/a	n/a	n/a	n/a	n/a	n/a	n/a	n/a	n/a	n/a	n/a	n/a	n/a	n/a	128.982105	n/a
130.995556	0.000000	52398	ttl	5	n/a	n/a	n/a	n/a	n/a	n/a	n/a	n/a	n/a	n/a	n/a	n/a	n/a	n/a	n/a	n/a	n/a	n/a	n/a	n/a	130.998042	n/a
131.096087	0.000000	52438	stimulus_presentation	n/a	64	n/a	n/a	n/a	n/a	n/a	n/a	n/a	n/a	n/a	n/a	n/a	n/a	n/a	n/a	n/a	n/a	n/a	n/a	n/a	131.098573	n/a
131.096087	0.000000	52438	ttl	3	n/a	n/a	n/a	n/a	n/a	n/a	n/a	n/a	n/a	n/a	n/a	n/a	n/a	n/a	n/a	n/a	n/a	n/a	n/a	n/a	131.098573	n/a
133.112117	0.000000	53245	ttl	6	n/a	n/a	n/a	n/a	n/a	n/a	n/a	n/a	n/a	n/a	n/a	n/a	n/a	n/a	n/a	n/a	n/a	n/a	n/a	n/a	133.114603	n/a
135.780366	0.000000	54312	stimulus_presentation	n/a	177	n/a	n/a	n/a	n/a	n/a	n/a	n/a	n/a	n/a	n/a	n/a	n/a	n/a	n/a	n/a	n/a	n/a	n/a	n/a	135.782852	n/a
135.780366	0.000000	54312	ttl	7	n/a	n/a	n/a	n/a	n/a	n/a	n/a	n/a	n/a	n/a	n/a	n/a	n/a	n/a	n/a	n/a	n/a	n/a	n/a	n/a	135.782852	n/a
136.502085	0.000000	54601	ttl	8	n/a	n/a	n/a	n/a	n/a	n/a	n/a	n/a	n/a	n/a	n/a	n/a	n/a	n/a	n/a	n/a	n/a	n/a	n/a	n/a	136.504571	n/a
136.527428	10.925746	54611	sternberg_trial	n/a	n/a	208	0	0	208	1	1	0	137.697758	139.713538	0.0	0.0	0.0	0.0	136.529914	139.713538	142.431443	147.45566	intervals/trials	13	136.529914	147.455660
136.527428	0.000000	54611	ttl	11	n/a	n/a	n/a	n/a	n/a	n/a	n/a	n/a	n/a	n/a	n/a	n/a	n/a	n/a	n/a	n/a	n/a	n/a	n/a	n/a	136.529914	n/a
137.695272	0.000000	55078	stimulus_presentation	n/a	65	n/a	n/a	n/a	n/a	n/a	n/a	n/a	n/a	n/a	n/a	n/a	n/a	n/a	n/a	n/a	n/a	n/a	n/a	n/a	137.697758	n/a
137.695272	0.000000	55078	ttl	1	n/a	n/a	n/a	n/a	n/a	n/a	n/a	n/a	n/a	n/a	n/a	n/a	n/a	n/a	n/a	n/a	n/a	n/a	n/a	n/a	137.697758	n/a
137.705272	0.000000	55082	stimulus_presentation	n/a	0	n/a	n/a	n/a	n/a	n/a	n/a	n/a	n/a	n/a	n/a	n/a	n/a	n/a	n/a	n/a	n/a	n/a	n/a	n/a	137.707758	n/a
137.715272	0.000000	55086	stimulus_presentation	n/a	0	n/a	n/a	n/a	n/a	n/a	n/a	n/a	n/a	n/a	n/a	n/a	n/a	n/a	n/a	n/a	n/a	n/a	n/a	n/a	137.717758	n/a
139.711052	0.000000	55884	ttl	6	n/a	n/a	n/a	n/a	n/a	n/a	n/a	n/a	n/a	n/a	n/a	n/a	n/a	n/a	n/a	n/a	n/a	n/a	n/a	n/a	139.713538	n/a
142.428957	0.000000	56972	stimulus_presentation	n/a	65	n/a	n/a	n/a	n/a	n/a	n/a	n/a	n/a	n/a	n/a	n/a	n/a	n/a	n/a	n/a	n/a	n/a	n/a	n/a	142.431443	n/a
142.428957	0.000000	56972	ttl	7	n/a	n/a	n/a	n/a	n/a	n/a	n/a	n/a	n/a	n/a	n/a	n/a	n/a	n/a	n/a	n/a	n/a	n/a	n/a	n/a	142.431443	n/a
147.453174	0.000000	58981	ttl	8	n/a	n/a	n/a	n/a	n/a	n/a	n/a	n/a	n/a	n/a	n/a	n/a	n/a	n/a	n/a	n/a	n/a	n/a	n/a	n/a	147.455660	n/a
147.475268	11.552526	58990	sternberg_trial	n/a	n/a	508	408	209	307	3	0	1	148.528441	150.54419	150.744252	152.760752	152.94343899999998	154.960969	147.477754	154.960969	157.678656	159.03028	intervals/trials	14	147.477754	159.030280
147.475268	0.000000	58990	ttl	11	n/a	n/a	n/a	n/a	n/a	n/a	n/a	n/a	n/a	n/a	n/a	n/a	n/a	n/a	n/a	n/a	n/a	n/a	n/a	n/a	147.477754	n/a
148.525955	0.000000	59410	stimulus_presentation	n/a	233	n/a	n/a	n/a	n/a	n/a	n/a	n/a	n/a	n/a	n/a	n/a	n/a	n/a	n/a	n/a	n/a	n/a	n/a	n/a	148.528441	n/a
148.525955	0.000000	59410	ttl	1	n/a	n/a	n/a	n/a	n/a	n/a	n/a	n/a	n/a	n/a	n/a	n/a	n/a	n/a	n/a	n/a	n/a	n/a	n/a	n/a	148.528441	n/a
150.541704	0.000000	60217	ttl	5	n/a	n/a	n/a	n/a	n/a	n/a	n/a	n/a	n/a	n/a	n/a	n/a	n/a	n/a	n/a	n/a	n/a	n/a	n/a	n/a	150.544190	n/a
150.741766	0.000000	60297	stimulus_presentation	n/a	178	n/a	n/a	n/a	n/a	n/a	n/a	n/a	n/a	n/a	n/a	n/a	n/a	n/a	n/a	n/a	n/a	n/a	n/a	n/a	150.744252	n/a
150.741766	0.000000	60297	ttl	2	n/a	n/a	n/a	n/a	n/a	n/a	n/a	n/a	n/a	n/a	n/a	n/a	n/a	n/a	n/a	n/a	n/a	n/a	n/a	n/a	150.744252	n/a
152.758266	0.000000	61103	ttl	5	n/a	n/a	n/a	n/a	n/a	n/a	n/a	n/a	n/a	n/a	n/a	n/a	n/a	n/a	n/a	n/a	n/a	n/a	n/a	n/a	152.760752	n/a
152.940953	0.000000	61176	stimulus_presentation	n/a	66	n/a	n/a	n/a	n/a	n/a	n/a	n/a	n/a	n/a	n/a	n/a	n/a	n/a	n/a	n/a	n/a	n/a	n/a	n/a	152.943439	n/a
152.940953	0.000000	61176	ttl	3	n/a	n/a	n/a	n/a	n/a	n/a	n/a	n/a	n/a	n/a	n/a	n/a	n/a	n/a	n/a	n/a	n/a	n/a	n/a	n/a	152.943439	n/a
154.958483	0.000000	61983	ttl	6	n/a	n/a	n/a	n/a	n/a	n/a	n/a	n/a	n/a	n/a	n/a	n/a	n/a	n/a	n/a	n/a	n/a	n/a	n/a	n/a	154.960969	n/a
157.676170	0.000000	63070	stimulus_presentation	n/a	121	n/a	n/a	n/a	n/a	n/a	n/a	n/a	n/a	n/a	n/a	n/a	n/a	n/a	n/a	n/a	n/a	n/a	n/a	n/a	157.678656	n/a
157.676170	0.000000	63070	ttl	7	n/a	n/a	n/a	n/a	n/a	n/a	n/a	n/a	n/a	n/a	n/a	n/a	n/a	n/a	n/a	n/a	n/a	n/a	n/a	n/a	157.678656	n/a
159.027794	0.000000	63611	ttl	8	n/a	n/a	n/a	n/a	n/a	n/a	n/a	n/a	n/a	n/a	n/a	n/a	n/a	n/a	n/a	n/a	n/a	n/a	n/a	n/a	159.030280	n/a
159.056388	6.813997	63623	sternberg_trial	n/a	n/a	409	0	0	205	1	0	1	160.05959199999998	162.07618499999998	0.0	0.0	0.0	0.0	159.058874	162.07618499999998	164.744184	165.872871	intervals/trials	15	159.058874	165.872871
159.056388	0.000000	63623	ttl	11	n/a	n/a	n/a	n/a	n/a	n/a	n/a	n/a	n/a	n/a	n/a	n/a	n/a	n/a	n/a	n/a	n/a	n/a	n/a	n/a	159.058874	n/a
160.057106	0.000000	64023	stimulus_presentation	n/a	179	n/a	n/a	n/a	n/a	n/a	n/a	n/a	n/a	n/a	n/a	n/a	n/a	n/a	n/a	n/a	n/a	n/a	n/a	n/a	160.059592	n/a
160.057106	0.000000	64023	ttl	1	n/a	n/a	n/a	n/a	n/a	n/a	n/a	n/a	n/a	n/a	n/a	n/a	n/a	n/a	n/a	n/a	n/a	n/a	n/a	n/a	160.059592	n/a
160.067106	0.000000	64027	stimulus_presentation	n/a	0	n/a	n/a	n/a	n/a	n/a	n/a	n/a	n/a	n/a	n/a	n/a	n/a	n/a	n/a	n/a	n/a	n/a	n/a	n/a	160.069592	n/a
160.077106	0.000000	64031	stimulus_presentation	n/a	0	n/a	n/a	n/a	n/a	n/a	n/a	n/a	n/a	n/a	n/a	n/a	n/a	n/a	n/a	n/a	n/a	n/a	n/a	n/a	160.079592	n/a
162.073699	0.000000	64829	ttl	6	n/a	n/a	n/a	n/a	n/a	n/a	n/a	n/a	n/a	n/a	n/a	n/a	n/a	n/a	n/a	n/a	n/a	n/a	n/a	n/a	162.076185	n/a
164.741698	0.000000	65897	stimulus_presentation	n/a	62	n/a	n/a	n/a	n/a	n/a	n/a	n/a	n/a	n/a	n/a	n/a	n/a	n/a	n/a	n/a	n/a	n/a	n/a	n/a	164.744184	n/a
164.741698	0.000000	65897	ttl	7	n/a	n/a	n/a	n/a	n/a	n/a	n/a	n/a	n/a	n/a	n/a	n/a	n/a	n/a	n/a	n/a	n/a	n/a	n/a	n/a	164.744184	n/a
165.870385	0.000000	66348	ttl	8	n/a	n/a	n/a	n/a	n/a	n/a	n/a	n/a	n/a	n/a	n/a	n/a	n/a	n/a	n/a	n/a	n/a	n/a	n/a	n/a	165.872871	n/a
165.905166	10.644590	66362	sternberg_trial	n/a	n/a	308	210	410	506	3	0	1	166.891527	168.908683	168.958058	170.974275	171.04111899999998	173.057275	165.90765199999998	173.057275	175.742086	176.55224199999998	intervals/trials	16	165.907652	176.552242
165.905166	0.000000	66362	ttl	11	n/a	n/a	n/a	n/a	n/a	n/a	n/a	n/a	n/a	n/a	n/a	n/a	n/a	n/a	n/a	n/a	n/a	n/a	n/a	n/a	165.907652	n/a
166.889041	0.000000	66756	stimulus_presentation	n/a	122	n/a	n/a	n/a	n/a	n/a	n/a	n/a	n/a	n/a	n/a	n/a	n/a	n/a	n/a	n/a	n/a	n/a	n/a	n/a	166.891527	n/a
166.889041	0.000000	66756	ttl	1	n/a	n/a	n/a	n/a	n/a	n/a	n/a	n/a	n/a	n/a	n/a	n/a	n/a	n/a	n/a	n/a	n/a	n/a	n/a	n/a	166.891527	n/a
168.906197	0.000000	67562	ttl	5	n/a	n/a	n/a	n/a	n/a	n/a	n/a	n/a	n/a	n/a	n/a	n/a	n/a	n/a	n/a	n/a	n/a	n/a	n/a	n/a	168.908683	n/a
168.955572	0.000000	67582	stimulus_presentation	n/a	67	n/a	n/a	n/a	n/a	n/a	n/a	n/a	n/a	n/a	n/a	n/a	n/a	n/a	n/a	n/a	n/a	n/a	n/a	n/a	168.958058	n/a
168.955572	0.000000	67582	ttl	2	n/a	n/a	n/a	n/a	n/a	n/a	n/a	n/a	n/a	n/a	n/a	n/a	n/a	n/a	n/a	n/a	n/a	n/a	n/a	n/a	168.958058	n/a
170.971789	0.000000	68389	ttl	5	n/a	n/a	n/a	n/a	n/a	n/a	n/a	n/a	n/a	n/a	n/a	n/a	n/a	n/a	n/a	n/a	n/a	n/a	n/a	n/a	170.974275	n/a
171.038633	0.000000	68415	stimulus_presentation	n/a	180	n/a	n/a	n/a	n/a	n/a	n/a	n/a	n/a	n/a	n/a	n/a	n/a	n/a	n/a	n/a	n/a	n/a	n/a	n/a	171.041119	n/a
171.038633	0.000000	68415	ttl	3	n/a	n/a	n/a	n/a	n/a	n/a	n/a	n/a	n/a	n/a	n/a	n/a	n/a	n/a	n/a	n/a	n/a	n/a	n/a	n/a	171.041119	n/a
173.054789	0.000000	69222	ttl	6	n/a	n/a	n/a	n/a	n/a	n/a	n/a	n/a	n/a	n/a	n/a	n/a	n/a	n/a	n/a	n/a	n/a	n/a	n/a	n/a	173.057275	n/a
175.739600	0.000000	70296	stimulus_presentation	n/a	231	n/a	n/a	n/a	n/a	n/a	n/a	n/a	n/a	n/a	n/a	n/a	n/a	n/a	n/a	n/a	n/a	n/a	n/a	n/a	175.742086	n/a
175.739600	0.000000	70296	ttl	7	n/a	n/a	n/a	n/a	n/a	n/a	n/a	n/a	n/a	n/a	n/a	n/a	n/a	n/a	n/a	n/a	n/a	n/a	n/a	n/a	175.742086	n/a
176.549756	0.000000	70620	ttl	8	n/a	n/a	n/a	n/a	n/a	n/a	n/a	n/a	n/a	n/a	n/a	n/a	n/a	n/a	n/a	n/a	n/a	n/a	n/a	n/a	176.552242	n/a
176.569787	10.755527	70628	sternberg_trial	n/a	n/a	106	411	309	309	3	1	1	177.573085	179.589272	179.789616	181.80489599999999	182.022334	184.038645	176.572273	184.038645	186.689644	187.3278	intervals/trials	17	176.572273	187.327800
176.569787	0.000000	70628	ttl	11	n/a	n/a	n/a	n/a	n/a	n/a	n/a	n/a	n/a	n/a	n/a	n/a	n/a	n/a	n/a	n/a	n/a	n/a	n/a	n/a	176.572273	n/a
177.570599	0.000000	71028	stimulus_presentation	n/a	6	n/a	n/a	n/a	n/a	n/a	n/a	n/a	n/a	n/a	n/a	n/a	n/a	n/a	n/a	n/a	n/a	n/a	n/a	n/a	177.573085	n/a
177.570599	0.000000	71028	ttl	1	n/a	n/a	n/a	n/a	n/a	n/a	n/a	n/a	n/a	n/a	n/a	n/a	n/a	n/a	n/a	n/a	n/a	n/a	n/a	n/a	177.573085	n/a
179.586786	0.000000	71835	ttl	5	n/a	n/a	n/a	n/a	n/a	n/a	n/a	n/a	n/a	n/a	n/a	n/a	n/a	n/a	n/a	n/a	n/a	n/a	n/a	n/a	179.589272	n/a
179.787130	0.000000	71915	stimulus_presentation	n/a	181	n/a	n/a	n/a	n/a	n/a	n/a	n/a	n/a	n/a	n/a	n/a	n/a	n/a	n/a	n/a	n/a	n/a	n/a	n/a	179.789616	n/a
179.787130	0.000000	71915	ttl	2	n/a	n/a	n/a	n/a	n/a	n/a	n/a	n/a	n/a	n/a	n/a	n/a	n/a	n/a	n/a	n/a	n/a	n/a	n/a	n/a	179.789616	n/a
181.802410	0.000000	72721	ttl	5	n/a	n/a	n/a	n/a	n/a	n/a	n/a	n/a	n/a	n/a	n/a	n/a	n/a	n/a	n/a	n/a	n/a	n/a	n/a	n/a	181.804896	n/a
182.019848	0.000000	72808	stimulus_presentation	n/a	123	n/a	n/a	n/a	n/a	n/a	n/a	n/a	n/a	n/a	n/a	n/a	n/a	n/a	n/a	n/a	n/a	n/a	n/a	n/a	182.022334	n/a
182.019848	0.000000	72808	ttl	3	n/a	n/a	n/a	n/a	n/a	n/a	n/a	n/a	n/a	n/a	n/a	n/a	n/a	n/a	n/a	n/a	n/a	n/a	n/a	n/a	182.022334	n/a
184.036159	0.000000	73614	ttl	6	n/a	n/a	n/a	n/a	n/a	n/a	n/a	n/a	n/a	n/a	n/a	n/a	n/a	n/a	n/a	n/a	n/a	n/a	n/a	n/a	184.038645	n/a
186.687158	0.000000	74675	stimulus_presentation	n/a	123	n/a	n/a	n/a	n/a	n/a	n/a	n/a	n/a	n/a	n/a	n/a	n/a	n/a	n/a	n/a	n/a	n/a	n/a	n/a	186.689644	n/a
186.687158	0.000000	74675	ttl	7	n/a	n/a	n/a	n/a	n/a	n/a	n/a	n/a	n/a	n/a	n/a	n/a	n/a	n/a	n/a	n/a	n/a	n/a	n/a	n/a	186.689644	n/a
187.325314	0.000000	74930	ttl	8	n/a	n/a	n/a	n/a	n/a	n/a	n/a	n/a	n/a	n/a	n/a	n/a	n/a	n/a	n/a	n/a	n/a	n/a	n/a	n/a	187.327800	n/a
187.350939	6.976841	74940	sternberg_trial	n/a	n/a	211	0	0	211	1	1	1	188.437425	190.45395499999998	0.0	0.0	0.0	0.0	187.353425	190.45395499999998	193.12164199999998	194.330266	intervals/trials	18	187.353425	194.330266
187.350939	0.000000	74940	ttl	11	n/a	n/a	n/a	n/a	n/a	n/a	n/a	n/a	n/a	n/a	n/a	n/a	n/a	n/a	n/a	n/a	n/a	n/a	n/a	n/a	187.353425	n/a
188.434939	0.000000	75374	stimulus_presentation	n/a	68	n/a	n/a	n/a	n/a	n/a	n/a	n/a	n/a	n/a	n/a	n/a	n/a	n/a	n/a	n/a	n/a	n/a	n/a	n/a	188.437425	n/a
188.434939	0.000000	75374	ttl	1	n/a	n/a	n/a	n/a	n/a	n/a	n/a	n/a	n/a	n/a	n/a	n/a	n/a	n/a	n/a	n/a	n/a	n/a	n/a	n/a	188.437425	n/a
188.444939	0.000000	75378	stimulus_presentation	n/a	0	n/a	n/a	n/a	n/a	n/a	n/a	n/a	n/a	n/a	n/a	n/a	n/a	n/a	n/a	n/a	n/a	n/a	n/a	n/a	188.447425	n/a
188.454939	0.000000	75382	stimulus_presentation	n/a	0	n/a	n/a	n/a	n/a	n/a	n/a	n/a	n/a	n/a	n/a	n/a	n/a	n/a	n/a	n/a	n/a	n/a	n/a	n/a	188.457425	n/a
190.451469	0.000000	76181	ttl	6	n/a	n/a	n/a	n/a	n/a	n/a	n/a	n/a	n/a	n/a	n/a	n/a	n/a	n/a	n/a	n/a	n/a	n/a	n/a	n/a	190.453955	n/a
193.119156	0.000000	77248	stimulus_presentation	n/a	68	n/a	n/a	n/a	n/a	n/a	n/a	n/a	n/a	n/a	n/a	n/a	n/a	n/a	n/a	n/a	n/a	n/a	n/a	n/a	193.121642	n/a
193.119156	0.000000	77248	ttl	7	n/a	n/a	n/a	n/a	n/a	n/a	n/a	n/a	n/a	n/a	n/a	n/a	n/a	n/a	n/a	n/a	n/a	n/a	n/a	n/a	193.121642	n/a
194.327780	0.000000	77731	ttl	8	n/a	n/a	n/a	n/a	n/a	n/a	n/a	n/a	n/a	n/a	n/a	n/a	n/a	n/a	n/a	n/a	n/a	n/a	n/a	n/a	194.330266	n/a
194.349686	11.073027	77740	sternberg_trial	n/a	n/a	310	107	212	310	3	1	1	195.318703	197.33514	197.401577	199.418858	199.50216999999998	201.518607	194.352172	201.518607	204.21963699999998	205.425199	intervals/trials	19	194.352172	205.425199
194.349686	0.000000	77740	ttl	11	n/a	n/a	n/a	n/a	n/a	n/a	n/a	n/a	n/a	n/a	n/a	n/a	n/a	n/a	n/a	n/a	n/a	n/a	n/a	n/a	194.352172	n/a
195.316217	0.000000	78126	stimulus_presentation	n/a	124	n/a	n/a	n/a	n/a	n/a	n/a	n/a	n/a	n/a	n/a	n/a	n/a	n/a	n/a	n/a	n/a	n/a	n/a	n/a	195.318703	n/a
195.316217	0.000000	78126	ttl	1	n/a	n/a	n/a	n/a	n/a	n/a	n/a	n/a	n/a	n/a	n/a	n/a	n/a	n/a	n/a	n/a	n/a	n/a	n/a	n/a	195.318703	n/a
197.332654	0.000000	78933	ttl	5	n/a	n/a	n/a	n/a	n/a	n/a	n/a	n/a	n/a	n/a	n/a	n/a	n/a	n/a	n/a	n/a	n/a	n/a	n/a	n/a	197.335140	n/a
197.399091	0.000000	78960	stimulus_presentation	n/a	7	n/a	n/a	n/a	n/a	n/a	n/a	n/a	n/a	n/a	n/a	n/a	n/a	n/a	n/a	n/a	n/a	n/a	n/a	n/a	197.401577	n/a
197.399091	0.000000	78960	ttl	2	n/a	n/a	n/a	n/a	n/a	n/a	n/a	n/a	n/a	n/a	n/a	n/a	n/a	n/a	n/a	n/a	n/a	n/a	n/a	n/a	197.401577	n/a
199.416372	0.000000	79767	ttl	5	n/a	n/a	n/a	n/a	n/a	n/a	n/a	n/a	n/a	n/a	n/a	n/a	n/a	n/a	n/a	n/a	n/a	n/a	n/a	n/a	199.418858	n/a
199.499684	0.000000	79800	stimulus_presentation	n/a	69	n/a	n/a	n/a	n/a	n/a	n/a	n/a	n/a	n/a	n/a	n/a	n/a	n/a	n/a	n/a	n/a	n/a	n/a	n/a	199.502170	n/a
199.499684	0.000000	79800	ttl	3	n/a	n/a	n/a	n/a	n/a	n/a	n/a	n/a	n/a	n/a	n/a	n/a	n/a	n/a	n/a	n/a	n/a	n/a	n/a	n/a	199.502170	n/a
201.516121	0.000000	80606	ttl	6	n/a	n/a	n/a	n/a	n/a	n/a	n/a	n/a	n/a	n/a	n/a	n/a	n/a	n/a	n/a	n/a	n/a	n/a	n/a	n/a	201.518607	n/a
204.217151	0.000000	81687	stimulus_presentation	n/a	124	n/a	n/a	n/a	n/a	n/a	n/a	n/a	n/a	n/a	n/a	n/a	n/a	n/a	n/a	n/a	n/a	n/a	n/a	n/a	204.219637	n/a
204.217151	0.000000	81687	ttl	7	n/a	n/a	n/a	n/a	n/a	n/a	n/a	n/a	n/a	n/a	n/a	n/a	n/a	n/a	n/a	n/a	n/a	n/a	n/a	n/a	204.219637	n/a
205.422713	0.000000	82169	ttl	8	n/a	n/a	n/a	n/a	n/a	n/a	n/a	n/a	n/a	n/a	n/a	n/a	n/a	n/a	n/a	n/a	n/a	n/a	n/a	n/a	205.425199	n/a
205.447588	12.317183	82179	sternberg_trial	n/a	n/a	311	108	412	311	3	1	1	206.56748	208.584073	208.59994799999998	210.616603	210.816666	212.833071	205.450074	212.833071	215.58407	217.767257	intervals/trials	20	205.450074	217.767257
205.447588	0.000000	82179	ttl	11	n/a	n/a	n/a	n/a	n/a	n/a	n/a	n/a	n/a	n/a	n/a	n/a	n/a	n/a	n/a	n/a	n/a	n/a	n/a	n/a	205.450074	n/a
206.564994	0.000000	82626	stimulus_presentation	n/a	125	n/a	n/a	n/a	n/a	n/a	n/a	n/a	n/a	n/a	n/a	n/a	n/a	n/a	n/a	n/a	n/a	n/a	n/a	n/a	206.567480	n/a
206.564994	0.000000	82626	ttl	1	n/a	n/a	n/a	n/a	n/a	n/a	n/a	n/a	n/a	n/a	n/a	n/a	n/a	n/a	n/a	n/a	n/a	n/a	n/a	n/a	206.567480	n/a
208.581587	0.000000	83433	ttl	5	n/a	n/a	n/a	n/a	n/a	n/a	n/a	n/a	n/a	n/a	n/a	n/a	n/a	n/a	n/a	n/a	n/a	n/a	n/a	n/a	208.584073	n/a
208.597462	0.000000	83439	stimulus_presentation	n/a	8	n/a	n/a	n/a	n/a	n/a	n/a	n/a	n/a	n/a	n/a	n/a	n/a	n/a	n/a	n/a	n/a	n/a	n/a	n/a	208.599948	n/a
208.597462	0.000000	83439	ttl	2	n/a	n/a	n/a	n/a	n/a	n/a	n/a	n/a	n/a	n/a	n/a	n/a	n/a	n/a	n/a	n/a	n/a	n/a	n/a	n/a	208.599948	n/a
210.614117	0.000000	84246	ttl	5	n/a	n/a	n/a	n/a	n/a	n/a	n/a	n/a	n/a	n/a	n/a	n/a	n/a	n/a	n/a	n/a	n/a	n/a	n/a	n/a	210.616603	n/a
210.814180	0.000000	84326	stimulus_presentation	n/a	182	n/a	n/a	n/a	n/a	n/a	n/a	n/a	n/a	n/a	n/a	n/a	n/a	n/a	n/a	n/a	n/a	n/a	n/a	n/a	210.816666	n/a
210.814180	0.000000	84326	ttl	3	n/a	n/a	n/a	n/a	n/a	n/a	n/a	n/a	n/a	n/a	n/a	n/a	n/a	n/a	n/a	n/a	n/a	n/a	n/a	n/a	210.816666	n/a
212.830585	0.000000	85132	ttl	6	n/a	n/a	n/a	n/a	n/a	n/a	n/a	n/a	n/a	n/a	n/a	n/a	n/a	n/a	n/a	n/a	n/a	n/a	n/a	n/a	212.833071	n/a
215.581584	0.000000	86233	stimulus_presentation	n/a	125	n/a	n/a	n/a	n/a	n/a	n/a	n/a	n/a	n/a	n/a	n/a	n/a	n/a	n/a	n/a	n/a	n/a	n/a	n/a	215.584070	n/a
215.581584	0.000000	86233	ttl	7	n/a	n/a	n/a	n/a	n/a	n/a	n/a	n/a	n/a	n/a	n/a	n/a	n/a	n/a	n/a	n/a	n/a	n/a	n/a	n/a	215.584070	n/a
217.764771	0.000000	87106	ttl	8	n/a	n/a	n/a	n/a	n/a	n/a	n/a	n/a	n/a	n/a	n/a	n/a	n/a	n/a	n/a	n/a	n/a	n/a	n/a	n/a	217.767257	n/a
217.795114	6.764154	87118	sternberg_trial	n/a	n/a	213	0	0	305	1	0	1	218.83091299999998	220.847943	0.0	0.0	0.0	0.0	217.7976	220.847943	223.631004	224.56175399999998	intervals/trials	21	217.797600	224.561754
217.795114	0.000000	87118	ttl	11	n/a	n/a	n/a	n/a	n/a	n/a	n/a	n/a	n/a	n/a	n/a	n/a	n/a	n/a	n/a	n/a	n/a	n/a	n/a	n/a	217.797600	n/a
218.828427	0.000000	87531	stimulus_presentation	n/a	70	n/a	n/a	n/a	n/a	n/a	n/a	n/a	n/a	n/a	n/a	n/a	n/a	n/a	n/a	n/a	n/a	n/a	n/a	n/a	218.830913	n/a
218.828427	0.000000	87531	ttl	1	n/a	n/a	n/a	n/a	n/a	n/a	n/a	n/a	n/a	n/a	n/a	n/a	n/a	n/a	n/a	n/a	n/a	n/a	n/a	n/a	218.830913	n/a
218.838427	0.000000	87535	stimulus_presentation	n/a	0	n/a	n/a	n/a	n/a	n/a	n/a	n/a	n/a	n/a	n/a	n/a	n/a	n/a	n/a	n/a	n/a	n/a	n/a	n/a	218.840913	n/a
218.848427	0.000000	87539	stimulus_presentation	n/a	0	n/a	n/a	n/a	n/a	n/a	n/a	n/a	n/a	n/a	n/a	n/a	n/a	n/a	n/a	n/a	n/a	n/a	n/a	n/a	218.850913	n/a
220.845457	0.000000	88338	ttl	6	n/a	n/a	n/a	n/a	n/a	n/a	n/a	n/a	n/a	n/a	n/a	n/a	n/a	n/a	n/a	n/a	n/a	n/a	n/a	n/a	220.847943	n/a
223.628518	0.000000	89451	stimulus_presentation	n/a	119	n/a	n/a	n/a	n/a	n/a	n/a	n/a	n/a	n/a	n/a	n/a	n/a	n/a	n/a	n/a	n/a	n/a	n/a	n/a	223.631004	n/a
223.628518	0.000000	89451	ttl	7	n/a	n/a	n/a	n/a	n/a	n/a	n/a	n/a	n/a	n/a	n/a	n/a	n/a	n/a	n/a	n/a	n/a	n/a	n/a	n/a	223.631004	n/a
224.559268	0.000000	89824	ttl	8	n/a	n/a	n/a	n/a	n/a	n/a	n/a	n/a	n/a	n/a	n/a	n/a	n/a	n/a	n/a	n/a	n/a	n/a	n/a	n/a	224.561754	n/a
224.610987	10.803402	89844	sternberg_trial	n/a	n/a	214	413	109	109	3	1	0	225.66372199999998	227.68069	227.83003399999998	229.846439	229.995721	232.012782	224.613473	232.012782	234.680312	235.41687499999998	intervals/trials	22	224.613473	235.416875
224.610987	0.000000	89844	ttl	11	n/a	n/a	n/a	n/a	n/a	n/a	n/a	n/a	n/a	n/a	n/a	n/a	n/a	n/a	n/a	n/a	n/a	n/a	n/a	n/a	224.613473	n/a
225.661236	0.000000	90264	stimulus_presentation	n/a	71	n/a	n/a	n/a	n/a	n/a	n/a	n/a	n/a	n/a	n/a	n/a	n/a	n/a	n/a	n/a	n/a	n/a	n/a	n/a	225.663722	n/a
225.661236	0.000000	90264	ttl	1	n/a	n/a	n/a	n/a	n/a	n/a	n/a	n/a	n/a	n/a	n/a	n/a	n/a	n/a	n/a	n/a	n/a	n/a	n/a	n/a	225.663722	n/a
227.678204	0.000000	91071	ttl	5	n/a	n/a	n/a	n/a	n/a	n/a	n/a	n/a	n/a	n/a	n/a	n/a	n/a	n/a	n/a	n/a	n/a	n/a	n/a	n/a	227.680690	n/a
227.827548	0.000000	91131	stimulus_presentation	n/a	183	n/a	n/a	n/a	n/a	n/a	n/a	n/a	n/a	n/a	n/a	n/a	n/a	n/a	n/a	n/a	n/a	n/a	n/a	n/a	227.830034	n/a
227.827548	0.000000	91131	ttl	2	n/a	n/a	n/a	n/a	n/a	n/a	n/a	n/a	n/a	n/a	n/a	n/a	n/a	n/a	n/a	n/a	n/a	n/a	n/a	n/a	227.830034	n/a
229.843953	0.000000	91938	ttl	5	n/a	n/a	n/a	n/a	n/a	n/a	n/a	n/a	n/a	n/a	n/a	n/a	n/a	n/a	n/a	n/a	n/a	n/a	n/a	n/a	229.846439	n/a
229.993235	0.000000	91997	stimulus_presentation	n/a	9	n/a	n/a	n/a	n/a	n/a	n/a	n/a	n/a	n/a	n/a	n/a	n/a	n/a	n/a	n/a	n/a	n/a	n/a	n/a	229.995721	n/a
229.993235	0.000000	91997	ttl	3	n/a	n/a	n/a	n/a	n/a	n/a	n/a	n/a	n/a	n/a	n/a	n/a	n/a	n/a	n/a	n/a	n/a	n/a	n/a	n/a	229.995721	n/a
232.010296	0.000000	92804	ttl	6	n/a	n/a	n/a	n/a	n/a	n/a	n/a	n/a	n/a	n/a	n/a	n/a	n/a	n/a	n/a	n/a	n/a	n/a	n/a	n/a	232.012782	n/a
234.677826	0.000000	93871	stimulus_presentation	n/a	9	n/a	n/a	n/a	n/a	n/a	n/a	n/a	n/a	n/a	n/a	n/a	n/a	n/a	n/a	n/a	n/a	n/a	n/a	n/a	234.680312	n/a
234.677826	0.000000	93871	ttl	7	n/a	n/a	n/a	n/a	n/a	n/a	n/a	n/a	n/a	n/a	n/a	n/a	n/a	n/a	n/a	n/a	n/a	n/a	n/a	n/a	234.680312	n/a
235.414389	0.000000	94166	ttl	8	n/a	n/a	n/a	n/a	n/a	n/a	n/a	n/a	n/a	n/a	n/a	n/a	n/a	n/a	n/a	n/a	n/a	n/a	n/a	n/a	235.416875	n/a
235.441795	11.387339	94177	sternberg_trial	n/a	n/a	215	110	414	215	3	1	1	236.562312	238.57799799999998	238.777186	240.794341	240.977091	242.99383999999998	235.444281	242.99383999999998	245.595089	246.83162	intervals/trials	23	235.444281	246.831620
235.441795	0.000000	94177	ttl	11	n/a	n/a	n/a	n/a	n/a	n/a	n/a	n/a	n/a	n/a	n/a	n/a	n/a	n/a	n/a	n/a	n/a	n/a	n/a	n/a	235.444281	n/a
236.559826	0.000000	94624	stimulus_presentation	n/a	72	n/a	n/a	n/a	n/a	n/a	n/a	n/a	n/a	n/a	n/a	n/a	n/a	n/a	n/a	n/a	n/a	n/a	n/a	n/a	236.562312	n/a
236.559826	0.000000	94624	ttl	1	n/a	n/a	n/a	n/a	n/a	n/a	n/a	n/a	n/a	n/a	n/a	n/a	n/a	n/a	n/a	n/a	n/a	n/a	n/a	n/a	236.562312	n/a
238.575512	0.000000	95430	ttl	5	n/a	n/a	n/a	n/a	n/a	n/a	n/a	n/a	n/a	n/a	n/a	n/a	n/a	n/a	n/a	n/a	n/a	n/a	n/a	n/a	238.577998	n/a
238.774700	0.000000	95510	stimulus_presentation	n/a	10	n/a	n/a	n/a	n/a	n/a	n/a	n/a	n/a	n/a	n/a	n/a	n/a	n/a	n/a	n/a	n/a	n/a	n/a	n/a	238.777186	n/a
238.774700	0.000000	95510	ttl	2	n/a	n/a	n/a	n/a	n/a	n/a	n/a	n/a	n/a	n/a	n/a	n/a	n/a	n/a	n/a	n/a	n/a	n/a	n/a	n/a	238.777186	n/a
240.791855	0.000000	96317	ttl	5	n/a	n/a	n/a	n/a	n/a	n/a	n/a	n/a	n/a	n/a	n/a	n/a	n/a	n/a	n/a	n/a	n/a	n/a	n/a	n/a	240.794341	n/a
240.974605	0.000000	96390	stimulus_presentation	n/a	184	n/a	n/a	n/a	n/a	n/a	n/a	n/a	n/a	n/a	n/a	n/a	n/a	n/a	n/a	n/a	n/a	n/a	n/a	n/a	240.977091	n/a
240.974605	0.000000	96390	ttl	3	n/a	n/a	n/a	n/a	n/a	n/a	n/a	n/a	n/a	n/a	n/a	n/a	n/a	n/a	n/a	n/a	n/a	n/a	n/a	n/a	240.977091	n/a
242.991354	0.000000	97197	ttl	6	n/a	n/a	n/a	n/a	n/a	n/a	n/a	n/a	n/a	n/a	n/a	n/a	n/a	n/a	n/a	n/a	n/a	n/a	n/a	n/a	242.993840	n/a
245.592603	0.000000	98237	stimulus_presentation	n/a	72	n/a	n/a	n/a	n/a	n/a	n/a	n/a	n/a	n/a	n/a	n/a	n/a	n/a	n/a	n/a	n/a	n/a	n/a	n/a	245.595089	n/a
245.592603	0.000000	98237	ttl	7	n/a	n/a	n/a	n/a	n/a	n/a	n/a	n/a	n/a	n/a	n/a	n/a	n/a	n/a	n/a	n/a	n/a	n/a	n/a	n/a	245.595089	n/a
246.829134	0.000000	98732	ttl	8	n/a	n/a	n/a	n/a	n/a	n/a	n/a	n/a	n/a	n/a	n/a	n/a	n/a	n/a	n/a	n/a	n/a	n/a	n/a	n/a	246.831620	n/a
246.856259	11.052214	98743	sternberg_trial	n/a	n/a	111	509	415	308	3	0	1	247.876182	249.89239999999998	250.059212	252.075493	252.108712	254.12464799999998	246.858745	254.12464799999998	256.85946	257.910959	intervals/trials	24	246.858745	257.910959
246.856259	0.000000	98743	ttl	11	n/a	n/a	n/a	n/a	n/a	n/a	n/a	n/a	n/a	n/a	n/a	n/a	n/a	n/a	n/a	n/a	n/a	n/a	n/a	n/a	246.858745	n/a
247.873696	0.000000	99149	stimulus_presentation	n/a	11	n/a	n/a	n/a	n/a	n/a	n/a	n/a	n/a	n/a	n/a	n/a	n/a	n/a	n/a	n/a	n/a	n/a	n/a	n/a	247.876182	n/a
247.873696	0.000000	99149	ttl	1	n/a	n/a	n/a	n/a	n/a	n/a	n/a	n/a	n/a	n/a	n/a	n/a	n/a	n/a	n/a	n/a	n/a	n/a	n/a	n/a	247.876182	n/a
249.889914	0.000000	99956	ttl	5	n/a	n/a	n/a	n/a	n/a	n/a	n/a	n/a	n/a	n/a	n/a	n/a	n/a	n/a	n/a	n/a	n/a	n/a	n/a	n/a	249.892400	n/a
250.056726	0.000000	100023	stimulus_presentation	n/a	234	n/a	n/a	n/a	n/a	n/a	n/a	n/a	n/a	n/a	n/a	n/a	n/a	n/a	n/a	n/a	n/a	n/a	n/a	n/a	250.059212	n/a
250.056726	0.000000	100023	ttl	2	n/a	n/a	n/a	n/a	n/a	n/a	n/a	n/a	n/a	n/a	n/a	n/a	n/a	n/a	n/a	n/a	n/a	n/a	n/a	n/a	250.059212	n/a
252.073007	0.000000	100829	ttl	5	n/a	n/a	n/a	n/a	n/a	n/a	n/a	n/a	n/a	n/a	n/a	n/a	n/a	n/a	n/a	n/a	n/a	n/a	n/a	n/a	252.075493	n/a
252.106226	0.000000	100842	stimulus_presentation	n/a	185	n/a	n/a	n/a	n/a	n/a	n/a	n/a	n/a	n/a	n/a	n/a	n/a	n/a	n/a	n/a	n/a	n/a	n/a	n/a	252.108712	n/a
252.106226	0.000000	100842	ttl	3	n/a	n/a	n/a	n/a	n/a	n/a	n/a	n/a	n/a	n/a	n/a	n/a	n/a	n/a	n/a	n/a	n/a	n/a	n/a	n/a	252.108712	n/a
254.122162	0.000000	101649	ttl	6	n/a	n/a	n/a	n/a	n/a	n/a	n/a	n/a	n/a	n/a	n/a	n/a	n/a	n/a	n/a	n/a	n/a	n/a	n/a	n/a	254.124648	n/a
256.856975	0.000000	102743	stimulus_presentation	n/a	122	n/a	n/a	n/a	n/a	n/a	n/a	n/a	n/a	n/a	n/a	n/a	n/a	n/a	n/a	n/a	n/a	n/a	n/a	n/a	256.859460	n/a
256.856975	0.000000	102743	ttl	7	n/a	n/a	n/a	n/a	n/a	n/a	n/a	n/a	n/a	n/a	n/a	n/a	n/a	n/a	n/a	n/a	n/a	n/a	n/a	n/a	256.859460	n/a
257.908474	0.000000	103163	ttl	8	n/a	n/a	n/a	n/a	n/a	n/a	n/a	n/a	n/a	n/a	n/a	n/a	n/a	n/a	n/a	n/a	n/a	n/a	n/a	n/a	257.910959	n/a
257.937443	11.161777	103175	sternberg_trial	n/a	n/a	312	416	216	101	3	0	1	259.123959	261.140396	261.340458	263.356645	263.440051	265.456238	257.939928	265.456238	268.173986	269.101705	intervals/trials	25	257.939928	269.101705
257.937443	0.000000	103175	ttl	11	n/a	n/a	n/a	n/a	n/a	n/a	n/a	n/a	n/a	n/a	n/a	n/a	n/a	n/a	n/a	n/a	n/a	n/a	n/a	n/a	257.939928	n/a
259.121474	0.000000	103649	stimulus_presentation	n/a	126	n/a	n/a	n/a	n/a	n/a	n/a	n/a	n/a	n/a	n/a	n/a	n/a	n/a	n/a	n/a	n/a	n/a	n/a	n/a	259.123959	n/a
259.121474	0.000000	103649	ttl	1	n/a	n/a	n/a	n/a	n/a	n/a	n/a	n/a	n/a	n/a	n/a	n/a	n/a	n/a	n/a	n/a	n/a	n/a	n/a	n/a	259.123959	n/a
261.137911	0.000000	104455	ttl	5	n/a	n/a	n/a	n/a	n/a	n/a	n/a	n/a	n/a	n/a	n/a	n/a	n/a	n/a	n/a	n/a	n/a	n/a	n/a	n/a	261.140396	n/a
261.337973	0.000000	104535	stimulus_presentation	n/a	186	n/a	n/a	n/a	n/a	n/a	n/a	n/a	n/a	n/a	n/a	n/a	n/a	n/a	n/a	n/a	n/a	n/a	n/a	n/a	261.340458	n/a
261.337973	0.000000	104535	ttl	2	n/a	n/a	n/a	n/a	n/a	n/a	n/a	n/a	n/a	n/a	n/a	n/a	n/a	n/a	n/a	n/a	n/a	n/a	n/a	n/a	261.340458	n/a
263.354160	0.000000	105342	ttl	5	n/a	n/a	n/a	n/a	n/a	n/a	n/a	n/a	n/a	n/a	n/a	n/a	n/a	n/a	n/a	n/a	n/a	n/a	n/a	n/a	263.356645	n/a
263.437566	0.000000	105375	stimulus_presentation	n/a	73	n/a	n/a	n/a	n/a	n/a	n/a	n/a	n/a	n/a	n/a	n/a	n/a	n/a	n/a	n/a	n/a	n/a	n/a	n/a	263.440051	n/a
263.437566	0.000000	105375	ttl	3	n/a	n/a	n/a	n/a	n/a	n/a	n/a	n/a	n/a	n/a	n/a	n/a	n/a	n/a	n/a	n/a	n/a	n/a	n/a	n/a	263.440051	n/a
265.453753	0.000000	106182	ttl	6	n/a	n/a	n/a	n/a	n/a	n/a	n/a	n/a	n/a	n/a	n/a	n/a	n/a	n/a	n/a	n/a	n/a	n/a	n/a	n/a	265.456238	n/a
268.171501	0.000000	107269	stimulus_presentation	n/a	1	n/a	n/a	n/a	n/a	n/a	n/a	n/a	n/a	n/a	n/a	n/a	n/a	n/a	n/a	n/a	n/a	n/a	n/a	n/a	268.173986	n/a
268.171501	0.000000	107269	ttl	7	n/a	n/a	n/a	n/a	n/a	n/a	n/a	n/a	n/a	n/a	n/a	n/a	n/a	n/a	n/a	n/a	n/a	n/a	n/a	n/a	268.173986	n/a
269.099220	0.000000	107640	ttl	8	n/a	n/a	n/a	n/a	n/a	n/a	n/a	n/a	n/a	n/a	n/a	n/a	n/a	n/a	n/a	n/a	n/a	n/a	n/a	n/a	269.101705	n/a
269.135282	12.801526	107654	sternberg_trial	n/a	n/a	417	313	510	510	3	1	0	270.238673	272.254797	272.370953	274.387859	274.587765	276.60398299999997	269.137767	276.60398299999997	279.33829399999996	281.93929299999996	intervals/trials	26	269.137767	281.939293
269.135282	0.000000	107654	ttl	11	n/a	n/a	n/a	n/a	n/a	n/a	n/a	n/a	n/a	n/a	n/a	n/a	n/a	n/a	n/a	n/a	n/a	n/a	n/a	n/a	269.137767	n/a
270.236188	0.000000	108094	stimulus_presentation	n/a	187	n/a	n/a	n/a	n/a	n/a	n/a	n/a	n/a	n/a	n/a	n/a	n/a	n/a	n/a	n/a	n/a	n/a	n/a	n/a	270.238673	n/a
270.236188	0.000000	108094	ttl	1	n/a	n/a	n/a	n/a	n/a	n/a	n/a	n/a	n/a	n/a	n/a	n/a	n/a	n/a	n/a	n/a	n/a	n/a	n/a	n/a	270.238673	n/a
272.252312	0.000000	108901	ttl	5	n/a	n/a	n/a	n/a	n/a	n/a	n/a	n/a	n/a	n/a	n/a	n/a	n/a	n/a	n/a	n/a	n/a	n/a	n/a	n/a	272.254797	n/a
272.368468	0.000000	108947	stimulus_presentation	n/a	127	n/a	n/a	n/a	n/a	n/a	n/a	n/a	n/a	n/a	n/a	n/a	n/a	n/a	n/a	n/a	n/a	n/a	n/a	n/a	272.370953	n/a
272.368468	0.000000	108947	ttl	2	n/a	n/a	n/a	n/a	n/a	n/a	n/a	n/a	n/a	n/a	n/a	n/a	n/a	n/a	n/a	n/a	n/a	n/a	n/a	n/a	272.370953	n/a
274.385374	0.000000	109754	ttl	5	n/a	n/a	n/a	n/a	n/a	n/a	n/a	n/a	n/a	n/a	n/a	n/a	n/a	n/a	n/a	n/a	n/a	n/a	n/a	n/a	274.387859	n/a
274.585280	0.000000	109834	stimulus_presentation	n/a	235	n/a	n/a	n/a	n/a	n/a	n/a	n/a	n/a	n/a	n/a	n/a	n/a	n/a	n/a	n/a	n/a	n/a	n/a	n/a	274.587765	n/a
274.585280	0.000000	109834	ttl	3	n/a	n/a	n/a	n/a	n/a	n/a	n/a	n/a	n/a	n/a	n/a	n/a	n/a	n/a	n/a	n/a	n/a	n/a	n/a	n/a	274.587765	n/a
276.601497	0.000000	110641	ttl	6	n/a	n/a	n/a	n/a	n/a	n/a	n/a	n/a	n/a	n/a	n/a	n/a	n/a	n/a	n/a	n/a	n/a	n/a	n/a	n/a	276.603983	n/a
279.335808	0.000000	111734	stimulus_presentation	n/a	235	n/a	n/a	n/a	n/a	n/a	n/a	n/a	n/a	n/a	n/a	n/a	n/a	n/a	n/a	n/a	n/a	n/a	n/a	n/a	279.338294	n/a
279.335808	0.000000	111734	ttl	7	n/a	n/a	n/a	n/a	n/a	n/a	n/a	n/a	n/a	n/a	n/a	n/a	n/a	n/a	n/a	n/a	n/a	n/a	n/a	n/a	279.338294	n/a
281.936807	0.000000	112775	ttl	8	n/a	n/a	n/a	n/a	n/a	n/a	n/a	n/a	n/a	n/a	n/a	n/a	n/a	n/a	n/a	n/a	n/a	n/a	n/a	n/a	281.939293	n/a
281.966183	11.385433	112786	sternberg_trial	n/a	n/a	217	314	418	509	3	0	1	283.103012	285.119292	285.169261	287.185291	287.252385	289.268572	281.968668	289.268572	292.003039	293.354101	intervals/trials	27	281.968668	293.354101
281.966183	0.000000	112786	ttl	11	n/a	n/a	n/a	n/a	n/a	n/a	n/a	n/a	n/a	n/a	n/a	n/a	n/a	n/a	n/a	n/a	n/a	n/a	n/a	n/a	281.968668	n/a
283.100527	0.000000	113240	stimulus_presentation	n/a	74	n/a	n/a	n/a	n/a	n/a	n/a	n/a	n/a	n/a	n/a	n/a	n/a	n/a	n/a	n/a	n/a	n/a	n/a	n/a	283.103012	n/a
283.100527	0.000000	113240	ttl	1	n/a	n/a	n/a	n/a	n/a	n/a	n/a	n/a	n/a	n/a	n/a	n/a	n/a	n/a	n/a	n/a	n/a	n/a	n/a	n/a	283.103012	n/a
285.116806	0.000000	114047	ttl	5	n/a	n/a	n/a	n/a	n/a	n/a	n/a	n/a	n/a	n/a	n/a	n/a	n/a	n/a	n/a	n/a	n/a	n/a	n/a	n/a	285.119292	n/a
285.166776	0.000000	114067	stimulus_presentation	n/a	128	n/a	n/a	n/a	n/a	n/a	n/a	n/a	n/a	n/a	n/a	n/a	n/a	n/a	n/a	n/a	n/a	n/a	n/a	n/a	285.169261	n/a
285.166776	0.000000	114067	ttl	2	n/a	n/a	n/a	n/a	n/a	n/a	n/a	n/a	n/a	n/a	n/a	n/a	n/a	n/a	n/a	n/a	n/a	n/a	n/a	n/a	285.169261	n/a
287.182806	0.000000	114873	ttl	5	n/a	n/a	n/a	n/a	n/a	n/a	n/a	n/a	n/a	n/a	n/a	n/a	n/a	n/a	n/a	n/a	n/a	n/a	n/a	n/a	287.185291	n/a
287.249900	0.000000	114900	stimulus_presentation	n/a	188	n/a	n/a	n/a	n/a	n/a	n/a	n/a	n/a	n/a	n/a	n/a	n/a	n/a	n/a	n/a	n/a	n/a	n/a	n/a	287.252385	n/a
287.249900	0.000000	114900	ttl	3	n/a	n/a	n/a	n/a	n/a	n/a	n/a	n/a	n/a	n/a	n/a	n/a	n/a	n/a	n/a	n/a	n/a	n/a	n/a	n/a	287.252385	n/a
289.266087	0.000000	115706	ttl	6	n/a	n/a	n/a	n/a	n/a	n/a	n/a	n/a	n/a	n/a	n/a	n/a	n/a	n/a	n/a	n/a	n/a	n/a	n/a	n/a	289.268572	n/a
292.000554	0.000000	116800	stimulus_presentation	n/a	234	n/a	n/a	n/a	n/a	n/a	n/a	n/a	n/a	n/a	n/a	n/a	n/a	n/a	n/a	n/a	n/a	n/a	n/a	n/a	292.003039	n/a
292.000554	0.000000	116800	ttl	7	n/a	n/a	n/a	n/a	n/a	n/a	n/a	n/a	n/a	n/a	n/a	n/a	n/a	n/a	n/a	n/a	n/a	n/a	n/a	n/a	292.003039	n/a
293.351616	0.000000	117341	ttl	8	n/a	n/a	n/a	n/a	n/a	n/a	n/a	n/a	n/a	n/a	n/a	n/a	n/a	n/a	n/a	n/a	n/a	n/a	n/a	n/a	293.354101	n/a
293.380398	7.437434	117352	sternberg_trial	n/a	n/a	218	0	0	508	1	0	1	294.534163	296.550069	0.0	0.0	0.0	0.0	293.382883	296.550069	299.30166099999997	300.820317	intervals/trials	28	293.382883	300.820317
293.380398	0.000000	117352	ttl	11	n/a	n/a	n/a	n/a	n/a	n/a	n/a	n/a	n/a	n/a	n/a	n/a	n/a	n/a	n/a	n/a	n/a	n/a	n/a	n/a	293.382883	n/a
294.531678	0.000000	117813	stimulus_presentation	n/a	75	n/a	n/a	n/a	n/a	n/a	n/a	n/a	n/a	n/a	n/a	n/a	n/a	n/a	n/a	n/a	n/a	n/a	n/a	n/a	294.534163	n/a
294.531678	0.000000	117813	ttl	1	n/a	n/a	n/a	n/a	n/a	n/a	n/a	n/a	n/a	n/a	n/a	n/a	n/a	n/a	n/a	n/a	n/a	n/a	n/a	n/a	294.534163	n/a
294.541677	0.000000	117817	stimulus_presentation	n/a	0	n/a	n/a	n/a	n/a	n/a	n/a	n/a	n/a	n/a	n/a	n/a	n/a	n/a	n/a	n/a	n/a	n/a	n/a	n/a	294.544163	n/a
294.551677	0.000000	117821	stimulus_presentation	n/a	0	n/a	n/a	n/a	n/a	n/a	n/a	n/a	n/a	n/a	n/a	n/a	n/a	n/a	n/a	n/a	n/a	n/a	n/a	n/a	294.554163	n/a
296.547584	0.000000	118619	ttl	6	n/a	n/a	n/a	n/a	n/a	n/a	n/a	n/a	n/a	n/a	n/a	n/a	n/a	n/a	n/a	n/a	n/a	n/a	n/a	n/a	296.550069	n/a
299.299175	0.000000	119720	stimulus_presentation	n/a	233	n/a	n/a	n/a	n/a	n/a	n/a	n/a	n/a	n/a	n/a	n/a	n/a	n/a	n/a	n/a	n/a	n/a	n/a	n/a	299.301661	n/a
299.299175	0.000000	119720	ttl	7	n/a	n/a	n/a	n/a	n/a	n/a	n/a	n/a	n/a	n/a	n/a	n/a	n/a	n/a	n/a	n/a	n/a	n/a	n/a	n/a	299.301661	n/a
300.817832	0.000000	120327	ttl	8	n/a	n/a	n/a	n/a	n/a	n/a	n/a	n/a	n/a	n/a	n/a	n/a	n/a	n/a	n/a	n/a	n/a	n/a	n/a	n/a	300.820317	n/a
300.845894	6.494434	120338	sternberg_trial	n/a	n/a	419	0	0	419	1	1	1	301.916473	303.93206599999996	0.0	0.0	0.0	0.0	300.84837999999996	303.93206599999996	306.500065	307.342814	intervals/trials	29	300.848380	307.342814
300.845894	0.000000	120338	ttl	11	n/a	n/a	n/a	n/a	n/a	n/a	n/a	n/a	n/a	n/a	n/a	n/a	n/a	n/a	n/a	n/a	n/a	n/a	n/a	n/a	300.848380	n/a
301.913988	0.000000	120766	stimulus_presentation	n/a	189	n/a	n/a	n/a	n/a	n/a	n/a	n/a	n/a	n/a	n/a	n/a	n/a	n/a	n/a	n/a	n/a	n/a	n/a	n/a	301.916473	n/a
301.913988	0.000000	120766	ttl	1	n/a	n/a	n/a	n/a	n/a	n/a	n/a	n/a	n/a	n/a	n/a	n/a	n/a	n/a	n/a	n/a	n/a	n/a	n/a	n/a	301.916473	n/a
301.923988	0.000000	120770	stimulus_presentation	n/a	0	n/a	n/a	n/a	n/a	n/a	n/a	n/a	n/a	n/a	n/a	n/a	n/a	n/a	n/a	n/a	n/a	n/a	n/a	n/a	301.926473	n/a
301.933988	0.000000	120774	stimulus_presentation	n/a	0	n/a	n/a	n/a	n/a	n/a	n/a	n/a	n/a	n/a	n/a	n/a	n/a	n/a	n/a	n/a	n/a	n/a	n/a	n/a	301.936473	n/a
303.929580	0.000000	121572	ttl	6	n/a	n/a	n/a	n/a	n/a	n/a	n/a	n/a	n/a	n/a	n/a	n/a	n/a	n/a	n/a	n/a	n/a	n/a	n/a	n/a	303.932066	n/a
306.497580	0.000000	122599	stimulus_presentation	n/a	189	n/a	n/a	n/a	n/a	n/a	n/a	n/a	n/a	n/a	n/a	n/a	n/a	n/a	n/a	n/a	n/a	n/a	n/a	n/a	306.500065	n/a
306.497580	0.000000	122599	ttl	7	n/a	n/a	n/a	n/a	n/a	n/a	n/a	n/a	n/a	n/a	n/a	n/a	n/a	n/a	n/a	n/a	n/a	n/a	n/a	n/a	306.500065	n/a
307.340328	0.000000	122936	ttl	8	n/a	n/a	n/a	n/a	n/a	n/a	n/a	n/a	n/a	n/a	n/a	n/a	n/a	n/a	n/a	n/a	n/a	n/a	n/a	n/a	307.342814	n/a
307.361486	6.805247	122945	sternberg_trial	n/a	n/a	511	0	0	415	1	0	1	308.46428299999997	310.481657	0.0	0.0	0.0	0.0	307.363971	310.481657	313.265625	314.169218	intervals/trials	30	307.363971	314.169218
307.361486	0.000000	122945	ttl	11	n/a	n/a	n/a	n/a	n/a	n/a	n/a	n/a	n/a	n/a	n/a	n/a	n/a	n/a	n/a	n/a	n/a	n/a	n/a	n/a	307.363971	n/a
308.461797	0.000000	123385	stimulus_presentation	n/a	236	n/a	n/a	n/a	n/a	n/a	n/a	n/a	n/a	n/a	n/a	n/a	n/a	n/a	n/a	n/a	n/a	n/a	n/a	n/a	308.464283	n/a
308.461797	0.000000	123385	ttl	1	n/a	n/a	n/a	n/a	n/a	n/a	n/a	n/a	n/a	n/a	n/a	n/a	n/a	n/a	n/a	n/a	n/a	n/a	n/a	n/a	308.464283	n/a
308.471797	0.000000	123389	stimulus_presentation	n/a	0	n/a	n/a	n/a	n/a	n/a	n/a	n/a	n/a	n/a	n/a	n/a	n/a	n/a	n/a	n/a	n/a	n/a	n/a	n/a	308.474283	n/a
308.481797	0.000000	123393	stimulus_presentation	n/a	0	n/a	n/a	n/a	n/a	n/a	n/a	n/a	n/a	n/a	n/a	n/a	n/a	n/a	n/a	n/a	n/a	n/a	n/a	n/a	308.484283	n/a
310.479172	0.000000	124192	ttl	6	n/a	n/a	n/a	n/a	n/a	n/a	n/a	n/a	n/a	n/a	n/a	n/a	n/a	n/a	n/a	n/a	n/a	n/a	n/a	n/a	310.481657	n/a
313.263140	0.000000	125305	stimulus_presentation	n/a	185	n/a	n/a	n/a	n/a	n/a	n/a	n/a	n/a	n/a	n/a	n/a	n/a	n/a	n/a	n/a	n/a	n/a	n/a	n/a	313.265625	n/a
313.263140	0.000000	125305	ttl	7	n/a	n/a	n/a	n/a	n/a	n/a	n/a	n/a	n/a	n/a	n/a	n/a	n/a	n/a	n/a	n/a	n/a	n/a	n/a	n/a	313.265625	n/a
314.166733	0.000000	125667	ttl	8	n/a	n/a	n/a	n/a	n/a	n/a	n/a	n/a	n/a	n/a	n/a	n/a	n/a	n/a	n/a	n/a	n/a	n/a	n/a	n/a	314.169218	n/a
314.193451	6.927716	125677	sternberg_trial	n/a	n/a	420	0	0	505	1	0	1	315.29581099999996	317.31281	0.0	0.0	0.0	0.0	314.19593699999996	317.31281	320.112528	321.123653	intervals/trials	31	314.195937	321.123653
314.193451	0.000000	125677	ttl	11	n/a	n/a	n/a	n/a	n/a	n/a	n/a	n/a	n/a	n/a	n/a	n/a	n/a	n/a	n/a	n/a	n/a	n/a	n/a	n/a	314.195937	n/a
315.293325	0.000000	126117	stimulus_presentation	n/a	190	n/a	n/a	n/a	n/a	n/a	n/a	n/a	n/a	n/a	n/a	n/a	n/a	n/a	n/a	n/a	n/a	n/a	n/a	n/a	315.295811	n/a
315.293325	0.000000	126117	ttl	1	n/a	n/a	n/a	n/a	n/a	n/a	n/a	n/a	n/a	n/a	n/a	n/a	n/a	n/a	n/a	n/a	n/a	n/a	n/a	n/a	315.295811	n/a
315.303325	0.000000	126121	stimulus_presentation	n/a	0	n/a	n/a	n/a	n/a	n/a	n/a	n/a	n/a	n/a	n/a	n/a	n/a	n/a	n/a	n/a	n/a	n/a	n/a	n/a	315.305811	n/a
315.313325	0.000000	126125	stimulus_presentation	n/a	0	n/a	n/a	n/a	n/a	n/a	n/a	n/a	n/a	n/a	n/a	n/a	n/a	n/a	n/a	n/a	n/a	n/a	n/a	n/a	315.315811	n/a
317.310325	0.000000	126924	ttl	6	n/a	n/a	n/a	n/a	n/a	n/a	n/a	n/a	n/a	n/a	n/a	n/a	n/a	n/a	n/a	n/a	n/a	n/a	n/a	n/a	317.312810	n/a
320.110043	0.000000	128044	stimulus_presentation	n/a	230	n/a	n/a	n/a	n/a	n/a	n/a	n/a	n/a	n/a	n/a	n/a	n/a	n/a	n/a	n/a	n/a	n/a	n/a	n/a	320.112528	n/a
320.110043	0.000000	128044	ttl	7	n/a	n/a	n/a	n/a	n/a	n/a	n/a	n/a	n/a	n/a	n/a	n/a	n/a	n/a	n/a	n/a	n/a	n/a	n/a	n/a	320.112528	n/a
321.121168	0.000000	128448	ttl	8	n/a	n/a	n/a	n/a	n/a	n/a	n/a	n/a	n/a	n/a	n/a	n/a	n/a	n/a	n/a	n/a	n/a	n/a	n/a	n/a	321.123653	n/a
321.141979	6.453904	128457	sternberg_trial	n/a	n/a	112	0	0	112	1	1	1	322.21196499999996	324.22824499999996	0.0	0.0	0.0	0.0	321.14446499999997	324.22824499999996	326.94615	327.598369	intervals/trials	32	321.144465	327.598369
321.141979	0.000000	128457	ttl	11	n/a	n/a	n/a	n/a	n/a	n/a	n/a	n/a	n/a	n/a	n/a	n/a	n/a	n/a	n/a	n/a	n/a	n/a	n/a	n/a	321.144465	n/a
322.209479	0.000000	128884	stimulus_presentation	n/a	12	n/a	n/a	n/a	n/a	n/a	n/a	n/a	n/a	n/a	n/a	n/a	n/a	n/a	n/a	n/a	n/a	n/a	n/a	n/a	322.211965	n/a
322.209479	0.000000	128884	ttl	1	n/a	n/a	n/a	n/a	n/a	n/a	n/a	n/a	n/a	n/a	n/a	n/a	n/a	n/a	n/a	n/a	n/a	n/a	n/a	n/a	322.211965	n/a
322.219479	0.000000	128888	stimulus_presentation	n/a	0	n/a	n/a	n/a	n/a	n/a	n/a	n/a	n/a	n/a	n/a	n/a	n/a	n/a	n/a	n/a	n/a	n/a	n/a	n/a	322.221965	n/a
322.229479	0.000000	128892	stimulus_presentation	n/a	0	n/a	n/a	n/a	n/a	n/a	n/a	n/a	n/a	n/a	n/a	n/a	n/a	n/a	n/a	n/a	n/a	n/a	n/a	n/a	322.231965	n/a
324.225759	0.000000	129690	ttl	6	n/a	n/a	n/a	n/a	n/a	n/a	n/a	n/a	n/a	n/a	n/a	n/a	n/a	n/a	n/a	n/a	n/a	n/a	n/a	n/a	324.228245	n/a
326.943665	0.000000	130777	stimulus_presentation	n/a	12	n/a	n/a	n/a	n/a	n/a	n/a	n/a	n/a	n/a	n/a	n/a	n/a	n/a	n/a	n/a	n/a	n/a	n/a	n/a	326.946150	n/a
326.943665	0.000000	130777	ttl	7	n/a	n/a	n/a	n/a	n/a	n/a	n/a	n/a	n/a	n/a	n/a	n/a	n/a	n/a	n/a	n/a	n/a	n/a	n/a	n/a	326.946150	n/a
327.595884	0.000000	131038	ttl	8	n/a	n/a	n/a	n/a	n/a	n/a	n/a	n/a	n/a	n/a	n/a	n/a	n/a	n/a	n/a	n/a	n/a	n/a	n/a	n/a	327.598369	n/a
327.624134	10.874902	131050	sternberg_trial	n/a	n/a	512	421	113	213	3	0	1	328.66083699999996	330.677774	330.860461	332.87652299999996	333.060023	335.076335	327.626619	335.076335	337.677521	338.50152099999997	intervals/trials	33	327.626619	338.501521
327.624134	0.000000	131050	ttl	11	n/a	n/a	n/a	n/a	n/a	n/a	n/a	n/a	n/a	n/a	n/a	n/a	n/a	n/a	n/a	n/a	n/a	n/a	n/a	n/a	327.626619	n/a
328.658351	0.000000	131463	stimulus_presentation	n/a	237	n/a	n/a	n/a	n/a	n/a	n/a	n/a	n/a	n/a	n/a	n/a	n/a	n/a	n/a	n/a	n/a	n/a	n/a	n/a	328.660837	n/a
328.658351	0.000000	131463	ttl	1	n/a	n/a	n/a	n/a	n/a	n/a	n/a	n/a	n/a	n/a	n/a	n/a	n/a	n/a	n/a	n/a	n/a	n/a	n/a	n/a	328.660837	n/a
330.675289	0.000000	132270	ttl	5	n/a	n/a	n/a	n/a	n/a	n/a	n/a	n/a	n/a	n/a	n/a	n/a	n/a	n/a	n/a	n/a	n/a	n/a	n/a	n/a	330.677774	n/a
330.857976	0.000000	132343	stimulus_presentation	n/a	191	n/a	n/a	n/a	n/a	n/a	n/a	n/a	n/a	n/a	n/a	n/a	n/a	n/a	n/a	n/a	n/a	n/a	n/a	n/a	330.860461	n/a
330.857976	0.000000	132343	ttl	2	n/a	n/a	n/a	n/a	n/a	n/a	n/a	n/a	n/a	n/a	n/a	n/a	n/a	n/a	n/a	n/a	n/a	n/a	n/a	n/a	330.860461	n/a
332.874037	0.000000	133150	ttl	5	n/a	n/a	n/a	n/a	n/a	n/a	n/a	n/a	n/a	n/a	n/a	n/a	n/a	n/a	n/a	n/a	n/a	n/a	n/a	n/a	332.876523	n/a
333.057538	0.000000	133223	stimulus_presentation	n/a	13	n/a	n/a	n/a	n/a	n/a	n/a	n/a	n/a	n/a	n/a	n/a	n/a	n/a	n/a	n/a	n/a	n/a	n/a	n/a	333.060023	n/a
333.057538	0.000000	133223	ttl	3	n/a	n/a	n/a	n/a	n/a	n/a	n/a	n/a	n/a	n/a	n/a	n/a	n/a	n/a	n/a	n/a	n/a	n/a	n/a	n/a	333.060023	n/a
335.073849	0.000000	134030	ttl	6	n/a	n/a	n/a	n/a	n/a	n/a	n/a	n/a	n/a	n/a	n/a	n/a	n/a	n/a	n/a	n/a	n/a	n/a	n/a	n/a	335.076335	n/a
337.675036	0.000000	135070	stimulus_presentation	n/a	70	n/a	n/a	n/a	n/a	n/a	n/a	n/a	n/a	n/a	n/a	n/a	n/a	n/a	n/a	n/a	n/a	n/a	n/a	n/a	337.677521	n/a
337.675036	0.000000	135070	ttl	7	n/a	n/a	n/a	n/a	n/a	n/a	n/a	n/a	n/a	n/a	n/a	n/a	n/a	n/a	n/a	n/a	n/a	n/a	n/a	n/a	337.677521	n/a
338.499035	0.000000	135400	ttl	8	n/a	n/a	n/a	n/a	n/a	n/a	n/a	n/a	n/a	n/a	n/a	n/a	n/a	n/a	n/a	n/a	n/a	n/a	n/a	n/a	338.501521	n/a
338.522003	6.595717	135409	sternberg_trial	n/a	n/a	513	0	0	303	1	0	1	339.62577	341.64158199999997	0.0	0.0	0.0	0.0	338.52448899999996	341.64158199999997	344.34286199999997	345.120206	intervals/trials	34	338.524489	345.120206
338.522003	0.000000	135409	ttl	11	n/a	n/a	n/a	n/a	n/a	n/a	n/a	n/a	n/a	n/a	n/a	n/a	n/a	n/a	n/a	n/a	n/a	n/a	n/a	n/a	338.524489	n/a
339.623285	0.000000	135849	stimulus_presentation	n/a	238	n/a	n/a	n/a	n/a	n/a	n/a	n/a	n/a	n/a	n/a	n/a	n/a	n/a	n/a	n/a	n/a	n/a	n/a	n/a	339.625770	n/a
339.623285	0.000000	135849	ttl	1	n/a	n/a	n/a	n/a	n/a	n/a	n/a	n/a	n/a	n/a	n/a	n/a	n/a	n/a	n/a	n/a	n/a	n/a	n/a	n/a	339.625770	n/a
339.633285	0.000000	135853	stimulus_presentation	n/a	0	n/a	n/a	n/a	n/a	n/a	n/a	n/a	n/a	n/a	n/a	n/a	n/a	n/a	n/a	n/a	n/a	n/a	n/a	n/a	339.635770	n/a
339.643284	0.000000	135857	stimulus_presentation	n/a	0	n/a	n/a	n/a	n/a	n/a	n/a	n/a	n/a	n/a	n/a	n/a	n/a	n/a	n/a	n/a	n/a	n/a	n/a	n/a	339.645770	n/a
341.639096	0.000000	136656	ttl	6	n/a	n/a	n/a	n/a	n/a	n/a	n/a	n/a	n/a	n/a	n/a	n/a	n/a	n/a	n/a	n/a	n/a	n/a	n/a	n/a	341.641582	n/a
344.340376	0.000000	137736	stimulus_presentation	n/a	117	n/a	n/a	n/a	n/a	n/a	n/a	n/a	n/a	n/a	n/a	n/a	n/a	n/a	n/a	n/a	n/a	n/a	n/a	n/a	344.342862	n/a
344.340376	0.000000	137736	ttl	7	n/a	n/a	n/a	n/a	n/a	n/a	n/a	n/a	n/a	n/a	n/a	n/a	n/a	n/a	n/a	n/a	n/a	n/a	n/a	n/a	344.342862	n/a
345.117721	0.000000	138047	ttl	8	n/a	n/a	n/a	n/a	n/a	n/a	n/a	n/a	n/a	n/a	n/a	n/a	n/a	n/a	n/a	n/a	n/a	n/a	n/a	n/a	345.120206	n/a
345.137596	6.726872	138055	sternberg_trial	n/a	n/a	422	0	0	422	1	1	1	346.274143	348.290548	0.0	0.0	0.0	0.0	345.140081	348.290548	350.872797	351.86695299999997	intervals/trials	35	345.140081	351.866953
345.137596	0.000000	138055	ttl	11	n/a	n/a	n/a	n/a	n/a	n/a	n/a	n/a	n/a	n/a	n/a	n/a	n/a	n/a	n/a	n/a	n/a	n/a	n/a	n/a	345.140081	n/a
346.271658	0.000000	138509	stimulus_presentation	n/a	192	n/a	n/a	n/a	n/a	n/a	n/a	n/a	n/a	n/a	n/a	n/a	n/a	n/a	n/a	n/a	n/a	n/a	n/a	n/a	346.274143	n/a
346.271658	0.000000	138509	ttl	1	n/a	n/a	n/a	n/a	n/a	n/a	n/a	n/a	n/a	n/a	n/a	n/a	n/a	n/a	n/a	n/a	n/a	n/a	n/a	n/a	346.274143	n/a
346.281657	0.000000	138513	stimulus_presentation	n/a	0	n/a	n/a	n/a	n/a	n/a	n/a	n/a	n/a	n/a	n/a	n/a	n/a	n/a	n/a	n/a	n/a	n/a	n/a	n/a	346.284143	n/a
346.291657	0.000000	138517	stimulus_presentation	n/a	0	n/a	n/a	n/a	n/a	n/a	n/a	n/a	n/a	n/a	n/a	n/a	n/a	n/a	n/a	n/a	n/a	n/a	n/a	n/a	346.294143	n/a
348.288063	0.000000	139315	ttl	6	n/a	n/a	n/a	n/a	n/a	n/a	n/a	n/a	n/a	n/a	n/a	n/a	n/a	n/a	n/a	n/a	n/a	n/a	n/a	n/a	348.290548	n/a
350.870312	0.000000	140348	stimulus_presentation	n/a	192	n/a	n/a	n/a	n/a	n/a	n/a	n/a	n/a	n/a	n/a	n/a	n/a	n/a	n/a	n/a	n/a	n/a	n/a	n/a	350.872797	n/a
350.870312	0.000000	140348	ttl	7	n/a	n/a	n/a	n/a	n/a	n/a	n/a	n/a	n/a	n/a	n/a	n/a	n/a	n/a	n/a	n/a	n/a	n/a	n/a	n/a	350.872797	n/a
351.864467	0.000000	140746	ttl	8	n/a	n/a	n/a	n/a	n/a	n/a	n/a	n/a	n/a	n/a	n/a	n/a	n/a	n/a	n/a	n/a	n/a	n/a	n/a	n/a	351.866953	n/a
351.886280	6.884560	140755	sternberg_trial	n/a	n/a	219	0	0	219	1	1	1	352.939577	354.955764	0.0	0.0	0.0	0.0	351.888765	354.955764	357.673326	358.773325	intervals/trials	36	351.888765	358.773325
351.886280	0.000000	140755	ttl	11	n/a	n/a	n/a	n/a	n/a	n/a	n/a	n/a	n/a	n/a	n/a	n/a	n/a	n/a	n/a	n/a	n/a	n/a	n/a	n/a	351.888765	n/a
352.937092	0.000000	141175	stimulus_presentation	n/a	76	n/a	n/a	n/a	n/a	n/a	n/a	n/a	n/a	n/a	n/a	n/a	n/a	n/a	n/a	n/a	n/a	n/a	n/a	n/a	352.939577	n/a
352.937092	0.000000	141175	ttl	1	n/a	n/a	n/a	n/a	n/a	n/a	n/a	n/a	n/a	n/a	n/a	n/a	n/a	n/a	n/a	n/a	n/a	n/a	n/a	n/a	352.939577	n/a
352.947091	0.000000	141179	stimulus_presentation	n/a	0	n/a	n/a	n/a	n/a	n/a	n/a	n/a	n/a	n/a	n/a	n/a	n/a	n/a	n/a	n/a	n/a	n/a	n/a	n/a	352.949577	n/a
352.957091	0.000000	141183	stimulus_presentation	n/a	0	n/a	n/a	n/a	n/a	n/a	n/a	n/a	n/a	n/a	n/a	n/a	n/a	n/a	n/a	n/a	n/a	n/a	n/a	n/a	352.959577	n/a
354.953279	0.000000	141981	ttl	6	n/a	n/a	n/a	n/a	n/a	n/a	n/a	n/a	n/a	n/a	n/a	n/a	n/a	n/a	n/a	n/a	n/a	n/a	n/a	n/a	354.955764	n/a
357.670840	0.000000	143068	stimulus_presentation	n/a	76	n/a	n/a	n/a	n/a	n/a	n/a	n/a	n/a	n/a	n/a	n/a	n/a	n/a	n/a	n/a	n/a	n/a	n/a	n/a	357.673326	n/a
357.670840	0.000000	143068	ttl	7	n/a	n/a	n/a	n/a	n/a	n/a	n/a	n/a	n/a	n/a	n/a	n/a	n/a	n/a	n/a	n/a	n/a	n/a	n/a	n/a	357.673326	n/a
358.770840	0.000000	143508	ttl	8	n/a	n/a	n/a	n/a	n/a	n/a	n/a	n/a	n/a	n/a	n/a	n/a	n/a	n/a	n/a	n/a	n/a	n/a	n/a	n/a	358.773325	n/a
358.801434	6.556122	143521	sternberg_trial	n/a	n/a	315	0	0	512	1	0	1	359.88795	361.903886	0.0	0.0	0.0	0.0	358.803919	361.903886	364.539135	365.36004099999997	intervals/trials	37	358.803919	365.360041
358.801434	0.000000	143521	ttl	11	n/a	n/a	n/a	n/a	n/a	n/a	n/a	n/a	n/a	n/a	n/a	n/a	n/a	n/a	n/a	n/a	n/a	n/a	n/a	n/a	358.803919	n/a
359.885465	0.000000	143954	stimulus_presentation	n/a	129	n/a	n/a	n/a	n/a	n/a	n/a	n/a	n/a	n/a	n/a	n/a	n/a	n/a	n/a	n/a	n/a	n/a	n/a	n/a	359.887950	n/a
359.885465	0.000000	143954	ttl	1	n/a	n/a	n/a	n/a	n/a	n/a	n/a	n/a	n/a	n/a	n/a	n/a	n/a	n/a	n/a	n/a	n/a	n/a	n/a	n/a	359.887950	n/a
359.895465	0.000000	143958	stimulus_presentation	n/a	0	n/a	n/a	n/a	n/a	n/a	n/a	n/a	n/a	n/a	n/a	n/a	n/a	n/a	n/a	n/a	n/a	n/a	n/a	n/a	359.897950	n/a
359.905464	0.000000	143962	stimulus_presentation	n/a	0	n/a	n/a	n/a	n/a	n/a	n/a	n/a	n/a	n/a	n/a	n/a	n/a	n/a	n/a	n/a	n/a	n/a	n/a	n/a	359.907950	n/a
361.901401	0.000000	144761	ttl	6	n/a	n/a	n/a	n/a	n/a	n/a	n/a	n/a	n/a	n/a	n/a	n/a	n/a	n/a	n/a	n/a	n/a	n/a	n/a	n/a	361.903886	n/a
364.536650	0.000000	145815	stimulus_presentation	n/a	237	n/a	n/a	n/a	n/a	n/a	n/a	n/a	n/a	n/a	n/a	n/a	n/a	n/a	n/a	n/a	n/a	n/a	n/a	n/a	364.539135	n/a
364.536650	0.000000	145815	ttl	7	n/a	n/a	n/a	n/a	n/a	n/a	n/a	n/a	n/a	n/a	n/a	n/a	n/a	n/a	n/a	n/a	n/a	n/a	n/a	n/a	364.539135	n/a
365.357555	0.000000	146143	ttl	8	n/a	n/a	n/a	n/a	n/a	n/a	n/a	n/a	n/a	n/a	n/a	n/a	n/a	n/a	n/a	n/a	n/a	n/a	n/a	n/a	365.360041	n/a
365.383493	7.727872	146153	sternberg_trial	n/a	n/a	114	0	0	209	1	0	1	366.503603	368.52047699999997	0.0	0.0	0.0	0.0	365.38597899999996	368.52047699999997	371.287789	373.113851	intervals/trials	38	365.385979	373.113851
365.383493	0.000000	146153	ttl	11	n/a	n/a	n/a	n/a	n/a	n/a	n/a	n/a	n/a	n/a	n/a	n/a	n/a	n/a	n/a	n/a	n/a	n/a	n/a	n/a	365.385979	n/a
366.501118	0.000000	146600	stimulus_presentation	n/a	14	n/a	n/a	n/a	n/a	n/a	n/a	n/a	n/a	n/a	n/a	n/a	n/a	n/a	n/a	n/a	n/a	n/a	n/a	n/a	366.503603	n/a
366.501118	0.000000	146600	ttl	1	n/a	n/a	n/a	n/a	n/a	n/a	n/a	n/a	n/a	n/a	n/a	n/a	n/a	n/a	n/a	n/a	n/a	n/a	n/a	n/a	366.503603	n/a
366.511118	0.000000	146604	stimulus_presentation	n/a	0	n/a	n/a	n/a	n/a	n/a	n/a	n/a	n/a	n/a	n/a	n/a	n/a	n/a	n/a	n/a	n/a	n/a	n/a	n/a	366.513603	n/a
366.521118	0.000000	146608	stimulus_presentation	n/a	0	n/a	n/a	n/a	n/a	n/a	n/a	n/a	n/a	n/a	n/a	n/a	n/a	n/a	n/a	n/a	n/a	n/a	n/a	n/a	366.523603	n/a
368.517991	0.000000	147407	ttl	6	n/a	n/a	n/a	n/a	n/a	n/a	n/a	n/a	n/a	n/a	n/a	n/a	n/a	n/a	n/a	n/a	n/a	n/a	n/a	n/a	368.520477	n/a
371.285303	0.000000	148514	stimulus_presentation	n/a	66	n/a	n/a	n/a	n/a	n/a	n/a	n/a	n/a	n/a	n/a	n/a	n/a	n/a	n/a	n/a	n/a	n/a	n/a	n/a	371.287789	n/a
371.285303	0.000000	148514	ttl	7	n/a	n/a	n/a	n/a	n/a	n/a	n/a	n/a	n/a	n/a	n/a	n/a	n/a	n/a	n/a	n/a	n/a	n/a	n/a	n/a	371.287789	n/a
373.111366	0.000000	149245	ttl	8	n/a	n/a	n/a	n/a	n/a	n/a	n/a	n/a	n/a	n/a	n/a	n/a	n/a	n/a	n/a	n/a	n/a	n/a	n/a	n/a	373.113851	n/a
373.132022	7.205434	149253	sternberg_trial	n/a	n/a	423	0	0	423	1	1	1	374.235194	376.251756	0.0	0.0	0.0	0.0	373.134507	376.251756	379.01944199999997	380.339941	intervals/trials	39	373.134507	380.339941
373.132022	0.000000	149253	ttl	11	n/a	n/a	n/a	n/a	n/a	n/a	n/a	n/a	n/a	n/a	n/a	n/a	n/a	n/a	n/a	n/a	n/a	n/a	n/a	n/a	373.134507	n/a
374.232709	0.000000	149693	stimulus_presentation	n/a	193	n/a	n/a	n/a	n/a	n/a	n/a	n/a	n/a	n/a	n/a	n/a	n/a	n/a	n/a	n/a	n/a	n/a	n/a	n/a	374.235194	n/a
374.232709	0.000000	149693	ttl	1	n/a	n/a	n/a	n/a	n/a	n/a	n/a	n/a	n/a	n/a	n/a	n/a	n/a	n/a	n/a	n/a	n/a	n/a	n/a	n/a	374.235194	n/a
374.242708	0.000000	149697	stimulus_presentation	n/a	0	n/a	n/a	n/a	n/a	n/a	n/a	n/a	n/a	n/a	n/a	n/a	n/a	n/a	n/a	n/a	n/a	n/a	n/a	n/a	374.245194	n/a
374.252708	0.000000	149701	stimulus_presentation	n/a	0	n/a	n/a	n/a	n/a	n/a	n/a	n/a	n/a	n/a	n/a	n/a	n/a	n/a	n/a	n/a	n/a	n/a	n/a	n/a	374.255194	n/a
376.249271	0.000000	150500	ttl	6	n/a	n/a	n/a	n/a	n/a	n/a	n/a	n/a	n/a	n/a	n/a	n/a	n/a	n/a	n/a	n/a	n/a	n/a	n/a	n/a	376.251756	n/a
379.016956	0.000000	151607	stimulus_presentation	n/a	193	n/a	n/a	n/a	n/a	n/a	n/a	n/a	n/a	n/a	n/a	n/a	n/a	n/a	n/a	n/a	n/a	n/a	n/a	n/a	379.019442	n/a
379.016956	0.000000	151607	ttl	7	n/a	n/a	n/a	n/a	n/a	n/a	n/a	n/a	n/a	n/a	n/a	n/a	n/a	n/a	n/a	n/a	n/a	n/a	n/a	n/a	379.019442	n/a
380.337456	0.000000	152135	ttl	8	n/a	n/a	n/a	n/a	n/a	n/a	n/a	n/a	n/a	n/a	n/a	n/a	n/a	n/a	n/a	n/a	n/a	n/a	n/a	n/a	380.339941	n/a
380.363956	6.640185	152146	sternberg_trial	n/a	n/a	115	0	0	115	1	1	1	381.550441	383.566909	0.0	0.0	0.0	0.0	380.366441	383.566909	386.16812699999997	387.006626	intervals/trials	40	380.366441	387.006626
380.363956	0.000000	152146	ttl	11	n/a	n/a	n/a	n/a	n/a	n/a	n/a	n/a	n/a	n/a	n/a	n/a	n/a	n/a	n/a	n/a	n/a	n/a	n/a	n/a	380.366441	n/a
381.547956	0.000000	152619	stimulus_presentation	n/a	15	n/a	n/a	n/a	n/a	n/a	n/a	n/a	n/a	n/a	n/a	n/a	n/a	n/a	n/a	n/a	n/a	n/a	n/a	n/a	381.550441	n/a
381.547956	0.000000	152619	ttl	1	n/a	n/a	n/a	n/a	n/a	n/a	n/a	n/a	n/a	n/a	n/a	n/a	n/a	n/a	n/a	n/a	n/a	n/a	n/a	n/a	381.550441	n/a
381.557955	0.000000	152623	stimulus_presentation	n/a	0	n/a	n/a	n/a	n/a	n/a	n/a	n/a	n/a	n/a	n/a	n/a	n/a	n/a	n/a	n/a	n/a	n/a	n/a	n/a	381.560441	n/a
381.567955	0.000000	152627	stimulus_presentation	n/a	0	n/a	n/a	n/a	n/a	n/a	n/a	n/a	n/a	n/a	n/a	n/a	n/a	n/a	n/a	n/a	n/a	n/a	n/a	n/a	381.570441	n/a
383.564424	0.000000	153426	ttl	6	n/a	n/a	n/a	n/a	n/a	n/a	n/a	n/a	n/a	n/a	n/a	n/a	n/a	n/a	n/a	n/a	n/a	n/a	n/a	n/a	383.566909	n/a
386.165641	0.000000	154466	stimulus_presentation	n/a	15	n/a	n/a	n/a	n/a	n/a	n/a	n/a	n/a	n/a	n/a	n/a	n/a	n/a	n/a	n/a	n/a	n/a	n/a	n/a	386.168127	n/a
386.165641	0.000000	154466	ttl	7	n/a	n/a	n/a	n/a	n/a	n/a	n/a	n/a	n/a	n/a	n/a	n/a	n/a	n/a	n/a	n/a	n/a	n/a	n/a	n/a	386.168127	n/a
387.004141	0.000000	154802	ttl	8	n/a	n/a	n/a	n/a	n/a	n/a	n/a	n/a	n/a	n/a	n/a	n/a	n/a	n/a	n/a	n/a	n/a	n/a	n/a	n/a	387.006626	n/a
387.029359	6.897310	154812	sternberg_trial	n/a	n/a	514	0	0	514	1	1	1	388.182501	390.199594	0.0	0.0	0.0	0.0	387.031845	390.199594	392.833593	393.929155	intervals/trials	41	387.031845	393.929155
387.029359	0.000000	154812	ttl	11	n/a	n/a	n/a	n/a	n/a	n/a	n/a	n/a	n/a	n/a	n/a	n/a	n/a	n/a	n/a	n/a	n/a	n/a	n/a	n/a	387.031845	n/a
388.180016	0.000000	155272	stimulus_presentation	n/a	239	n/a	n/a	n/a	n/a	n/a	n/a	n/a	n/a	n/a	n/a	n/a	n/a	n/a	n/a	n/a	n/a	n/a	n/a	n/a	388.182501	n/a
388.180016	0.000000	155272	ttl	1	n/a	n/a	n/a	n/a	n/a	n/a	n/a	n/a	n/a	n/a	n/a	n/a	n/a	n/a	n/a	n/a	n/a	n/a	n/a	n/a	388.182501	n/a
388.190016	0.000000	155276	stimulus_presentation	n/a	0	n/a	n/a	n/a	n/a	n/a	n/a	n/a	n/a	n/a	n/a	n/a	n/a	n/a	n/a	n/a	n/a	n/a	n/a	n/a	388.192501	n/a
388.200016	0.000000	155280	stimulus_presentation	n/a	0	n/a	n/a	n/a	n/a	n/a	n/a	n/a	n/a	n/a	n/a	n/a	n/a	n/a	n/a	n/a	n/a	n/a	n/a	n/a	388.202501	n/a
390.197109	0.000000	156079	ttl	6	n/a	n/a	n/a	n/a	n/a	n/a	n/a	n/a	n/a	n/a	n/a	n/a	n/a	n/a	n/a	n/a	n/a	n/a	n/a	n/a	390.199594	n/a
392.831108	0.000000	157132	stimulus_presentation	n/a	239	n/a	n/a	n/a	n/a	n/a	n/a	n/a	n/a	n/a	n/a	n/a	n/a	n/a	n/a	n/a	n/a	n/a	n/a	n/a	392.833593	n/a
392.831108	0.000000	157132	ttl	7	n/a	n/a	n/a	n/a	n/a	n/a	n/a	n/a	n/a	n/a	n/a	n/a	n/a	n/a	n/a	n/a	n/a	n/a	n/a	n/a	392.833593	n/a
393.926670	0.000000	157571	ttl	8	n/a	n/a	n/a	n/a	n/a	n/a	n/a	n/a	n/a	n/a	n/a	n/a	n/a	n/a	n/a	n/a	n/a	n/a	n/a	n/a	393.929155	n/a
393.961357	11.028215	157585	sternberg_trial	n/a	n/a	515	220	316	110	3	0	1	395.03156099999995	397.047716	397.231247	399.247621	399.397152	401.41283899999996	393.963842	401.41283899999996	404.064619	404.992057	intervals/trials	42	393.963842	404.992057
393.961357	0.000000	157585	ttl	11	n/a	n/a	n/a	n/a	n/a	n/a	n/a	n/a	n/a	n/a	n/a	n/a	n/a	n/a	n/a	n/a	n/a	n/a	n/a	n/a	393.963842	n/a
395.029075	0.000000	158012	stimulus_presentation	n/a	240	n/a	n/a	n/a	n/a	n/a	n/a	n/a	n/a	n/a	n/a	n/a	n/a	n/a	n/a	n/a	n/a	n/a	n/a	n/a	395.031561	n/a
395.029075	0.000000	158012	ttl	1	n/a	n/a	n/a	n/a	n/a	n/a	n/a	n/a	n/a	n/a	n/a	n/a	n/a	n/a	n/a	n/a	n/a	n/a	n/a	n/a	395.031561	n/a
397.045231	0.000000	158818	ttl	5	n/a	n/a	n/a	n/a	n/a	n/a	n/a	n/a	n/a	n/a	n/a	n/a	n/a	n/a	n/a	n/a	n/a	n/a	n/a	n/a	397.047716	n/a
397.228762	0.000000	158892	stimulus_presentation	n/a	77	n/a	n/a	n/a	n/a	n/a	n/a	n/a	n/a	n/a	n/a	n/a	n/a	n/a	n/a	n/a	n/a	n/a	n/a	n/a	397.231247	n/a
397.228762	0.000000	158892	ttl	2	n/a	n/a	n/a	n/a	n/a	n/a	n/a	n/a	n/a	n/a	n/a	n/a	n/a	n/a	n/a	n/a	n/a	n/a	n/a	n/a	397.231247	n/a
399.245136	0.000000	159698	ttl	5	n/a	n/a	n/a	n/a	n/a	n/a	n/a	n/a	n/a	n/a	n/a	n/a	n/a	n/a	n/a	n/a	n/a	n/a	n/a	n/a	399.247621	n/a
399.394667	0.000000	159758	stimulus_presentation	n/a	130	n/a	n/a	n/a	n/a	n/a	n/a	n/a	n/a	n/a	n/a	n/a	n/a	n/a	n/a	n/a	n/a	n/a	n/a	n/a	399.397152	n/a
399.394667	0.000000	159758	ttl	3	n/a	n/a	n/a	n/a	n/a	n/a	n/a	n/a	n/a	n/a	n/a	n/a	n/a	n/a	n/a	n/a	n/a	n/a	n/a	n/a	399.397152	n/a
401.410353	0.000000	160564	ttl	6	n/a	n/a	n/a	n/a	n/a	n/a	n/a	n/a	n/a	n/a	n/a	n/a	n/a	n/a	n/a	n/a	n/a	n/a	n/a	n/a	401.412839	n/a
404.062134	0.000000	161625	stimulus_presentation	n/a	10	n/a	n/a	n/a	n/a	n/a	n/a	n/a	n/a	n/a	n/a	n/a	n/a	n/a	n/a	n/a	n/a	n/a	n/a	n/a	404.064619	n/a
404.062134	0.000000	161625	ttl	7	n/a	n/a	n/a	n/a	n/a	n/a	n/a	n/a	n/a	n/a	n/a	n/a	n/a	n/a	n/a	n/a	n/a	n/a	n/a	n/a	404.064619	n/a
404.989572	0.000000	161996	ttl	8	n/a	n/a	n/a	n/a	n/a	n/a	n/a	n/a	n/a	n/a	n/a	n/a	n/a	n/a	n/a	n/a	n/a	n/a	n/a	n/a	404.992057	n/a
405.009228	10.867495	162004	sternberg_trial	n/a	n/a	317	516	221	412	3	0	1	406.012212	408.02943	408.162336	410.178648	410.24524199999996	412.26146	405.011713	412.26146	414.94586499999997	415.879208	intervals/trials	43	405.011713	415.879208
405.009228	0.000000	162004	ttl	11	n/a	n/a	n/a	n/a	n/a	n/a	n/a	n/a	n/a	n/a	n/a	n/a	n/a	n/a	n/a	n/a	n/a	n/a	n/a	n/a	405.011713	n/a
406.009726	0.000000	162404	stimulus_presentation	n/a	131	n/a	n/a	n/a	n/a	n/a	n/a	n/a	n/a	n/a	n/a	n/a	n/a	n/a	n/a	n/a	n/a	n/a	n/a	n/a	406.012212	n/a
406.009726	0.000000	162404	ttl	1	n/a	n/a	n/a	n/a	n/a	n/a	n/a	n/a	n/a	n/a	n/a	n/a	n/a	n/a	n/a	n/a	n/a	n/a	n/a	n/a	406.012212	n/a
408.026945	0.000000	163211	ttl	5	n/a	n/a	n/a	n/a	n/a	n/a	n/a	n/a	n/a	n/a	n/a	n/a	n/a	n/a	n/a	n/a	n/a	n/a	n/a	n/a	408.029430	n/a
408.159851	0.000000	163264	stimulus_presentation	n/a	241	n/a	n/a	n/a	n/a	n/a	n/a	n/a	n/a	n/a	n/a	n/a	n/a	n/a	n/a	n/a	n/a	n/a	n/a	n/a	408.162336	n/a
408.159851	0.000000	163264	ttl	2	n/a	n/a	n/a	n/a	n/a	n/a	n/a	n/a	n/a	n/a	n/a	n/a	n/a	n/a	n/a	n/a	n/a	n/a	n/a	n/a	408.162336	n/a
410.176163	0.000000	164070	ttl	5	n/a	n/a	n/a	n/a	n/a	n/a	n/a	n/a	n/a	n/a	n/a	n/a	n/a	n/a	n/a	n/a	n/a	n/a	n/a	n/a	410.178648	n/a
410.242756	0.000000	164097	stimulus_presentation	n/a	78	n/a	n/a	n/a	n/a	n/a	n/a	n/a	n/a	n/a	n/a	n/a	n/a	n/a	n/a	n/a	n/a	n/a	n/a	n/a	410.245242	n/a
410.242756	0.000000	164097	ttl	3	n/a	n/a	n/a	n/a	n/a	n/a	n/a	n/a	n/a	n/a	n/a	n/a	n/a	n/a	n/a	n/a	n/a	n/a	n/a	n/a	410.245242	n/a
412.258975	0.000000	164904	ttl	6	n/a	n/a	n/a	n/a	n/a	n/a	n/a	n/a	n/a	n/a	n/a	n/a	n/a	n/a	n/a	n/a	n/a	n/a	n/a	n/a	412.261460	n/a
414.943379	0.000000	165977	stimulus_presentation	n/a	182	n/a	n/a	n/a	n/a	n/a	n/a	n/a	n/a	n/a	n/a	n/a	n/a	n/a	n/a	n/a	n/a	n/a	n/a	n/a	414.945865	n/a
414.943379	0.000000	165977	ttl	7	n/a	n/a	n/a	n/a	n/a	n/a	n/a	n/a	n/a	n/a	n/a	n/a	n/a	n/a	n/a	n/a	n/a	n/a	n/a	n/a	414.945865	n/a
415.876723	0.000000	166351	ttl	8	n/a	n/a	n/a	n/a	n/a	n/a	n/a	n/a	n/a	n/a	n/a	n/a	n/a	n/a	n/a	n/a	n/a	n/a	n/a	n/a	415.879208	n/a
415.907098	10.920746	166363	sternberg_trial	n/a	n/a	424	517	222	111	3	0	1	416.994552	419.01008199999995	419.076988	421.09311299999996	421.276612	423.292893	415.909583	423.292893	426.110642	426.830329	intervals/trials	44	415.909583	426.830329
415.907098	0.000000	166363	ttl	11	n/a	n/a	n/a	n/a	n/a	n/a	n/a	n/a	n/a	n/a	n/a	n/a	n/a	n/a	n/a	n/a	n/a	n/a	n/a	n/a	415.909583	n/a
416.992067	0.000000	166797	stimulus_presentation	n/a	194	n/a	n/a	n/a	n/a	n/a	n/a	n/a	n/a	n/a	n/a	n/a	n/a	n/a	n/a	n/a	n/a	n/a	n/a	n/a	416.994552	n/a
416.992067	0.000000	166797	ttl	1	n/a	n/a	n/a	n/a	n/a	n/a	n/a	n/a	n/a	n/a	n/a	n/a	n/a	n/a	n/a	n/a	n/a	n/a	n/a	n/a	416.994552	n/a
419.007596	0.000000	167603	ttl	5	n/a	n/a	n/a	n/a	n/a	n/a	n/a	n/a	n/a	n/a	n/a	n/a	n/a	n/a	n/a	n/a	n/a	n/a	n/a	n/a	419.010082	n/a
419.074502	0.000000	167630	stimulus_presentation	n/a	242	n/a	n/a	n/a	n/a	n/a	n/a	n/a	n/a	n/a	n/a	n/a	n/a	n/a	n/a	n/a	n/a	n/a	n/a	n/a	419.076988	n/a
419.074502	0.000000	167630	ttl	2	n/a	n/a	n/a	n/a	n/a	n/a	n/a	n/a	n/a	n/a	n/a	n/a	n/a	n/a	n/a	n/a	n/a	n/a	n/a	n/a	419.076988	n/a
421.090627	0.000000	168436	ttl	5	n/a	n/a	n/a	n/a	n/a	n/a	n/a	n/a	n/a	n/a	n/a	n/a	n/a	n/a	n/a	n/a	n/a	n/a	n/a	n/a	421.093113	n/a
421.274127	0.000000	168510	stimulus_presentation	n/a	79	n/a	n/a	n/a	n/a	n/a	n/a	n/a	n/a	n/a	n/a	n/a	n/a	n/a	n/a	n/a	n/a	n/a	n/a	n/a	421.276612	n/a
421.274127	0.000000	168510	ttl	3	n/a	n/a	n/a	n/a	n/a	n/a	n/a	n/a	n/a	n/a	n/a	n/a	n/a	n/a	n/a	n/a	n/a	n/a	n/a	n/a	421.276612	n/a
423.290408	0.000000	169316	ttl	6	n/a	n/a	n/a	n/a	n/a	n/a	n/a	n/a	n/a	n/a	n/a	n/a	n/a	n/a	n/a	n/a	n/a	n/a	n/a	n/a	423.292893	n/a
426.108157	0.000000	170443	stimulus_presentation	n/a	11	n/a	n/a	n/a	n/a	n/a	n/a	n/a	n/a	n/a	n/a	n/a	n/a	n/a	n/a	n/a	n/a	n/a	n/a	n/a	426.110642	n/a
426.108157	0.000000	170443	ttl	7	n/a	n/a	n/a	n/a	n/a	n/a	n/a	n/a	n/a	n/a	n/a	n/a	n/a	n/a	n/a	n/a	n/a	n/a	n/a	n/a	426.110642	n/a
426.827844	0.000000	170731	ttl	8	n/a	n/a	n/a	n/a	n/a	n/a	n/a	n/a	n/a	n/a	n/a	n/a	n/a	n/a	n/a	n/a	n/a	n/a	n/a	n/a	426.830329	n/a
426.855124	11.115777	170742	sternberg_trial	n/a	n/a	223	425	518	104	3	0	1	427.87517199999996	429.891422	430.09142099999997	432.107202	432.30776399999996	434.32395099999997	426.85760999999997	434.32395099999997	437.05841899999996	437.973387	intervals/trials	45	426.857610	437.973387
426.855124	0.000000	170742	ttl	11	n/a	n/a	n/a	n/a	n/a	n/a	n/a	n/a	n/a	n/a	n/a	n/a	n/a	n/a	n/a	n/a	n/a	n/a	n/a	n/a	426.857610	n/a
427.872686	0.000000	171149	stimulus_presentation	n/a	80	n/a	n/a	n/a	n/a	n/a	n/a	n/a	n/a	n/a	n/a	n/a	n/a	n/a	n/a	n/a	n/a	n/a	n/a	n/a	427.875172	n/a
427.872686	0.000000	171149	ttl	1	n/a	n/a	n/a	n/a	n/a	n/a	n/a	n/a	n/a	n/a	n/a	n/a	n/a	n/a	n/a	n/a	n/a	n/a	n/a	n/a	427.875172	n/a
429.888936	0.000000	171956	ttl	5	n/a	n/a	n/a	n/a	n/a	n/a	n/a	n/a	n/a	n/a	n/a	n/a	n/a	n/a	n/a	n/a	n/a	n/a	n/a	n/a	429.891422	n/a
430.088935	0.000000	172036	stimulus_presentation	n/a	195	n/a	n/a	n/a	n/a	n/a	n/a	n/a	n/a	n/a	n/a	n/a	n/a	n/a	n/a	n/a	n/a	n/a	n/a	n/a	430.091421	n/a
430.088935	0.000000	172036	ttl	2	n/a	n/a	n/a	n/a	n/a	n/a	n/a	n/a	n/a	n/a	n/a	n/a	n/a	n/a	n/a	n/a	n/a	n/a	n/a	n/a	430.091421	n/a
432.104716	0.000000	172842	ttl	5	n/a	n/a	n/a	n/a	n/a	n/a	n/a	n/a	n/a	n/a	n/a	n/a	n/a	n/a	n/a	n/a	n/a	n/a	n/a	n/a	432.107202	n/a
432.305278	0.000000	172922	stimulus_presentation	n/a	243	n/a	n/a	n/a	n/a	n/a	n/a	n/a	n/a	n/a	n/a	n/a	n/a	n/a	n/a	n/a	n/a	n/a	n/a	n/a	432.307764	n/a
432.305278	0.000000	172922	ttl	3	n/a	n/a	n/a	n/a	n/a	n/a	n/a	n/a	n/a	n/a	n/a	n/a	n/a	n/a	n/a	n/a	n/a	n/a	n/a	n/a	432.307764	n/a
434.321465	0.000000	173729	ttl	6	n/a	n/a	n/a	n/a	n/a	n/a	n/a	n/a	n/a	n/a	n/a	n/a	n/a	n/a	n/a	n/a	n/a	n/a	n/a	n/a	434.323951	n/a
437.055933	0.000000	174822	stimulus_presentation	n/a	4	n/a	n/a	n/a	n/a	n/a	n/a	n/a	n/a	n/a	n/a	n/a	n/a	n/a	n/a	n/a	n/a	n/a	n/a	n/a	437.058419	n/a
437.055933	0.000000	174822	ttl	7	n/a	n/a	n/a	n/a	n/a	n/a	n/a	n/a	n/a	n/a	n/a	n/a	n/a	n/a	n/a	n/a	n/a	n/a	n/a	n/a	437.058419	n/a
437.970902	0.000000	175188	ttl	8	n/a	n/a	n/a	n/a	n/a	n/a	n/a	n/a	n/a	n/a	n/a	n/a	n/a	n/a	n/a	n/a	n/a	n/a	n/a	n/a	437.973387	n/a
438.002995	6.682528	175201	sternberg_trial	n/a	n/a	116	0	0	116	1	1	1	439.022793	441.03891699999997	0.0	0.0	0.0	0.0	438.005481	441.03891699999997	443.673791	444.68800899999997	intervals/trials	46	438.005481	444.688009
438.002995	0.000000	175201	ttl	11	n/a	n/a	n/a	n/a	n/a	n/a	n/a	n/a	n/a	n/a	n/a	n/a	n/a	n/a	n/a	n/a	n/a	n/a	n/a	n/a	438.005481	n/a
439.020308	0.000000	175608	stimulus_presentation	n/a	16	n/a	n/a	n/a	n/a	n/a	n/a	n/a	n/a	n/a	n/a	n/a	n/a	n/a	n/a	n/a	n/a	n/a	n/a	n/a	439.022793	n/a
439.020308	0.000000	175608	ttl	1	n/a	n/a	n/a	n/a	n/a	n/a	n/a	n/a	n/a	n/a	n/a	n/a	n/a	n/a	n/a	n/a	n/a	n/a	n/a	n/a	439.022793	n/a
439.030307	0.000000	175612	stimulus_presentation	n/a	0	n/a	n/a	n/a	n/a	n/a	n/a	n/a	n/a	n/a	n/a	n/a	n/a	n/a	n/a	n/a	n/a	n/a	n/a	n/a	439.032793	n/a
439.040307	0.000000	175616	stimulus_presentation	n/a	0	n/a	n/a	n/a	n/a	n/a	n/a	n/a	n/a	n/a	n/a	n/a	n/a	n/a	n/a	n/a	n/a	n/a	n/a	n/a	439.042793	n/a
441.036431	0.000000	176415	ttl	6	n/a	n/a	n/a	n/a	n/a	n/a	n/a	n/a	n/a	n/a	n/a	n/a	n/a	n/a	n/a	n/a	n/a	n/a	n/a	n/a	441.038917	n/a
443.671306	0.000000	177469	stimulus_presentation	n/a	16	n/a	n/a	n/a	n/a	n/a	n/a	n/a	n/a	n/a	n/a	n/a	n/a	n/a	n/a	n/a	n/a	n/a	n/a	n/a	443.673791	n/a
443.671306	0.000000	177469	ttl	7	n/a	n/a	n/a	n/a	n/a	n/a	n/a	n/a	n/a	n/a	n/a	n/a	n/a	n/a	n/a	n/a	n/a	n/a	n/a	n/a	443.673791	n/a
444.685523	0.000000	177874	ttl	8	n/a	n/a	n/a	n/a	n/a	n/a	n/a	n/a	n/a	n/a	n/a	n/a	n/a	n/a	n/a	n/a	n/a	n/a	n/a	n/a	444.688009	n/a
444.718398	6.777716	177887	sternberg_trial	n/a	n/a	318	0	0	504	1	0	1	445.72154	447.738477	0.0	0.0	0.0	0.0	444.72088399999996	447.738477	450.454476	451.49859999999995	intervals/trials	47	444.720884	451.498600
444.718398	0.000000	177887	ttl	11	n/a	n/a	n/a	n/a	n/a	n/a	n/a	n/a	n/a	n/a	n/a	n/a	n/a	n/a	n/a	n/a	n/a	n/a	n/a	n/a	444.720884	n/a
445.719055	0.000000	178288	stimulus_presentation	n/a	132	n/a	n/a	n/a	n/a	n/a	n/a	n/a	n/a	n/a	n/a	n/a	n/a	n/a	n/a	n/a	n/a	n/a	n/a	n/a	445.721540	n/a
445.719055	0.000000	178288	ttl	1	n/a	n/a	n/a	n/a	n/a	n/a	n/a	n/a	n/a	n/a	n/a	n/a	n/a	n/a	n/a	n/a	n/a	n/a	n/a	n/a	445.721540	n/a
445.729055	0.000000	178292	stimulus_presentation	n/a	0	n/a	n/a	n/a	n/a	n/a	n/a	n/a	n/a	n/a	n/a	n/a	n/a	n/a	n/a	n/a	n/a	n/a	n/a	n/a	445.731540	n/a
445.739055	0.000000	178296	stimulus_presentation	n/a	0	n/a	n/a	n/a	n/a	n/a	n/a	n/a	n/a	n/a	n/a	n/a	n/a	n/a	n/a	n/a	n/a	n/a	n/a	n/a	445.741540	n/a
447.735992	0.000000	179094	ttl	6	n/a	n/a	n/a	n/a	n/a	n/a	n/a	n/a	n/a	n/a	n/a	n/a	n/a	n/a	n/a	n/a	n/a	n/a	n/a	n/a	447.738477	n/a
450.451991	0.000000	180181	stimulus_presentation	n/a	229	n/a	n/a	n/a	n/a	n/a	n/a	n/a	n/a	n/a	n/a	n/a	n/a	n/a	n/a	n/a	n/a	n/a	n/a	n/a	450.454476	n/a
450.451991	0.000000	180181	ttl	7	n/a	n/a	n/a	n/a	n/a	n/a	n/a	n/a	n/a	n/a	n/a	n/a	n/a	n/a	n/a	n/a	n/a	n/a	n/a	n/a	450.454476	n/a
451.496114	0.000000	180598	ttl	8	n/a	n/a	n/a	n/a	n/a	n/a	n/a	n/a	n/a	n/a	n/a	n/a	n/a	n/a	n/a	n/a	n/a	n/a	n/a	n/a	451.498600	n/a
451.516928	6.549903	180607	sternberg_trial	n/a	n/a	224	0	0	224	1	1	1	452.653662	454.67013	0.0	0.0	0.0	0.0	451.519413	454.67013	457.237911	458.06931599999996	intervals/trials	48	451.519413	458.069316
451.516928	0.000000	180607	ttl	11	n/a	n/a	n/a	n/a	n/a	n/a	n/a	n/a	n/a	n/a	n/a	n/a	n/a	n/a	n/a	n/a	n/a	n/a	n/a	n/a	451.519413	n/a
452.651177	0.000000	181060	stimulus_presentation	n/a	81	n/a	n/a	n/a	n/a	n/a	n/a	n/a	n/a	n/a	n/a	n/a	n/a	n/a	n/a	n/a	n/a	n/a	n/a	n/a	452.653662	n/a
452.651177	0.000000	181060	ttl	1	n/a	n/a	n/a	n/a	n/a	n/a	n/a	n/a	n/a	n/a	n/a	n/a	n/a	n/a	n/a	n/a	n/a	n/a	n/a	n/a	452.653662	n/a
452.661177	0.000000	181064	stimulus_presentation	n/a	0	n/a	n/a	n/a	n/a	n/a	n/a	n/a	n/a	n/a	n/a	n/a	n/a	n/a	n/a	n/a	n/a	n/a	n/a	n/a	452.663662	n/a
452.671177	0.000000	181068	stimulus_presentation	n/a	0	n/a	n/a	n/a	n/a	n/a	n/a	n/a	n/a	n/a	n/a	n/a	n/a	n/a	n/a	n/a	n/a	n/a	n/a	n/a	452.673662	n/a
454.667644	0.000000	181867	ttl	6	n/a	n/a	n/a	n/a	n/a	n/a	n/a	n/a	n/a	n/a	n/a	n/a	n/a	n/a	n/a	n/a	n/a	n/a	n/a	n/a	454.670130	n/a
457.235426	0.000000	182894	stimulus_presentation	n/a	81	n/a	n/a	n/a	n/a	n/a	n/a	n/a	n/a	n/a	n/a	n/a	n/a	n/a	n/a	n/a	n/a	n/a	n/a	n/a	457.237911	n/a
457.235426	0.000000	182894	ttl	7	n/a	n/a	n/a	n/a	n/a	n/a	n/a	n/a	n/a	n/a	n/a	n/a	n/a	n/a	n/a	n/a	n/a	n/a	n/a	n/a	457.237911	n/a
458.066830	0.000000	183227	ttl	8	n/a	n/a	n/a	n/a	n/a	n/a	n/a	n/a	n/a	n/a	n/a	n/a	n/a	n/a	n/a	n/a	n/a	n/a	n/a	n/a	458.069316	n/a
458.099300	6.921997	183240	sternberg_trial	n/a	n/a	225	0	0	225	1	1	1	459.21878499999997	461.23519	0.0	0.0	0.0	0.0	458.101785	461.23519	463.95309499999996	465.023782	intervals/trials	49	458.101785	465.023782
458.099300	0.000000	183240	ttl	11	n/a	n/a	n/a	n/a	n/a	n/a	n/a	n/a	n/a	n/a	n/a	n/a	n/a	n/a	n/a	n/a	n/a	n/a	n/a	n/a	458.101785	n/a
459.216299	0.000000	183687	stimulus_presentation	n/a	82	n/a	n/a	n/a	n/a	n/a	n/a	n/a	n/a	n/a	n/a	n/a	n/a	n/a	n/a	n/a	n/a	n/a	n/a	n/a	459.218785	n/a
459.216299	0.000000	183687	ttl	1	n/a	n/a	n/a	n/a	n/a	n/a	n/a	n/a	n/a	n/a	n/a	n/a	n/a	n/a	n/a	n/a	n/a	n/a	n/a	n/a	459.218785	n/a
459.226299	0.000000	183691	stimulus_presentation	n/a	0	n/a	n/a	n/a	n/a	n/a	n/a	n/a	n/a	n/a	n/a	n/a	n/a	n/a	n/a	n/a	n/a	n/a	n/a	n/a	459.228785	n/a
459.236299	0.000000	183695	stimulus_presentation	n/a	0	n/a	n/a	n/a	n/a	n/a	n/a	n/a	n/a	n/a	n/a	n/a	n/a	n/a	n/a	n/a	n/a	n/a	n/a	n/a	459.238785	n/a
461.232705	0.000000	184493	ttl	6	n/a	n/a	n/a	n/a	n/a	n/a	n/a	n/a	n/a	n/a	n/a	n/a	n/a	n/a	n/a	n/a	n/a	n/a	n/a	n/a	461.235190	n/a
463.950609	0.000000	185580	stimulus_presentation	n/a	82	n/a	n/a	n/a	n/a	n/a	n/a	n/a	n/a	n/a	n/a	n/a	n/a	n/a	n/a	n/a	n/a	n/a	n/a	n/a	463.953095	n/a
463.950609	0.000000	185580	ttl	7	n/a	n/a	n/a	n/a	n/a	n/a	n/a	n/a	n/a	n/a	n/a	n/a	n/a	n/a	n/a	n/a	n/a	n/a	n/a	n/a	463.953095	n/a
465.021297	0.000000	186009	ttl	8	n/a	n/a	n/a	n/a	n/a	n/a	n/a	n/a	n/a	n/a	n/a	n/a	n/a	n/a	n/a	n/a	n/a	n/a	n/a	n/a	465.023782	n/a
465.047766	10.988746	186019	sternberg_trial	n/a	n/a	319	519	426	222	3	0	1	466.184688	468.200875	468.28412499999996	470.300655	470.333468	472.34984199999997	465.050251	472.34984199999997	475.10137199999997	476.038997	intervals/trials	50	465.050251	476.038997
465.047766	0.000000	186019	ttl	11	n/a	n/a	n/a	n/a	n/a	n/a	n/a	n/a	n/a	n/a	n/a	n/a	n/a	n/a	n/a	n/a	n/a	n/a	n/a	n/a	465.050251	n/a
466.182203	0.000000	186473	stimulus_presentation	n/a	133	n/a	n/a	n/a	n/a	n/a	n/a	n/a	n/a	n/a	n/a	n/a	n/a	n/a	n/a	n/a	n/a	n/a	n/a	n/a	466.184688	n/a
466.182203	0.000000	186473	ttl	1	n/a	n/a	n/a	n/a	n/a	n/a	n/a	n/a	n/a	n/a	n/a	n/a	n/a	n/a	n/a	n/a	n/a	n/a	n/a	n/a	466.184688	n/a
468.198390	0.000000	187279	ttl	5	n/a	n/a	n/a	n/a	n/a	n/a	n/a	n/a	n/a	n/a	n/a	n/a	n/a	n/a	n/a	n/a	n/a	n/a	n/a	n/a	468.200875	n/a
468.281639	0.000000	187313	stimulus_presentation	n/a	244	n/a	n/a	n/a	n/a	n/a	n/a	n/a	n/a	n/a	n/a	n/a	n/a	n/a	n/a	n/a	n/a	n/a	n/a	n/a	468.284125	n/a
468.281639	0.000000	187313	ttl	2	n/a	n/a	n/a	n/a	n/a	n/a	n/a	n/a	n/a	n/a	n/a	n/a	n/a	n/a	n/a	n/a	n/a	n/a	n/a	n/a	468.284125	n/a
470.298170	0.000000	188119	ttl	5	n/a	n/a	n/a	n/a	n/a	n/a	n/a	n/a	n/a	n/a	n/a	n/a	n/a	n/a	n/a	n/a	n/a	n/a	n/a	n/a	470.300655	n/a
470.330983	0.000000	188132	stimulus_presentation	n/a	196	n/a	n/a	n/a	n/a	n/a	n/a	n/a	n/a	n/a	n/a	n/a	n/a	n/a	n/a	n/a	n/a	n/a	n/a	n/a	470.333468	n/a
470.330983	0.000000	188132	ttl	3	n/a	n/a	n/a	n/a	n/a	n/a	n/a	n/a	n/a	n/a	n/a	n/a	n/a	n/a	n/a	n/a	n/a	n/a	n/a	n/a	470.333468	n/a
472.347356	0.000000	188939	ttl	6	n/a	n/a	n/a	n/a	n/a	n/a	n/a	n/a	n/a	n/a	n/a	n/a	n/a	n/a	n/a	n/a	n/a	n/a	n/a	n/a	472.349842	n/a
475.098886	0.000000	190040	stimulus_presentation	n/a	79	n/a	n/a	n/a	n/a	n/a	n/a	n/a	n/a	n/a	n/a	n/a	n/a	n/a	n/a	n/a	n/a	n/a	n/a	n/a	475.101372	n/a
475.098886	0.000000	190040	ttl	7	n/a	n/a	n/a	n/a	n/a	n/a	n/a	n/a	n/a	n/a	n/a	n/a	n/a	n/a	n/a	n/a	n/a	n/a	n/a	n/a	475.101372	n/a
476.036512	0.000000	190415	ttl	8	n/a	n/a	n/a	n/a	n/a	n/a	n/a	n/a	n/a	n/a	n/a	n/a	n/a	n/a	n/a	n/a	n/a	n/a	n/a	n/a	476.038997	n/a
476.062449	7.791841	190425	sternberg_trial	n/a	n/a	520	0	0	420	1	0	1	477.065121	479.08165199999996	0.0	0.0	0.0	0.0	476.064934	479.08165199999996	481.68336899999997	483.85677499999997	intervals/trials	51	476.064934	483.856775
476.062449	0.000000	190425	ttl	11	n/a	n/a	n/a	n/a	n/a	n/a	n/a	n/a	n/a	n/a	n/a	n/a	n/a	n/a	n/a	n/a	n/a	n/a	n/a	n/a	476.064934	n/a
477.062635	0.000000	190825	stimulus_presentation	n/a	245	n/a	n/a	n/a	n/a	n/a	n/a	n/a	n/a	n/a	n/a	n/a	n/a	n/a	n/a	n/a	n/a	n/a	n/a	n/a	477.065121	n/a
477.062635	0.000000	190825	ttl	1	n/a	n/a	n/a	n/a	n/a	n/a	n/a	n/a	n/a	n/a	n/a	n/a	n/a	n/a	n/a	n/a	n/a	n/a	n/a	n/a	477.065121	n/a
477.072635	0.000000	190829	stimulus_presentation	n/a	0	n/a	n/a	n/a	n/a	n/a	n/a	n/a	n/a	n/a	n/a	n/a	n/a	n/a	n/a	n/a	n/a	n/a	n/a	n/a	477.075121	n/a
477.082635	0.000000	190833	stimulus_presentation	n/a	0	n/a	n/a	n/a	n/a	n/a	n/a	n/a	n/a	n/a	n/a	n/a	n/a	n/a	n/a	n/a	n/a	n/a	n/a	n/a	477.085121	n/a
479.079166	0.000000	191632	ttl	6	n/a	n/a	n/a	n/a	n/a	n/a	n/a	n/a	n/a	n/a	n/a	n/a	n/a	n/a	n/a	n/a	n/a	n/a	n/a	n/a	479.081652	n/a
481.680883	0.000000	192672	stimulus_presentation	n/a	190	n/a	n/a	n/a	n/a	n/a	n/a	n/a	n/a	n/a	n/a	n/a	n/a	n/a	n/a	n/a	n/a	n/a	n/a	n/a	481.683369	n/a
481.680883	0.000000	192672	ttl	7	n/a	n/a	n/a	n/a	n/a	n/a	n/a	n/a	n/a	n/a	n/a	n/a	n/a	n/a	n/a	n/a	n/a	n/a	n/a	n/a	481.683369	n/a
483.854289	0.000000	193542	ttl	8	n/a	n/a	n/a	n/a	n/a	n/a	n/a	n/a	n/a	n/a	n/a	n/a	n/a	n/a	n/a	n/a	n/a	n/a	n/a	n/a	483.856775	n/a
483.877508	6.979309	193551	sternberg_trial	n/a	n/a	521	0	0	521	1	1	1	484.964524	486.980399	0.0	0.0	0.0	0.0	483.87999399999995	486.980399	489.765022	490.85930299999995	intervals/trials	52	483.879994	490.859303
483.877508	0.000000	193551	ttl	11	n/a	n/a	n/a	n/a	n/a	n/a	n/a	n/a	n/a	n/a	n/a	n/a	n/a	n/a	n/a	n/a	n/a	n/a	n/a	n/a	483.879994	n/a
484.962039	0.000000	193985	stimulus_presentation	n/a	246	n/a	n/a	n/a	n/a	n/a	n/a	n/a	n/a	n/a	n/a	n/a	n/a	n/a	n/a	n/a	n/a	n/a	n/a	n/a	484.964524	n/a
484.962039	0.000000	193985	ttl	1	n/a	n/a	n/a	n/a	n/a	n/a	n/a	n/a	n/a	n/a	n/a	n/a	n/a	n/a	n/a	n/a	n/a	n/a	n/a	n/a	484.964524	n/a
484.972038	0.000000	193989	stimulus_presentation	n/a	0	n/a	n/a	n/a	n/a	n/a	n/a	n/a	n/a	n/a	n/a	n/a	n/a	n/a	n/a	n/a	n/a	n/a	n/a	n/a	484.974524	n/a
484.982038	0.000000	193993	stimulus_presentation	n/a	0	n/a	n/a	n/a	n/a	n/a	n/a	n/a	n/a	n/a	n/a	n/a	n/a	n/a	n/a	n/a	n/a	n/a	n/a	n/a	484.984524	n/a
486.977913	0.000000	194791	ttl	6	n/a	n/a	n/a	n/a	n/a	n/a	n/a	n/a	n/a	n/a	n/a	n/a	n/a	n/a	n/a	n/a	n/a	n/a	n/a	n/a	486.980399	n/a
489.762537	0.000000	195905	stimulus_presentation	n/a	246	n/a	n/a	n/a	n/a	n/a	n/a	n/a	n/a	n/a	n/a	n/a	n/a	n/a	n/a	n/a	n/a	n/a	n/a	n/a	489.765022	n/a
489.762537	0.000000	195905	ttl	7	n/a	n/a	n/a	n/a	n/a	n/a	n/a	n/a	n/a	n/a	n/a	n/a	n/a	n/a	n/a	n/a	n/a	n/a	n/a	n/a	489.765022	n/a
490.856817	0.000000	196343	ttl	8	n/a	n/a	n/a	n/a	n/a	n/a	n/a	n/a	n/a	n/a	n/a	n/a	n/a	n/a	n/a	n/a	n/a	n/a	n/a	n/a	490.859303	n/a
490.876130	11.155714	196350	sternberg_trial	n/a	n/a	320	522	117	409	3	0	1	492.07948999999996	494.09777099999997	494.162333	496.178426	496.32870699999995	498.344582	490.87861599999997	498.344582	501.02948699999996	502.03432999999995	intervals/trials	53	490.878616	502.034330
490.876130	0.000000	196350	ttl	11	n/a	n/a	n/a	n/a	n/a	n/a	n/a	n/a	n/a	n/a	n/a	n/a	n/a	n/a	n/a	n/a	n/a	n/a	n/a	n/a	490.878616	n/a
492.077004	0.000000	196831	stimulus_presentation	n/a	134	n/a	n/a	n/a	n/a	n/a	n/a	n/a	n/a	n/a	n/a	n/a	n/a	n/a	n/a	n/a	n/a	n/a	n/a	n/a	492.079490	n/a
492.077004	0.000000	196831	ttl	1	n/a	n/a	n/a	n/a	n/a	n/a	n/a	n/a	n/a	n/a	n/a	n/a	n/a	n/a	n/a	n/a	n/a	n/a	n/a	n/a	492.079490	n/a
494.095285	0.000000	197638	ttl	5	n/a	n/a	n/a	n/a	n/a	n/a	n/a	n/a	n/a	n/a	n/a	n/a	n/a	n/a	n/a	n/a	n/a	n/a	n/a	n/a	494.097771	n/a
494.159848	0.000000	197664	stimulus_presentation	n/a	247	n/a	n/a	n/a	n/a	n/a	n/a	n/a	n/a	n/a	n/a	n/a	n/a	n/a	n/a	n/a	n/a	n/a	n/a	n/a	494.162333	n/a
494.159848	0.000000	197664	ttl	2	n/a	n/a	n/a	n/a	n/a	n/a	n/a	n/a	n/a	n/a	n/a	n/a	n/a	n/a	n/a	n/a	n/a	n/a	n/a	n/a	494.162333	n/a
496.175941	0.000000	198470	ttl	5	n/a	n/a	n/a	n/a	n/a	n/a	n/a	n/a	n/a	n/a	n/a	n/a	n/a	n/a	n/a	n/a	n/a	n/a	n/a	n/a	496.178426	n/a
496.326221	0.000000	198530	stimulus_presentation	n/a	17	n/a	n/a	n/a	n/a	n/a	n/a	n/a	n/a	n/a	n/a	n/a	n/a	n/a	n/a	n/a	n/a	n/a	n/a	n/a	496.328707	n/a
496.326221	0.000000	198530	ttl	3	n/a	n/a	n/a	n/a	n/a	n/a	n/a	n/a	n/a	n/a	n/a	n/a	n/a	n/a	n/a	n/a	n/a	n/a	n/a	n/a	496.328707	n/a
498.342097	0.000000	199337	ttl	6	n/a	n/a	n/a	n/a	n/a	n/a	n/a	n/a	n/a	n/a	n/a	n/a	n/a	n/a	n/a	n/a	n/a	n/a	n/a	n/a	498.344582	n/a
501.027001	0.000000	200411	stimulus_presentation	n/a	179	n/a	n/a	n/a	n/a	n/a	n/a	n/a	n/a	n/a	n/a	n/a	n/a	n/a	n/a	n/a	n/a	n/a	n/a	n/a	501.029487	n/a
501.027001	0.000000	200411	ttl	7	n/a	n/a	n/a	n/a	n/a	n/a	n/a	n/a	n/a	n/a	n/a	n/a	n/a	n/a	n/a	n/a	n/a	n/a	n/a	n/a	501.029487	n/a
502.031844	0.000000	200813	ttl	8	n/a	n/a	n/a	n/a	n/a	n/a	n/a	n/a	n/a	n/a	n/a	n/a	n/a	n/a	n/a	n/a	n/a	n/a	n/a	n/a	502.034330	n/a
502.057314	6.897216	200823	sternberg_trial	n/a	n/a	523	0	0	102	1	0	1	503.07814199999996	505.093641	0.0	0.0	0.0	0.0	502.059799	505.093641	507.761515	508.95701499999996	intervals/trials	54	502.059799	508.957015
502.057314	0.000000	200823	ttl	11	n/a	n/a	n/a	n/a	n/a	n/a	n/a	n/a	n/a	n/a	n/a	n/a	n/a	n/a	n/a	n/a	n/a	n/a	n/a	n/a	502.059799	n/a
503.075656	0.000000	201230	stimulus_presentation	n/a	248	n/a	n/a	n/a	n/a	n/a	n/a	n/a	n/a	n/a	n/a	n/a	n/a	n/a	n/a	n/a	n/a	n/a	n/a	n/a	503.078142	n/a
503.075656	0.000000	201230	ttl	1	n/a	n/a	n/a	n/a	n/a	n/a	n/a	n/a	n/a	n/a	n/a	n/a	n/a	n/a	n/a	n/a	n/a	n/a	n/a	n/a	503.078142	n/a
503.085656	0.000000	201234	stimulus_presentation	n/a	0	n/a	n/a	n/a	n/a	n/a	n/a	n/a	n/a	n/a	n/a	n/a	n/a	n/a	n/a	n/a	n/a	n/a	n/a	n/a	503.088142	n/a
503.095656	0.000000	201238	stimulus_presentation	n/a	0	n/a	n/a	n/a	n/a	n/a	n/a	n/a	n/a	n/a	n/a	n/a	n/a	n/a	n/a	n/a	n/a	n/a	n/a	n/a	503.098142	n/a
505.091156	0.000000	202036	ttl	6	n/a	n/a	n/a	n/a	n/a	n/a	n/a	n/a	n/a	n/a	n/a	n/a	n/a	n/a	n/a	n/a	n/a	n/a	n/a	n/a	505.093641	n/a
507.759029	0.000000	203104	stimulus_presentation	n/a	2	n/a	n/a	n/a	n/a	n/a	n/a	n/a	n/a	n/a	n/a	n/a	n/a	n/a	n/a	n/a	n/a	n/a	n/a	n/a	507.761515	n/a
507.759029	0.000000	203104	ttl	7	n/a	n/a	n/a	n/a	n/a	n/a	n/a	n/a	n/a	n/a	n/a	n/a	n/a	n/a	n/a	n/a	n/a	n/a	n/a	n/a	507.761515	n/a
508.954529	0.000000	203582	ttl	8	n/a	n/a	n/a	n/a	n/a	n/a	n/a	n/a	n/a	n/a	n/a	n/a	n/a	n/a	n/a	n/a	n/a	n/a	n/a	n/a	508.957015	n/a
509.007185	6.821872	203603	sternberg_trial	n/a	n/a	321	0	0	321	1	1	1	510.142546	512.1593879999999	0.0	0.0	0.0	0.0	509.00967099999997	512.1593879999999	514.8602619999999	515.831543	intervals/trials	55	509.009671	515.831543
509.007185	0.000000	203603	ttl	11	n/a	n/a	n/a	n/a	n/a	n/a	n/a	n/a	n/a	n/a	n/a	n/a	n/a	n/a	n/a	n/a	n/a	n/a	n/a	n/a	509.009671	n/a
510.140061	0.000000	204056	stimulus_presentation	n/a	135	n/a	n/a	n/a	n/a	n/a	n/a	n/a	n/a	n/a	n/a	n/a	n/a	n/a	n/a	n/a	n/a	n/a	n/a	n/a	510.142546	n/a
510.140061	0.000000	204056	ttl	1	n/a	n/a	n/a	n/a	n/a	n/a	n/a	n/a	n/a	n/a	n/a	n/a	n/a	n/a	n/a	n/a	n/a	n/a	n/a	n/a	510.142546	n/a
510.150060	0.000000	204060	stimulus_presentation	n/a	0	n/a	n/a	n/a	n/a	n/a	n/a	n/a	n/a	n/a	n/a	n/a	n/a	n/a	n/a	n/a	n/a	n/a	n/a	n/a	510.152546	n/a
510.160060	0.000000	204064	stimulus_presentation	n/a	0	n/a	n/a	n/a	n/a	n/a	n/a	n/a	n/a	n/a	n/a	n/a	n/a	n/a	n/a	n/a	n/a	n/a	n/a	n/a	510.162546	n/a
512.156902	0.000000	204863	ttl	6	n/a	n/a	n/a	n/a	n/a	n/a	n/a	n/a	n/a	n/a	n/a	n/a	n/a	n/a	n/a	n/a	n/a	n/a	n/a	n/a	512.159388	n/a
514.857776	0.000000	205943	stimulus_presentation	n/a	135	n/a	n/a	n/a	n/a	n/a	n/a	n/a	n/a	n/a	n/a	n/a	n/a	n/a	n/a	n/a	n/a	n/a	n/a	n/a	514.860262	n/a
514.857776	0.000000	205943	ttl	7	n/a	n/a	n/a	n/a	n/a	n/a	n/a	n/a	n/a	n/a	n/a	n/a	n/a	n/a	n/a	n/a	n/a	n/a	n/a	n/a	514.860262	n/a
515.829057	0.000000	206332	ttl	8	n/a	n/a	n/a	n/a	n/a	n/a	n/a	n/a	n/a	n/a	n/a	n/a	n/a	n/a	n/a	n/a	n/a	n/a	n/a	n/a	515.831543	n/a
515.854682	6.705029	206342	sternberg_trial	n/a	n/a	524	0	0	524	1	1	1	517.024762	519.040948	0.0	0.0	0.0	0.0	515.857168	519.040948	521.625103	522.562197	intervals/trials	56	515.857168	522.562197
515.854682	0.000000	206342	ttl	11	n/a	n/a	n/a	n/a	n/a	n/a	n/a	n/a	n/a	n/a	n/a	n/a	n/a	n/a	n/a	n/a	n/a	n/a	n/a	n/a	515.857168	n/a
517.022276	0.000000	206809	stimulus_presentation	n/a	249	n/a	n/a	n/a	n/a	n/a	n/a	n/a	n/a	n/a	n/a	n/a	n/a	n/a	n/a	n/a	n/a	n/a	n/a	n/a	517.024762	n/a
517.022276	0.000000	206809	ttl	1	n/a	n/a	n/a	n/a	n/a	n/a	n/a	n/a	n/a	n/a	n/a	n/a	n/a	n/a	n/a	n/a	n/a	n/a	n/a	n/a	517.024762	n/a
517.032276	0.000000	206813	stimulus_presentation	n/a	0	n/a	n/a	n/a	n/a	n/a	n/a	n/a	n/a	n/a	n/a	n/a	n/a	n/a	n/a	n/a	n/a	n/a	n/a	n/a	517.034762	n/a
517.042276	0.000000	206817	stimulus_presentation	n/a	0	n/a	n/a	n/a	n/a	n/a	n/a	n/a	n/a	n/a	n/a	n/a	n/a	n/a	n/a	n/a	n/a	n/a	n/a	n/a	517.044762	n/a
519.038462	0.000000	207615	ttl	6	n/a	n/a	n/a	n/a	n/a	n/a	n/a	n/a	n/a	n/a	n/a	n/a	n/a	n/a	n/a	n/a	n/a	n/a	n/a	n/a	519.040948	n/a
521.622617	0.000000	208649	stimulus_presentation	n/a	249	n/a	n/a	n/a	n/a	n/a	n/a	n/a	n/a	n/a	n/a	n/a	n/a	n/a	n/a	n/a	n/a	n/a	n/a	n/a	521.625103	n/a
521.622617	0.000000	208649	ttl	7	n/a	n/a	n/a	n/a	n/a	n/a	n/a	n/a	n/a	n/a	n/a	n/a	n/a	n/a	n/a	n/a	n/a	n/a	n/a	n/a	521.625103	n/a
522.559711	0.000000	209024	ttl	8	n/a	n/a	n/a	n/a	n/a	n/a	n/a	n/a	n/a	n/a	n/a	n/a	n/a	n/a	n/a	n/a	n/a	n/a	n/a	n/a	522.562197	n/a
522.586836	10.924120	209035	sternberg_trial	n/a	n/a	322	118	525	218	3	0	1	523.723353	525.739602	525.8229769999999	527.839288	528.022601	530.038725	522.5893219999999	530.038725	532.690193	533.5134419999999	intervals/trials	57	522.589322	533.513442
522.586836	0.000000	209035	ttl	11	n/a	n/a	n/a	n/a	n/a	n/a	n/a	n/a	n/a	n/a	n/a	n/a	n/a	n/a	n/a	n/a	n/a	n/a	n/a	n/a	522.589322	n/a
523.720867	0.000000	209488	stimulus_presentation	n/a	136	n/a	n/a	n/a	n/a	n/a	n/a	n/a	n/a	n/a	n/a	n/a	n/a	n/a	n/a	n/a	n/a	n/a	n/a	n/a	523.723353	n/a
523.720867	0.000000	209488	ttl	1	n/a	n/a	n/a	n/a	n/a	n/a	n/a	n/a	n/a	n/a	n/a	n/a	n/a	n/a	n/a	n/a	n/a	n/a	n/a	n/a	523.723353	n/a
525.737116	0.000000	210295	ttl	5	n/a	n/a	n/a	n/a	n/a	n/a	n/a	n/a	n/a	n/a	n/a	n/a	n/a	n/a	n/a	n/a	n/a	n/a	n/a	n/a	525.739602	n/a
525.820491	0.000000	210328	stimulus_presentation	n/a	18	n/a	n/a	n/a	n/a	n/a	n/a	n/a	n/a	n/a	n/a	n/a	n/a	n/a	n/a	n/a	n/a	n/a	n/a	n/a	525.822977	n/a
525.820491	0.000000	210328	ttl	2	n/a	n/a	n/a	n/a	n/a	n/a	n/a	n/a	n/a	n/a	n/a	n/a	n/a	n/a	n/a	n/a	n/a	n/a	n/a	n/a	525.822977	n/a
527.836802	0.000000	211135	ttl	5	n/a	n/a	n/a	n/a	n/a	n/a	n/a	n/a	n/a	n/a	n/a	n/a	n/a	n/a	n/a	n/a	n/a	n/a	n/a	n/a	527.839288	n/a
528.020115	0.000000	211208	stimulus_presentation	n/a	250	n/a	n/a	n/a	n/a	n/a	n/a	n/a	n/a	n/a	n/a	n/a	n/a	n/a	n/a	n/a	n/a	n/a	n/a	n/a	528.022601	n/a
528.020115	0.000000	211208	ttl	3	n/a	n/a	n/a	n/a	n/a	n/a	n/a	n/a	n/a	n/a	n/a	n/a	n/a	n/a	n/a	n/a	n/a	n/a	n/a	n/a	528.022601	n/a
530.036239	0.000000	212014	ttl	6	n/a	n/a	n/a	n/a	n/a	n/a	n/a	n/a	n/a	n/a	n/a	n/a	n/a	n/a	n/a	n/a	n/a	n/a	n/a	n/a	530.038725	n/a
532.687707	0.000000	213075	stimulus_presentation	n/a	75	n/a	n/a	n/a	n/a	n/a	n/a	n/a	n/a	n/a	n/a	n/a	n/a	n/a	n/a	n/a	n/a	n/a	n/a	n/a	532.690193	n/a
532.687707	0.000000	213075	ttl	7	n/a	n/a	n/a	n/a	n/a	n/a	n/a	n/a	n/a	n/a	n/a	n/a	n/a	n/a	n/a	n/a	n/a	n/a	n/a	n/a	532.690193	n/a
533.510956	0.000000	213404	ttl	8	n/a	n/a	n/a	n/a	n/a	n/a	n/a	n/a	n/a	n/a	n/a	n/a	n/a	n/a	n/a	n/a	n/a	n/a	n/a	n/a	533.513442	n/a
533.534738	7.170309	213414	sternberg_trial	n/a	n/a	427	0	0	313	1	0	1	534.637942	536.654097	0.0	0.0	0.0	0.0	533.5372239999999	536.654097	539.2720029999999	540.707533	intervals/trials	58	533.537224	540.707533
533.534738	0.000000	213414	ttl	11	n/a	n/a	n/a	n/a	n/a	n/a	n/a	n/a	n/a	n/a	n/a	n/a	n/a	n/a	n/a	n/a	n/a	n/a	n/a	n/a	533.537224	n/a
534.635456	0.000000	213854	stimulus_presentation	n/a	197	n/a	n/a	n/a	n/a	n/a	n/a	n/a	n/a	n/a	n/a	n/a	n/a	n/a	n/a	n/a	n/a	n/a	n/a	n/a	534.637942	n/a
534.635456	0.000000	213854	ttl	1	n/a	n/a	n/a	n/a	n/a	n/a	n/a	n/a	n/a	n/a	n/a	n/a	n/a	n/a	n/a	n/a	n/a	n/a	n/a	n/a	534.637942	n/a
534.645456	0.000000	213858	stimulus_presentation	n/a	0	n/a	n/a	n/a	n/a	n/a	n/a	n/a	n/a	n/a	n/a	n/a	n/a	n/a	n/a	n/a	n/a	n/a	n/a	n/a	534.647942	n/a
534.655456	0.000000	213862	stimulus_presentation	n/a	0	n/a	n/a	n/a	n/a	n/a	n/a	n/a	n/a	n/a	n/a	n/a	n/a	n/a	n/a	n/a	n/a	n/a	n/a	n/a	534.657942	n/a
536.651611	0.000000	214661	ttl	6	n/a	n/a	n/a	n/a	n/a	n/a	n/a	n/a	n/a	n/a	n/a	n/a	n/a	n/a	n/a	n/a	n/a	n/a	n/a	n/a	536.654097	n/a
539.269517	0.000000	215708	stimulus_presentation	n/a	127	n/a	n/a	n/a	n/a	n/a	n/a	n/a	n/a	n/a	n/a	n/a	n/a	n/a	n/a	n/a	n/a	n/a	n/a	n/a	539.272003	n/a
539.269517	0.000000	215708	ttl	7	n/a	n/a	n/a	n/a	n/a	n/a	n/a	n/a	n/a	n/a	n/a	n/a	n/a	n/a	n/a	n/a	n/a	n/a	n/a	n/a	539.272003	n/a
540.705047	0.000000	216282	ttl	8	n/a	n/a	n/a	n/a	n/a	n/a	n/a	n/a	n/a	n/a	n/a	n/a	n/a	n/a	n/a	n/a	n/a	n/a	n/a	n/a	540.707533	n/a
540.733297	10.970840	216293	sternberg_trial	n/a	n/a	428	323	119	323	3	1	1	541.837408	543.852813	543.9195629999999	545.935687	546.135375	548.1519989999999	540.735783	548.1519989999999	550.83656	551.7066229999999	intervals/trials	59	540.735783	551.706623
540.733297	0.000000	216293	ttl	11	n/a	n/a	n/a	n/a	n/a	n/a	n/a	n/a	n/a	n/a	n/a	n/a	n/a	n/a	n/a	n/a	n/a	n/a	n/a	n/a	540.735783	n/a
541.834922	0.000000	216734	stimulus_presentation	n/a	198	n/a	n/a	n/a	n/a	n/a	n/a	n/a	n/a	n/a	n/a	n/a	n/a	n/a	n/a	n/a	n/a	n/a	n/a	n/a	541.837408	n/a
541.834922	0.000000	216734	ttl	1	n/a	n/a	n/a	n/a	n/a	n/a	n/a	n/a	n/a	n/a	n/a	n/a	n/a	n/a	n/a	n/a	n/a	n/a	n/a	n/a	541.837408	n/a
543.850327	0.000000	217540	ttl	5	n/a	n/a	n/a	n/a	n/a	n/a	n/a	n/a	n/a	n/a	n/a	n/a	n/a	n/a	n/a	n/a	n/a	n/a	n/a	n/a	543.852813	n/a
543.917077	0.000000	217567	stimulus_presentation	n/a	137	n/a	n/a	n/a	n/a	n/a	n/a	n/a	n/a	n/a	n/a	n/a	n/a	n/a	n/a	n/a	n/a	n/a	n/a	n/a	543.919563	n/a
543.917077	0.000000	217567	ttl	2	n/a	n/a	n/a	n/a	n/a	n/a	n/a	n/a	n/a	n/a	n/a	n/a	n/a	n/a	n/a	n/a	n/a	n/a	n/a	n/a	543.919563	n/a
545.933201	0.000000	218373	ttl	5	n/a	n/a	n/a	n/a	n/a	n/a	n/a	n/a	n/a	n/a	n/a	n/a	n/a	n/a	n/a	n/a	n/a	n/a	n/a	n/a	545.935687	n/a
546.132889	0.000000	218453	stimulus_presentation	n/a	19	n/a	n/a	n/a	n/a	n/a	n/a	n/a	n/a	n/a	n/a	n/a	n/a	n/a	n/a	n/a	n/a	n/a	n/a	n/a	546.135375	n/a
546.132889	0.000000	218453	ttl	3	n/a	n/a	n/a	n/a	n/a	n/a	n/a	n/a	n/a	n/a	n/a	n/a	n/a	n/a	n/a	n/a	n/a	n/a	n/a	n/a	546.135375	n/a
548.149513	0.000000	219260	ttl	6	n/a	n/a	n/a	n/a	n/a	n/a	n/a	n/a	n/a	n/a	n/a	n/a	n/a	n/a	n/a	n/a	n/a	n/a	n/a	n/a	548.151999	n/a
550.834074	0.000000	220334	stimulus_presentation	n/a	137	n/a	n/a	n/a	n/a	n/a	n/a	n/a	n/a	n/a	n/a	n/a	n/a	n/a	n/a	n/a	n/a	n/a	n/a	n/a	550.836560	n/a
550.834074	0.000000	220334	ttl	7	n/a	n/a	n/a	n/a	n/a	n/a	n/a	n/a	n/a	n/a	n/a	n/a	n/a	n/a	n/a	n/a	n/a	n/a	n/a	n/a	550.836560	n/a
551.704137	0.000000	220682	ttl	8	n/a	n/a	n/a	n/a	n/a	n/a	n/a	n/a	n/a	n/a	n/a	n/a	n/a	n/a	n/a	n/a	n/a	n/a	n/a	n/a	551.706623	n/a
551.731105	7.726747	220692	sternberg_trial	n/a	n/a	526	0	0	317	1	0	1	552.7009029999999	554.717403	0.0	0.0	0.0	0.0	551.7335909999999	554.717403	557.451808	559.460338	intervals/trials	60	551.733591	559.460338
551.731105	0.000000	220692	ttl	11	n/a	n/a	n/a	n/a	n/a	n/a	n/a	n/a	n/a	n/a	n/a	n/a	n/a	n/a	n/a	n/a	n/a	n/a	n/a	n/a	551.733591	n/a
552.698417	0.000000	221079	stimulus_presentation	n/a	251	n/a	n/a	n/a	n/a	n/a	n/a	n/a	n/a	n/a	n/a	n/a	n/a	n/a	n/a	n/a	n/a	n/a	n/a	n/a	552.700903	n/a
552.698417	0.000000	221079	ttl	1	n/a	n/a	n/a	n/a	n/a	n/a	n/a	n/a	n/a	n/a	n/a	n/a	n/a	n/a	n/a	n/a	n/a	n/a	n/a	n/a	552.700903	n/a
552.708417	0.000000	221083	stimulus_presentation	n/a	0	n/a	n/a	n/a	n/a	n/a	n/a	n/a	n/a	n/a	n/a	n/a	n/a	n/a	n/a	n/a	n/a	n/a	n/a	n/a	552.710903	n/a
552.718417	0.000000	221087	stimulus_presentation	n/a	0	n/a	n/a	n/a	n/a	n/a	n/a	n/a	n/a	n/a	n/a	n/a	n/a	n/a	n/a	n/a	n/a	n/a	n/a	n/a	552.720903	n/a
554.714917	0.000000	221886	ttl	6	n/a	n/a	n/a	n/a	n/a	n/a	n/a	n/a	n/a	n/a	n/a	n/a	n/a	n/a	n/a	n/a	n/a	n/a	n/a	n/a	554.717403	n/a
557.449322	0.000000	222980	stimulus_presentation	n/a	131	n/a	n/a	n/a	n/a	n/a	n/a	n/a	n/a	n/a	n/a	n/a	n/a	n/a	n/a	n/a	n/a	n/a	n/a	n/a	557.451808	n/a
557.449322	0.000000	222980	ttl	7	n/a	n/a	n/a	n/a	n/a	n/a	n/a	n/a	n/a	n/a	n/a	n/a	n/a	n/a	n/a	n/a	n/a	n/a	n/a	n/a	557.451808	n/a
559.457852	0.000000	223783	ttl	8	n/a	n/a	n/a	n/a	n/a	n/a	n/a	n/a	n/a	n/a	n/a	n/a	n/a	n/a	n/a	n/a	n/a	n/a	n/a	n/a	559.460338	n/a
559.479790	11.121214	223792	sternberg_trial	n/a	n/a	429	527	120	221	3	0	1	560.583588	562.5991809999999	562.7492119999999	564.765586	564.915492	566.931554	559.482276	566.931554	569.699615	570.60349	intervals/trials	61	559.482276	570.603490
559.479790	0.000000	223792	ttl	11	n/a	n/a	n/a	n/a	n/a	n/a	n/a	n/a	n/a	n/a	n/a	n/a	n/a	n/a	n/a	n/a	n/a	n/a	n/a	n/a	559.482276	n/a
560.581102	0.000000	224232	stimulus_presentation	n/a	199	n/a	n/a	n/a	n/a	n/a	n/a	n/a	n/a	n/a	n/a	n/a	n/a	n/a	n/a	n/a	n/a	n/a	n/a	n/a	560.583588	n/a
560.581102	0.000000	224232	ttl	1	n/a	n/a	n/a	n/a	n/a	n/a	n/a	n/a	n/a	n/a	n/a	n/a	n/a	n/a	n/a	n/a	n/a	n/a	n/a	n/a	560.583588	n/a
562.596695	0.000000	225039	ttl	5	n/a	n/a	n/a	n/a	n/a	n/a	n/a	n/a	n/a	n/a	n/a	n/a	n/a	n/a	n/a	n/a	n/a	n/a	n/a	n/a	562.599181	n/a
562.746726	0.000000	225099	stimulus_presentation	n/a	252	n/a	n/a	n/a	n/a	n/a	n/a	n/a	n/a	n/a	n/a	n/a	n/a	n/a	n/a	n/a	n/a	n/a	n/a	n/a	562.749212	n/a
562.746726	0.000000	225099	ttl	2	n/a	n/a	n/a	n/a	n/a	n/a	n/a	n/a	n/a	n/a	n/a	n/a	n/a	n/a	n/a	n/a	n/a	n/a	n/a	n/a	562.749212	n/a
564.763100	0.000000	225905	ttl	5	n/a	n/a	n/a	n/a	n/a	n/a	n/a	n/a	n/a	n/a	n/a	n/a	n/a	n/a	n/a	n/a	n/a	n/a	n/a	n/a	564.765586	n/a
564.913006	0.000000	225965	stimulus_presentation	n/a	20	n/a	n/a	n/a	n/a	n/a	n/a	n/a	n/a	n/a	n/a	n/a	n/a	n/a	n/a	n/a	n/a	n/a	n/a	n/a	564.915492	n/a
564.913006	0.000000	225965	ttl	3	n/a	n/a	n/a	n/a	n/a	n/a	n/a	n/a	n/a	n/a	n/a	n/a	n/a	n/a	n/a	n/a	n/a	n/a	n/a	n/a	564.915492	n/a
566.929068	0.000000	226772	ttl	6	n/a	n/a	n/a	n/a	n/a	n/a	n/a	n/a	n/a	n/a	n/a	n/a	n/a	n/a	n/a	n/a	n/a	n/a	n/a	n/a	566.931554	n/a
569.697129	0.000000	227879	stimulus_presentation	n/a	78	n/a	n/a	n/a	n/a	n/a	n/a	n/a	n/a	n/a	n/a	n/a	n/a	n/a	n/a	n/a	n/a	n/a	n/a	n/a	569.699615	n/a
569.697129	0.000000	227879	ttl	7	n/a	n/a	n/a	n/a	n/a	n/a	n/a	n/a	n/a	n/a	n/a	n/a	n/a	n/a	n/a	n/a	n/a	n/a	n/a	n/a	569.699615	n/a
570.601004	0.000000	228240	ttl	8	n/a	n/a	n/a	n/a	n/a	n/a	n/a	n/a	n/a	n/a	n/a	n/a	n/a	n/a	n/a	n/a	n/a	n/a	n/a	n/a	570.603490	n/a
570.627504	10.956777	228251	sternberg_trial	n/a	n/a	226	324	121	324	3	1	1	571.680208	573.69727	573.747207	575.763457	575.896832	577.9129869999999	570.62999	577.9129869999999	580.597611	581.586767	intervals/trials	62	570.629990	581.586767
570.627504	0.000000	228251	ttl	11	n/a	n/a	n/a	n/a	n/a	n/a	n/a	n/a	n/a	n/a	n/a	n/a	n/a	n/a	n/a	n/a	n/a	n/a	n/a	n/a	570.629990	n/a
571.677722	0.000000	228671	stimulus_presentation	n/a	83	n/a	n/a	n/a	n/a	n/a	n/a	n/a	n/a	n/a	n/a	n/a	n/a	n/a	n/a	n/a	n/a	n/a	n/a	n/a	571.680208	n/a
571.677722	0.000000	228671	ttl	1	n/a	n/a	n/a	n/a	n/a	n/a	n/a	n/a	n/a	n/a	n/a	n/a	n/a	n/a	n/a	n/a	n/a	n/a	n/a	n/a	571.680208	n/a
573.694784	0.000000	229478	ttl	5	n/a	n/a	n/a	n/a	n/a	n/a	n/a	n/a	n/a	n/a	n/a	n/a	n/a	n/a	n/a	n/a	n/a	n/a	n/a	n/a	573.697270	n/a
573.744721	0.000000	229498	stimulus_presentation	n/a	138	n/a	n/a	n/a	n/a	n/a	n/a	n/a	n/a	n/a	n/a	n/a	n/a	n/a	n/a	n/a	n/a	n/a	n/a	n/a	573.747207	n/a
573.744721	0.000000	229498	ttl	2	n/a	n/a	n/a	n/a	n/a	n/a	n/a	n/a	n/a	n/a	n/a	n/a	n/a	n/a	n/a	n/a	n/a	n/a	n/a	n/a	573.747207	n/a
575.760971	0.000000	230304	ttl	5	n/a	n/a	n/a	n/a	n/a	n/a	n/a	n/a	n/a	n/a	n/a	n/a	n/a	n/a	n/a	n/a	n/a	n/a	n/a	n/a	575.763457	n/a
575.894346	0.000000	230358	stimulus_presentation	n/a	21	n/a	n/a	n/a	n/a	n/a	n/a	n/a	n/a	n/a	n/a	n/a	n/a	n/a	n/a	n/a	n/a	n/a	n/a	n/a	575.896832	n/a
575.894346	0.000000	230358	ttl	3	n/a	n/a	n/a	n/a	n/a	n/a	n/a	n/a	n/a	n/a	n/a	n/a	n/a	n/a	n/a	n/a	n/a	n/a	n/a	n/a	575.896832	n/a
577.910501	0.000000	231164	ttl	6	n/a	n/a	n/a	n/a	n/a	n/a	n/a	n/a	n/a	n/a	n/a	n/a	n/a	n/a	n/a	n/a	n/a	n/a	n/a	n/a	577.912987	n/a
580.595125	0.000000	232238	stimulus_presentation	n/a	138	n/a	n/a	n/a	n/a	n/a	n/a	n/a	n/a	n/a	n/a	n/a	n/a	n/a	n/a	n/a	n/a	n/a	n/a	n/a	580.597611	n/a
580.595125	0.000000	232238	ttl	7	n/a	n/a	n/a	n/a	n/a	n/a	n/a	n/a	n/a	n/a	n/a	n/a	n/a	n/a	n/a	n/a	n/a	n/a	n/a	n/a	580.597611	n/a
581.584281	0.000000	232634	ttl	8	n/a	n/a	n/a	n/a	n/a	n/a	n/a	n/a	n/a	n/a	n/a	n/a	n/a	n/a	n/a	n/a	n/a	n/a	n/a	n/a	581.586767	n/a
581.608875	11.214339	232644	sternberg_trial	n/a	n/a	528	227	122	122	3	1	1	582.678579	584.694703	584.844891	586.8612959999999	586.9613899999999	588.977576	581.611361	588.977576	591.795544	592.8257	intervals/trials	63	581.611361	592.825700
581.608875	0.000000	232644	ttl	11	n/a	n/a	n/a	n/a	n/a	n/a	n/a	n/a	n/a	n/a	n/a	n/a	n/a	n/a	n/a	n/a	n/a	n/a	n/a	n/a	581.611361	n/a
582.676093	0.000000	233070	stimulus_presentation	n/a	253	n/a	n/a	n/a	n/a	n/a	n/a	n/a	n/a	n/a	n/a	n/a	n/a	n/a	n/a	n/a	n/a	n/a	n/a	n/a	582.678579	n/a
582.676093	0.000000	233070	ttl	1	n/a	n/a	n/a	n/a	n/a	n/a	n/a	n/a	n/a	n/a	n/a	n/a	n/a	n/a	n/a	n/a	n/a	n/a	n/a	n/a	582.678579	n/a
584.692217	0.000000	233877	ttl	5	n/a	n/a	n/a	n/a	n/a	n/a	n/a	n/a	n/a	n/a	n/a	n/a	n/a	n/a	n/a	n/a	n/a	n/a	n/a	n/a	584.694703	n/a
584.842405	0.000000	233937	stimulus_presentation	n/a	84	n/a	n/a	n/a	n/a	n/a	n/a	n/a	n/a	n/a	n/a	n/a	n/a	n/a	n/a	n/a	n/a	n/a	n/a	n/a	584.844891	n/a
584.842405	0.000000	233937	ttl	2	n/a	n/a	n/a	n/a	n/a	n/a	n/a	n/a	n/a	n/a	n/a	n/a	n/a	n/a	n/a	n/a	n/a	n/a	n/a	n/a	584.844891	n/a
586.858810	0.000000	234744	ttl	5	n/a	n/a	n/a	n/a	n/a	n/a	n/a	n/a	n/a	n/a	n/a	n/a	n/a	n/a	n/a	n/a	n/a	n/a	n/a	n/a	586.861296	n/a
586.958904	0.000000	234784	stimulus_presentation	n/a	22	n/a	n/a	n/a	n/a	n/a	n/a	n/a	n/a	n/a	n/a	n/a	n/a	n/a	n/a	n/a	n/a	n/a	n/a	n/a	586.961390	n/a
586.958904	0.000000	234784	ttl	3	n/a	n/a	n/a	n/a	n/a	n/a	n/a	n/a	n/a	n/a	n/a	n/a	n/a	n/a	n/a	n/a	n/a	n/a	n/a	n/a	586.961390	n/a
588.975090	0.000000	235590	ttl	6	n/a	n/a	n/a	n/a	n/a	n/a	n/a	n/a	n/a	n/a	n/a	n/a	n/a	n/a	n/a	n/a	n/a	n/a	n/a	n/a	588.977576	n/a
591.793058	0.000000	236717	stimulus_presentation	n/a	22	n/a	n/a	n/a	n/a	n/a	n/a	n/a	n/a	n/a	n/a	n/a	n/a	n/a	n/a	n/a	n/a	n/a	n/a	n/a	591.795544	n/a
591.793058	0.000000	236717	ttl	7	n/a	n/a	n/a	n/a	n/a	n/a	n/a	n/a	n/a	n/a	n/a	n/a	n/a	n/a	n/a	n/a	n/a	n/a	n/a	n/a	591.795544	n/a
592.823214	0.000000	237129	ttl	8	n/a	n/a	n/a	n/a	n/a	n/a	n/a	n/a	n/a	n/a	n/a	n/a	n/a	n/a	n/a	n/a	n/a	n/a	n/a	n/a	592.825700	n/a
592.856776	6.745029	237143	sternberg_trial	n/a	n/a	529	0	0	529	1	1	1	593.959793	595.9760739999999	0.0	0.0	0.0	0.0	592.859262	595.9760739999999	598.727479	599.604291	intervals/trials	64	592.859262	599.604291
592.856776	0.000000	237143	ttl	11	n/a	n/a	n/a	n/a	n/a	n/a	n/a	n/a	n/a	n/a	n/a	n/a	n/a	n/a	n/a	n/a	n/a	n/a	n/a	n/a	592.859262	n/a
593.957307	0.000000	237583	stimulus_presentation	n/a	254	n/a	n/a	n/a	n/a	n/a	n/a	n/a	n/a	n/a	n/a	n/a	n/a	n/a	n/a	n/a	n/a	n/a	n/a	n/a	593.959793	n/a
593.957307	0.000000	237583	ttl	1	n/a	n/a	n/a	n/a	n/a	n/a	n/a	n/a	n/a	n/a	n/a	n/a	n/a	n/a	n/a	n/a	n/a	n/a	n/a	n/a	593.959793	n/a
593.967307	0.000000	237587	stimulus_presentation	n/a	0	n/a	n/a	n/a	n/a	n/a	n/a	n/a	n/a	n/a	n/a	n/a	n/a	n/a	n/a	n/a	n/a	n/a	n/a	n/a	593.969793	n/a
593.977307	0.000000	237591	stimulus_presentation	n/a	0	n/a	n/a	n/a	n/a	n/a	n/a	n/a	n/a	n/a	n/a	n/a	n/a	n/a	n/a	n/a	n/a	n/a	n/a	n/a	593.979793	n/a
595.973588	0.000000	238389	ttl	6	n/a	n/a	n/a	n/a	n/a	n/a	n/a	n/a	n/a	n/a	n/a	n/a	n/a	n/a	n/a	n/a	n/a	n/a	n/a	n/a	595.976074	n/a
598.724993	0.000000	239490	stimulus_presentation	n/a	254	n/a	n/a	n/a	n/a	n/a	n/a	n/a	n/a	n/a	n/a	n/a	n/a	n/a	n/a	n/a	n/a	n/a	n/a	n/a	598.727479	n/a
598.724993	0.000000	239490	ttl	7	n/a	n/a	n/a	n/a	n/a	n/a	n/a	n/a	n/a	n/a	n/a	n/a	n/a	n/a	n/a	n/a	n/a	n/a	n/a	n/a	598.727479	n/a
599.601805	0.000000	239841	ttl	8	n/a	n/a	n/a	n/a	n/a	n/a	n/a	n/a	n/a	n/a	n/a	n/a	n/a	n/a	n/a	n/a	n/a	n/a	n/a	n/a	599.604291	n/a
599.621930	6.662278	239849	sternberg_trial	n/a	n/a	228	0	0	413	1	0	1	600.608697	602.625508	0.0	0.0	0.0	0.0	599.624416	602.625508	605.425632	606.286694	intervals/trials	65	599.624416	606.286694
599.621930	0.000000	239849	ttl	11	n/a	n/a	n/a	n/a	n/a	n/a	n/a	n/a	n/a	n/a	n/a	n/a	n/a	n/a	n/a	n/a	n/a	n/a	n/a	n/a	599.624416	n/a
600.606211	0.000000	240242	stimulus_presentation	n/a	85	n/a	n/a	n/a	n/a	n/a	n/a	n/a	n/a	n/a	n/a	n/a	n/a	n/a	n/a	n/a	n/a	n/a	n/a	n/a	600.608697	n/a
600.606211	0.000000	240242	ttl	1	n/a	n/a	n/a	n/a	n/a	n/a	n/a	n/a	n/a	n/a	n/a	n/a	n/a	n/a	n/a	n/a	n/a	n/a	n/a	n/a	600.608697	n/a
600.616211	0.000000	240246	stimulus_presentation	n/a	0	n/a	n/a	n/a	n/a	n/a	n/a	n/a	n/a	n/a	n/a	n/a	n/a	n/a	n/a	n/a	n/a	n/a	n/a	n/a	600.618697	n/a
600.626211	0.000000	240250	stimulus_presentation	n/a	0	n/a	n/a	n/a	n/a	n/a	n/a	n/a	n/a	n/a	n/a	n/a	n/a	n/a	n/a	n/a	n/a	n/a	n/a	n/a	600.628697	n/a
602.623022	0.000000	241049	ttl	6	n/a	n/a	n/a	n/a	n/a	n/a	n/a	n/a	n/a	n/a	n/a	n/a	n/a	n/a	n/a	n/a	n/a	n/a	n/a	n/a	602.625508	n/a
605.423146	0.000000	242169	stimulus_presentation	n/a	183	n/a	n/a	n/a	n/a	n/a	n/a	n/a	n/a	n/a	n/a	n/a	n/a	n/a	n/a	n/a	n/a	n/a	n/a	n/a	605.425632	n/a
605.423146	0.000000	242169	ttl	7	n/a	n/a	n/a	n/a	n/a	n/a	n/a	n/a	n/a	n/a	n/a	n/a	n/a	n/a	n/a	n/a	n/a	n/a	n/a	n/a	605.425632	n/a
606.284208	0.000000	242514	ttl	8	n/a	n/a	n/a	n/a	n/a	n/a	n/a	n/a	n/a	n/a	n/a	n/a	n/a	n/a	n/a	n/a	n/a	n/a	n/a	n/a	606.286694	n/a
606.304052	11.954495	242522	sternberg_trial	n/a	n/a	123	325	430	430	3	1	1	607.4075379999999	609.423287	609.573724	611.5904419999999	611.7228799999999	613.739348	606.3065379999999	613.739348	616.4906589999999	618.261033	intervals/trials	66	606.306538	618.261033
606.304052	0.000000	242522	ttl	11	n/a	n/a	n/a	n/a	n/a	n/a	n/a	n/a	n/a	n/a	n/a	n/a	n/a	n/a	n/a	n/a	n/a	n/a	n/a	n/a	606.306538	n/a
607.405052	0.000000	242962	stimulus_presentation	n/a	23	n/a	n/a	n/a	n/a	n/a	n/a	n/a	n/a	n/a	n/a	n/a	n/a	n/a	n/a	n/a	n/a	n/a	n/a	n/a	607.407538	n/a
607.405052	0.000000	242962	ttl	1	n/a	n/a	n/a	n/a	n/a	n/a	n/a	n/a	n/a	n/a	n/a	n/a	n/a	n/a	n/a	n/a	n/a	n/a	n/a	n/a	607.407538	n/a
609.420801	0.000000	243768	ttl	5	n/a	n/a	n/a	n/a	n/a	n/a	n/a	n/a	n/a	n/a	n/a	n/a	n/a	n/a	n/a	n/a	n/a	n/a	n/a	n/a	609.423287	n/a
609.571238	0.000000	243828	stimulus_presentation	n/a	139	n/a	n/a	n/a	n/a	n/a	n/a	n/a	n/a	n/a	n/a	n/a	n/a	n/a	n/a	n/a	n/a	n/a	n/a	n/a	609.573724	n/a
609.571238	0.000000	243828	ttl	2	n/a	n/a	n/a	n/a	n/a	n/a	n/a	n/a	n/a	n/a	n/a	n/a	n/a	n/a	n/a	n/a	n/a	n/a	n/a	n/a	609.573724	n/a
611.587956	0.000000	244635	ttl	5	n/a	n/a	n/a	n/a	n/a	n/a	n/a	n/a	n/a	n/a	n/a	n/a	n/a	n/a	n/a	n/a	n/a	n/a	n/a	n/a	611.590442	n/a
611.720394	0.000000	244688	stimulus_presentation	n/a	200	n/a	n/a	n/a	n/a	n/a	n/a	n/a	n/a	n/a	n/a	n/a	n/a	n/a	n/a	n/a	n/a	n/a	n/a	n/a	611.722880	n/a
611.720394	0.000000	244688	ttl	3	n/a	n/a	n/a	n/a	n/a	n/a	n/a	n/a	n/a	n/a	n/a	n/a	n/a	n/a	n/a	n/a	n/a	n/a	n/a	n/a	611.722880	n/a
613.736862	0.000000	245495	ttl	6	n/a	n/a	n/a	n/a	n/a	n/a	n/a	n/a	n/a	n/a	n/a	n/a	n/a	n/a	n/a	n/a	n/a	n/a	n/a	n/a	613.739348	n/a
616.488173	0.000000	246595	stimulus_presentation	n/a	200	n/a	n/a	n/a	n/a	n/a	n/a	n/a	n/a	n/a	n/a	n/a	n/a	n/a	n/a	n/a	n/a	n/a	n/a	n/a	616.490659	n/a
616.488173	0.000000	246595	ttl	7	n/a	n/a	n/a	n/a	n/a	n/a	n/a	n/a	n/a	n/a	n/a	n/a	n/a	n/a	n/a	n/a	n/a	n/a	n/a	n/a	616.490659	n/a
618.258547	0.000000	247303	ttl	8	n/a	n/a	n/a	n/a	n/a	n/a	n/a	n/a	n/a	n/a	n/a	n/a	n/a	n/a	n/a	n/a	n/a	n/a	n/a	n/a	618.261033	n/a
618.285204	6.512122	247314	sternberg_trial	n/a	n/a	431	0	0	431	1	1	1	619.254783	621.272032	0.0	0.0	0.0	0.0	618.28769	621.272032	623.855875	624.799812	intervals/trials	67	618.287690	624.799812
618.285204	0.000000	247314	ttl	11	n/a	n/a	n/a	n/a	n/a	n/a	n/a	n/a	n/a	n/a	n/a	n/a	n/a	n/a	n/a	n/a	n/a	n/a	n/a	n/a	618.287690	n/a
619.252297	0.000000	247701	stimulus_presentation	n/a	201	n/a	n/a	n/a	n/a	n/a	n/a	n/a	n/a	n/a	n/a	n/a	n/a	n/a	n/a	n/a	n/a	n/a	n/a	n/a	619.254783	n/a
619.252297	0.000000	247701	ttl	1	n/a	n/a	n/a	n/a	n/a	n/a	n/a	n/a	n/a	n/a	n/a	n/a	n/a	n/a	n/a	n/a	n/a	n/a	n/a	n/a	619.254783	n/a
619.262297	0.000000	247705	stimulus_presentation	n/a	0	n/a	n/a	n/a	n/a	n/a	n/a	n/a	n/a	n/a	n/a	n/a	n/a	n/a	n/a	n/a	n/a	n/a	n/a	n/a	619.264783	n/a
619.272297	0.000000	247709	stimulus_presentation	n/a	0	n/a	n/a	n/a	n/a	n/a	n/a	n/a	n/a	n/a	n/a	n/a	n/a	n/a	n/a	n/a	n/a	n/a	n/a	n/a	619.274783	n/a
621.269546	0.000000	248508	ttl	6	n/a	n/a	n/a	n/a	n/a	n/a	n/a	n/a	n/a	n/a	n/a	n/a	n/a	n/a	n/a	n/a	n/a	n/a	n/a	n/a	621.272032	n/a
623.853389	0.000000	249541	stimulus_presentation	n/a	201	n/a	n/a	n/a	n/a	n/a	n/a	n/a	n/a	n/a	n/a	n/a	n/a	n/a	n/a	n/a	n/a	n/a	n/a	n/a	623.855875	n/a
623.853389	0.000000	249541	ttl	7	n/a	n/a	n/a	n/a	n/a	n/a	n/a	n/a	n/a	n/a	n/a	n/a	n/a	n/a	n/a	n/a	n/a	n/a	n/a	n/a	623.855875	n/a
624.797326	0.000000	249919	ttl	8	n/a	n/a	n/a	n/a	n/a	n/a	n/a	n/a	n/a	n/a	n/a	n/a	n/a	n/a	n/a	n/a	n/a	n/a	n/a	n/a	624.799812	n/a
624.817107	7.398154	249927	sternberg_trial	n/a	n/a	124	0	0	425	1	0	1	625.870562	627.8867799999999	0.0	0.0	0.0	0.0	624.8195929999999	627.8867799999999	630.654591	632.2177469999999	intervals/trials	68	624.819593	632.217747
624.817107	0.000000	249927	ttl	11	n/a	n/a	n/a	n/a	n/a	n/a	n/a	n/a	n/a	n/a	n/a	n/a	n/a	n/a	n/a	n/a	n/a	n/a	n/a	n/a	624.819593	n/a
625.868076	0.000000	250347	stimulus_presentation	n/a	24	n/a	n/a	n/a	n/a	n/a	n/a	n/a	n/a	n/a	n/a	n/a	n/a	n/a	n/a	n/a	n/a	n/a	n/a	n/a	625.870562	n/a
625.868076	0.000000	250347	ttl	1	n/a	n/a	n/a	n/a	n/a	n/a	n/a	n/a	n/a	n/a	n/a	n/a	n/a	n/a	n/a	n/a	n/a	n/a	n/a	n/a	625.870562	n/a
625.878076	0.000000	250351	stimulus_presentation	n/a	0	n/a	n/a	n/a	n/a	n/a	n/a	n/a	n/a	n/a	n/a	n/a	n/a	n/a	n/a	n/a	n/a	n/a	n/a	n/a	625.880562	n/a
625.888076	0.000000	250355	stimulus_presentation	n/a	0	n/a	n/a	n/a	n/a	n/a	n/a	n/a	n/a	n/a	n/a	n/a	n/a	n/a	n/a	n/a	n/a	n/a	n/a	n/a	625.890562	n/a
627.884294	0.000000	251154	ttl	6	n/a	n/a	n/a	n/a	n/a	n/a	n/a	n/a	n/a	n/a	n/a	n/a	n/a	n/a	n/a	n/a	n/a	n/a	n/a	n/a	627.886780	n/a
630.652105	0.000000	252261	stimulus_presentation	n/a	195	n/a	n/a	n/a	n/a	n/a	n/a	n/a	n/a	n/a	n/a	n/a	n/a	n/a	n/a	n/a	n/a	n/a	n/a	n/a	630.654591	n/a
630.652105	0.000000	252261	ttl	7	n/a	n/a	n/a	n/a	n/a	n/a	n/a	n/a	n/a	n/a	n/a	n/a	n/a	n/a	n/a	n/a	n/a	n/a	n/a	n/a	630.654591	n/a
632.215261	0.000000	252886	ttl	8	n/a	n/a	n/a	n/a	n/a	n/a	n/a	n/a	n/a	n/a	n/a	n/a	n/a	n/a	n/a	n/a	n/a	n/a	n/a	n/a	632.217747	n/a
632.249042	7.528153	252900	sternberg_trial	n/a	n/a	432	0	0	527	1	0	1	633.469309	635.485339	0.0	0.0	0.0	0.0	632.251528	635.485339	638.0861189999999	639.779681	intervals/trials	69	632.251528	639.779681
632.249042	0.000000	252900	ttl	11	n/a	n/a	n/a	n/a	n/a	n/a	n/a	n/a	n/a	n/a	n/a	n/a	n/a	n/a	n/a	n/a	n/a	n/a	n/a	n/a	632.251528	n/a
633.466823	0.000000	253387	stimulus_presentation	n/a	202	n/a	n/a	n/a	n/a	n/a	n/a	n/a	n/a	n/a	n/a	n/a	n/a	n/a	n/a	n/a	n/a	n/a	n/a	n/a	633.469309	n/a
633.466823	0.000000	253387	ttl	1	n/a	n/a	n/a	n/a	n/a	n/a	n/a	n/a	n/a	n/a	n/a	n/a	n/a	n/a	n/a	n/a	n/a	n/a	n/a	n/a	633.469309	n/a
633.476823	0.000000	253391	stimulus_presentation	n/a	0	n/a	n/a	n/a	n/a	n/a	n/a	n/a	n/a	n/a	n/a	n/a	n/a	n/a	n/a	n/a	n/a	n/a	n/a	n/a	633.479309	n/a
633.486823	0.000000	253395	stimulus_presentation	n/a	0	n/a	n/a	n/a	n/a	n/a	n/a	n/a	n/a	n/a	n/a	n/a	n/a	n/a	n/a	n/a	n/a	n/a	n/a	n/a	633.489309	n/a
635.482853	0.000000	254193	ttl	6	n/a	n/a	n/a	n/a	n/a	n/a	n/a	n/a	n/a	n/a	n/a	n/a	n/a	n/a	n/a	n/a	n/a	n/a	n/a	n/a	635.485339	n/a
638.083633	0.000000	255233	stimulus_presentation	n/a	252	n/a	n/a	n/a	n/a	n/a	n/a	n/a	n/a	n/a	n/a	n/a	n/a	n/a	n/a	n/a	n/a	n/a	n/a	n/a	638.086119	n/a
638.083633	0.000000	255233	ttl	7	n/a	n/a	n/a	n/a	n/a	n/a	n/a	n/a	n/a	n/a	n/a	n/a	n/a	n/a	n/a	n/a	n/a	n/a	n/a	n/a	638.086119	n/a
639.777195	0.000000	255911	ttl	8	n/a	n/a	n/a	n/a	n/a	n/a	n/a	n/a	n/a	n/a	n/a	n/a	n/a	n/a	n/a	n/a	n/a	n/a	n/a	n/a	639.779681	n/a
688.522175	10.807027	275409	sternberg_trial	n/a	n/a	125	433	530	530	3	1	1	689.558411	691.574754	691.757379	693.774003	693.890003	695.9060959999999	688.5246609999999	695.9060959999999	698.608157	699.331688	intervals/trials	70	688.524661	699.331688
688.522175	0.000000	275409	ttl	11	n/a	n/a	n/a	n/a	n/a	n/a	n/a	n/a	n/a	n/a	n/a	n/a	n/a	n/a	n/a	n/a	n/a	n/a	n/a	n/a	688.524661	n/a
689.555925	0.000000	275822	stimulus_presentation	n/a	25	n/a	n/a	n/a	n/a	n/a	n/a	n/a	n/a	n/a	n/a	n/a	n/a	n/a	n/a	n/a	n/a	n/a	n/a	n/a	689.558411	n/a
689.555925	0.000000	275822	ttl	1	n/a	n/a	n/a	n/a	n/a	n/a	n/a	n/a	n/a	n/a	n/a	n/a	n/a	n/a	n/a	n/a	n/a	n/a	n/a	n/a	689.558411	n/a
691.572268	0.000000	276629	ttl	5	n/a	n/a	n/a	n/a	n/a	n/a	n/a	n/a	n/a	n/a	n/a	n/a	n/a	n/a	n/a	n/a	n/a	n/a	n/a	n/a	691.574754	n/a
691.754893	0.000000	276702	stimulus_presentation	n/a	203	n/a	n/a	n/a	n/a	n/a	n/a	n/a	n/a	n/a	n/a	n/a	n/a	n/a	n/a	n/a	n/a	n/a	n/a	n/a	691.757379	n/a
691.754893	0.000000	276702	ttl	2	n/a	n/a	n/a	n/a	n/a	n/a	n/a	n/a	n/a	n/a	n/a	n/a	n/a	n/a	n/a	n/a	n/a	n/a	n/a	n/a	691.757379	n/a
693.771517	0.000000	277509	ttl	5	n/a	n/a	n/a	n/a	n/a	n/a	n/a	n/a	n/a	n/a	n/a	n/a	n/a	n/a	n/a	n/a	n/a	n/a	n/a	n/a	693.774003	n/a
693.887517	0.000000	277555	stimulus_presentation	n/a	255	n/a	n/a	n/a	n/a	n/a	n/a	n/a	n/a	n/a	n/a	n/a	n/a	n/a	n/a	n/a	n/a	n/a	n/a	n/a	693.890003	n/a
693.887517	0.000000	277555	ttl	3	n/a	n/a	n/a	n/a	n/a	n/a	n/a	n/a	n/a	n/a	n/a	n/a	n/a	n/a	n/a	n/a	n/a	n/a	n/a	n/a	693.890003	n/a
695.903610	0.000000	278361	ttl	6	n/a	n/a	n/a	n/a	n/a	n/a	n/a	n/a	n/a	n/a	n/a	n/a	n/a	n/a	n/a	n/a	n/a	n/a	n/a	n/a	695.906096	n/a
698.605671	0.000000	279442	stimulus_presentation	n/a	255	n/a	n/a	n/a	n/a	n/a	n/a	n/a	n/a	n/a	n/a	n/a	n/a	n/a	n/a	n/a	n/a	n/a	n/a	n/a	698.608157	n/a
698.605671	0.000000	279442	ttl	7	n/a	n/a	n/a	n/a	n/a	n/a	n/a	n/a	n/a	n/a	n/a	n/a	n/a	n/a	n/a	n/a	n/a	n/a	n/a	n/a	698.608157	n/a
699.329202	0.000000	279732	ttl	8	n/a	n/a	n/a	n/a	n/a	n/a	n/a	n/a	n/a	n/a	n/a	n/a	n/a	n/a	n/a	n/a	n/a	n/a	n/a	n/a	699.331688	n/a
699.352984	6.898591	279741	sternberg_trial	n/a	n/a	126	0	0	210	1	0	1	700.406157	702.422375	0.0	0.0	0.0	0.0	699.35547	702.422375	705.056999	706.254061	intervals/trials	71	699.355470	706.254061
699.352984	0.000000	279741	ttl	11	n/a	n/a	n/a	n/a	n/a	n/a	n/a	n/a	n/a	n/a	n/a	n/a	n/a	n/a	n/a	n/a	n/a	n/a	n/a	n/a	699.355470	n/a
700.403671	0.000000	280161	stimulus_presentation	n/a	26	n/a	n/a	n/a	n/a	n/a	n/a	n/a	n/a	n/a	n/a	n/a	n/a	n/a	n/a	n/a	n/a	n/a	n/a	n/a	700.406157	n/a
700.403671	0.000000	280161	ttl	1	n/a	n/a	n/a	n/a	n/a	n/a	n/a	n/a	n/a	n/a	n/a	n/a	n/a	n/a	n/a	n/a	n/a	n/a	n/a	n/a	700.406157	n/a
700.413671	0.000000	280165	stimulus_presentation	n/a	0	n/a	n/a	n/a	n/a	n/a	n/a	n/a	n/a	n/a	n/a	n/a	n/a	n/a	n/a	n/a	n/a	n/a	n/a	n/a	700.416157	n/a
700.423671	0.000000	280169	stimulus_presentation	n/a	0	n/a	n/a	n/a	n/a	n/a	n/a	n/a	n/a	n/a	n/a	n/a	n/a	n/a	n/a	n/a	n/a	n/a	n/a	n/a	700.426157	n/a
702.419889	0.000000	280968	ttl	6	n/a	n/a	n/a	n/a	n/a	n/a	n/a	n/a	n/a	n/a	n/a	n/a	n/a	n/a	n/a	n/a	n/a	n/a	n/a	n/a	702.422375	n/a
705.054513	0.000000	282022	stimulus_presentation	n/a	67	n/a	n/a	n/a	n/a	n/a	n/a	n/a	n/a	n/a	n/a	n/a	n/a	n/a	n/a	n/a	n/a	n/a	n/a	n/a	705.056999	n/a
705.054513	0.000000	282022	ttl	7	n/a	n/a	n/a	n/a	n/a	n/a	n/a	n/a	n/a	n/a	n/a	n/a	n/a	n/a	n/a	n/a	n/a	n/a	n/a	n/a	705.056999	n/a
706.251575	0.000000	282501	ttl	8	n/a	n/a	n/a	n/a	n/a	n/a	n/a	n/a	n/a	n/a	n/a	n/a	n/a	n/a	n/a	n/a	n/a	n/a	n/a	n/a	706.254061	n/a
706.285012	11.253589	282514	sternberg_trial	n/a	n/a	127	531	229	531	3	1	0	707.3720599999999	709.387747	709.454528	711.4706209999999	711.570527	713.5872449999999	706.2874979999999	713.5872449999999	716.321463	717.541087	intervals/trials	72	706.287498	717.541087
706.285012	0.000000	282514	ttl	11	n/a	n/a	n/a	n/a	n/a	n/a	n/a	n/a	n/a	n/a	n/a	n/a	n/a	n/a	n/a	n/a	n/a	n/a	n/a	n/a	706.287498	n/a
707.369574	0.000000	282948	stimulus_presentation	n/a	27	n/a	n/a	n/a	n/a	n/a	n/a	n/a	n/a	n/a	n/a	n/a	n/a	n/a	n/a	n/a	n/a	n/a	n/a	n/a	707.372060	n/a
707.369574	0.000000	282948	ttl	1	n/a	n/a	n/a	n/a	n/a	n/a	n/a	n/a	n/a	n/a	n/a	n/a	n/a	n/a	n/a	n/a	n/a	n/a	n/a	n/a	707.372060	n/a
709.385261	0.000000	283754	ttl	5	n/a	n/a	n/a	n/a	n/a	n/a	n/a	n/a	n/a	n/a	n/a	n/a	n/a	n/a	n/a	n/a	n/a	n/a	n/a	n/a	709.387747	n/a
709.452042	0.000000	283781	stimulus_presentation	n/a	256	n/a	n/a	n/a	n/a	n/a	n/a	n/a	n/a	n/a	n/a	n/a	n/a	n/a	n/a	n/a	n/a	n/a	n/a	n/a	709.454528	n/a
709.452042	0.000000	283781	ttl	2	n/a	n/a	n/a	n/a	n/a	n/a	n/a	n/a	n/a	n/a	n/a	n/a	n/a	n/a	n/a	n/a	n/a	n/a	n/a	n/a	709.454528	n/a
711.468135	0.000000	284587	ttl	5	n/a	n/a	n/a	n/a	n/a	n/a	n/a	n/a	n/a	n/a	n/a	n/a	n/a	n/a	n/a	n/a	n/a	n/a	n/a	n/a	711.470621	n/a
711.568041	0.000000	284627	stimulus_presentation	n/a	86	n/a	n/a	n/a	n/a	n/a	n/a	n/a	n/a	n/a	n/a	n/a	n/a	n/a	n/a	n/a	n/a	n/a	n/a	n/a	711.570527	n/a
711.568041	0.000000	284627	ttl	3	n/a	n/a	n/a	n/a	n/a	n/a	n/a	n/a	n/a	n/a	n/a	n/a	n/a	n/a	n/a	n/a	n/a	n/a	n/a	n/a	711.570527	n/a
713.584759	0.000000	285434	ttl	6	n/a	n/a	n/a	n/a	n/a	n/a	n/a	n/a	n/a	n/a	n/a	n/a	n/a	n/a	n/a	n/a	n/a	n/a	n/a	n/a	713.587245	n/a
716.318977	0.000000	286528	stimulus_presentation	n/a	256	n/a	n/a	n/a	n/a	n/a	n/a	n/a	n/a	n/a	n/a	n/a	n/a	n/a	n/a	n/a	n/a	n/a	n/a	n/a	716.321463	n/a
716.318977	0.000000	286528	ttl	7	n/a	n/a	n/a	n/a	n/a	n/a	n/a	n/a	n/a	n/a	n/a	n/a	n/a	n/a	n/a	n/a	n/a	n/a	n/a	n/a	716.321463	n/a
717.538601	0.000000	287015	ttl	8	n/a	n/a	n/a	n/a	n/a	n/a	n/a	n/a	n/a	n/a	n/a	n/a	n/a	n/a	n/a	n/a	n/a	n/a	n/a	n/a	717.541087	n/a
717.566039	11.387370	287026	sternberg_trial	n/a	n/a	434	128	230	230	3	1	1	718.6691179999999	720.685586	720.852367	722.868554	722.9685539999999	724.984928	717.568525	724.984928	727.584521	728.9558949999999	intervals/trials	73	717.568525	728.955895
717.566039	0.000000	287026	ttl	11	n/a	n/a	n/a	n/a	n/a	n/a	n/a	n/a	n/a	n/a	n/a	n/a	n/a	n/a	n/a	n/a	n/a	n/a	n/a	n/a	717.568525	n/a
718.666632	0.000000	287467	stimulus_presentation	n/a	204	n/a	n/a	n/a	n/a	n/a	n/a	n/a	n/a	n/a	n/a	n/a	n/a	n/a	n/a	n/a	n/a	n/a	n/a	n/a	718.669118	n/a
718.666632	0.000000	287467	ttl	1	n/a	n/a	n/a	n/a	n/a	n/a	n/a	n/a	n/a	n/a	n/a	n/a	n/a	n/a	n/a	n/a	n/a	n/a	n/a	n/a	718.669118	n/a
720.683100	0.000000	288273	ttl	5	n/a	n/a	n/a	n/a	n/a	n/a	n/a	n/a	n/a	n/a	n/a	n/a	n/a	n/a	n/a	n/a	n/a	n/a	n/a	n/a	720.685586	n/a
720.849881	0.000000	288340	stimulus_presentation	n/a	28	n/a	n/a	n/a	n/a	n/a	n/a	n/a	n/a	n/a	n/a	n/a	n/a	n/a	n/a	n/a	n/a	n/a	n/a	n/a	720.852367	n/a
720.849881	0.000000	288340	ttl	2	n/a	n/a	n/a	n/a	n/a	n/a	n/a	n/a	n/a	n/a	n/a	n/a	n/a	n/a	n/a	n/a	n/a	n/a	n/a	n/a	720.852367	n/a
722.866068	0.000000	289146	ttl	5	n/a	n/a	n/a	n/a	n/a	n/a	n/a	n/a	n/a	n/a	n/a	n/a	n/a	n/a	n/a	n/a	n/a	n/a	n/a	n/a	722.868554	n/a
722.966068	0.000000	289186	stimulus_presentation	n/a	87	n/a	n/a	n/a	n/a	n/a	n/a	n/a	n/a	n/a	n/a	n/a	n/a	n/a	n/a	n/a	n/a	n/a	n/a	n/a	722.968554	n/a
722.966068	0.000000	289186	ttl	3	n/a	n/a	n/a	n/a	n/a	n/a	n/a	n/a	n/a	n/a	n/a	n/a	n/a	n/a	n/a	n/a	n/a	n/a	n/a	n/a	722.968554	n/a
724.982442	0.000000	289993	ttl	6	n/a	n/a	n/a	n/a	n/a	n/a	n/a	n/a	n/a	n/a	n/a	n/a	n/a	n/a	n/a	n/a	n/a	n/a	n/a	n/a	724.984928	n/a
727.582035	0.000000	291033	stimulus_presentation	n/a	87	n/a	n/a	n/a	n/a	n/a	n/a	n/a	n/a	n/a	n/a	n/a	n/a	n/a	n/a	n/a	n/a	n/a	n/a	n/a	727.584521	n/a
727.582035	0.000000	291033	ttl	7	n/a	n/a	n/a	n/a	n/a	n/a	n/a	n/a	n/a	n/a	n/a	n/a	n/a	n/a	n/a	n/a	n/a	n/a	n/a	n/a	727.584521	n/a
728.953409	0.000000	291581	ttl	8	n/a	n/a	n/a	n/a	n/a	n/a	n/a	n/a	n/a	n/a	n/a	n/a	n/a	n/a	n/a	n/a	n/a	n/a	n/a	n/a	728.955895	n/a
728.980472	10.972058	291592	sternberg_trial	n/a	n/a	532	326	129	129	3	1	1	729.983676	732.000081	732.183675	734.1994559999999	734.2994239999999	736.315986	728.9829579999999	736.315986	739.083954	739.955016	intervals/trials	74	728.982958	739.955016
728.980472	0.000000	291592	ttl	11	n/a	n/a	n/a	n/a	n/a	n/a	n/a	n/a	n/a	n/a	n/a	n/a	n/a	n/a	n/a	n/a	n/a	n/a	n/a	n/a	728.982958	n/a
729.981190	0.000000	291992	stimulus_presentation	n/a	257	n/a	n/a	n/a	n/a	n/a	n/a	n/a	n/a	n/a	n/a	n/a	n/a	n/a	n/a	n/a	n/a	n/a	n/a	n/a	729.983676	n/a
729.981190	0.000000	291992	ttl	1	n/a	n/a	n/a	n/a	n/a	n/a	n/a	n/a	n/a	n/a	n/a	n/a	n/a	n/a	n/a	n/a	n/a	n/a	n/a	n/a	729.983676	n/a
731.997595	0.000000	292799	ttl	5	n/a	n/a	n/a	n/a	n/a	n/a	n/a	n/a	n/a	n/a	n/a	n/a	n/a	n/a	n/a	n/a	n/a	n/a	n/a	n/a	732.000081	n/a
732.181189	0.000000	292872	stimulus_presentation	n/a	140	n/a	n/a	n/a	n/a	n/a	n/a	n/a	n/a	n/a	n/a	n/a	n/a	n/a	n/a	n/a	n/a	n/a	n/a	n/a	732.183675	n/a
732.181189	0.000000	292872	ttl	2	n/a	n/a	n/a	n/a	n/a	n/a	n/a	n/a	n/a	n/a	n/a	n/a	n/a	n/a	n/a	n/a	n/a	n/a	n/a	n/a	732.183675	n/a
734.196970	0.000000	293679	ttl	5	n/a	n/a	n/a	n/a	n/a	n/a	n/a	n/a	n/a	n/a	n/a	n/a	n/a	n/a	n/a	n/a	n/a	n/a	n/a	n/a	734.199456	n/a
734.296938	0.000000	293719	stimulus_presentation	n/a	29	n/a	n/a	n/a	n/a	n/a	n/a	n/a	n/a	n/a	n/a	n/a	n/a	n/a	n/a	n/a	n/a	n/a	n/a	n/a	734.299424	n/a
734.296938	0.000000	293719	ttl	3	n/a	n/a	n/a	n/a	n/a	n/a	n/a	n/a	n/a	n/a	n/a	n/a	n/a	n/a	n/a	n/a	n/a	n/a	n/a	n/a	734.299424	n/a
736.313500	0.000000	294525	ttl	6	n/a	n/a	n/a	n/a	n/a	n/a	n/a	n/a	n/a	n/a	n/a	n/a	n/a	n/a	n/a	n/a	n/a	n/a	n/a	n/a	736.315986	n/a
739.081468	0.000000	295633	stimulus_presentation	n/a	29	n/a	n/a	n/a	n/a	n/a	n/a	n/a	n/a	n/a	n/a	n/a	n/a	n/a	n/a	n/a	n/a	n/a	n/a	n/a	739.083954	n/a
739.081468	0.000000	295633	ttl	7	n/a	n/a	n/a	n/a	n/a	n/a	n/a	n/a	n/a	n/a	n/a	n/a	n/a	n/a	n/a	n/a	n/a	n/a	n/a	n/a	739.083954	n/a
739.952530	0.000000	295981	ttl	8	n/a	n/a	n/a	n/a	n/a	n/a	n/a	n/a	n/a	n/a	n/a	n/a	n/a	n/a	n/a	n/a	n/a	n/a	n/a	n/a	739.955016	n/a
739.978342	9.310903	295991	sternberg_trial	n/a	n/a	130	0	0	130	1	1	1	741.1150779999999	743.131264	0.0	0.0	0.0	0.0	739.980828	743.131264	745.8824199999999	749.2917309999999	intervals/trials	75	739.980828	749.291731
739.978342	0.000000	295991	ttl	11	n/a	n/a	n/a	n/a	n/a	n/a	n/a	n/a	n/a	n/a	n/a	n/a	n/a	n/a	n/a	n/a	n/a	n/a	n/a	n/a	739.980828	n/a
741.112592	0.000000	296445	stimulus_presentation	n/a	30	n/a	n/a	n/a	n/a	n/a	n/a	n/a	n/a	n/a	n/a	n/a	n/a	n/a	n/a	n/a	n/a	n/a	n/a	n/a	741.115078	n/a
741.112592	0.000000	296445	ttl	1	n/a	n/a	n/a	n/a	n/a	n/a	n/a	n/a	n/a	n/a	n/a	n/a	n/a	n/a	n/a	n/a	n/a	n/a	n/a	n/a	741.115078	n/a
741.122592	0.000000	296449	stimulus_presentation	n/a	0	n/a	n/a	n/a	n/a	n/a	n/a	n/a	n/a	n/a	n/a	n/a	n/a	n/a	n/a	n/a	n/a	n/a	n/a	n/a	741.125078	n/a
741.132592	0.000000	296453	stimulus_presentation	n/a	0	n/a	n/a	n/a	n/a	n/a	n/a	n/a	n/a	n/a	n/a	n/a	n/a	n/a	n/a	n/a	n/a	n/a	n/a	n/a	741.135078	n/a
743.128778	0.000000	297252	ttl	6	n/a	n/a	n/a	n/a	n/a	n/a	n/a	n/a	n/a	n/a	n/a	n/a	n/a	n/a	n/a	n/a	n/a	n/a	n/a	n/a	743.131264	n/a
745.879934	0.000000	298352	stimulus_presentation	n/a	30	n/a	n/a	n/a	n/a	n/a	n/a	n/a	n/a	n/a	n/a	n/a	n/a	n/a	n/a	n/a	n/a	n/a	n/a	n/a	745.882420	n/a
745.879934	0.000000	298352	ttl	7	n/a	n/a	n/a	n/a	n/a	n/a	n/a	n/a	n/a	n/a	n/a	n/a	n/a	n/a	n/a	n/a	n/a	n/a	n/a	n/a	745.882420	n/a
749.289245	0.000000	299716	ttl	8	n/a	n/a	n/a	n/a	n/a	n/a	n/a	n/a	n/a	n/a	n/a	n/a	n/a	n/a	n/a	n/a	n/a	n/a	n/a	n/a	749.291731	n/a
749.310151	11.473964	299724	sternberg_trial	n/a	n/a	327	231	131	131	3	1	1	750.513293	752.5294789999999	752.6129169999999	754.6287599999999	754.779354	756.795384	749.312637	756.795384	759.530164	760.786601	intervals/trials	76	749.312637	760.786601
749.310151	0.000000	299724	ttl	11	n/a	n/a	n/a	n/a	n/a	n/a	n/a	n/a	n/a	n/a	n/a	n/a	n/a	n/a	n/a	n/a	n/a	n/a	n/a	n/a	749.312637	n/a
750.510807	0.000000	300204	stimulus_presentation	n/a	141	n/a	n/a	n/a	n/a	n/a	n/a	n/a	n/a	n/a	n/a	n/a	n/a	n/a	n/a	n/a	n/a	n/a	n/a	n/a	750.513293	n/a
750.510807	0.000000	300204	ttl	1	n/a	n/a	n/a	n/a	n/a	n/a	n/a	n/a	n/a	n/a	n/a	n/a	n/a	n/a	n/a	n/a	n/a	n/a	n/a	n/a	750.513293	n/a
752.526993	0.000000	301011	ttl	5	n/a	n/a	n/a	n/a	n/a	n/a	n/a	n/a	n/a	n/a	n/a	n/a	n/a	n/a	n/a	n/a	n/a	n/a	n/a	n/a	752.529479	n/a
752.610431	0.000000	301044	stimulus_presentation	n/a	88	n/a	n/a	n/a	n/a	n/a	n/a	n/a	n/a	n/a	n/a	n/a	n/a	n/a	n/a	n/a	n/a	n/a	n/a	n/a	752.612917	n/a
752.610431	0.000000	301044	ttl	2	n/a	n/a	n/a	n/a	n/a	n/a	n/a	n/a	n/a	n/a	n/a	n/a	n/a	n/a	n/a	n/a	n/a	n/a	n/a	n/a	752.612917	n/a
754.626274	0.000000	301851	ttl	5	n/a	n/a	n/a	n/a	n/a	n/a	n/a	n/a	n/a	n/a	n/a	n/a	n/a	n/a	n/a	n/a	n/a	n/a	n/a	n/a	754.628760	n/a
754.776868	0.000000	301911	stimulus_presentation	n/a	31	n/a	n/a	n/a	n/a	n/a	n/a	n/a	n/a	n/a	n/a	n/a	n/a	n/a	n/a	n/a	n/a	n/a	n/a	n/a	754.779354	n/a
754.776868	0.000000	301911	ttl	3	n/a	n/a	n/a	n/a	n/a	n/a	n/a	n/a	n/a	n/a	n/a	n/a	n/a	n/a	n/a	n/a	n/a	n/a	n/a	n/a	754.779354	n/a
756.792898	0.000000	302717	ttl	6	n/a	n/a	n/a	n/a	n/a	n/a	n/a	n/a	n/a	n/a	n/a	n/a	n/a	n/a	n/a	n/a	n/a	n/a	n/a	n/a	756.795384	n/a
759.527678	0.000000	303811	stimulus_presentation	n/a	31	n/a	n/a	n/a	n/a	n/a	n/a	n/a	n/a	n/a	n/a	n/a	n/a	n/a	n/a	n/a	n/a	n/a	n/a	n/a	759.530164	n/a
759.527678	0.000000	303811	ttl	7	n/a	n/a	n/a	n/a	n/a	n/a	n/a	n/a	n/a	n/a	n/a	n/a	n/a	n/a	n/a	n/a	n/a	n/a	n/a	n/a	759.530164	n/a
760.784115	0.000000	304314	ttl	8	n/a	n/a	n/a	n/a	n/a	n/a	n/a	n/a	n/a	n/a	n/a	n/a	n/a	n/a	n/a	n/a	n/a	n/a	n/a	n/a	760.786601	n/a
760.807771	6.419342	304323	sternberg_trial	n/a	n/a	533	0	0	533	1	1	1	761.927788	763.943725	0.0	0.0	0.0	0.0	760.810257	763.943725	766.7455679999999	767.229599	intervals/trials	77	760.810257	767.229599
760.807771	0.000000	304323	ttl	11	n/a	n/a	n/a	n/a	n/a	n/a	n/a	n/a	n/a	n/a	n/a	n/a	n/a	n/a	n/a	n/a	n/a	n/a	n/a	n/a	760.810257	n/a
761.925302	0.000000	304770	stimulus_presentation	n/a	258	n/a	n/a	n/a	n/a	n/a	n/a	n/a	n/a	n/a	n/a	n/a	n/a	n/a	n/a	n/a	n/a	n/a	n/a	n/a	761.927788	n/a
761.925302	0.000000	304770	ttl	1	n/a	n/a	n/a	n/a	n/a	n/a	n/a	n/a	n/a	n/a	n/a	n/a	n/a	n/a	n/a	n/a	n/a	n/a	n/a	n/a	761.927788	n/a
761.935302	0.000000	304774	stimulus_presentation	n/a	0	n/a	n/a	n/a	n/a	n/a	n/a	n/a	n/a	n/a	n/a	n/a	n/a	n/a	n/a	n/a	n/a	n/a	n/a	n/a	761.937788	n/a
761.945302	0.000000	304778	stimulus_presentation	n/a	0	n/a	n/a	n/a	n/a	n/a	n/a	n/a	n/a	n/a	n/a	n/a	n/a	n/a	n/a	n/a	n/a	n/a	n/a	n/a	761.947788	n/a
763.941239	0.000000	305576	ttl	6	n/a	n/a	n/a	n/a	n/a	n/a	n/a	n/a	n/a	n/a	n/a	n/a	n/a	n/a	n/a	n/a	n/a	n/a	n/a	n/a	763.943725	n/a
766.743082	0.000000	306697	stimulus_presentation	n/a	258	n/a	n/a	n/a	n/a	n/a	n/a	n/a	n/a	n/a	n/a	n/a	n/a	n/a	n/a	n/a	n/a	n/a	n/a	n/a	766.745568	n/a
766.743082	0.000000	306697	ttl	7	n/a	n/a	n/a	n/a	n/a	n/a	n/a	n/a	n/a	n/a	n/a	n/a	n/a	n/a	n/a	n/a	n/a	n/a	n/a	n/a	766.745568	n/a
767.227113	0.000000	306891	ttl	8	n/a	n/a	n/a	n/a	n/a	n/a	n/a	n/a	n/a	n/a	n/a	n/a	n/a	n/a	n/a	n/a	n/a	n/a	n/a	n/a	767.229599	n/a
767.256550	11.433214	306903	sternberg_trial	n/a	n/a	232	328	534	123	3	0	1	768.275848	770.293379	770.3596289999999	772.375472	772.4757529999999	774.491908	767.2590359999999	774.491908	777.276532	778.69225	intervals/trials	78	767.259036	778.692250
767.256550	0.000000	306903	ttl	11	n/a	n/a	n/a	n/a	n/a	n/a	n/a	n/a	n/a	n/a	n/a	n/a	n/a	n/a	n/a	n/a	n/a	n/a	n/a	n/a	767.259036	n/a
768.273362	0.000000	307309	stimulus_presentation	n/a	89	n/a	n/a	n/a	n/a	n/a	n/a	n/a	n/a	n/a	n/a	n/a	n/a	n/a	n/a	n/a	n/a	n/a	n/a	n/a	768.275848	n/a
768.273362	0.000000	307309	ttl	1	n/a	n/a	n/a	n/a	n/a	n/a	n/a	n/a	n/a	n/a	n/a	n/a	n/a	n/a	n/a	n/a	n/a	n/a	n/a	n/a	768.275848	n/a
770.290893	0.000000	308116	ttl	5	n/a	n/a	n/a	n/a	n/a	n/a	n/a	n/a	n/a	n/a	n/a	n/a	n/a	n/a	n/a	n/a	n/a	n/a	n/a	n/a	770.293379	n/a
770.357143	0.000000	308143	stimulus_presentation	n/a	142	n/a	n/a	n/a	n/a	n/a	n/a	n/a	n/a	n/a	n/a	n/a	n/a	n/a	n/a	n/a	n/a	n/a	n/a	n/a	770.359629	n/a
770.357143	0.000000	308143	ttl	2	n/a	n/a	n/a	n/a	n/a	n/a	n/a	n/a	n/a	n/a	n/a	n/a	n/a	n/a	n/a	n/a	n/a	n/a	n/a	n/a	770.359629	n/a
772.372986	0.000000	308949	ttl	5	n/a	n/a	n/a	n/a	n/a	n/a	n/a	n/a	n/a	n/a	n/a	n/a	n/a	n/a	n/a	n/a	n/a	n/a	n/a	n/a	772.375472	n/a
772.473267	0.000000	308989	stimulus_presentation	n/a	259	n/a	n/a	n/a	n/a	n/a	n/a	n/a	n/a	n/a	n/a	n/a	n/a	n/a	n/a	n/a	n/a	n/a	n/a	n/a	772.475753	n/a
772.473267	0.000000	308989	ttl	3	n/a	n/a	n/a	n/a	n/a	n/a	n/a	n/a	n/a	n/a	n/a	n/a	n/a	n/a	n/a	n/a	n/a	n/a	n/a	n/a	772.475753	n/a
774.489422	0.000000	309796	ttl	6	n/a	n/a	n/a	n/a	n/a	n/a	n/a	n/a	n/a	n/a	n/a	n/a	n/a	n/a	n/a	n/a	n/a	n/a	n/a	n/a	774.491908	n/a
777.274046	0.000000	310910	stimulus_presentation	n/a	23	n/a	n/a	n/a	n/a	n/a	n/a	n/a	n/a	n/a	n/a	n/a	n/a	n/a	n/a	n/a	n/a	n/a	n/a	n/a	777.276532	n/a
777.274046	0.000000	310910	ttl	7	n/a	n/a	n/a	n/a	n/a	n/a	n/a	n/a	n/a	n/a	n/a	n/a	n/a	n/a	n/a	n/a	n/a	n/a	n/a	n/a	777.276532	n/a
778.689764	0.000000	311476	ttl	8	n/a	n/a	n/a	n/a	n/a	n/a	n/a	n/a	n/a	n/a	n/a	n/a	n/a	n/a	n/a	n/a	n/a	n/a	n/a	n/a	778.692250	n/a
778.721139	12.007152	311488	sternberg_trial	n/a	n/a	435	233	132	435	3	1	1	779.7912809999999	781.807186	781.840749	783.8568419999999	783.889811	785.906497	778.723625	785.906497	788.55759	790.730777	intervals/trials	79	778.723625	790.730777
778.721139	0.000000	311488	ttl	11	n/a	n/a	n/a	n/a	n/a	n/a	n/a	n/a	n/a	n/a	n/a	n/a	n/a	n/a	n/a	n/a	n/a	n/a	n/a	n/a	778.723625	n/a
779.788795	0.000000	311916	stimulus_presentation	n/a	205	n/a	n/a	n/a	n/a	n/a	n/a	n/a	n/a	n/a	n/a	n/a	n/a	n/a	n/a	n/a	n/a	n/a	n/a	n/a	779.791281	n/a
779.788795	0.000000	311916	ttl	1	n/a	n/a	n/a	n/a	n/a	n/a	n/a	n/a	n/a	n/a	n/a	n/a	n/a	n/a	n/a	n/a	n/a	n/a	n/a	n/a	779.791281	n/a
781.804700	0.000000	312722	ttl	5	n/a	n/a	n/a	n/a	n/a	n/a	n/a	n/a	n/a	n/a	n/a	n/a	n/a	n/a	n/a	n/a	n/a	n/a	n/a	n/a	781.807186	n/a
781.838263	0.000000	312735	stimulus_presentation	n/a	90	n/a	n/a	n/a	n/a	n/a	n/a	n/a	n/a	n/a	n/a	n/a	n/a	n/a	n/a	n/a	n/a	n/a	n/a	n/a	781.840749	n/a
781.838263	0.000000	312735	ttl	2	n/a	n/a	n/a	n/a	n/a	n/a	n/a	n/a	n/a	n/a	n/a	n/a	n/a	n/a	n/a	n/a	n/a	n/a	n/a	n/a	781.840749	n/a
783.854356	0.000000	313542	ttl	5	n/a	n/a	n/a	n/a	n/a	n/a	n/a	n/a	n/a	n/a	n/a	n/a	n/a	n/a	n/a	n/a	n/a	n/a	n/a	n/a	783.856842	n/a
783.887325	0.000000	313555	stimulus_presentation	n/a	32	n/a	n/a	n/a	n/a	n/a	n/a	n/a	n/a	n/a	n/a	n/a	n/a	n/a	n/a	n/a	n/a	n/a	n/a	n/a	783.889811	n/a
783.887325	0.000000	313555	ttl	3	n/a	n/a	n/a	n/a	n/a	n/a	n/a	n/a	n/a	n/a	n/a	n/a	n/a	n/a	n/a	n/a	n/a	n/a	n/a	n/a	783.889811	n/a
785.904011	0.000000	314362	ttl	6	n/a	n/a	n/a	n/a	n/a	n/a	n/a	n/a	n/a	n/a	n/a	n/a	n/a	n/a	n/a	n/a	n/a	n/a	n/a	n/a	785.906497	n/a
788.555104	0.000000	315422	stimulus_presentation	n/a	205	n/a	n/a	n/a	n/a	n/a	n/a	n/a	n/a	n/a	n/a	n/a	n/a	n/a	n/a	n/a	n/a	n/a	n/a	n/a	788.557590	n/a
788.555104	0.000000	315422	ttl	7	n/a	n/a	n/a	n/a	n/a	n/a	n/a	n/a	n/a	n/a	n/a	n/a	n/a	n/a	n/a	n/a	n/a	n/a	n/a	n/a	788.557590	n/a
790.728291	0.000000	316291	ttl	8	n/a	n/a	n/a	n/a	n/a	n/a	n/a	n/a	n/a	n/a	n/a	n/a	n/a	n/a	n/a	n/a	n/a	n/a	n/a	n/a	790.730777	n/a
790.752009	10.815496	316301	sternberg_trial	n/a	n/a	133	329	234	234	3	1	1	791.8053699999999	793.820807	793.8707129999999	795.888118	795.9212749999999	797.93743	790.754495	797.93743	800.7221159999999	801.569991	intervals/trials	80	790.754495	801.569991
790.752009	0.000000	316301	ttl	11	n/a	n/a	n/a	n/a	n/a	n/a	n/a	n/a	n/a	n/a	n/a	n/a	n/a	n/a	n/a	n/a	n/a	n/a	n/a	n/a	790.754495	n/a
791.802884	0.000000	316721	stimulus_presentation	n/a	33	n/a	n/a	n/a	n/a	n/a	n/a	n/a	n/a	n/a	n/a	n/a	n/a	n/a	n/a	n/a	n/a	n/a	n/a	n/a	791.805370	n/a
791.802884	0.000000	316721	ttl	1	n/a	n/a	n/a	n/a	n/a	n/a	n/a	n/a	n/a	n/a	n/a	n/a	n/a	n/a	n/a	n/a	n/a	n/a	n/a	n/a	791.805370	n/a
793.818321	0.000000	317527	ttl	5	n/a	n/a	n/a	n/a	n/a	n/a	n/a	n/a	n/a	n/a	n/a	n/a	n/a	n/a	n/a	n/a	n/a	n/a	n/a	n/a	793.820807	n/a
793.868227	0.000000	317547	stimulus_presentation	n/a	143	n/a	n/a	n/a	n/a	n/a	n/a	n/a	n/a	n/a	n/a	n/a	n/a	n/a	n/a	n/a	n/a	n/a	n/a	n/a	793.870713	n/a
793.868227	0.000000	317547	ttl	2	n/a	n/a	n/a	n/a	n/a	n/a	n/a	n/a	n/a	n/a	n/a	n/a	n/a	n/a	n/a	n/a	n/a	n/a	n/a	n/a	793.870713	n/a
795.885632	0.000000	318354	ttl	5	n/a	n/a	n/a	n/a	n/a	n/a	n/a	n/a	n/a	n/a	n/a	n/a	n/a	n/a	n/a	n/a	n/a	n/a	n/a	n/a	795.888118	n/a
795.918789	0.000000	318368	stimulus_presentation	n/a	91	n/a	n/a	n/a	n/a	n/a	n/a	n/a	n/a	n/a	n/a	n/a	n/a	n/a	n/a	n/a	n/a	n/a	n/a	n/a	795.921275	n/a
795.918789	0.000000	318368	ttl	3	n/a	n/a	n/a	n/a	n/a	n/a	n/a	n/a	n/a	n/a	n/a	n/a	n/a	n/a	n/a	n/a	n/a	n/a	n/a	n/a	795.921275	n/a
797.934944	0.000000	319174	ttl	6	n/a	n/a	n/a	n/a	n/a	n/a	n/a	n/a	n/a	n/a	n/a	n/a	n/a	n/a	n/a	n/a	n/a	n/a	n/a	n/a	797.937430	n/a
800.719630	0.000000	320288	stimulus_presentation	n/a	91	n/a	n/a	n/a	n/a	n/a	n/a	n/a	n/a	n/a	n/a	n/a	n/a	n/a	n/a	n/a	n/a	n/a	n/a	n/a	800.722116	n/a
800.719630	0.000000	320288	ttl	7	n/a	n/a	n/a	n/a	n/a	n/a	n/a	n/a	n/a	n/a	n/a	n/a	n/a	n/a	n/a	n/a	n/a	n/a	n/a	n/a	800.722116	n/a
801.567505	0.000000	320627	ttl	8	n/a	n/a	n/a	n/a	n/a	n/a	n/a	n/a	n/a	n/a	n/a	n/a	n/a	n/a	n/a	n/a	n/a	n/a	n/a	n/a	801.569991	n/a
801.599911	11.094746	320640	sternberg_trial	n/a	n/a	535	134	235	535	3	1	1	802.7198659999999	804.7362079999999	804.9196149999999	806.935739	807.135801	809.151675	801.602397	809.151675	811.903206	812.697143	intervals/trials	81	801.602397	812.697143
801.599911	0.000000	320640	ttl	11	n/a	n/a	n/a	n/a	n/a	n/a	n/a	n/a	n/a	n/a	n/a	n/a	n/a	n/a	n/a	n/a	n/a	n/a	n/a	n/a	801.602397	n/a
802.717380	0.000000	321087	stimulus_presentation	n/a	260	n/a	n/a	n/a	n/a	n/a	n/a	n/a	n/a	n/a	n/a	n/a	n/a	n/a	n/a	n/a	n/a	n/a	n/a	n/a	802.719866	n/a
802.717380	0.000000	321087	ttl	1	n/a	n/a	n/a	n/a	n/a	n/a	n/a	n/a	n/a	n/a	n/a	n/a	n/a	n/a	n/a	n/a	n/a	n/a	n/a	n/a	802.719866	n/a
804.733722	0.000000	321893	ttl	5	n/a	n/a	n/a	n/a	n/a	n/a	n/a	n/a	n/a	n/a	n/a	n/a	n/a	n/a	n/a	n/a	n/a	n/a	n/a	n/a	804.736208	n/a
804.917129	0.000000	321967	stimulus_presentation	n/a	34	n/a	n/a	n/a	n/a	n/a	n/a	n/a	n/a	n/a	n/a	n/a	n/a	n/a	n/a	n/a	n/a	n/a	n/a	n/a	804.919615	n/a
804.917129	0.000000	321967	ttl	2	n/a	n/a	n/a	n/a	n/a	n/a	n/a	n/a	n/a	n/a	n/a	n/a	n/a	n/a	n/a	n/a	n/a	n/a	n/a	n/a	804.919615	n/a
806.933253	0.000000	322773	ttl	5	n/a	n/a	n/a	n/a	n/a	n/a	n/a	n/a	n/a	n/a	n/a	n/a	n/a	n/a	n/a	n/a	n/a	n/a	n/a	n/a	806.935739	n/a
807.133315	0.000000	322853	stimulus_presentation	n/a	92	n/a	n/a	n/a	n/a	n/a	n/a	n/a	n/a	n/a	n/a	n/a	n/a	n/a	n/a	n/a	n/a	n/a	n/a	n/a	807.135801	n/a
807.133315	0.000000	322853	ttl	3	n/a	n/a	n/a	n/a	n/a	n/a	n/a	n/a	n/a	n/a	n/a	n/a	n/a	n/a	n/a	n/a	n/a	n/a	n/a	n/a	807.135801	n/a
809.149189	0.000000	323660	ttl	6	n/a	n/a	n/a	n/a	n/a	n/a	n/a	n/a	n/a	n/a	n/a	n/a	n/a	n/a	n/a	n/a	n/a	n/a	n/a	n/a	809.151675	n/a
811.900720	0.000000	324760	stimulus_presentation	n/a	260	n/a	n/a	n/a	n/a	n/a	n/a	n/a	n/a	n/a	n/a	n/a	n/a	n/a	n/a	n/a	n/a	n/a	n/a	n/a	811.903206	n/a
811.900720	0.000000	324760	ttl	7	n/a	n/a	n/a	n/a	n/a	n/a	n/a	n/a	n/a	n/a	n/a	n/a	n/a	n/a	n/a	n/a	n/a	n/a	n/a	n/a	811.903206	n/a
812.694657	0.000000	325078	ttl	8	n/a	n/a	n/a	n/a	n/a	n/a	n/a	n/a	n/a	n/a	n/a	n/a	n/a	n/a	n/a	n/a	n/a	n/a	n/a	n/a	812.697143	n/a
812.714438	11.458933	325086	sternberg_trial	n/a	n/a	330	236	536	121	3	0	1	813.9008299999999	815.917392	816.033641	818.049953	818.1669529999999	820.183015	812.716924	820.183015	822.916764	824.175857	intervals/trials	82	812.716924	824.175857
812.714438	0.000000	325086	ttl	11	n/a	n/a	n/a	n/a	n/a	n/a	n/a	n/a	n/a	n/a	n/a	n/a	n/a	n/a	n/a	n/a	n/a	n/a	n/a	n/a	812.716924	n/a
813.898344	0.000000	325559	stimulus_presentation	n/a	144	n/a	n/a	n/a	n/a	n/a	n/a	n/a	n/a	n/a	n/a	n/a	n/a	n/a	n/a	n/a	n/a	n/a	n/a	n/a	813.900830	n/a
813.898344	0.000000	325559	ttl	1	n/a	n/a	n/a	n/a	n/a	n/a	n/a	n/a	n/a	n/a	n/a	n/a	n/a	n/a	n/a	n/a	n/a	n/a	n/a	n/a	813.900830	n/a
815.914906	0.000000	326366	ttl	5	n/a	n/a	n/a	n/a	n/a	n/a	n/a	n/a	n/a	n/a	n/a	n/a	n/a	n/a	n/a	n/a	n/a	n/a	n/a	n/a	815.917392	n/a
816.031155	0.000000	326412	stimulus_presentation	n/a	93	n/a	n/a	n/a	n/a	n/a	n/a	n/a	n/a	n/a	n/a	n/a	n/a	n/a	n/a	n/a	n/a	n/a	n/a	n/a	816.033641	n/a
816.031155	0.000000	326412	ttl	2	n/a	n/a	n/a	n/a	n/a	n/a	n/a	n/a	n/a	n/a	n/a	n/a	n/a	n/a	n/a	n/a	n/a	n/a	n/a	n/a	816.033641	n/a
818.047467	0.000000	327219	ttl	5	n/a	n/a	n/a	n/a	n/a	n/a	n/a	n/a	n/a	n/a	n/a	n/a	n/a	n/a	n/a	n/a	n/a	n/a	n/a	n/a	818.049953	n/a
818.164467	0.000000	327266	stimulus_presentation	n/a	261	n/a	n/a	n/a	n/a	n/a	n/a	n/a	n/a	n/a	n/a	n/a	n/a	n/a	n/a	n/a	n/a	n/a	n/a	n/a	818.166953	n/a
818.164467	0.000000	327266	ttl	3	n/a	n/a	n/a	n/a	n/a	n/a	n/a	n/a	n/a	n/a	n/a	n/a	n/a	n/a	n/a	n/a	n/a	n/a	n/a	n/a	818.166953	n/a
820.180529	0.000000	328072	ttl	6	n/a	n/a	n/a	n/a	n/a	n/a	n/a	n/a	n/a	n/a	n/a	n/a	n/a	n/a	n/a	n/a	n/a	n/a	n/a	n/a	820.183015	n/a
822.914278	0.000000	329166	stimulus_presentation	n/a	21	n/a	n/a	n/a	n/a	n/a	n/a	n/a	n/a	n/a	n/a	n/a	n/a	n/a	n/a	n/a	n/a	n/a	n/a	n/a	822.916764	n/a
822.914278	0.000000	329166	ttl	7	n/a	n/a	n/a	n/a	n/a	n/a	n/a	n/a	n/a	n/a	n/a	n/a	n/a	n/a	n/a	n/a	n/a	n/a	n/a	n/a	822.916764	n/a
824.173371	0.000000	329669	ttl	8	n/a	n/a	n/a	n/a	n/a	n/a	n/a	n/a	n/a	n/a	n/a	n/a	n/a	n/a	n/a	n/a	n/a	n/a	n/a	n/a	824.175857	n/a
824.195465	8.179340	329678	sternberg_trial	n/a	n/a	331	0	0	410	1	0	1	825.3322	827.3486369999999	0.0	0.0	0.0	0.0	824.197951	827.3486369999999	830.149355	832.377291	intervals/trials	83	824.197951	832.377291
824.195465	0.000000	329678	ttl	11	n/a	n/a	n/a	n/a	n/a	n/a	n/a	n/a	n/a	n/a	n/a	n/a	n/a	n/a	n/a	n/a	n/a	n/a	n/a	n/a	824.197951	n/a
825.329714	0.000000	330132	stimulus_presentation	n/a	145	n/a	n/a	n/a	n/a	n/a	n/a	n/a	n/a	n/a	n/a	n/a	n/a	n/a	n/a	n/a	n/a	n/a	n/a	n/a	825.332200	n/a
825.329714	0.000000	330132	ttl	1	n/a	n/a	n/a	n/a	n/a	n/a	n/a	n/a	n/a	n/a	n/a	n/a	n/a	n/a	n/a	n/a	n/a	n/a	n/a	n/a	825.332200	n/a
825.339714	0.000000	330136	stimulus_presentation	n/a	0	n/a	n/a	n/a	n/a	n/a	n/a	n/a	n/a	n/a	n/a	n/a	n/a	n/a	n/a	n/a	n/a	n/a	n/a	n/a	825.342200	n/a
825.349714	0.000000	330140	stimulus_presentation	n/a	0	n/a	n/a	n/a	n/a	n/a	n/a	n/a	n/a	n/a	n/a	n/a	n/a	n/a	n/a	n/a	n/a	n/a	n/a	n/a	825.352200	n/a
827.346151	0.000000	330938	ttl	6	n/a	n/a	n/a	n/a	n/a	n/a	n/a	n/a	n/a	n/a	n/a	n/a	n/a	n/a	n/a	n/a	n/a	n/a	n/a	n/a	827.348637	n/a
830.146869	0.000000	332059	stimulus_presentation	n/a	180	n/a	n/a	n/a	n/a	n/a	n/a	n/a	n/a	n/a	n/a	n/a	n/a	n/a	n/a	n/a	n/a	n/a	n/a	n/a	830.149355	n/a
830.146869	0.000000	332059	ttl	7	n/a	n/a	n/a	n/a	n/a	n/a	n/a	n/a	n/a	n/a	n/a	n/a	n/a	n/a	n/a	n/a	n/a	n/a	n/a	n/a	830.149355	n/a
832.374805	0.000000	332950	ttl	8	n/a	n/a	n/a	n/a	n/a	n/a	n/a	n/a	n/a	n/a	n/a	n/a	n/a	n/a	n/a	n/a	n/a	n/a	n/a	n/a	832.377291	n/a
832.410774	6.854591	332964	sternberg_trial	n/a	n/a	537	0	0	128	1	0	1	833.497353	835.513696	0.0	0.0	0.0	0.0	832.4132599999999	835.513696	838.13132	839.267851	intervals/trials	84	832.413260	839.267851
832.410774	0.000000	332964	ttl	11	n/a	n/a	n/a	n/a	n/a	n/a	n/a	n/a	n/a	n/a	n/a	n/a	n/a	n/a	n/a	n/a	n/a	n/a	n/a	n/a	832.413260	n/a
833.494867	0.000000	333398	stimulus_presentation	n/a	262	n/a	n/a	n/a	n/a	n/a	n/a	n/a	n/a	n/a	n/a	n/a	n/a	n/a	n/a	n/a	n/a	n/a	n/a	n/a	833.497353	n/a
833.494867	0.000000	333398	ttl	1	n/a	n/a	n/a	n/a	n/a	n/a	n/a	n/a	n/a	n/a	n/a	n/a	n/a	n/a	n/a	n/a	n/a	n/a	n/a	n/a	833.497353	n/a
833.504867	0.000000	333402	stimulus_presentation	n/a	0	n/a	n/a	n/a	n/a	n/a	n/a	n/a	n/a	n/a	n/a	n/a	n/a	n/a	n/a	n/a	n/a	n/a	n/a	n/a	833.507353	n/a
833.514867	0.000000	333406	stimulus_presentation	n/a	0	n/a	n/a	n/a	n/a	n/a	n/a	n/a	n/a	n/a	n/a	n/a	n/a	n/a	n/a	n/a	n/a	n/a	n/a	n/a	833.517353	n/a
835.511210	0.000000	334204	ttl	6	n/a	n/a	n/a	n/a	n/a	n/a	n/a	n/a	n/a	n/a	n/a	n/a	n/a	n/a	n/a	n/a	n/a	n/a	n/a	n/a	835.513696	n/a
838.128834	0.000000	335252	stimulus_presentation	n/a	28	n/a	n/a	n/a	n/a	n/a	n/a	n/a	n/a	n/a	n/a	n/a	n/a	n/a	n/a	n/a	n/a	n/a	n/a	n/a	838.131320	n/a
838.128834	0.000000	335252	ttl	7	n/a	n/a	n/a	n/a	n/a	n/a	n/a	n/a	n/a	n/a	n/a	n/a	n/a	n/a	n/a	n/a	n/a	n/a	n/a	n/a	838.131320	n/a
839.265365	0.000000	335706	ttl	8	n/a	n/a	n/a	n/a	n/a	n/a	n/a	n/a	n/a	n/a	n/a	n/a	n/a	n/a	n/a	n/a	n/a	n/a	n/a	n/a	839.267851	n/a
839.292709	7.358903	335717	sternberg_trial	n/a	n/a	135	0	0	314	1	0	1	840.479913	842.495506	0.0	0.0	0.0	0.0	839.2951949999999	842.495506	845.313286	846.654098	intervals/trials	85	839.295195	846.654098
839.292709	0.000000	335717	ttl	11	n/a	n/a	n/a	n/a	n/a	n/a	n/a	n/a	n/a	n/a	n/a	n/a	n/a	n/a	n/a	n/a	n/a	n/a	n/a	n/a	839.295195	n/a
840.477427	0.000000	336191	stimulus_presentation	n/a	35	n/a	n/a	n/a	n/a	n/a	n/a	n/a	n/a	n/a	n/a	n/a	n/a	n/a	n/a	n/a	n/a	n/a	n/a	n/a	840.479913	n/a
840.477427	0.000000	336191	ttl	1	n/a	n/a	n/a	n/a	n/a	n/a	n/a	n/a	n/a	n/a	n/a	n/a	n/a	n/a	n/a	n/a	n/a	n/a	n/a	n/a	840.479913	n/a
840.487427	0.000000	336195	stimulus_presentation	n/a	0	n/a	n/a	n/a	n/a	n/a	n/a	n/a	n/a	n/a	n/a	n/a	n/a	n/a	n/a	n/a	n/a	n/a	n/a	n/a	840.489913	n/a
840.497427	0.000000	336199	stimulus_presentation	n/a	0	n/a	n/a	n/a	n/a	n/a	n/a	n/a	n/a	n/a	n/a	n/a	n/a	n/a	n/a	n/a	n/a	n/a	n/a	n/a	840.499913	n/a
842.493020	0.000000	336997	ttl	6	n/a	n/a	n/a	n/a	n/a	n/a	n/a	n/a	n/a	n/a	n/a	n/a	n/a	n/a	n/a	n/a	n/a	n/a	n/a	n/a	842.495506	n/a
845.310800	0.000000	338124	stimulus_presentation	n/a	128	n/a	n/a	n/a	n/a	n/a	n/a	n/a	n/a	n/a	n/a	n/a	n/a	n/a	n/a	n/a	n/a	n/a	n/a	n/a	845.313286	n/a
845.310800	0.000000	338124	ttl	7	n/a	n/a	n/a	n/a	n/a	n/a	n/a	n/a	n/a	n/a	n/a	n/a	n/a	n/a	n/a	n/a	n/a	n/a	n/a	n/a	845.313286	n/a
846.651612	0.000000	338661	ttl	8	n/a	n/a	n/a	n/a	n/a	n/a	n/a	n/a	n/a	n/a	n/a	n/a	n/a	n/a	n/a	n/a	n/a	n/a	n/a	n/a	846.654098	n/a
846.674706	8.562152	338670	sternberg_trial	n/a	n/a	436	0	0	135	1	0	1	847.811066	849.8281589999999	0.0	0.0	0.0	0.0	846.677192	849.8281589999999	852.395408	855.239344	intervals/trials	86	846.677192	855.239344
846.674706	0.000000	338670	ttl	11	n/a	n/a	n/a	n/a	n/a	n/a	n/a	n/a	n/a	n/a	n/a	n/a	n/a	n/a	n/a	n/a	n/a	n/a	n/a	n/a	846.677192	n/a
847.808580	0.000000	339123	stimulus_presentation	n/a	206	n/a	n/a	n/a	n/a	n/a	n/a	n/a	n/a	n/a	n/a	n/a	n/a	n/a	n/a	n/a	n/a	n/a	n/a	n/a	847.811066	n/a
847.808580	0.000000	339123	ttl	1	n/a	n/a	n/a	n/a	n/a	n/a	n/a	n/a	n/a	n/a	n/a	n/a	n/a	n/a	n/a	n/a	n/a	n/a	n/a	n/a	847.811066	n/a
847.818580	0.000000	339127	stimulus_presentation	n/a	0	n/a	n/a	n/a	n/a	n/a	n/a	n/a	n/a	n/a	n/a	n/a	n/a	n/a	n/a	n/a	n/a	n/a	n/a	n/a	847.821066	n/a
847.828580	0.000000	339131	stimulus_presentation	n/a	0	n/a	n/a	n/a	n/a	n/a	n/a	n/a	n/a	n/a	n/a	n/a	n/a	n/a	n/a	n/a	n/a	n/a	n/a	n/a	847.831066	n/a
849.825673	0.000000	339930	ttl	6	n/a	n/a	n/a	n/a	n/a	n/a	n/a	n/a	n/a	n/a	n/a	n/a	n/a	n/a	n/a	n/a	n/a	n/a	n/a	n/a	849.828159	n/a
852.392922	0.000000	340957	stimulus_presentation	n/a	35	n/a	n/a	n/a	n/a	n/a	n/a	n/a	n/a	n/a	n/a	n/a	n/a	n/a	n/a	n/a	n/a	n/a	n/a	n/a	852.395408	n/a
852.392922	0.000000	340957	ttl	7	n/a	n/a	n/a	n/a	n/a	n/a	n/a	n/a	n/a	n/a	n/a	n/a	n/a	n/a	n/a	n/a	n/a	n/a	n/a	n/a	852.395408	n/a
855.236858	0.000000	342095	ttl	8	n/a	n/a	n/a	n/a	n/a	n/a	n/a	n/a	n/a	n/a	n/a	n/a	n/a	n/a	n/a	n/a	n/a	n/a	n/a	n/a	855.239344	n/a
855.272983	7.541841	342109	sternberg_trial	n/a	n/a	332	0	0	518	1	0	1	856.42625	858.443187	0.0	0.0	0.0	0.0	855.2754689999999	858.443187	861.093842	862.8173099999999	intervals/trials	87	855.275469	862.817310
855.272983	0.000000	342109	ttl	11	n/a	n/a	n/a	n/a	n/a	n/a	n/a	n/a	n/a	n/a	n/a	n/a	n/a	n/a	n/a	n/a	n/a	n/a	n/a	n/a	855.275469	n/a
856.423764	0.000000	342570	stimulus_presentation	n/a	146	n/a	n/a	n/a	n/a	n/a	n/a	n/a	n/a	n/a	n/a	n/a	n/a	n/a	n/a	n/a	n/a	n/a	n/a	n/a	856.426250	n/a
856.423764	0.000000	342570	ttl	1	n/a	n/a	n/a	n/a	n/a	n/a	n/a	n/a	n/a	n/a	n/a	n/a	n/a	n/a	n/a	n/a	n/a	n/a	n/a	n/a	856.426250	n/a
856.433764	0.000000	342574	stimulus_presentation	n/a	0	n/a	n/a	n/a	n/a	n/a	n/a	n/a	n/a	n/a	n/a	n/a	n/a	n/a	n/a	n/a	n/a	n/a	n/a	n/a	856.436250	n/a
856.443764	0.000000	342578	stimulus_presentation	n/a	0	n/a	n/a	n/a	n/a	n/a	n/a	n/a	n/a	n/a	n/a	n/a	n/a	n/a	n/a	n/a	n/a	n/a	n/a	n/a	856.446250	n/a
858.440701	0.000000	343376	ttl	6	n/a	n/a	n/a	n/a	n/a	n/a	n/a	n/a	n/a	n/a	n/a	n/a	n/a	n/a	n/a	n/a	n/a	n/a	n/a	n/a	858.443187	n/a
861.091356	0.000000	344437	stimulus_presentation	n/a	243	n/a	n/a	n/a	n/a	n/a	n/a	n/a	n/a	n/a	n/a	n/a	n/a	n/a	n/a	n/a	n/a	n/a	n/a	n/a	861.093842	n/a
861.091356	0.000000	344437	ttl	7	n/a	n/a	n/a	n/a	n/a	n/a	n/a	n/a	n/a	n/a	n/a	n/a	n/a	n/a	n/a	n/a	n/a	n/a	n/a	n/a	861.093842	n/a
862.814824	0.000000	345126	ttl	8	n/a	n/a	n/a	n/a	n/a	n/a	n/a	n/a	n/a	n/a	n/a	n/a	n/a	n/a	n/a	n/a	n/a	n/a	n/a	n/a	862.817310	n/a
862.838199	7.026904	345135	sternberg_trial	n/a	n/a	136	0	0	136	1	1	1	863.891185	865.907371	0.0	0.0	0.0	0.0	862.840685	865.907371	868.542277	869.867589	intervals/trials	88	862.840685	869.867589
862.838199	0.000000	345135	ttl	11	n/a	n/a	n/a	n/a	n/a	n/a	n/a	n/a	n/a	n/a	n/a	n/a	n/a	n/a	n/a	n/a	n/a	n/a	n/a	n/a	862.840685	n/a
863.888699	0.000000	345555	stimulus_presentation	n/a	36	n/a	n/a	n/a	n/a	n/a	n/a	n/a	n/a	n/a	n/a	n/a	n/a	n/a	n/a	n/a	n/a	n/a	n/a	n/a	863.891185	n/a
863.888699	0.000000	345555	ttl	1	n/a	n/a	n/a	n/a	n/a	n/a	n/a	n/a	n/a	n/a	n/a	n/a	n/a	n/a	n/a	n/a	n/a	n/a	n/a	n/a	863.891185	n/a
863.898699	0.000000	345559	stimulus_presentation	n/a	0	n/a	n/a	n/a	n/a	n/a	n/a	n/a	n/a	n/a	n/a	n/a	n/a	n/a	n/a	n/a	n/a	n/a	n/a	n/a	863.901185	n/a
863.908699	0.000000	345563	stimulus_presentation	n/a	0	n/a	n/a	n/a	n/a	n/a	n/a	n/a	n/a	n/a	n/a	n/a	n/a	n/a	n/a	n/a	n/a	n/a	n/a	n/a	863.911185	n/a
865.904885	0.000000	346362	ttl	6	n/a	n/a	n/a	n/a	n/a	n/a	n/a	n/a	n/a	n/a	n/a	n/a	n/a	n/a	n/a	n/a	n/a	n/a	n/a	n/a	865.907371	n/a
868.539791	0.000000	347416	stimulus_presentation	n/a	36	n/a	n/a	n/a	n/a	n/a	n/a	n/a	n/a	n/a	n/a	n/a	n/a	n/a	n/a	n/a	n/a	n/a	n/a	n/a	868.542277	n/a
868.539791	0.000000	347416	ttl	7	n/a	n/a	n/a	n/a	n/a	n/a	n/a	n/a	n/a	n/a	n/a	n/a	n/a	n/a	n/a	n/a	n/a	n/a	n/a	n/a	868.542277	n/a
869.865103	0.000000	347946	ttl	8	n/a	n/a	n/a	n/a	n/a	n/a	n/a	n/a	n/a	n/a	n/a	n/a	n/a	n/a	n/a	n/a	n/a	n/a	n/a	n/a	869.867589	n/a
869.886821	10.769684	347955	sternberg_trial	n/a	n/a	137	333	237	237	3	1	1	870.8564319999999	872.872181	872.9226189999999	874.93943	874.9893989999999	877.005679	869.8893069999999	877.005679	879.60696	880.658991	intervals/trials	89	869.889307	880.658991
869.886821	0.000000	347955	ttl	11	n/a	n/a	n/a	n/a	n/a	n/a	n/a	n/a	n/a	n/a	n/a	n/a	n/a	n/a	n/a	n/a	n/a	n/a	n/a	n/a	869.889307	n/a
870.853946	0.000000	348342	stimulus_presentation	n/a	37	n/a	n/a	n/a	n/a	n/a	n/a	n/a	n/a	n/a	n/a	n/a	n/a	n/a	n/a	n/a	n/a	n/a	n/a	n/a	870.856432	n/a
870.853946	0.000000	348342	ttl	1	n/a	n/a	n/a	n/a	n/a	n/a	n/a	n/a	n/a	n/a	n/a	n/a	n/a	n/a	n/a	n/a	n/a	n/a	n/a	n/a	870.856432	n/a
872.869695	0.000000	349148	ttl	5	n/a	n/a	n/a	n/a	n/a	n/a	n/a	n/a	n/a	n/a	n/a	n/a	n/a	n/a	n/a	n/a	n/a	n/a	n/a	n/a	872.872181	n/a
872.920133	0.000000	349168	stimulus_presentation	n/a	147	n/a	n/a	n/a	n/a	n/a	n/a	n/a	n/a	n/a	n/a	n/a	n/a	n/a	n/a	n/a	n/a	n/a	n/a	n/a	872.922619	n/a
872.920133	0.000000	349168	ttl	2	n/a	n/a	n/a	n/a	n/a	n/a	n/a	n/a	n/a	n/a	n/a	n/a	n/a	n/a	n/a	n/a	n/a	n/a	n/a	n/a	872.922619	n/a
874.936944	0.000000	349975	ttl	5	n/a	n/a	n/a	n/a	n/a	n/a	n/a	n/a	n/a	n/a	n/a	n/a	n/a	n/a	n/a	n/a	n/a	n/a	n/a	n/a	874.939430	n/a
874.986913	0.000000	349995	stimulus_presentation	n/a	94	n/a	n/a	n/a	n/a	n/a	n/a	n/a	n/a	n/a	n/a	n/a	n/a	n/a	n/a	n/a	n/a	n/a	n/a	n/a	874.989399	n/a
874.986913	0.000000	349995	ttl	3	n/a	n/a	n/a	n/a	n/a	n/a	n/a	n/a	n/a	n/a	n/a	n/a	n/a	n/a	n/a	n/a	n/a	n/a	n/a	n/a	874.989399	n/a
877.003193	0.000000	350801	ttl	6	n/a	n/a	n/a	n/a	n/a	n/a	n/a	n/a	n/a	n/a	n/a	n/a	n/a	n/a	n/a	n/a	n/a	n/a	n/a	n/a	877.005679	n/a
879.604474	0.000000	351842	stimulus_presentation	n/a	94	n/a	n/a	n/a	n/a	n/a	n/a	n/a	n/a	n/a	n/a	n/a	n/a	n/a	n/a	n/a	n/a	n/a	n/a	n/a	879.606960	n/a
879.604474	0.000000	351842	ttl	7	n/a	n/a	n/a	n/a	n/a	n/a	n/a	n/a	n/a	n/a	n/a	n/a	n/a	n/a	n/a	n/a	n/a	n/a	n/a	n/a	879.606960	n/a
880.656505	0.000000	352263	ttl	8	n/a	n/a	n/a	n/a	n/a	n/a	n/a	n/a	n/a	n/a	n/a	n/a	n/a	n/a	n/a	n/a	n/a	n/a	n/a	n/a	880.658991	n/a
880.684786	11.482589	352274	sternberg_trial	n/a	n/a	538	138	334	212	3	0	1	881.754959	883.770989	883.9206449999999	885.9373009999999	886.054145	888.0698629999999	880.687272	888.0698629999999	890.771205	892.169861	intervals/trials	90	880.687272	892.169861
880.684786	0.000000	352274	ttl	11	n/a	n/a	n/a	n/a	n/a	n/a	n/a	n/a	n/a	n/a	n/a	n/a	n/a	n/a	n/a	n/a	n/a	n/a	n/a	n/a	880.687272	n/a
881.752473	0.000000	352701	stimulus_presentation	n/a	263	n/a	n/a	n/a	n/a	n/a	n/a	n/a	n/a	n/a	n/a	n/a	n/a	n/a	n/a	n/a	n/a	n/a	n/a	n/a	881.754959	n/a
881.752473	0.000000	352701	ttl	1	n/a	n/a	n/a	n/a	n/a	n/a	n/a	n/a	n/a	n/a	n/a	n/a	n/a	n/a	n/a	n/a	n/a	n/a	n/a	n/a	881.754959	n/a
883.768503	0.000000	353507	ttl	5	n/a	n/a	n/a	n/a	n/a	n/a	n/a	n/a	n/a	n/a	n/a	n/a	n/a	n/a	n/a	n/a	n/a	n/a	n/a	n/a	883.770989	n/a
883.918159	0.000000	353567	stimulus_presentation	n/a	38	n/a	n/a	n/a	n/a	n/a	n/a	n/a	n/a	n/a	n/a	n/a	n/a	n/a	n/a	n/a	n/a	n/a	n/a	n/a	883.920645	n/a
883.918159	0.000000	353567	ttl	2	n/a	n/a	n/a	n/a	n/a	n/a	n/a	n/a	n/a	n/a	n/a	n/a	n/a	n/a	n/a	n/a	n/a	n/a	n/a	n/a	883.920645	n/a
885.934815	0.000000	354374	ttl	5	n/a	n/a	n/a	n/a	n/a	n/a	n/a	n/a	n/a	n/a	n/a	n/a	n/a	n/a	n/a	n/a	n/a	n/a	n/a	n/a	885.937301	n/a
886.051659	0.000000	354421	stimulus_presentation	n/a	148	n/a	n/a	n/a	n/a	n/a	n/a	n/a	n/a	n/a	n/a	n/a	n/a	n/a	n/a	n/a	n/a	n/a	n/a	n/a	886.054145	n/a
886.051659	0.000000	354421	ttl	3	n/a	n/a	n/a	n/a	n/a	n/a	n/a	n/a	n/a	n/a	n/a	n/a	n/a	n/a	n/a	n/a	n/a	n/a	n/a	n/a	886.054145	n/a
888.067377	0.000000	355227	ttl	6	n/a	n/a	n/a	n/a	n/a	n/a	n/a	n/a	n/a	n/a	n/a	n/a	n/a	n/a	n/a	n/a	n/a	n/a	n/a	n/a	888.069863	n/a
890.768719	0.000000	356307	stimulus_presentation	n/a	69	n/a	n/a	n/a	n/a	n/a	n/a	n/a	n/a	n/a	n/a	n/a	n/a	n/a	n/a	n/a	n/a	n/a	n/a	n/a	890.771205	n/a
890.768719	0.000000	356307	ttl	7	n/a	n/a	n/a	n/a	n/a	n/a	n/a	n/a	n/a	n/a	n/a	n/a	n/a	n/a	n/a	n/a	n/a	n/a	n/a	n/a	890.771205	n/a
892.167375	0.000000	356867	ttl	8	n/a	n/a	n/a	n/a	n/a	n/a	n/a	n/a	n/a	n/a	n/a	n/a	n/a	n/a	n/a	n/a	n/a	n/a	n/a	n/a	892.169861	n/a
892.199187	6.874748	356880	sternberg_trial	n/a	n/a	139	0	0	427	1	0	1	893.3526099999999	895.36911	0.0	0.0	0.0	0.0	892.2016729999999	895.36911	898.120015	899.076421	intervals/trials	91	892.201673	899.076421
892.199187	0.000000	356880	ttl	11	n/a	n/a	n/a	n/a	n/a	n/a	n/a	n/a	n/a	n/a	n/a	n/a	n/a	n/a	n/a	n/a	n/a	n/a	n/a	n/a	892.201673	n/a
893.350124	0.000000	357340	stimulus_presentation	n/a	39	n/a	n/a	n/a	n/a	n/a	n/a	n/a	n/a	n/a	n/a	n/a	n/a	n/a	n/a	n/a	n/a	n/a	n/a	n/a	893.352610	n/a
893.350124	0.000000	357340	ttl	1	n/a	n/a	n/a	n/a	n/a	n/a	n/a	n/a	n/a	n/a	n/a	n/a	n/a	n/a	n/a	n/a	n/a	n/a	n/a	n/a	893.352610	n/a
893.360124	0.000000	357344	stimulus_presentation	n/a	0	n/a	n/a	n/a	n/a	n/a	n/a	n/a	n/a	n/a	n/a	n/a	n/a	n/a	n/a	n/a	n/a	n/a	n/a	n/a	893.362610	n/a
893.370124	0.000000	357348	stimulus_presentation	n/a	0	n/a	n/a	n/a	n/a	n/a	n/a	n/a	n/a	n/a	n/a	n/a	n/a	n/a	n/a	n/a	n/a	n/a	n/a	n/a	893.372610	n/a
895.366624	0.000000	358147	ttl	6	n/a	n/a	n/a	n/a	n/a	n/a	n/a	n/a	n/a	n/a	n/a	n/a	n/a	n/a	n/a	n/a	n/a	n/a	n/a	n/a	895.369110	n/a
898.117529	0.000000	359247	stimulus_presentation	n/a	197	n/a	n/a	n/a	n/a	n/a	n/a	n/a	n/a	n/a	n/a	n/a	n/a	n/a	n/a	n/a	n/a	n/a	n/a	n/a	898.120015	n/a
898.117529	0.000000	359247	ttl	7	n/a	n/a	n/a	n/a	n/a	n/a	n/a	n/a	n/a	n/a	n/a	n/a	n/a	n/a	n/a	n/a	n/a	n/a	n/a	n/a	898.120015	n/a
899.073935	0.000000	359630	ttl	8	n/a	n/a	n/a	n/a	n/a	n/a	n/a	n/a	n/a	n/a	n/a	n/a	n/a	n/a	n/a	n/a	n/a	n/a	n/a	n/a	899.076421	n/a
899.097903	11.023215	359639	sternberg_trial	n/a	n/a	437	539	335	220	3	0	1	900.218483	902.234107	902.334044	904.350481	904.4170429999999	906.4332929999999	899.100389	906.4332929999999	909.184635	910.123604	intervals/trials	92	899.100389	910.123604
899.097903	0.000000	359639	ttl	11	n/a	n/a	n/a	n/a	n/a	n/a	n/a	n/a	n/a	n/a	n/a	n/a	n/a	n/a	n/a	n/a	n/a	n/a	n/a	n/a	899.100389	n/a
900.215997	0.000000	360086	stimulus_presentation	n/a	207	n/a	n/a	n/a	n/a	n/a	n/a	n/a	n/a	n/a	n/a	n/a	n/a	n/a	n/a	n/a	n/a	n/a	n/a	n/a	900.218483	n/a
900.215997	0.000000	360086	ttl	1	n/a	n/a	n/a	n/a	n/a	n/a	n/a	n/a	n/a	n/a	n/a	n/a	n/a	n/a	n/a	n/a	n/a	n/a	n/a	n/a	900.218483	n/a
902.231621	0.000000	360893	ttl	5	n/a	n/a	n/a	n/a	n/a	n/a	n/a	n/a	n/a	n/a	n/a	n/a	n/a	n/a	n/a	n/a	n/a	n/a	n/a	n/a	902.234107	n/a
902.331558	0.000000	360933	stimulus_presentation	n/a	264	n/a	n/a	n/a	n/a	n/a	n/a	n/a	n/a	n/a	n/a	n/a	n/a	n/a	n/a	n/a	n/a	n/a	n/a	n/a	902.334044	n/a
902.331558	0.000000	360933	ttl	2	n/a	n/a	n/a	n/a	n/a	n/a	n/a	n/a	n/a	n/a	n/a	n/a	n/a	n/a	n/a	n/a	n/a	n/a	n/a	n/a	902.334044	n/a
904.347995	0.000000	361739	ttl	5	n/a	n/a	n/a	n/a	n/a	n/a	n/a	n/a	n/a	n/a	n/a	n/a	n/a	n/a	n/a	n/a	n/a	n/a	n/a	n/a	904.350481	n/a
904.414557	0.000000	361766	stimulus_presentation	n/a	149	n/a	n/a	n/a	n/a	n/a	n/a	n/a	n/a	n/a	n/a	n/a	n/a	n/a	n/a	n/a	n/a	n/a	n/a	n/a	904.417043	n/a
904.414557	0.000000	361766	ttl	3	n/a	n/a	n/a	n/a	n/a	n/a	n/a	n/a	n/a	n/a	n/a	n/a	n/a	n/a	n/a	n/a	n/a	n/a	n/a	n/a	904.417043	n/a
906.430807	0.000000	362572	ttl	6	n/a	n/a	n/a	n/a	n/a	n/a	n/a	n/a	n/a	n/a	n/a	n/a	n/a	n/a	n/a	n/a	n/a	n/a	n/a	n/a	906.433293	n/a
909.182149	0.000000	363673	stimulus_presentation	n/a	77	n/a	n/a	n/a	n/a	n/a	n/a	n/a	n/a	n/a	n/a	n/a	n/a	n/a	n/a	n/a	n/a	n/a	n/a	n/a	909.184635	n/a
909.182149	0.000000	363673	ttl	7	n/a	n/a	n/a	n/a	n/a	n/a	n/a	n/a	n/a	n/a	n/a	n/a	n/a	n/a	n/a	n/a	n/a	n/a	n/a	n/a	909.184635	n/a
910.121118	0.000000	364048	ttl	8	n/a	n/a	n/a	n/a	n/a	n/a	n/a	n/a	n/a	n/a	n/a	n/a	n/a	n/a	n/a	n/a	n/a	n/a	n/a	n/a	910.123604	n/a
910.145868	7.936778	364058	sternberg_trial	n/a	n/a	238	0	0	513	1	0	1	911.132572	913.1486649999999	0.0	0.0	0.0	0.0	910.1483539999999	913.1486649999999	915.883383	918.0851319999999	intervals/trials	93	910.148354	918.085132
910.145868	0.000000	364058	ttl	11	n/a	n/a	n/a	n/a	n/a	n/a	n/a	n/a	n/a	n/a	n/a	n/a	n/a	n/a	n/a	n/a	n/a	n/a	n/a	n/a	910.148354	n/a
911.130086	0.000000	364452	stimulus_presentation	n/a	95	n/a	n/a	n/a	n/a	n/a	n/a	n/a	n/a	n/a	n/a	n/a	n/a	n/a	n/a	n/a	n/a	n/a	n/a	n/a	911.132572	n/a
911.130086	0.000000	364452	ttl	1	n/a	n/a	n/a	n/a	n/a	n/a	n/a	n/a	n/a	n/a	n/a	n/a	n/a	n/a	n/a	n/a	n/a	n/a	n/a	n/a	911.132572	n/a
911.140086	0.000000	364456	stimulus_presentation	n/a	0	n/a	n/a	n/a	n/a	n/a	n/a	n/a	n/a	n/a	n/a	n/a	n/a	n/a	n/a	n/a	n/a	n/a	n/a	n/a	911.142572	n/a
911.150086	0.000000	364460	stimulus_presentation	n/a	0	n/a	n/a	n/a	n/a	n/a	n/a	n/a	n/a	n/a	n/a	n/a	n/a	n/a	n/a	n/a	n/a	n/a	n/a	n/a	911.152572	n/a
913.146179	0.000000	365258	ttl	6	n/a	n/a	n/a	n/a	n/a	n/a	n/a	n/a	n/a	n/a	n/a	n/a	n/a	n/a	n/a	n/a	n/a	n/a	n/a	n/a	913.148665	n/a
915.880897	0.000000	366352	stimulus_presentation	n/a	238	n/a	n/a	n/a	n/a	n/a	n/a	n/a	n/a	n/a	n/a	n/a	n/a	n/a	n/a	n/a	n/a	n/a	n/a	n/a	915.883383	n/a
915.880897	0.000000	366352	ttl	7	n/a	n/a	n/a	n/a	n/a	n/a	n/a	n/a	n/a	n/a	n/a	n/a	n/a	n/a	n/a	n/a	n/a	n/a	n/a	n/a	915.883383	n/a
918.082646	0.000000	367233	ttl	8	n/a	n/a	n/a	n/a	n/a	n/a	n/a	n/a	n/a	n/a	n/a	n/a	n/a	n/a	n/a	n/a	n/a	n/a	n/a	n/a	918.085132	n/a
918.110927	7.085935	367244	sternberg_trial	n/a	n/a	438	0	0	312	1	0	1	919.281756	921.2971299999999	0.0	0.0	0.0	0.0	918.1134129999999	921.2971299999999	923.998567	925.199348	intervals/trials	94	918.113413	925.199348
918.110927	0.000000	367244	ttl	11	n/a	n/a	n/a	n/a	n/a	n/a	n/a	n/a	n/a	n/a	n/a	n/a	n/a	n/a	n/a	n/a	n/a	n/a	n/a	n/a	918.113413	n/a
919.279270	0.000000	367712	stimulus_presentation	n/a	208	n/a	n/a	n/a	n/a	n/a	n/a	n/a	n/a	n/a	n/a	n/a	n/a	n/a	n/a	n/a	n/a	n/a	n/a	n/a	919.281756	n/a
919.279270	0.000000	367712	ttl	1	n/a	n/a	n/a	n/a	n/a	n/a	n/a	n/a	n/a	n/a	n/a	n/a	n/a	n/a	n/a	n/a	n/a	n/a	n/a	n/a	919.281756	n/a
919.289270	0.000000	367716	stimulus_presentation	n/a	0	n/a	n/a	n/a	n/a	n/a	n/a	n/a	n/a	n/a	n/a	n/a	n/a	n/a	n/a	n/a	n/a	n/a	n/a	n/a	919.291756	n/a
919.299270	0.000000	367720	stimulus_presentation	n/a	0	n/a	n/a	n/a	n/a	n/a	n/a	n/a	n/a	n/a	n/a	n/a	n/a	n/a	n/a	n/a	n/a	n/a	n/a	n/a	919.301756	n/a
921.294644	0.000000	368518	ttl	6	n/a	n/a	n/a	n/a	n/a	n/a	n/a	n/a	n/a	n/a	n/a	n/a	n/a	n/a	n/a	n/a	n/a	n/a	n/a	n/a	921.297130	n/a
923.996081	0.000000	369598	stimulus_presentation	n/a	126	n/a	n/a	n/a	n/a	n/a	n/a	n/a	n/a	n/a	n/a	n/a	n/a	n/a	n/a	n/a	n/a	n/a	n/a	n/a	923.998567	n/a
923.996081	0.000000	369598	ttl	7	n/a	n/a	n/a	n/a	n/a	n/a	n/a	n/a	n/a	n/a	n/a	n/a	n/a	n/a	n/a	n/a	n/a	n/a	n/a	n/a	923.998567	n/a
925.196862	0.000000	370079	ttl	8	n/a	n/a	n/a	n/a	n/a	n/a	n/a	n/a	n/a	n/a	n/a	n/a	n/a	n/a	n/a	n/a	n/a	n/a	n/a	n/a	925.199348	n/a
925.226237	11.225526	370090	sternberg_trial	n/a	n/a	140	439	540	320	3	0	1	926.4461279999999	928.46294	928.6456589999999	930.66197	930.845345	932.861532	925.228723	932.861532	935.5461869999999	936.454249	intervals/trials	95	925.228723	936.454249
925.226237	0.000000	370090	ttl	11	n/a	n/a	n/a	n/a	n/a	n/a	n/a	n/a	n/a	n/a	n/a	n/a	n/a	n/a	n/a	n/a	n/a	n/a	n/a	n/a	925.228723	n/a
926.443642	0.000000	370577	stimulus_presentation	n/a	40	n/a	n/a	n/a	n/a	n/a	n/a	n/a	n/a	n/a	n/a	n/a	n/a	n/a	n/a	n/a	n/a	n/a	n/a	n/a	926.446128	n/a
926.443642	0.000000	370577	ttl	1	n/a	n/a	n/a	n/a	n/a	n/a	n/a	n/a	n/a	n/a	n/a	n/a	n/a	n/a	n/a	n/a	n/a	n/a	n/a	n/a	926.446128	n/a
928.460454	0.000000	371384	ttl	5	n/a	n/a	n/a	n/a	n/a	n/a	n/a	n/a	n/a	n/a	n/a	n/a	n/a	n/a	n/a	n/a	n/a	n/a	n/a	n/a	928.462940	n/a
928.643173	0.000000	371457	stimulus_presentation	n/a	209	n/a	n/a	n/a	n/a	n/a	n/a	n/a	n/a	n/a	n/a	n/a	n/a	n/a	n/a	n/a	n/a	n/a	n/a	n/a	928.645659	n/a
928.643173	0.000000	371457	ttl	2	n/a	n/a	n/a	n/a	n/a	n/a	n/a	n/a	n/a	n/a	n/a	n/a	n/a	n/a	n/a	n/a	n/a	n/a	n/a	n/a	928.645659	n/a
930.659484	0.000000	372264	ttl	5	n/a	n/a	n/a	n/a	n/a	n/a	n/a	n/a	n/a	n/a	n/a	n/a	n/a	n/a	n/a	n/a	n/a	n/a	n/a	n/a	930.661970	n/a
930.842859	0.000000	372337	stimulus_presentation	n/a	265	n/a	n/a	n/a	n/a	n/a	n/a	n/a	n/a	n/a	n/a	n/a	n/a	n/a	n/a	n/a	n/a	n/a	n/a	n/a	930.845345	n/a
930.842859	0.000000	372337	ttl	3	n/a	n/a	n/a	n/a	n/a	n/a	n/a	n/a	n/a	n/a	n/a	n/a	n/a	n/a	n/a	n/a	n/a	n/a	n/a	n/a	930.845345	n/a
932.859046	0.000000	373144	ttl	6	n/a	n/a	n/a	n/a	n/a	n/a	n/a	n/a	n/a	n/a	n/a	n/a	n/a	n/a	n/a	n/a	n/a	n/a	n/a	n/a	932.861532	n/a
935.543701	0.000000	374217	stimulus_presentation	n/a	134	n/a	n/a	n/a	n/a	n/a	n/a	n/a	n/a	n/a	n/a	n/a	n/a	n/a	n/a	n/a	n/a	n/a	n/a	n/a	935.546187	n/a
935.543701	0.000000	374217	ttl	7	n/a	n/a	n/a	n/a	n/a	n/a	n/a	n/a	n/a	n/a	n/a	n/a	n/a	n/a	n/a	n/a	n/a	n/a	n/a	n/a	935.546187	n/a
936.451763	0.000000	374581	ttl	8	n/a	n/a	n/a	n/a	n/a	n/a	n/a	n/a	n/a	n/a	n/a	n/a	n/a	n/a	n/a	n/a	n/a	n/a	n/a	n/a	936.454249	n/a
936.474295	10.928620	374590	sternberg_trial	n/a	n/a	239	141	336	141	3	1	1	937.4276239999999	939.443904	939.643686	941.6600599999999	941.743341	943.7595279999999	936.476781	943.7595279999999	946.410839	947.405401	intervals/trials	96	936.476781	947.405401
936.474295	0.000000	374590	ttl	11	n/a	n/a	n/a	n/a	n/a	n/a	n/a	n/a	n/a	n/a	n/a	n/a	n/a	n/a	n/a	n/a	n/a	n/a	n/a	n/a	936.476781	n/a
937.425138	0.000000	374970	stimulus_presentation	n/a	96	n/a	n/a	n/a	n/a	n/a	n/a	n/a	n/a	n/a	n/a	n/a	n/a	n/a	n/a	n/a	n/a	n/a	n/a	n/a	937.427624	n/a
937.425138	0.000000	374970	ttl	1	n/a	n/a	n/a	n/a	n/a	n/a	n/a	n/a	n/a	n/a	n/a	n/a	n/a	n/a	n/a	n/a	n/a	n/a	n/a	n/a	937.427624	n/a
939.441418	0.000000	375777	ttl	5	n/a	n/a	n/a	n/a	n/a	n/a	n/a	n/a	n/a	n/a	n/a	n/a	n/a	n/a	n/a	n/a	n/a	n/a	n/a	n/a	939.443904	n/a
939.641200	0.000000	375856	stimulus_presentation	n/a	41	n/a	n/a	n/a	n/a	n/a	n/a	n/a	n/a	n/a	n/a	n/a	n/a	n/a	n/a	n/a	n/a	n/a	n/a	n/a	939.643686	n/a
939.641200	0.000000	375856	ttl	2	n/a	n/a	n/a	n/a	n/a	n/a	n/a	n/a	n/a	n/a	n/a	n/a	n/a	n/a	n/a	n/a	n/a	n/a	n/a	n/a	939.643686	n/a
941.657574	0.000000	376663	ttl	5	n/a	n/a	n/a	n/a	n/a	n/a	n/a	n/a	n/a	n/a	n/a	n/a	n/a	n/a	n/a	n/a	n/a	n/a	n/a	n/a	941.660060	n/a
941.740855	0.000000	376696	stimulus_presentation	n/a	150	n/a	n/a	n/a	n/a	n/a	n/a	n/a	n/a	n/a	n/a	n/a	n/a	n/a	n/a	n/a	n/a	n/a	n/a	n/a	941.743341	n/a
941.740855	0.000000	376696	ttl	3	n/a	n/a	n/a	n/a	n/a	n/a	n/a	n/a	n/a	n/a	n/a	n/a	n/a	n/a	n/a	n/a	n/a	n/a	n/a	n/a	941.743341	n/a
943.757042	0.000000	377503	ttl	6	n/a	n/a	n/a	n/a	n/a	n/a	n/a	n/a	n/a	n/a	n/a	n/a	n/a	n/a	n/a	n/a	n/a	n/a	n/a	n/a	943.759528	n/a
946.408353	0.000000	378563	stimulus_presentation	n/a	41	n/a	n/a	n/a	n/a	n/a	n/a	n/a	n/a	n/a	n/a	n/a	n/a	n/a	n/a	n/a	n/a	n/a	n/a	n/a	946.410839	n/a
946.408353	0.000000	378563	ttl	7	n/a	n/a	n/a	n/a	n/a	n/a	n/a	n/a	n/a	n/a	n/a	n/a	n/a	n/a	n/a	n/a	n/a	n/a	n/a	n/a	946.410839	n/a
947.402915	0.000000	378961	ttl	8	n/a	n/a	n/a	n/a	n/a	n/a	n/a	n/a	n/a	n/a	n/a	n/a	n/a	n/a	n/a	n/a	n/a	n/a	n/a	n/a	947.405401	n/a
947.438759	11.762651	378976	sternberg_trial	n/a	n/a	337	142	240	240	3	1	0	948.441932	950.458213	950.641494	952.657868	952.7908679999999	954.807117	947.441245	954.807117	957.57521	959.203896	intervals/trials	97	947.441245	959.203896
947.438759	0.000000	378976	ttl	11	n/a	n/a	n/a	n/a	n/a	n/a	n/a	n/a	n/a	n/a	n/a	n/a	n/a	n/a	n/a	n/a	n/a	n/a	n/a	n/a	947.441245	n/a
948.439446	0.000000	379376	stimulus_presentation	n/a	151	n/a	n/a	n/a	n/a	n/a	n/a	n/a	n/a	n/a	n/a	n/a	n/a	n/a	n/a	n/a	n/a	n/a	n/a	n/a	948.441932	n/a
948.439446	0.000000	379376	ttl	1	n/a	n/a	n/a	n/a	n/a	n/a	n/a	n/a	n/a	n/a	n/a	n/a	n/a	n/a	n/a	n/a	n/a	n/a	n/a	n/a	948.441932	n/a
950.455727	0.000000	380182	ttl	5	n/a	n/a	n/a	n/a	n/a	n/a	n/a	n/a	n/a	n/a	n/a	n/a	n/a	n/a	n/a	n/a	n/a	n/a	n/a	n/a	950.458213	n/a
950.639008	0.000000	380256	stimulus_presentation	n/a	42	n/a	n/a	n/a	n/a	n/a	n/a	n/a	n/a	n/a	n/a	n/a	n/a	n/a	n/a	n/a	n/a	n/a	n/a	n/a	950.641494	n/a
950.639008	0.000000	380256	ttl	2	n/a	n/a	n/a	n/a	n/a	n/a	n/a	n/a	n/a	n/a	n/a	n/a	n/a	n/a	n/a	n/a	n/a	n/a	n/a	n/a	950.641494	n/a
952.655382	0.000000	381062	ttl	5	n/a	n/a	n/a	n/a	n/a	n/a	n/a	n/a	n/a	n/a	n/a	n/a	n/a	n/a	n/a	n/a	n/a	n/a	n/a	n/a	952.657868	n/a
952.788382	0.000000	381115	stimulus_presentation	n/a	97	n/a	n/a	n/a	n/a	n/a	n/a	n/a	n/a	n/a	n/a	n/a	n/a	n/a	n/a	n/a	n/a	n/a	n/a	n/a	952.790868	n/a
952.788382	0.000000	381115	ttl	3	n/a	n/a	n/a	n/a	n/a	n/a	n/a	n/a	n/a	n/a	n/a	n/a	n/a	n/a	n/a	n/a	n/a	n/a	n/a	n/a	952.790868	n/a
954.804631	0.000000	381922	ttl	6	n/a	n/a	n/a	n/a	n/a	n/a	n/a	n/a	n/a	n/a	n/a	n/a	n/a	n/a	n/a	n/a	n/a	n/a	n/a	n/a	954.807117	n/a
957.572724	0.000000	383029	stimulus_presentation	n/a	97	n/a	n/a	n/a	n/a	n/a	n/a	n/a	n/a	n/a	n/a	n/a	n/a	n/a	n/a	n/a	n/a	n/a	n/a	n/a	957.575210	n/a
957.572724	0.000000	383029	ttl	7	n/a	n/a	n/a	n/a	n/a	n/a	n/a	n/a	n/a	n/a	n/a	n/a	n/a	n/a	n/a	n/a	n/a	n/a	n/a	n/a	957.575210	n/a
959.201410	0.000000	383681	ttl	8	n/a	n/a	n/a	n/a	n/a	n/a	n/a	n/a	n/a	n/a	n/a	n/a	n/a	n/a	n/a	n/a	n/a	n/a	n/a	n/a	959.203896	n/a
959.236723	7.430653	383695	sternberg_trial	n/a	n/a	338	0	0	338	1	1	0	960.223115	962.239395	0.0	0.0	0.0	0.0	959.239209	962.239395	964.9576129999999	966.669862	intervals/trials	98	959.239209	966.669862
959.236723	0.000000	383695	ttl	11	n/a	n/a	n/a	n/a	n/a	n/a	n/a	n/a	n/a	n/a	n/a	n/a	n/a	n/a	n/a	n/a	n/a	n/a	n/a	n/a	959.239209	n/a
960.220629	0.000000	384088	stimulus_presentation	n/a	152	n/a	n/a	n/a	n/a	n/a	n/a	n/a	n/a	n/a	n/a	n/a	n/a	n/a	n/a	n/a	n/a	n/a	n/a	n/a	960.223115	n/a
960.220629	0.000000	384088	ttl	1	n/a	n/a	n/a	n/a	n/a	n/a	n/a	n/a	n/a	n/a	n/a	n/a	n/a	n/a	n/a	n/a	n/a	n/a	n/a	n/a	960.223115	n/a
960.230629	0.000000	384092	stimulus_presentation	n/a	0	n/a	n/a	n/a	n/a	n/a	n/a	n/a	n/a	n/a	n/a	n/a	n/a	n/a	n/a	n/a	n/a	n/a	n/a	n/a	960.233115	n/a
960.240629	0.000000	384096	stimulus_presentation	n/a	0	n/a	n/a	n/a	n/a	n/a	n/a	n/a	n/a	n/a	n/a	n/a	n/a	n/a	n/a	n/a	n/a	n/a	n/a	n/a	960.243115	n/a
962.236909	0.000000	384895	ttl	6	n/a	n/a	n/a	n/a	n/a	n/a	n/a	n/a	n/a	n/a	n/a	n/a	n/a	n/a	n/a	n/a	n/a	n/a	n/a	n/a	962.239395	n/a
964.955127	0.000000	385982	stimulus_presentation	n/a	152	n/a	n/a	n/a	n/a	n/a	n/a	n/a	n/a	n/a	n/a	n/a	n/a	n/a	n/a	n/a	n/a	n/a	n/a	n/a	964.957613	n/a
964.955127	0.000000	385982	ttl	7	n/a	n/a	n/a	n/a	n/a	n/a	n/a	n/a	n/a	n/a	n/a	n/a	n/a	n/a	n/a	n/a	n/a	n/a	n/a	n/a	964.957613	n/a
966.667376	0.000000	386667	ttl	8	n/a	n/a	n/a	n/a	n/a	n/a	n/a	n/a	n/a	n/a	n/a	n/a	n/a	n/a	n/a	n/a	n/a	n/a	n/a	n/a	966.669862	n/a
966.701595	12.771339	386681	sternberg_trial	n/a	n/a	440	143	339	440	3	1	1	967.838674	969.854486	969.9880169999999	972.004141	972.170298	974.187047	966.704081	974.187047	976.954983	979.47542	intervals/trials	99	966.704081	979.475420
966.701595	0.000000	386681	ttl	11	n/a	n/a	n/a	n/a	n/a	n/a	n/a	n/a	n/a	n/a	n/a	n/a	n/a	n/a	n/a	n/a	n/a	n/a	n/a	n/a	966.704081	n/a
967.836188	0.000000	387134	stimulus_presentation	n/a	210	n/a	n/a	n/a	n/a	n/a	n/a	n/a	n/a	n/a	n/a	n/a	n/a	n/a	n/a	n/a	n/a	n/a	n/a	n/a	967.838674	n/a
967.836188	0.000000	387134	ttl	1	n/a	n/a	n/a	n/a	n/a	n/a	n/a	n/a	n/a	n/a	n/a	n/a	n/a	n/a	n/a	n/a	n/a	n/a	n/a	n/a	967.838674	n/a
969.852000	0.000000	387941	ttl	5	n/a	n/a	n/a	n/a	n/a	n/a	n/a	n/a	n/a	n/a	n/a	n/a	n/a	n/a	n/a	n/a	n/a	n/a	n/a	n/a	969.854486	n/a
969.985531	0.000000	387994	stimulus_presentation	n/a	43	n/a	n/a	n/a	n/a	n/a	n/a	n/a	n/a	n/a	n/a	n/a	n/a	n/a	n/a	n/a	n/a	n/a	n/a	n/a	969.988017	n/a
969.985531	0.000000	387994	ttl	2	n/a	n/a	n/a	n/a	n/a	n/a	n/a	n/a	n/a	n/a	n/a	n/a	n/a	n/a	n/a	n/a	n/a	n/a	n/a	n/a	969.988017	n/a
972.001655	0.000000	388801	ttl	5	n/a	n/a	n/a	n/a	n/a	n/a	n/a	n/a	n/a	n/a	n/a	n/a	n/a	n/a	n/a	n/a	n/a	n/a	n/a	n/a	972.004141	n/a
972.167812	0.000000	388867	stimulus_presentation	n/a	153	n/a	n/a	n/a	n/a	n/a	n/a	n/a	n/a	n/a	n/a	n/a	n/a	n/a	n/a	n/a	n/a	n/a	n/a	n/a	972.170298	n/a
972.167812	0.000000	388867	ttl	3	n/a	n/a	n/a	n/a	n/a	n/a	n/a	n/a	n/a	n/a	n/a	n/a	n/a	n/a	n/a	n/a	n/a	n/a	n/a	n/a	972.170298	n/a
974.184561	0.000000	389674	ttl	6	n/a	n/a	n/a	n/a	n/a	n/a	n/a	n/a	n/a	n/a	n/a	n/a	n/a	n/a	n/a	n/a	n/a	n/a	n/a	n/a	974.187047	n/a
976.952497	0.000000	390781	stimulus_presentation	n/a	210	n/a	n/a	n/a	n/a	n/a	n/a	n/a	n/a	n/a	n/a	n/a	n/a	n/a	n/a	n/a	n/a	n/a	n/a	n/a	976.954983	n/a
976.952497	0.000000	390781	ttl	7	n/a	n/a	n/a	n/a	n/a	n/a	n/a	n/a	n/a	n/a	n/a	n/a	n/a	n/a	n/a	n/a	n/a	n/a	n/a	n/a	976.954983	n/a
979.472934	0.000000	391789	ttl	8	n/a	n/a	n/a	n/a	n/a	n/a	n/a	n/a	n/a	n/a	n/a	n/a	n/a	n/a	n/a	n/a	n/a	n/a	n/a	n/a	979.475420	n/a
979.499121	7.359966	391800	sternberg_trial	n/a	n/a	144	0	0	144	1	1	1	980.63595	982.652075	0.0	0.0	0.0	0.0	979.5016069999999	982.652075	985.369698	986.8615729999999	intervals/trials	100	979.501607	986.861573
979.499121	0.000000	391800	ttl	11	n/a	n/a	n/a	n/a	n/a	n/a	n/a	n/a	n/a	n/a	n/a	n/a	n/a	n/a	n/a	n/a	n/a	n/a	n/a	n/a	979.501607	n/a
980.633464	0.000000	392253	stimulus_presentation	n/a	44	n/a	n/a	n/a	n/a	n/a	n/a	n/a	n/a	n/a	n/a	n/a	n/a	n/a	n/a	n/a	n/a	n/a	n/a	n/a	980.635950	n/a
980.633464	0.000000	392253	ttl	1	n/a	n/a	n/a	n/a	n/a	n/a	n/a	n/a	n/a	n/a	n/a	n/a	n/a	n/a	n/a	n/a	n/a	n/a	n/a	n/a	980.635950	n/a
980.643464	0.000000	392257	stimulus_presentation	n/a	0	n/a	n/a	n/a	n/a	n/a	n/a	n/a	n/a	n/a	n/a	n/a	n/a	n/a	n/a	n/a	n/a	n/a	n/a	n/a	980.645950	n/a
980.653464	0.000000	392261	stimulus_presentation	n/a	0	n/a	n/a	n/a	n/a	n/a	n/a	n/a	n/a	n/a	n/a	n/a	n/a	n/a	n/a	n/a	n/a	n/a	n/a	n/a	980.655950	n/a
982.649589	0.000000	393060	ttl	6	n/a	n/a	n/a	n/a	n/a	n/a	n/a	n/a	n/a	n/a	n/a	n/a	n/a	n/a	n/a	n/a	n/a	n/a	n/a	n/a	982.652075	n/a
985.367212	0.000000	394147	stimulus_presentation	n/a	44	n/a	n/a	n/a	n/a	n/a	n/a	n/a	n/a	n/a	n/a	n/a	n/a	n/a	n/a	n/a	n/a	n/a	n/a	n/a	985.369698	n/a
985.367212	0.000000	394147	ttl	7	n/a	n/a	n/a	n/a	n/a	n/a	n/a	n/a	n/a	n/a	n/a	n/a	n/a	n/a	n/a	n/a	n/a	n/a	n/a	n/a	985.369698	n/a
986.859087	0.000000	394744	ttl	8	n/a	n/a	n/a	n/a	n/a	n/a	n/a	n/a	n/a	n/a	n/a	n/a	n/a	n/a	n/a	n/a	n/a	n/a	n/a	n/a	986.861573	n/a
986.881024	11.520933	394752	sternberg_trial	n/a	n/a	241	541	340	434	3	0	1	987.867447	989.883978	990.0007589999999	992.0170079999999	992.10029	994.116414	986.88351	994.116414	996.734288	998.4044429999999	intervals/trials	101	986.883510	998.404443
986.881024	0.000000	394752	ttl	11	n/a	n/a	n/a	n/a	n/a	n/a	n/a	n/a	n/a	n/a	n/a	n/a	n/a	n/a	n/a	n/a	n/a	n/a	n/a	n/a	986.883510	n/a
987.864961	0.000000	395146	stimulus_presentation	n/a	98	n/a	n/a	n/a	n/a	n/a	n/a	n/a	n/a	n/a	n/a	n/a	n/a	n/a	n/a	n/a	n/a	n/a	n/a	n/a	987.867447	n/a
987.864961	0.000000	395146	ttl	1	n/a	n/a	n/a	n/a	n/a	n/a	n/a	n/a	n/a	n/a	n/a	n/a	n/a	n/a	n/a	n/a	n/a	n/a	n/a	n/a	987.867447	n/a
989.881492	0.000000	395953	ttl	5	n/a	n/a	n/a	n/a	n/a	n/a	n/a	n/a	n/a	n/a	n/a	n/a	n/a	n/a	n/a	n/a	n/a	n/a	n/a	n/a	989.883978	n/a
989.998273	0.000000	395999	stimulus_presentation	n/a	266	n/a	n/a	n/a	n/a	n/a	n/a	n/a	n/a	n/a	n/a	n/a	n/a	n/a	n/a	n/a	n/a	n/a	n/a	n/a	990.000759	n/a
989.998273	0.000000	395999	ttl	2	n/a	n/a	n/a	n/a	n/a	n/a	n/a	n/a	n/a	n/a	n/a	n/a	n/a	n/a	n/a	n/a	n/a	n/a	n/a	n/a	990.000759	n/a
992.014522	0.000000	396806	ttl	5	n/a	n/a	n/a	n/a	n/a	n/a	n/a	n/a	n/a	n/a	n/a	n/a	n/a	n/a	n/a	n/a	n/a	n/a	n/a	n/a	992.017008	n/a
992.097804	0.000000	396839	stimulus_presentation	n/a	154	n/a	n/a	n/a	n/a	n/a	n/a	n/a	n/a	n/a	n/a	n/a	n/a	n/a	n/a	n/a	n/a	n/a	n/a	n/a	992.100290	n/a
992.097804	0.000000	396839	ttl	3	n/a	n/a	n/a	n/a	n/a	n/a	n/a	n/a	n/a	n/a	n/a	n/a	n/a	n/a	n/a	n/a	n/a	n/a	n/a	n/a	992.100290	n/a
994.113928	0.000000	397646	ttl	6	n/a	n/a	n/a	n/a	n/a	n/a	n/a	n/a	n/a	n/a	n/a	n/a	n/a	n/a	n/a	n/a	n/a	n/a	n/a	n/a	994.116414	n/a
996.731802	0.000000	398693	stimulus_presentation	n/a	204	n/a	n/a	n/a	n/a	n/a	n/a	n/a	n/a	n/a	n/a	n/a	n/a	n/a	n/a	n/a	n/a	n/a	n/a	n/a	996.734288	n/a
996.731802	0.000000	398693	ttl	7	n/a	n/a	n/a	n/a	n/a	n/a	n/a	n/a	n/a	n/a	n/a	n/a	n/a	n/a	n/a	n/a	n/a	n/a	n/a	n/a	996.734288	n/a
998.401957	0.000000	399361	ttl	8	n/a	n/a	n/a	n/a	n/a	n/a	n/a	n/a	n/a	n/a	n/a	n/a	n/a	n/a	n/a	n/a	n/a	n/a	n/a	n/a	998.404443	n/a
998.428832	6.831310	399372	sternberg_trial	n/a	n/a	441	0	0	441	1	1	1	999.532193	1001.548379	0.0	0.0	0.0	0.0	998.4313179999999	1001.548379	1004.283191	1005.262628	intervals/trials	102	998.431318	1005.262628
998.428832	0.000000	399372	ttl	11	n/a	n/a	n/a	n/a	n/a	n/a	n/a	n/a	n/a	n/a	n/a	n/a	n/a	n/a	n/a	n/a	n/a	n/a	n/a	n/a	998.431318	n/a
999.529707	0.000000	399812	stimulus_presentation	n/a	211	n/a	n/a	n/a	n/a	n/a	n/a	n/a	n/a	n/a	n/a	n/a	n/a	n/a	n/a	n/a	n/a	n/a	n/a	n/a	999.532193	n/a
999.529707	0.000000	399812	ttl	1	n/a	n/a	n/a	n/a	n/a	n/a	n/a	n/a	n/a	n/a	n/a	n/a	n/a	n/a	n/a	n/a	n/a	n/a	n/a	n/a	999.532193	n/a
999.539707	0.000000	399816	stimulus_presentation	n/a	0	n/a	n/a	n/a	n/a	n/a	n/a	n/a	n/a	n/a	n/a	n/a	n/a	n/a	n/a	n/a	n/a	n/a	n/a	n/a	999.542193	n/a
999.549707	0.000000	399820	stimulus_presentation	n/a	0	n/a	n/a	n/a	n/a	n/a	n/a	n/a	n/a	n/a	n/a	n/a	n/a	n/a	n/a	n/a	n/a	n/a	n/a	n/a	999.552193	n/a
1001.545893	0.000000	400618	ttl	6	n/a	n/a	n/a	n/a	n/a	n/a	n/a	n/a	n/a	n/a	n/a	n/a	n/a	n/a	n/a	n/a	n/a	n/a	n/a	n/a	1001.548379	n/a
1004.280705	0.000000	401712	stimulus_presentation	n/a	211	n/a	n/a	n/a	n/a	n/a	n/a	n/a	n/a	n/a	n/a	n/a	n/a	n/a	n/a	n/a	n/a	n/a	n/a	n/a	1004.283191	n/a
1004.280705	0.000000	401712	ttl	7	n/a	n/a	n/a	n/a	n/a	n/a	n/a	n/a	n/a	n/a	n/a	n/a	n/a	n/a	n/a	n/a	n/a	n/a	n/a	n/a	1004.283191	n/a
1005.260142	0.000000	402104	ttl	8	n/a	n/a	n/a	n/a	n/a	n/a	n/a	n/a	n/a	n/a	n/a	n/a	n/a	n/a	n/a	n/a	n/a	n/a	n/a	n/a	1005.262628	n/a
1005.294392	11.508527	402118	sternberg_trial	n/a	n/a	542	341	442	206	3	0	1	1006.4143779999999	1008.4310949999999	1008.480564	1010.497001	1010.6300319999999	1012.6462809999999	1005.296878	1012.6462809999999	1015.2637179999999	1016.805405	intervals/trials	103	1005.296878	1016.805405
1005.294392	0.000000	402118	ttl	11	n/a	n/a	n/a	n/a	n/a	n/a	n/a	n/a	n/a	n/a	n/a	n/a	n/a	n/a	n/a	n/a	n/a	n/a	n/a	n/a	1005.296878	n/a
1006.411892	0.000000	402565	stimulus_presentation	n/a	267	n/a	n/a	n/a	n/a	n/a	n/a	n/a	n/a	n/a	n/a	n/a	n/a	n/a	n/a	n/a	n/a	n/a	n/a	n/a	1006.414378	n/a
1006.411892	0.000000	402565	ttl	1	n/a	n/a	n/a	n/a	n/a	n/a	n/a	n/a	n/a	n/a	n/a	n/a	n/a	n/a	n/a	n/a	n/a	n/a	n/a	n/a	1006.414378	n/a
1008.428609	0.000000	403371	ttl	5	n/a	n/a	n/a	n/a	n/a	n/a	n/a	n/a	n/a	n/a	n/a	n/a	n/a	n/a	n/a	n/a	n/a	n/a	n/a	n/a	1008.431095	n/a
1008.478078	0.000000	403391	stimulus_presentation	n/a	155	n/a	n/a	n/a	n/a	n/a	n/a	n/a	n/a	n/a	n/a	n/a	n/a	n/a	n/a	n/a	n/a	n/a	n/a	n/a	1008.480564	n/a
1008.478078	0.000000	403391	ttl	2	n/a	n/a	n/a	n/a	n/a	n/a	n/a	n/a	n/a	n/a	n/a	n/a	n/a	n/a	n/a	n/a	n/a	n/a	n/a	n/a	1008.480564	n/a
1010.494515	0.000000	404198	ttl	5	n/a	n/a	n/a	n/a	n/a	n/a	n/a	n/a	n/a	n/a	n/a	n/a	n/a	n/a	n/a	n/a	n/a	n/a	n/a	n/a	1010.497001	n/a
1010.627546	0.000000	404251	stimulus_presentation	n/a	212	n/a	n/a	n/a	n/a	n/a	n/a	n/a	n/a	n/a	n/a	n/a	n/a	n/a	n/a	n/a	n/a	n/a	n/a	n/a	1010.630032	n/a
1010.627546	0.000000	404251	ttl	3	n/a	n/a	n/a	n/a	n/a	n/a	n/a	n/a	n/a	n/a	n/a	n/a	n/a	n/a	n/a	n/a	n/a	n/a	n/a	n/a	1010.630032	n/a
1012.643795	0.000000	405058	ttl	6	n/a	n/a	n/a	n/a	n/a	n/a	n/a	n/a	n/a	n/a	n/a	n/a	n/a	n/a	n/a	n/a	n/a	n/a	n/a	n/a	1012.646281	n/a
1015.261232	0.000000	406104	stimulus_presentation	n/a	63	n/a	n/a	n/a	n/a	n/a	n/a	n/a	n/a	n/a	n/a	n/a	n/a	n/a	n/a	n/a	n/a	n/a	n/a	n/a	1015.263718	n/a
1015.261232	0.000000	406104	ttl	7	n/a	n/a	n/a	n/a	n/a	n/a	n/a	n/a	n/a	n/a	n/a	n/a	n/a	n/a	n/a	n/a	n/a	n/a	n/a	n/a	1015.263718	n/a
1016.802919	0.000000	406721	ttl	8	n/a	n/a	n/a	n/a	n/a	n/a	n/a	n/a	n/a	n/a	n/a	n/a	n/a	n/a	n/a	n/a	n/a	n/a	n/a	n/a	1016.805405	n/a
1016.825419	10.592995	406730	sternberg_trial	n/a	n/a	543	145	443	318	3	0	1	1017.8628729999999	1019.878153	1019.9448719999999	1021.961278	1021.994684	1024.010808	1016.827905	1024.010808	1026.662026	1027.4208999999998	intervals/trials	104	1016.827905	1027.420900
1016.825419	0.000000	406730	ttl	11	n/a	n/a	n/a	n/a	n/a	n/a	n/a	n/a	n/a	n/a	n/a	n/a	n/a	n/a	n/a	n/a	n/a	n/a	n/a	n/a	1016.827905	n/a
1017.860387	0.000000	407144	stimulus_presentation	n/a	268	n/a	n/a	n/a	n/a	n/a	n/a	n/a	n/a	n/a	n/a	n/a	n/a	n/a	n/a	n/a	n/a	n/a	n/a	n/a	1017.862873	n/a
1017.860387	0.000000	407144	ttl	1	n/a	n/a	n/a	n/a	n/a	n/a	n/a	n/a	n/a	n/a	n/a	n/a	n/a	n/a	n/a	n/a	n/a	n/a	n/a	n/a	1017.862873	n/a
1019.875667	0.000000	407950	ttl	5	n/a	n/a	n/a	n/a	n/a	n/a	n/a	n/a	n/a	n/a	n/a	n/a	n/a	n/a	n/a	n/a	n/a	n/a	n/a	n/a	1019.878153	n/a
1019.942386	0.000000	407977	stimulus_presentation	n/a	45	n/a	n/a	n/a	n/a	n/a	n/a	n/a	n/a	n/a	n/a	n/a	n/a	n/a	n/a	n/a	n/a	n/a	n/a	n/a	1019.944872	n/a
1019.942386	0.000000	407977	ttl	2	n/a	n/a	n/a	n/a	n/a	n/a	n/a	n/a	n/a	n/a	n/a	n/a	n/a	n/a	n/a	n/a	n/a	n/a	n/a	n/a	1019.944872	n/a
1021.958792	0.000000	408784	ttl	5	n/a	n/a	n/a	n/a	n/a	n/a	n/a	n/a	n/a	n/a	n/a	n/a	n/a	n/a	n/a	n/a	n/a	n/a	n/a	n/a	1021.961278	n/a
1021.992198	0.000000	408797	stimulus_presentation	n/a	213	n/a	n/a	n/a	n/a	n/a	n/a	n/a	n/a	n/a	n/a	n/a	n/a	n/a	n/a	n/a	n/a	n/a	n/a	n/a	1021.994684	n/a
1021.992198	0.000000	408797	ttl	3	n/a	n/a	n/a	n/a	n/a	n/a	n/a	n/a	n/a	n/a	n/a	n/a	n/a	n/a	n/a	n/a	n/a	n/a	n/a	n/a	1021.994684	n/a
1024.008323	0.000000	409603	ttl	6	n/a	n/a	n/a	n/a	n/a	n/a	n/a	n/a	n/a	n/a	n/a	n/a	n/a	n/a	n/a	n/a	n/a	n/a	n/a	n/a	1024.010808	n/a
1026.659541	0.000000	410664	stimulus_presentation	n/a	132	n/a	n/a	n/a	n/a	n/a	n/a	n/a	n/a	n/a	n/a	n/a	n/a	n/a	n/a	n/a	n/a	n/a	n/a	n/a	1026.662026	n/a
1026.659541	0.000000	410664	ttl	7	n/a	n/a	n/a	n/a	n/a	n/a	n/a	n/a	n/a	n/a	n/a	n/a	n/a	n/a	n/a	n/a	n/a	n/a	n/a	n/a	1026.662026	n/a
1027.418414	0.000000	410967	ttl	8	n/a	n/a	n/a	n/a	n/a	n/a	n/a	n/a	n/a	n/a	n/a	n/a	n/a	n/a	n/a	n/a	n/a	n/a	n/a	n/a	1027.420900	n/a
1027.439883	11.377496	410976	sternberg_trial	n/a	n/a	544	242	444	142	3	0	1	1028.409962	1030.426305	1030.5096489999999	1032.5257729999998	1032.642336	1034.658741	1027.4423689999999	1034.658741	1037.343428	1038.819865	intervals/trials	105	1027.442369	1038.819865
1027.439883	0.000000	410976	ttl	11	n/a	n/a	n/a	n/a	n/a	n/a	n/a	n/a	n/a	n/a	n/a	n/a	n/a	n/a	n/a	n/a	n/a	n/a	n/a	n/a	1027.442369	n/a
1028.407477	0.000000	411363	stimulus_presentation	n/a	269	n/a	n/a	n/a	n/a	n/a	n/a	n/a	n/a	n/a	n/a	n/a	n/a	n/a	n/a	n/a	n/a	n/a	n/a	n/a	1028.409962	n/a
1028.407477	0.000000	411363	ttl	1	n/a	n/a	n/a	n/a	n/a	n/a	n/a	n/a	n/a	n/a	n/a	n/a	n/a	n/a	n/a	n/a	n/a	n/a	n/a	n/a	1028.409962	n/a
1030.423820	0.000000	412170	ttl	5	n/a	n/a	n/a	n/a	n/a	n/a	n/a	n/a	n/a	n/a	n/a	n/a	n/a	n/a	n/a	n/a	n/a	n/a	n/a	n/a	1030.426305	n/a
1030.507163	0.000000	412203	stimulus_presentation	n/a	99	n/a	n/a	n/a	n/a	n/a	n/a	n/a	n/a	n/a	n/a	n/a	n/a	n/a	n/a	n/a	n/a	n/a	n/a	n/a	1030.509649	n/a
1030.507163	0.000000	412203	ttl	2	n/a	n/a	n/a	n/a	n/a	n/a	n/a	n/a	n/a	n/a	n/a	n/a	n/a	n/a	n/a	n/a	n/a	n/a	n/a	n/a	1030.509649	n/a
1032.523287	0.000000	413009	ttl	5	n/a	n/a	n/a	n/a	n/a	n/a	n/a	n/a	n/a	n/a	n/a	n/a	n/a	n/a	n/a	n/a	n/a	n/a	n/a	n/a	1032.525773	n/a
1032.639850	0.000000	413056	stimulus_presentation	n/a	214	n/a	n/a	n/a	n/a	n/a	n/a	n/a	n/a	n/a	n/a	n/a	n/a	n/a	n/a	n/a	n/a	n/a	n/a	n/a	1032.642336	n/a
1032.639850	0.000000	413056	ttl	3	n/a	n/a	n/a	n/a	n/a	n/a	n/a	n/a	n/a	n/a	n/a	n/a	n/a	n/a	n/a	n/a	n/a	n/a	n/a	n/a	1032.642336	n/a
1034.656256	0.000000	413863	ttl	6	n/a	n/a	n/a	n/a	n/a	n/a	n/a	n/a	n/a	n/a	n/a	n/a	n/a	n/a	n/a	n/a	n/a	n/a	n/a	n/a	1034.658741	n/a
1037.340942	0.000000	414936	stimulus_presentation	n/a	42	n/a	n/a	n/a	n/a	n/a	n/a	n/a	n/a	n/a	n/a	n/a	n/a	n/a	n/a	n/a	n/a	n/a	n/a	n/a	1037.343428	n/a
1037.340942	0.000000	414936	ttl	7	n/a	n/a	n/a	n/a	n/a	n/a	n/a	n/a	n/a	n/a	n/a	n/a	n/a	n/a	n/a	n/a	n/a	n/a	n/a	n/a	1037.343428	n/a
1038.817380	0.000000	415527	ttl	8	n/a	n/a	n/a	n/a	n/a	n/a	n/a	n/a	n/a	n/a	n/a	n/a	n/a	n/a	n/a	n/a	n/a	n/a	n/a	n/a	1038.819865	n/a
1038.837473	6.918560	415535	sternberg_trial	n/a	n/a	243	0	0	316	1	0	1	1039.80777	1041.8243009999999	0.0	0.0	0.0	0.0	1038.839958	1041.8243009999999	1044.441862	1045.7585179999999	intervals/trials	106	1038.839958	1045.758518
1038.837473	0.000000	415535	ttl	11	n/a	n/a	n/a	n/a	n/a	n/a	n/a	n/a	n/a	n/a	n/a	n/a	n/a	n/a	n/a	n/a	n/a	n/a	n/a	n/a	1038.839958	n/a
1039.805284	0.000000	415922	stimulus_presentation	n/a	100	n/a	n/a	n/a	n/a	n/a	n/a	n/a	n/a	n/a	n/a	n/a	n/a	n/a	n/a	n/a	n/a	n/a	n/a	n/a	1039.807770	n/a
1039.805284	0.000000	415922	ttl	1	n/a	n/a	n/a	n/a	n/a	n/a	n/a	n/a	n/a	n/a	n/a	n/a	n/a	n/a	n/a	n/a	n/a	n/a	n/a	n/a	1039.807770	n/a
1039.815284	0.000000	415926	stimulus_presentation	n/a	0	n/a	n/a	n/a	n/a	n/a	n/a	n/a	n/a	n/a	n/a	n/a	n/a	n/a	n/a	n/a	n/a	n/a	n/a	n/a	1039.817770	n/a
1039.825284	0.000000	415930	stimulus_presentation	n/a	0	n/a	n/a	n/a	n/a	n/a	n/a	n/a	n/a	n/a	n/a	n/a	n/a	n/a	n/a	n/a	n/a	n/a	n/a	n/a	1039.827770	n/a
1041.821815	0.000000	416729	ttl	6	n/a	n/a	n/a	n/a	n/a	n/a	n/a	n/a	n/a	n/a	n/a	n/a	n/a	n/a	n/a	n/a	n/a	n/a	n/a	n/a	1041.824301	n/a
1044.439376	0.000000	417776	stimulus_presentation	n/a	130	n/a	n/a	n/a	n/a	n/a	n/a	n/a	n/a	n/a	n/a	n/a	n/a	n/a	n/a	n/a	n/a	n/a	n/a	n/a	1044.441862	n/a
1044.439376	0.000000	417776	ttl	7	n/a	n/a	n/a	n/a	n/a	n/a	n/a	n/a	n/a	n/a	n/a	n/a	n/a	n/a	n/a	n/a	n/a	n/a	n/a	n/a	1044.441862	n/a
1045.756032	0.000000	418302	ttl	8	n/a	n/a	n/a	n/a	n/a	n/a	n/a	n/a	n/a	n/a	n/a	n/a	n/a	n/a	n/a	n/a	n/a	n/a	n/a	n/a	1045.758518	n/a
1045.786689	11.368277	418315	sternberg_trial	n/a	n/a	244	146	342	146	3	1	1	1046.922674	1048.9386729999999	1048.971923	1050.988235	1051.0215779999999	1053.037859	1045.789174	1053.037859	1055.8211079999999	1057.157451	intervals/trials	107	1045.789174	1057.157451
1045.786689	0.000000	418315	ttl	11	n/a	n/a	n/a	n/a	n/a	n/a	n/a	n/a	n/a	n/a	n/a	n/a	n/a	n/a	n/a	n/a	n/a	n/a	n/a	n/a	1045.789174	n/a
1046.920188	0.000000	418768	stimulus_presentation	n/a	101	n/a	n/a	n/a	n/a	n/a	n/a	n/a	n/a	n/a	n/a	n/a	n/a	n/a	n/a	n/a	n/a	n/a	n/a	n/a	1046.922674	n/a
1046.920188	0.000000	418768	ttl	1	n/a	n/a	n/a	n/a	n/a	n/a	n/a	n/a	n/a	n/a	n/a	n/a	n/a	n/a	n/a	n/a	n/a	n/a	n/a	n/a	1046.922674	n/a
1048.936187	0.000000	419574	ttl	5	n/a	n/a	n/a	n/a	n/a	n/a	n/a	n/a	n/a	n/a	n/a	n/a	n/a	n/a	n/a	n/a	n/a	n/a	n/a	n/a	1048.938673	n/a
1048.969438	0.000000	419588	stimulus_presentation	n/a	46	n/a	n/a	n/a	n/a	n/a	n/a	n/a	n/a	n/a	n/a	n/a	n/a	n/a	n/a	n/a	n/a	n/a	n/a	n/a	1048.971923	n/a
1048.969438	0.000000	419588	ttl	2	n/a	n/a	n/a	n/a	n/a	n/a	n/a	n/a	n/a	n/a	n/a	n/a	n/a	n/a	n/a	n/a	n/a	n/a	n/a	n/a	1048.971923	n/a
1050.985750	0.000000	420394	ttl	5	n/a	n/a	n/a	n/a	n/a	n/a	n/a	n/a	n/a	n/a	n/a	n/a	n/a	n/a	n/a	n/a	n/a	n/a	n/a	n/a	1050.988235	n/a
1051.019092	0.000000	420408	stimulus_presentation	n/a	156	n/a	n/a	n/a	n/a	n/a	n/a	n/a	n/a	n/a	n/a	n/a	n/a	n/a	n/a	n/a	n/a	n/a	n/a	n/a	1051.021578	n/a
1051.019092	0.000000	420408	ttl	3	n/a	n/a	n/a	n/a	n/a	n/a	n/a	n/a	n/a	n/a	n/a	n/a	n/a	n/a	n/a	n/a	n/a	n/a	n/a	n/a	1051.021578	n/a
1053.035374	0.000000	421214	ttl	6	n/a	n/a	n/a	n/a	n/a	n/a	n/a	n/a	n/a	n/a	n/a	n/a	n/a	n/a	n/a	n/a	n/a	n/a	n/a	n/a	1053.037859	n/a
1055.818622	0.000000	422327	stimulus_presentation	n/a	46	n/a	n/a	n/a	n/a	n/a	n/a	n/a	n/a	n/a	n/a	n/a	n/a	n/a	n/a	n/a	n/a	n/a	n/a	n/a	1055.821108	n/a
1055.818622	0.000000	422327	ttl	7	n/a	n/a	n/a	n/a	n/a	n/a	n/a	n/a	n/a	n/a	n/a	n/a	n/a	n/a	n/a	n/a	n/a	n/a	n/a	n/a	1055.821108	n/a
1057.154966	0.000000	422862	ttl	8	n/a	n/a	n/a	n/a	n/a	n/a	n/a	n/a	n/a	n/a	n/a	n/a	n/a	n/a	n/a	n/a	n/a	n/a	n/a	n/a	1057.157451	n/a
1057.184278	8.651622	422874	sternberg_trial	n/a	n/a	343	0	0	343	1	1	1	1058.287232	1060.303981	0.0	0.0	0.0	0.0	1057.186763	1060.303981	1062.95523	1065.838385	intervals/trials	108	1057.186763	1065.838385
1057.184278	0.000000	422874	ttl	11	n/a	n/a	n/a	n/a	n/a	n/a	n/a	n/a	n/a	n/a	n/a	n/a	n/a	n/a	n/a	n/a	n/a	n/a	n/a	n/a	1057.186763	n/a
1058.284746	0.000000	423314	stimulus_presentation	n/a	157	n/a	n/a	n/a	n/a	n/a	n/a	n/a	n/a	n/a	n/a	n/a	n/a	n/a	n/a	n/a	n/a	n/a	n/a	n/a	1058.287232	n/a
1058.284746	0.000000	423314	ttl	1	n/a	n/a	n/a	n/a	n/a	n/a	n/a	n/a	n/a	n/a	n/a	n/a	n/a	n/a	n/a	n/a	n/a	n/a	n/a	n/a	1058.287232	n/a
1058.294746	0.000000	423318	stimulus_presentation	n/a	0	n/a	n/a	n/a	n/a	n/a	n/a	n/a	n/a	n/a	n/a	n/a	n/a	n/a	n/a	n/a	n/a	n/a	n/a	n/a	1058.297232	n/a
1058.304746	0.000000	423322	stimulus_presentation	n/a	0	n/a	n/a	n/a	n/a	n/a	n/a	n/a	n/a	n/a	n/a	n/a	n/a	n/a	n/a	n/a	n/a	n/a	n/a	n/a	1058.307232	n/a
1060.301496	0.000000	424121	ttl	6	n/a	n/a	n/a	n/a	n/a	n/a	n/a	n/a	n/a	n/a	n/a	n/a	n/a	n/a	n/a	n/a	n/a	n/a	n/a	n/a	1060.303981	n/a
1062.952745	0.000000	425181	stimulus_presentation	n/a	157	n/a	n/a	n/a	n/a	n/a	n/a	n/a	n/a	n/a	n/a	n/a	n/a	n/a	n/a	n/a	n/a	n/a	n/a	n/a	1062.955230	n/a
1062.952745	0.000000	425181	ttl	7	n/a	n/a	n/a	n/a	n/a	n/a	n/a	n/a	n/a	n/a	n/a	n/a	n/a	n/a	n/a	n/a	n/a	n/a	n/a	n/a	1062.955230	n/a
1065.835900	0.000000	426334	ttl	8	n/a	n/a	n/a	n/a	n/a	n/a	n/a	n/a	n/a	n/a	n/a	n/a	n/a	n/a	n/a	n/a	n/a	n/a	n/a	n/a	1065.838385	n/a
1065.865931	11.528683	426346	sternberg_trial	n/a	n/a	445	344	245	127	3	0	1	1066.819291	1068.835352	1068.985602	1071.0017269999998	1071.135445	1073.151288	1065.868416	1073.151288	1075.88585	1077.397099	intervals/trials	109	1065.868416	1077.397099
1065.865931	0.000000	426346	ttl	11	n/a	n/a	n/a	n/a	n/a	n/a	n/a	n/a	n/a	n/a	n/a	n/a	n/a	n/a	n/a	n/a	n/a	n/a	n/a	n/a	1065.868416	n/a
1066.816806	0.000000	426727	stimulus_presentation	n/a	215	n/a	n/a	n/a	n/a	n/a	n/a	n/a	n/a	n/a	n/a	n/a	n/a	n/a	n/a	n/a	n/a	n/a	n/a	n/a	1066.819291	n/a
1066.816806	0.000000	426727	ttl	1	n/a	n/a	n/a	n/a	n/a	n/a	n/a	n/a	n/a	n/a	n/a	n/a	n/a	n/a	n/a	n/a	n/a	n/a	n/a	n/a	1066.819291	n/a
1068.832867	0.000000	427533	ttl	5	n/a	n/a	n/a	n/a	n/a	n/a	n/a	n/a	n/a	n/a	n/a	n/a	n/a	n/a	n/a	n/a	n/a	n/a	n/a	n/a	1068.835352	n/a
1068.983117	0.000000	427593	stimulus_presentation	n/a	158	n/a	n/a	n/a	n/a	n/a	n/a	n/a	n/a	n/a	n/a	n/a	n/a	n/a	n/a	n/a	n/a	n/a	n/a	n/a	1068.985602	n/a
1068.983117	0.000000	427593	ttl	2	n/a	n/a	n/a	n/a	n/a	n/a	n/a	n/a	n/a	n/a	n/a	n/a	n/a	n/a	n/a	n/a	n/a	n/a	n/a	n/a	1068.985602	n/a
1070.999241	0.000000	428400	ttl	5	n/a	n/a	n/a	n/a	n/a	n/a	n/a	n/a	n/a	n/a	n/a	n/a	n/a	n/a	n/a	n/a	n/a	n/a	n/a	n/a	1071.001727	n/a
1071.132959	0.000000	428453	stimulus_presentation	n/a	102	n/a	n/a	n/a	n/a	n/a	n/a	n/a	n/a	n/a	n/a	n/a	n/a	n/a	n/a	n/a	n/a	n/a	n/a	n/a	1071.135445	n/a
1071.132959	0.000000	428453	ttl	3	n/a	n/a	n/a	n/a	n/a	n/a	n/a	n/a	n/a	n/a	n/a	n/a	n/a	n/a	n/a	n/a	n/a	n/a	n/a	n/a	1071.135445	n/a
1073.148803	0.000000	429260	ttl	6	n/a	n/a	n/a	n/a	n/a	n/a	n/a	n/a	n/a	n/a	n/a	n/a	n/a	n/a	n/a	n/a	n/a	n/a	n/a	n/a	1073.151288	n/a
1075.883364	0.000000	430353	stimulus_presentation	n/a	27	n/a	n/a	n/a	n/a	n/a	n/a	n/a	n/a	n/a	n/a	n/a	n/a	n/a	n/a	n/a	n/a	n/a	n/a	n/a	1075.885850	n/a
1075.883364	0.000000	430353	ttl	7	n/a	n/a	n/a	n/a	n/a	n/a	n/a	n/a	n/a	n/a	n/a	n/a	n/a	n/a	n/a	n/a	n/a	n/a	n/a	n/a	1075.885850	n/a
1077.394614	0.000000	430958	ttl	8	n/a	n/a	n/a	n/a	n/a	n/a	n/a	n/a	n/a	n/a	n/a	n/a	n/a	n/a	n/a	n/a	n/a	n/a	n/a	n/a	1077.397099	n/a
1077.430394	11.267121	430972	sternberg_trial	n/a	n/a	147	246	545	545	3	1	1	1078.50038	1080.516598	1080.6658479999999	1082.682941	1082.816284	1084.832534	1077.4328799999998	1084.832534	1087.467001	1088.700001	intervals/trials	110	1077.432880	1088.700001
1077.430394	0.000000	430972	ttl	11	n/a	n/a	n/a	n/a	n/a	n/a	n/a	n/a	n/a	n/a	n/a	n/a	n/a	n/a	n/a	n/a	n/a	n/a	n/a	n/a	1077.432880	n/a
1078.497895	0.000000	431399	stimulus_presentation	n/a	47	n/a	n/a	n/a	n/a	n/a	n/a	n/a	n/a	n/a	n/a	n/a	n/a	n/a	n/a	n/a	n/a	n/a	n/a	n/a	1078.500380	n/a
1078.497895	0.000000	431399	ttl	1	n/a	n/a	n/a	n/a	n/a	n/a	n/a	n/a	n/a	n/a	n/a	n/a	n/a	n/a	n/a	n/a	n/a	n/a	n/a	n/a	1078.500380	n/a
1080.514113	0.000000	432206	ttl	5	n/a	n/a	n/a	n/a	n/a	n/a	n/a	n/a	n/a	n/a	n/a	n/a	n/a	n/a	n/a	n/a	n/a	n/a	n/a	n/a	1080.516598	n/a
1080.663362	0.000000	432265	stimulus_presentation	n/a	103	n/a	n/a	n/a	n/a	n/a	n/a	n/a	n/a	n/a	n/a	n/a	n/a	n/a	n/a	n/a	n/a	n/a	n/a	n/a	1080.665848	n/a
1080.663362	0.000000	432265	ttl	2	n/a	n/a	n/a	n/a	n/a	n/a	n/a	n/a	n/a	n/a	n/a	n/a	n/a	n/a	n/a	n/a	n/a	n/a	n/a	n/a	1080.665848	n/a
1082.680456	0.000000	433072	ttl	5	n/a	n/a	n/a	n/a	n/a	n/a	n/a	n/a	n/a	n/a	n/a	n/a	n/a	n/a	n/a	n/a	n/a	n/a	n/a	n/a	1082.682941	n/a
1082.813799	0.000000	433126	stimulus_presentation	n/a	270	n/a	n/a	n/a	n/a	n/a	n/a	n/a	n/a	n/a	n/a	n/a	n/a	n/a	n/a	n/a	n/a	n/a	n/a	n/a	1082.816284	n/a
1082.813799	0.000000	433126	ttl	3	n/a	n/a	n/a	n/a	n/a	n/a	n/a	n/a	n/a	n/a	n/a	n/a	n/a	n/a	n/a	n/a	n/a	n/a	n/a	n/a	1082.816284	n/a
1084.830048	0.000000	433932	ttl	6	n/a	n/a	n/a	n/a	n/a	n/a	n/a	n/a	n/a	n/a	n/a	n/a	n/a	n/a	n/a	n/a	n/a	n/a	n/a	n/a	1084.832534	n/a
1087.464516	0.000000	434986	stimulus_presentation	n/a	270	n/a	n/a	n/a	n/a	n/a	n/a	n/a	n/a	n/a	n/a	n/a	n/a	n/a	n/a	n/a	n/a	n/a	n/a	n/a	1087.467001	n/a
1087.464516	0.000000	434986	ttl	7	n/a	n/a	n/a	n/a	n/a	n/a	n/a	n/a	n/a	n/a	n/a	n/a	n/a	n/a	n/a	n/a	n/a	n/a	n/a	n/a	1087.467001	n/a
1088.697516	0.000000	435479	ttl	8	n/a	n/a	n/a	n/a	n/a	n/a	n/a	n/a	n/a	n/a	n/a	n/a	n/a	n/a	n/a	n/a	n/a	n/a	n/a	n/a	1088.700001	n/a
1088.728233	10.824715	435491	sternberg_trial	n/a	n/a	446	148	546	337	3	0	1	1089.815094	1091.831187	1091.9977489999999	1094.013936	1094.0466239999998	1096.063717	1088.730719	1096.063717	1098.696747	1099.5554339999999	intervals/trials	111	1088.730719	1099.555434
1088.728233	0.000000	435491	ttl	11	n/a	n/a	n/a	n/a	n/a	n/a	n/a	n/a	n/a	n/a	n/a	n/a	n/a	n/a	n/a	n/a	n/a	n/a	n/a	n/a	1088.730719	n/a
1089.812609	0.000000	435925	stimulus_presentation	n/a	216	n/a	n/a	n/a	n/a	n/a	n/a	n/a	n/a	n/a	n/a	n/a	n/a	n/a	n/a	n/a	n/a	n/a	n/a	n/a	1089.815094	n/a
1089.812609	0.000000	435925	ttl	1	n/a	n/a	n/a	n/a	n/a	n/a	n/a	n/a	n/a	n/a	n/a	n/a	n/a	n/a	n/a	n/a	n/a	n/a	n/a	n/a	1089.815094	n/a
1091.828702	0.000000	436731	ttl	5	n/a	n/a	n/a	n/a	n/a	n/a	n/a	n/a	n/a	n/a	n/a	n/a	n/a	n/a	n/a	n/a	n/a	n/a	n/a	n/a	1091.831187	n/a
1091.995263	0.000000	436798	stimulus_presentation	n/a	48	n/a	n/a	n/a	n/a	n/a	n/a	n/a	n/a	n/a	n/a	n/a	n/a	n/a	n/a	n/a	n/a	n/a	n/a	n/a	1091.997749	n/a
1091.995263	0.000000	436798	ttl	2	n/a	n/a	n/a	n/a	n/a	n/a	n/a	n/a	n/a	n/a	n/a	n/a	n/a	n/a	n/a	n/a	n/a	n/a	n/a	n/a	1091.997749	n/a
1094.011451	0.000000	437605	ttl	5	n/a	n/a	n/a	n/a	n/a	n/a	n/a	n/a	n/a	n/a	n/a	n/a	n/a	n/a	n/a	n/a	n/a	n/a	n/a	n/a	1094.013936	n/a
1094.044138	0.000000	437618	stimulus_presentation	n/a	271	n/a	n/a	n/a	n/a	n/a	n/a	n/a	n/a	n/a	n/a	n/a	n/a	n/a	n/a	n/a	n/a	n/a	n/a	n/a	1094.046624	n/a
1094.044138	0.000000	437618	ttl	3	n/a	n/a	n/a	n/a	n/a	n/a	n/a	n/a	n/a	n/a	n/a	n/a	n/a	n/a	n/a	n/a	n/a	n/a	n/a	n/a	1094.046624	n/a
1096.061232	0.000000	438424	ttl	6	n/a	n/a	n/a	n/a	n/a	n/a	n/a	n/a	n/a	n/a	n/a	n/a	n/a	n/a	n/a	n/a	n/a	n/a	n/a	n/a	1096.063717	n/a
1098.694262	0.000000	439478	stimulus_presentation	n/a	151	n/a	n/a	n/a	n/a	n/a	n/a	n/a	n/a	n/a	n/a	n/a	n/a	n/a	n/a	n/a	n/a	n/a	n/a	n/a	1098.696747	n/a
1098.694262	0.000000	439478	ttl	7	n/a	n/a	n/a	n/a	n/a	n/a	n/a	n/a	n/a	n/a	n/a	n/a	n/a	n/a	n/a	n/a	n/a	n/a	n/a	n/a	1098.696747	n/a
1099.552948	0.000000	439821	ttl	8	n/a	n/a	n/a	n/a	n/a	n/a	n/a	n/a	n/a	n/a	n/a	n/a	n/a	n/a	n/a	n/a	n/a	n/a	n/a	n/a	1099.555434	n/a
1099.575886	6.979435	439830	sternberg_trial	n/a	n/a	149	0	0	149	1	1	1	1100.762808	1102.7790889999999	0.0	0.0	0.0	0.0	1099.578371	1102.7790889999999	1105.480182	1106.557806	intervals/trials	112	1099.578371	1106.557806
1099.575886	0.000000	439830	ttl	11	n/a	n/a	n/a	n/a	n/a	n/a	n/a	n/a	n/a	n/a	n/a	n/a	n/a	n/a	n/a	n/a	n/a	n/a	n/a	n/a	1099.578371	n/a
1100.760323	0.000000	440304	stimulus_presentation	n/a	49	n/a	n/a	n/a	n/a	n/a	n/a	n/a	n/a	n/a	n/a	n/a	n/a	n/a	n/a	n/a	n/a	n/a	n/a	n/a	1100.762808	n/a
1100.760323	0.000000	440304	ttl	1	n/a	n/a	n/a	n/a	n/a	n/a	n/a	n/a	n/a	n/a	n/a	n/a	n/a	n/a	n/a	n/a	n/a	n/a	n/a	n/a	1100.762808	n/a
1100.770323	0.000000	440308	stimulus_presentation	n/a	0	n/a	n/a	n/a	n/a	n/a	n/a	n/a	n/a	n/a	n/a	n/a	n/a	n/a	n/a	n/a	n/a	n/a	n/a	n/a	1100.772808	n/a
1100.780323	0.000000	440312	stimulus_presentation	n/a	0	n/a	n/a	n/a	n/a	n/a	n/a	n/a	n/a	n/a	n/a	n/a	n/a	n/a	n/a	n/a	n/a	n/a	n/a	n/a	1100.782808	n/a
1102.776603	0.000000	441111	ttl	6	n/a	n/a	n/a	n/a	n/a	n/a	n/a	n/a	n/a	n/a	n/a	n/a	n/a	n/a	n/a	n/a	n/a	n/a	n/a	n/a	1102.779089	n/a
1105.477697	0.000000	442191	stimulus_presentation	n/a	49	n/a	n/a	n/a	n/a	n/a	n/a	n/a	n/a	n/a	n/a	n/a	n/a	n/a	n/a	n/a	n/a	n/a	n/a	n/a	1105.480182	n/a
1105.477697	0.000000	442191	ttl	7	n/a	n/a	n/a	n/a	n/a	n/a	n/a	n/a	n/a	n/a	n/a	n/a	n/a	n/a	n/a	n/a	n/a	n/a	n/a	n/a	1105.480182	n/a
1106.555321	0.000000	442622	ttl	8	n/a	n/a	n/a	n/a	n/a	n/a	n/a	n/a	n/a	n/a	n/a	n/a	n/a	n/a	n/a	n/a	n/a	n/a	n/a	n/a	1106.557806	n/a
1106.591476	11.490683	442637	sternberg_trial	n/a	n/a	150	547	345	444	3	0	1	1107.695399	1109.710742	1109.910336	1111.927366	1112.077335	1114.0936159999999	1106.593962	1114.0936159999999	1116.744771	1118.084645	intervals/trials	113	1106.593962	1118.084645
1106.591476	0.000000	442637	ttl	11	n/a	n/a	n/a	n/a	n/a	n/a	n/a	n/a	n/a	n/a	n/a	n/a	n/a	n/a	n/a	n/a	n/a	n/a	n/a	n/a	1106.593962	n/a
1107.692914	0.000000	443077	stimulus_presentation	n/a	50	n/a	n/a	n/a	n/a	n/a	n/a	n/a	n/a	n/a	n/a	n/a	n/a	n/a	n/a	n/a	n/a	n/a	n/a	n/a	1107.695399	n/a
1107.692914	0.000000	443077	ttl	1	n/a	n/a	n/a	n/a	n/a	n/a	n/a	n/a	n/a	n/a	n/a	n/a	n/a	n/a	n/a	n/a	n/a	n/a	n/a	n/a	1107.695399	n/a
1109.708257	0.000000	443883	ttl	5	n/a	n/a	n/a	n/a	n/a	n/a	n/a	n/a	n/a	n/a	n/a	n/a	n/a	n/a	n/a	n/a	n/a	n/a	n/a	n/a	1109.710742	n/a
1109.907850	0.000000	443963	stimulus_presentation	n/a	272	n/a	n/a	n/a	n/a	n/a	n/a	n/a	n/a	n/a	n/a	n/a	n/a	n/a	n/a	n/a	n/a	n/a	n/a	n/a	1109.910336	n/a
1109.907850	0.000000	443963	ttl	2	n/a	n/a	n/a	n/a	n/a	n/a	n/a	n/a	n/a	n/a	n/a	n/a	n/a	n/a	n/a	n/a	n/a	n/a	n/a	n/a	1109.910336	n/a
1111.924880	0.000000	444770	ttl	5	n/a	n/a	n/a	n/a	n/a	n/a	n/a	n/a	n/a	n/a	n/a	n/a	n/a	n/a	n/a	n/a	n/a	n/a	n/a	n/a	1111.927366	n/a
1112.074850	0.000000	444830	stimulus_presentation	n/a	159	n/a	n/a	n/a	n/a	n/a	n/a	n/a	n/a	n/a	n/a	n/a	n/a	n/a	n/a	n/a	n/a	n/a	n/a	n/a	1112.077335	n/a
1112.074850	0.000000	444830	ttl	3	n/a	n/a	n/a	n/a	n/a	n/a	n/a	n/a	n/a	n/a	n/a	n/a	n/a	n/a	n/a	n/a	n/a	n/a	n/a	n/a	1112.077335	n/a
1114.091130	0.000000	445636	ttl	6	n/a	n/a	n/a	n/a	n/a	n/a	n/a	n/a	n/a	n/a	n/a	n/a	n/a	n/a	n/a	n/a	n/a	n/a	n/a	n/a	1114.093616	n/a
1116.742285	0.000000	446697	stimulus_presentation	n/a	214	n/a	n/a	n/a	n/a	n/a	n/a	n/a	n/a	n/a	n/a	n/a	n/a	n/a	n/a	n/a	n/a	n/a	n/a	n/a	1116.744771	n/a
1116.742285	0.000000	446697	ttl	7	n/a	n/a	n/a	n/a	n/a	n/a	n/a	n/a	n/a	n/a	n/a	n/a	n/a	n/a	n/a	n/a	n/a	n/a	n/a	n/a	1116.744771	n/a
1118.082159	0.000000	447233	ttl	8	n/a	n/a	n/a	n/a	n/a	n/a	n/a	n/a	n/a	n/a	n/a	n/a	n/a	n/a	n/a	n/a	n/a	n/a	n/a	n/a	1118.084645	n/a
1118.105910	11.503058	447242	sternberg_trial	n/a	n/a	151	346	548	446	3	0	1	1119.175926	1121.192269	1121.275644	1123.291706	1123.442081	1125.458111	1118.108395	1125.458111	1128.209329	1129.611453	intervals/trials	114	1118.108395	1129.611453
1118.105910	0.000000	447242	ttl	11	n/a	n/a	n/a	n/a	n/a	n/a	n/a	n/a	n/a	n/a	n/a	n/a	n/a	n/a	n/a	n/a	n/a	n/a	n/a	n/a	1118.108395	n/a
1119.173440	0.000000	447669	stimulus_presentation	n/a	51	n/a	n/a	n/a	n/a	n/a	n/a	n/a	n/a	n/a	n/a	n/a	n/a	n/a	n/a	n/a	n/a	n/a	n/a	n/a	1119.175926	n/a
1119.173440	0.000000	447669	ttl	1	n/a	n/a	n/a	n/a	n/a	n/a	n/a	n/a	n/a	n/a	n/a	n/a	n/a	n/a	n/a	n/a	n/a	n/a	n/a	n/a	1119.175926	n/a
1121.189783	0.000000	448476	ttl	5	n/a	n/a	n/a	n/a	n/a	n/a	n/a	n/a	n/a	n/a	n/a	n/a	n/a	n/a	n/a	n/a	n/a	n/a	n/a	n/a	1121.192269	n/a
1121.273159	0.000000	448509	stimulus_presentation	n/a	160	n/a	n/a	n/a	n/a	n/a	n/a	n/a	n/a	n/a	n/a	n/a	n/a	n/a	n/a	n/a	n/a	n/a	n/a	n/a	1121.275644	n/a
1121.273159	0.000000	448509	ttl	2	n/a	n/a	n/a	n/a	n/a	n/a	n/a	n/a	n/a	n/a	n/a	n/a	n/a	n/a	n/a	n/a	n/a	n/a	n/a	n/a	1121.275644	n/a
1123.289221	0.000000	449316	ttl	5	n/a	n/a	n/a	n/a	n/a	n/a	n/a	n/a	n/a	n/a	n/a	n/a	n/a	n/a	n/a	n/a	n/a	n/a	n/a	n/a	1123.291706	n/a
1123.439595	0.000000	449376	stimulus_presentation	n/a	273	n/a	n/a	n/a	n/a	n/a	n/a	n/a	n/a	n/a	n/a	n/a	n/a	n/a	n/a	n/a	n/a	n/a	n/a	n/a	1123.442081	n/a
1123.439595	0.000000	449376	ttl	3	n/a	n/a	n/a	n/a	n/a	n/a	n/a	n/a	n/a	n/a	n/a	n/a	n/a	n/a	n/a	n/a	n/a	n/a	n/a	n/a	1123.442081	n/a
1125.455625	0.000000	450182	ttl	6	n/a	n/a	n/a	n/a	n/a	n/a	n/a	n/a	n/a	n/a	n/a	n/a	n/a	n/a	n/a	n/a	n/a	n/a	n/a	n/a	1125.458111	n/a
1128.206844	0.000000	451283	stimulus_presentation	n/a	216	n/a	n/a	n/a	n/a	n/a	n/a	n/a	n/a	n/a	n/a	n/a	n/a	n/a	n/a	n/a	n/a	n/a	n/a	n/a	1128.209329	n/a
1128.206844	0.000000	451283	ttl	7	n/a	n/a	n/a	n/a	n/a	n/a	n/a	n/a	n/a	n/a	n/a	n/a	n/a	n/a	n/a	n/a	n/a	n/a	n/a	n/a	1128.209329	n/a
1129.608968	0.000000	451844	ttl	8	n/a	n/a	n/a	n/a	n/a	n/a	n/a	n/a	n/a	n/a	n/a	n/a	n/a	n/a	n/a	n/a	n/a	n/a	n/a	n/a	1129.611453	n/a
1129.637187	11.162808	451855	sternberg_trial	n/a	n/a	447	347	247	447	3	1	0	1130.7401399999999	1132.756608	1132.973233	1134.989451	1135.189482	1137.20545	1129.639672	1137.20545	1139.806824	1140.80248	intervals/trials	115	1129.639672	1140.802480
1129.637187	0.000000	451855	ttl	11	n/a	n/a	n/a	n/a	n/a	n/a	n/a	n/a	n/a	n/a	n/a	n/a	n/a	n/a	n/a	n/a	n/a	n/a	n/a	n/a	1129.639672	n/a
1130.737654	0.000000	452295	stimulus_presentation	n/a	217	n/a	n/a	n/a	n/a	n/a	n/a	n/a	n/a	n/a	n/a	n/a	n/a	n/a	n/a	n/a	n/a	n/a	n/a	n/a	1130.740140	n/a
1130.737654	0.000000	452295	ttl	1	n/a	n/a	n/a	n/a	n/a	n/a	n/a	n/a	n/a	n/a	n/a	n/a	n/a	n/a	n/a	n/a	n/a	n/a	n/a	n/a	1130.740140	n/a
1132.754122	0.000000	453102	ttl	5	n/a	n/a	n/a	n/a	n/a	n/a	n/a	n/a	n/a	n/a	n/a	n/a	n/a	n/a	n/a	n/a	n/a	n/a	n/a	n/a	1132.756608	n/a
1132.970748	0.000000	453188	stimulus_presentation	n/a	161	n/a	n/a	n/a	n/a	n/a	n/a	n/a	n/a	n/a	n/a	n/a	n/a	n/a	n/a	n/a	n/a	n/a	n/a	n/a	1132.973233	n/a
1132.970748	0.000000	453188	ttl	2	n/a	n/a	n/a	n/a	n/a	n/a	n/a	n/a	n/a	n/a	n/a	n/a	n/a	n/a	n/a	n/a	n/a	n/a	n/a	n/a	1132.973233	n/a
1134.986965	0.000000	453995	ttl	5	n/a	n/a	n/a	n/a	n/a	n/a	n/a	n/a	n/a	n/a	n/a	n/a	n/a	n/a	n/a	n/a	n/a	n/a	n/a	n/a	1134.989451	n/a
1135.186997	0.000000	454075	stimulus_presentation	n/a	104	n/a	n/a	n/a	n/a	n/a	n/a	n/a	n/a	n/a	n/a	n/a	n/a	n/a	n/a	n/a	n/a	n/a	n/a	n/a	1135.189482	n/a
1135.186997	0.000000	454075	ttl	3	n/a	n/a	n/a	n/a	n/a	n/a	n/a	n/a	n/a	n/a	n/a	n/a	n/a	n/a	n/a	n/a	n/a	n/a	n/a	n/a	1135.189482	n/a
1137.202965	0.000000	454881	ttl	6	n/a	n/a	n/a	n/a	n/a	n/a	n/a	n/a	n/a	n/a	n/a	n/a	n/a	n/a	n/a	n/a	n/a	n/a	n/a	n/a	1137.205450	n/a
1139.804339	0.000000	455922	stimulus_presentation	n/a	217	n/a	n/a	n/a	n/a	n/a	n/a	n/a	n/a	n/a	n/a	n/a	n/a	n/a	n/a	n/a	n/a	n/a	n/a	n/a	1139.806824	n/a
1139.804339	0.000000	455922	ttl	7	n/a	n/a	n/a	n/a	n/a	n/a	n/a	n/a	n/a	n/a	n/a	n/a	n/a	n/a	n/a	n/a	n/a	n/a	n/a	n/a	1139.806824	n/a
1140.799995	0.000000	456320	ttl	8	n/a	n/a	n/a	n/a	n/a	n/a	n/a	n/a	n/a	n/a	n/a	n/a	n/a	n/a	n/a	n/a	n/a	n/a	n/a	n/a	1140.802480	n/a
1140.835088	10.740401	456334	sternberg_trial	n/a	n/a	549	448	348	119	3	0	1	1141.954917	1143.9713219999999	1144.154572	1146.1697589999999	1146.253915	1148.270383	1140.837574	1148.270383	1150.871007	1151.577975	intervals/trials	116	1140.837574	1151.577975
1140.835088	0.000000	456334	ttl	11	n/a	n/a	n/a	n/a	n/a	n/a	n/a	n/a	n/a	n/a	n/a	n/a	n/a	n/a	n/a	n/a	n/a	n/a	n/a	n/a	1140.837574	n/a
1141.952432	0.000000	456781	stimulus_presentation	n/a	274	n/a	n/a	n/a	n/a	n/a	n/a	n/a	n/a	n/a	n/a	n/a	n/a	n/a	n/a	n/a	n/a	n/a	n/a	n/a	1141.954917	n/a
1141.952432	0.000000	456781	ttl	1	n/a	n/a	n/a	n/a	n/a	n/a	n/a	n/a	n/a	n/a	n/a	n/a	n/a	n/a	n/a	n/a	n/a	n/a	n/a	n/a	1141.954917	n/a
1143.968836	0.000000	457588	ttl	5	n/a	n/a	n/a	n/a	n/a	n/a	n/a	n/a	n/a	n/a	n/a	n/a	n/a	n/a	n/a	n/a	n/a	n/a	n/a	n/a	1143.971322	n/a
1144.152086	0.000000	457661	stimulus_presentation	n/a	218	n/a	n/a	n/a	n/a	n/a	n/a	n/a	n/a	n/a	n/a	n/a	n/a	n/a	n/a	n/a	n/a	n/a	n/a	n/a	1144.154572	n/a
1144.152086	0.000000	457661	ttl	2	n/a	n/a	n/a	n/a	n/a	n/a	n/a	n/a	n/a	n/a	n/a	n/a	n/a	n/a	n/a	n/a	n/a	n/a	n/a	n/a	1144.154572	n/a
1146.167273	0.000000	458467	ttl	5	n/a	n/a	n/a	n/a	n/a	n/a	n/a	n/a	n/a	n/a	n/a	n/a	n/a	n/a	n/a	n/a	n/a	n/a	n/a	n/a	1146.169759	n/a
1146.251430	0.000000	458501	stimulus_presentation	n/a	162	n/a	n/a	n/a	n/a	n/a	n/a	n/a	n/a	n/a	n/a	n/a	n/a	n/a	n/a	n/a	n/a	n/a	n/a	n/a	1146.253915	n/a
1146.251430	0.000000	458501	ttl	3	n/a	n/a	n/a	n/a	n/a	n/a	n/a	n/a	n/a	n/a	n/a	n/a	n/a	n/a	n/a	n/a	n/a	n/a	n/a	n/a	1146.253915	n/a
1148.267898	0.000000	459307	ttl	6	n/a	n/a	n/a	n/a	n/a	n/a	n/a	n/a	n/a	n/a	n/a	n/a	n/a	n/a	n/a	n/a	n/a	n/a	n/a	n/a	1148.270383	n/a
1150.868522	0.000000	460347	stimulus_presentation	n/a	19	n/a	n/a	n/a	n/a	n/a	n/a	n/a	n/a	n/a	n/a	n/a	n/a	n/a	n/a	n/a	n/a	n/a	n/a	n/a	1150.871007	n/a
1150.868522	0.000000	460347	ttl	7	n/a	n/a	n/a	n/a	n/a	n/a	n/a	n/a	n/a	n/a	n/a	n/a	n/a	n/a	n/a	n/a	n/a	n/a	n/a	n/a	1150.871007	n/a
1151.575490	0.000000	460630	ttl	8	n/a	n/a	n/a	n/a	n/a	n/a	n/a	n/a	n/a	n/a	n/a	n/a	n/a	n/a	n/a	n/a	n/a	n/a	n/a	n/a	1151.577975	n/a
1151.599614	7.202216	460640	sternberg_trial	n/a	n/a	248	0	0	248	1	1	1	1152.6361	1154.652537	0.0	0.0	0.0	0.0	1151.6020999999998	1154.652537	1157.337254	1158.804316	intervals/trials	117	1151.602100	1158.804316
1151.599614	0.000000	460640	ttl	11	n/a	n/a	n/a	n/a	n/a	n/a	n/a	n/a	n/a	n/a	n/a	n/a	n/a	n/a	n/a	n/a	n/a	n/a	n/a	n/a	1151.602100	n/a
1152.633615	0.000000	461053	stimulus_presentation	n/a	105	n/a	n/a	n/a	n/a	n/a	n/a	n/a	n/a	n/a	n/a	n/a	n/a	n/a	n/a	n/a	n/a	n/a	n/a	n/a	1152.636100	n/a
1152.633615	0.000000	461053	ttl	1	n/a	n/a	n/a	n/a	n/a	n/a	n/a	n/a	n/a	n/a	n/a	n/a	n/a	n/a	n/a	n/a	n/a	n/a	n/a	n/a	1152.636100	n/a
1152.643615	0.000000	461057	stimulus_presentation	n/a	0	n/a	n/a	n/a	n/a	n/a	n/a	n/a	n/a	n/a	n/a	n/a	n/a	n/a	n/a	n/a	n/a	n/a	n/a	n/a	1152.646100	n/a
1152.653615	0.000000	461061	stimulus_presentation	n/a	0	n/a	n/a	n/a	n/a	n/a	n/a	n/a	n/a	n/a	n/a	n/a	n/a	n/a	n/a	n/a	n/a	n/a	n/a	n/a	1152.656100	n/a
1154.650052	0.000000	461860	ttl	6	n/a	n/a	n/a	n/a	n/a	n/a	n/a	n/a	n/a	n/a	n/a	n/a	n/a	n/a	n/a	n/a	n/a	n/a	n/a	n/a	1154.652537	n/a
1157.334769	0.000000	462934	stimulus_presentation	n/a	105	n/a	n/a	n/a	n/a	n/a	n/a	n/a	n/a	n/a	n/a	n/a	n/a	n/a	n/a	n/a	n/a	n/a	n/a	n/a	1157.337254	n/a
1157.334769	0.000000	462934	ttl	7	n/a	n/a	n/a	n/a	n/a	n/a	n/a	n/a	n/a	n/a	n/a	n/a	n/a	n/a	n/a	n/a	n/a	n/a	n/a	n/a	1157.337254	n/a
1158.801831	0.000000	463521	ttl	8	n/a	n/a	n/a	n/a	n/a	n/a	n/a	n/a	n/a	n/a	n/a	n/a	n/a	n/a	n/a	n/a	n/a	n/a	n/a	n/a	1158.804316	n/a
1158.831674	7.260435	463533	sternberg_trial	n/a	n/a	550	0	0	245	1	0	1	1159.852066	1161.8678459999999	0.0	0.0	0.0	0.0	1158.8341599999999	1161.8678459999999	1164.585564	1166.094595	intervals/trials	118	1158.834160	1166.094595
1158.831674	0.000000	463533	ttl	11	n/a	n/a	n/a	n/a	n/a	n/a	n/a	n/a	n/a	n/a	n/a	n/a	n/a	n/a	n/a	n/a	n/a	n/a	n/a	n/a	1158.834160	n/a
1159.849581	0.000000	463940	stimulus_presentation	n/a	275	n/a	n/a	n/a	n/a	n/a	n/a	n/a	n/a	n/a	n/a	n/a	n/a	n/a	n/a	n/a	n/a	n/a	n/a	n/a	1159.852066	n/a
1159.849581	0.000000	463940	ttl	1	n/a	n/a	n/a	n/a	n/a	n/a	n/a	n/a	n/a	n/a	n/a	n/a	n/a	n/a	n/a	n/a	n/a	n/a	n/a	n/a	1159.852066	n/a
1159.859580	0.000000	463944	stimulus_presentation	n/a	0	n/a	n/a	n/a	n/a	n/a	n/a	n/a	n/a	n/a	n/a	n/a	n/a	n/a	n/a	n/a	n/a	n/a	n/a	n/a	1159.862066	n/a
1159.869580	0.000000	463948	stimulus_presentation	n/a	0	n/a	n/a	n/a	n/a	n/a	n/a	n/a	n/a	n/a	n/a	n/a	n/a	n/a	n/a	n/a	n/a	n/a	n/a	n/a	1159.872066	n/a
1161.865360	0.000000	464746	ttl	6	n/a	n/a	n/a	n/a	n/a	n/a	n/a	n/a	n/a	n/a	n/a	n/a	n/a	n/a	n/a	n/a	n/a	n/a	n/a	n/a	1161.867846	n/a
1164.583079	0.000000	465833	stimulus_presentation	n/a	102	n/a	n/a	n/a	n/a	n/a	n/a	n/a	n/a	n/a	n/a	n/a	n/a	n/a	n/a	n/a	n/a	n/a	n/a	n/a	1164.585564	n/a
1164.583079	0.000000	465833	ttl	7	n/a	n/a	n/a	n/a	n/a	n/a	n/a	n/a	n/a	n/a	n/a	n/a	n/a	n/a	n/a	n/a	n/a	n/a	n/a	n/a	1164.585564	n/a
1166.092110	0.000000	466437	ttl	8	n/a	n/a	n/a	n/a	n/a	n/a	n/a	n/a	n/a	n/a	n/a	n/a	n/a	n/a	n/a	n/a	n/a	n/a	n/a	n/a	1166.094595	n/a
1166.113546	11.585339	466445	sternberg_trial	n/a	n/a	249	551	152	249	3	1	1	1167.18325	1169.200343	1169.233062	1171.249343	1171.349561	1173.364936	1166.116032	1173.364936	1175.949153	1177.7013709999999	intervals/trials	119	1166.116032	1177.701371
1166.113546	0.000000	466445	ttl	11	n/a	n/a	n/a	n/a	n/a	n/a	n/a	n/a	n/a	n/a	n/a	n/a	n/a	n/a	n/a	n/a	n/a	n/a	n/a	n/a	1166.116032	n/a
1167.180765	0.000000	466872	stimulus_presentation	n/a	106	n/a	n/a	n/a	n/a	n/a	n/a	n/a	n/a	n/a	n/a	n/a	n/a	n/a	n/a	n/a	n/a	n/a	n/a	n/a	1167.183250	n/a
1167.180765	0.000000	466872	ttl	1	n/a	n/a	n/a	n/a	n/a	n/a	n/a	n/a	n/a	n/a	n/a	n/a	n/a	n/a	n/a	n/a	n/a	n/a	n/a	n/a	1167.183250	n/a
1169.197858	0.000000	467679	ttl	5	n/a	n/a	n/a	n/a	n/a	n/a	n/a	n/a	n/a	n/a	n/a	n/a	n/a	n/a	n/a	n/a	n/a	n/a	n/a	n/a	1169.200343	n/a
1169.230577	0.000000	467692	stimulus_presentation	n/a	276	n/a	n/a	n/a	n/a	n/a	n/a	n/a	n/a	n/a	n/a	n/a	n/a	n/a	n/a	n/a	n/a	n/a	n/a	n/a	1169.233062	n/a
1169.230577	0.000000	467692	ttl	2	n/a	n/a	n/a	n/a	n/a	n/a	n/a	n/a	n/a	n/a	n/a	n/a	n/a	n/a	n/a	n/a	n/a	n/a	n/a	n/a	1169.233062	n/a
1171.246858	0.000000	468499	ttl	5	n/a	n/a	n/a	n/a	n/a	n/a	n/a	n/a	n/a	n/a	n/a	n/a	n/a	n/a	n/a	n/a	n/a	n/a	n/a	n/a	1171.249343	n/a
1171.347076	0.000000	468539	stimulus_presentation	n/a	52	n/a	n/a	n/a	n/a	n/a	n/a	n/a	n/a	n/a	n/a	n/a	n/a	n/a	n/a	n/a	n/a	n/a	n/a	n/a	1171.349561	n/a
1171.347076	0.000000	468539	ttl	3	n/a	n/a	n/a	n/a	n/a	n/a	n/a	n/a	n/a	n/a	n/a	n/a	n/a	n/a	n/a	n/a	n/a	n/a	n/a	n/a	1171.349561	n/a
1173.362451	0.000000	469345	ttl	6	n/a	n/a	n/a	n/a	n/a	n/a	n/a	n/a	n/a	n/a	n/a	n/a	n/a	n/a	n/a	n/a	n/a	n/a	n/a	n/a	1173.364936	n/a
1175.946668	0.000000	470379	stimulus_presentation	n/a	106	n/a	n/a	n/a	n/a	n/a	n/a	n/a	n/a	n/a	n/a	n/a	n/a	n/a	n/a	n/a	n/a	n/a	n/a	n/a	1175.949153	n/a
1175.946668	0.000000	470379	ttl	7	n/a	n/a	n/a	n/a	n/a	n/a	n/a	n/a	n/a	n/a	n/a	n/a	n/a	n/a	n/a	n/a	n/a	n/a	n/a	n/a	1175.949153	n/a
1177.698885	0.000000	471080	ttl	8	n/a	n/a	n/a	n/a	n/a	n/a	n/a	n/a	n/a	n/a	n/a	n/a	n/a	n/a	n/a	n/a	n/a	n/a	n/a	n/a	1177.701371	n/a
1177.727511	7.309560	471091	sternberg_trial	n/a	n/a	449	0	0	449	1	1	1	1178.814433	1180.830651	0.0	0.0	0.0	0.0	1177.729996	1180.830651	1183.6153379999998	1185.039556	intervals/trials	120	1177.729996	1185.039556
1177.727511	0.000000	471091	ttl	11	n/a	n/a	n/a	n/a	n/a	n/a	n/a	n/a	n/a	n/a	n/a	n/a	n/a	n/a	n/a	n/a	n/a	n/a	n/a	n/a	1177.729996	n/a
1178.811948	0.000000	471525	stimulus_presentation	n/a	219	n/a	n/a	n/a	n/a	n/a	n/a	n/a	n/a	n/a	n/a	n/a	n/a	n/a	n/a	n/a	n/a	n/a	n/a	n/a	1178.814433	n/a
1178.811948	0.000000	471525	ttl	1	n/a	n/a	n/a	n/a	n/a	n/a	n/a	n/a	n/a	n/a	n/a	n/a	n/a	n/a	n/a	n/a	n/a	n/a	n/a	n/a	1178.814433	n/a
1178.821948	0.000000	471529	stimulus_presentation	n/a	0	n/a	n/a	n/a	n/a	n/a	n/a	n/a	n/a	n/a	n/a	n/a	n/a	n/a	n/a	n/a	n/a	n/a	n/a	n/a	1178.824433	n/a
1178.831948	0.000000	471533	stimulus_presentation	n/a	0	n/a	n/a	n/a	n/a	n/a	n/a	n/a	n/a	n/a	n/a	n/a	n/a	n/a	n/a	n/a	n/a	n/a	n/a	n/a	1178.834433	n/a
1180.828166	0.000000	472331	ttl	6	n/a	n/a	n/a	n/a	n/a	n/a	n/a	n/a	n/a	n/a	n/a	n/a	n/a	n/a	n/a	n/a	n/a	n/a	n/a	n/a	1180.830651	n/a
1183.612852	0.000000	473445	stimulus_presentation	n/a	219	n/a	n/a	n/a	n/a	n/a	n/a	n/a	n/a	n/a	n/a	n/a	n/a	n/a	n/a	n/a	n/a	n/a	n/a	n/a	1183.615338	n/a
1183.612852	0.000000	473445	ttl	7	n/a	n/a	n/a	n/a	n/a	n/a	n/a	n/a	n/a	n/a	n/a	n/a	n/a	n/a	n/a	n/a	n/a	n/a	n/a	n/a	1183.615338	n/a
1185.037071	0.000000	474015	ttl	8	n/a	n/a	n/a	n/a	n/a	n/a	n/a	n/a	n/a	n/a	n/a	n/a	n/a	n/a	n/a	n/a	n/a	n/a	n/a	n/a	1185.039556	n/a
1185.059790	7.571215	474024	sternberg_trial	n/a	n/a	450	0	0	450	1	1	1	1186.163899	1188.179336	0.0	0.0	0.0	0.0	1185.062275	1188.179336	1190.8638349999999	1192.63349	intervals/trials	121	1185.062275	1192.633490
1185.059790	0.000000	474024	ttl	11	n/a	n/a	n/a	n/a	n/a	n/a	n/a	n/a	n/a	n/a	n/a	n/a	n/a	n/a	n/a	n/a	n/a	n/a	n/a	n/a	1185.062275	n/a
1186.161413	0.000000	474465	stimulus_presentation	n/a	220	n/a	n/a	n/a	n/a	n/a	n/a	n/a	n/a	n/a	n/a	n/a	n/a	n/a	n/a	n/a	n/a	n/a	n/a	n/a	1186.163899	n/a
1186.161413	0.000000	474465	ttl	1	n/a	n/a	n/a	n/a	n/a	n/a	n/a	n/a	n/a	n/a	n/a	n/a	n/a	n/a	n/a	n/a	n/a	n/a	n/a	n/a	1186.163899	n/a
1186.171413	0.000000	474469	stimulus_presentation	n/a	0	n/a	n/a	n/a	n/a	n/a	n/a	n/a	n/a	n/a	n/a	n/a	n/a	n/a	n/a	n/a	n/a	n/a	n/a	n/a	1186.173899	n/a
1186.181413	0.000000	474473	stimulus_presentation	n/a	0	n/a	n/a	n/a	n/a	n/a	n/a	n/a	n/a	n/a	n/a	n/a	n/a	n/a	n/a	n/a	n/a	n/a	n/a	n/a	1186.183899	n/a
1188.176851	0.000000	475271	ttl	6	n/a	n/a	n/a	n/a	n/a	n/a	n/a	n/a	n/a	n/a	n/a	n/a	n/a	n/a	n/a	n/a	n/a	n/a	n/a	n/a	1188.179336	n/a
1190.861349	0.000000	476345	stimulus_presentation	n/a	220	n/a	n/a	n/a	n/a	n/a	n/a	n/a	n/a	n/a	n/a	n/a	n/a	n/a	n/a	n/a	n/a	n/a	n/a	n/a	1190.863835	n/a
1190.861349	0.000000	476345	ttl	7	n/a	n/a	n/a	n/a	n/a	n/a	n/a	n/a	n/a	n/a	n/a	n/a	n/a	n/a	n/a	n/a	n/a	n/a	n/a	n/a	1190.863835	n/a
1192.631005	0.000000	477052	ttl	8	n/a	n/a	n/a	n/a	n/a	n/a	n/a	n/a	n/a	n/a	n/a	n/a	n/a	n/a	n/a	n/a	n/a	n/a	n/a	n/a	1192.633490	n/a
1192.658318	11.355464	477063	sternberg_trial	n/a	n/a	153	349	451	153	3	1	1	1193.661427	1195.6786769999999	1195.861208	1197.877332	1197.994176	1200.01055	1192.660803	1200.01055	1202.761611	1204.016267	intervals/trials	122	1192.660803	1204.016267
1192.658318	0.000000	477063	ttl	11	n/a	n/a	n/a	n/a	n/a	n/a	n/a	n/a	n/a	n/a	n/a	n/a	n/a	n/a	n/a	n/a	n/a	n/a	n/a	n/a	1192.660803	n/a
1193.658942	0.000000	477464	stimulus_presentation	n/a	53	n/a	n/a	n/a	n/a	n/a	n/a	n/a	n/a	n/a	n/a	n/a	n/a	n/a	n/a	n/a	n/a	n/a	n/a	n/a	1193.661427	n/a
1193.658942	0.000000	477464	ttl	1	n/a	n/a	n/a	n/a	n/a	n/a	n/a	n/a	n/a	n/a	n/a	n/a	n/a	n/a	n/a	n/a	n/a	n/a	n/a	n/a	1193.661427	n/a
1195.676191	0.000000	478270	ttl	5	n/a	n/a	n/a	n/a	n/a	n/a	n/a	n/a	n/a	n/a	n/a	n/a	n/a	n/a	n/a	n/a	n/a	n/a	n/a	n/a	1195.678677	n/a
1195.858723	0.000000	478343	stimulus_presentation	n/a	163	n/a	n/a	n/a	n/a	n/a	n/a	n/a	n/a	n/a	n/a	n/a	n/a	n/a	n/a	n/a	n/a	n/a	n/a	n/a	1195.861208	n/a
1195.858723	0.000000	478343	ttl	2	n/a	n/a	n/a	n/a	n/a	n/a	n/a	n/a	n/a	n/a	n/a	n/a	n/a	n/a	n/a	n/a	n/a	n/a	n/a	n/a	1195.861208	n/a
1197.874847	0.000000	479150	ttl	5	n/a	n/a	n/a	n/a	n/a	n/a	n/a	n/a	n/a	n/a	n/a	n/a	n/a	n/a	n/a	n/a	n/a	n/a	n/a	n/a	1197.877332	n/a
1197.991691	0.000000	479197	stimulus_presentation	n/a	221	n/a	n/a	n/a	n/a	n/a	n/a	n/a	n/a	n/a	n/a	n/a	n/a	n/a	n/a	n/a	n/a	n/a	n/a	n/a	1197.994176	n/a
1197.991691	0.000000	479197	ttl	3	n/a	n/a	n/a	n/a	n/a	n/a	n/a	n/a	n/a	n/a	n/a	n/a	n/a	n/a	n/a	n/a	n/a	n/a	n/a	n/a	1197.994176	n/a
1200.008065	0.000000	480003	ttl	6	n/a	n/a	n/a	n/a	n/a	n/a	n/a	n/a	n/a	n/a	n/a	n/a	n/a	n/a	n/a	n/a	n/a	n/a	n/a	n/a	1200.010550	n/a
1202.759125	0.000000	481104	stimulus_presentation	n/a	53	n/a	n/a	n/a	n/a	n/a	n/a	n/a	n/a	n/a	n/a	n/a	n/a	n/a	n/a	n/a	n/a	n/a	n/a	n/a	1202.761611	n/a
1202.759125	0.000000	481104	ttl	7	n/a	n/a	n/a	n/a	n/a	n/a	n/a	n/a	n/a	n/a	n/a	n/a	n/a	n/a	n/a	n/a	n/a	n/a	n/a	n/a	1202.761611	n/a
1204.013782	0.000000	481606	ttl	8	n/a	n/a	n/a	n/a	n/a	n/a	n/a	n/a	n/a	n/a	n/a	n/a	n/a	n/a	n/a	n/a	n/a	n/a	n/a	n/a	1204.016267	n/a
1204.039563	7.376310	481616	sternberg_trial	n/a	n/a	452	0	0	242	1	0	1	1205.1092039999999	1207.125891	0.0	0.0	0.0	0.0	1204.042048	1207.125891	1209.81014	1211.418358	intervals/trials	123	1204.042048	1211.418358
1204.039563	0.000000	481616	ttl	11	n/a	n/a	n/a	n/a	n/a	n/a	n/a	n/a	n/a	n/a	n/a	n/a	n/a	n/a	n/a	n/a	n/a	n/a	n/a	n/a	1204.042048	n/a
1205.106718	0.000000	482043	stimulus_presentation	n/a	222	n/a	n/a	n/a	n/a	n/a	n/a	n/a	n/a	n/a	n/a	n/a	n/a	n/a	n/a	n/a	n/a	n/a	n/a	n/a	1205.109204	n/a
1205.106718	0.000000	482043	ttl	1	n/a	n/a	n/a	n/a	n/a	n/a	n/a	n/a	n/a	n/a	n/a	n/a	n/a	n/a	n/a	n/a	n/a	n/a	n/a	n/a	1205.109204	n/a
1205.116718	0.000000	482047	stimulus_presentation	n/a	0	n/a	n/a	n/a	n/a	n/a	n/a	n/a	n/a	n/a	n/a	n/a	n/a	n/a	n/a	n/a	n/a	n/a	n/a	n/a	1205.119204	n/a
1205.126718	0.000000	482051	stimulus_presentation	n/a	0	n/a	n/a	n/a	n/a	n/a	n/a	n/a	n/a	n/a	n/a	n/a	n/a	n/a	n/a	n/a	n/a	n/a	n/a	n/a	1205.129204	n/a
1207.123405	0.000000	482849	ttl	6	n/a	n/a	n/a	n/a	n/a	n/a	n/a	n/a	n/a	n/a	n/a	n/a	n/a	n/a	n/a	n/a	n/a	n/a	n/a	n/a	1207.125891	n/a
1209.807655	0.000000	483923	stimulus_presentation	n/a	99	n/a	n/a	n/a	n/a	n/a	n/a	n/a	n/a	n/a	n/a	n/a	n/a	n/a	n/a	n/a	n/a	n/a	n/a	n/a	1209.810140	n/a
1209.807655	0.000000	483923	ttl	7	n/a	n/a	n/a	n/a	n/a	n/a	n/a	n/a	n/a	n/a	n/a	n/a	n/a	n/a	n/a	n/a	n/a	n/a	n/a	n/a	1209.810140	n/a
1211.415872	0.000000	484566	ttl	8	n/a	n/a	n/a	n/a	n/a	n/a	n/a	n/a	n/a	n/a	n/a	n/a	n/a	n/a	n/a	n/a	n/a	n/a	n/a	n/a	1211.418358	n/a
1211.437684	7.876091	484575	sternberg_trial	n/a	n/a	154	0	0	528	1	0	1	1212.441701	1214.456888	0.0	0.0	0.0	0.0	1211.4401699999999	1214.456888	1217.242043	1219.316261	intervals/trials	124	1211.440170	1219.316261
1211.437684	0.000000	484575	ttl	11	n/a	n/a	n/a	n/a	n/a	n/a	n/a	n/a	n/a	n/a	n/a	n/a	n/a	n/a	n/a	n/a	n/a	n/a	n/a	n/a	1211.440170	n/a
1212.439216	0.000000	484976	stimulus_presentation	n/a	54	n/a	n/a	n/a	n/a	n/a	n/a	n/a	n/a	n/a	n/a	n/a	n/a	n/a	n/a	n/a	n/a	n/a	n/a	n/a	1212.441701	n/a
1212.439216	0.000000	484976	ttl	1	n/a	n/a	n/a	n/a	n/a	n/a	n/a	n/a	n/a	n/a	n/a	n/a	n/a	n/a	n/a	n/a	n/a	n/a	n/a	n/a	1212.441701	n/a
1212.449216	0.000000	484980	stimulus_presentation	n/a	0	n/a	n/a	n/a	n/a	n/a	n/a	n/a	n/a	n/a	n/a	n/a	n/a	n/a	n/a	n/a	n/a	n/a	n/a	n/a	1212.451701	n/a
1212.459216	0.000000	484984	stimulus_presentation	n/a	0	n/a	n/a	n/a	n/a	n/a	n/a	n/a	n/a	n/a	n/a	n/a	n/a	n/a	n/a	n/a	n/a	n/a	n/a	n/a	1212.461701	n/a
1214.454403	0.000000	485782	ttl	6	n/a	n/a	n/a	n/a	n/a	n/a	n/a	n/a	n/a	n/a	n/a	n/a	n/a	n/a	n/a	n/a	n/a	n/a	n/a	n/a	1214.456888	n/a
1217.239558	0.000000	486896	stimulus_presentation	n/a	253	n/a	n/a	n/a	n/a	n/a	n/a	n/a	n/a	n/a	n/a	n/a	n/a	n/a	n/a	n/a	n/a	n/a	n/a	n/a	1217.242043	n/a
1217.239558	0.000000	486896	ttl	7	n/a	n/a	n/a	n/a	n/a	n/a	n/a	n/a	n/a	n/a	n/a	n/a	n/a	n/a	n/a	n/a	n/a	n/a	n/a	n/a	1217.242043	n/a
1219.313776	0.000000	487726	ttl	8	n/a	n/a	n/a	n/a	n/a	n/a	n/a	n/a	n/a	n/a	n/a	n/a	n/a	n/a	n/a	n/a	n/a	n/a	n/a	n/a	1219.316261	n/a
1219.336526	6.739810	487735	sternberg_trial	n/a	n/a	350	0	0	350	1	1	1	1220.306292	1222.323385	0.0	0.0	0.0	0.0	1219.339011	1222.323385	1224.924415	1226.0788209999998	intervals/trials	125	1219.339011	1226.078821
1219.336526	0.000000	487735	ttl	11	n/a	n/a	n/a	n/a	n/a	n/a	n/a	n/a	n/a	n/a	n/a	n/a	n/a	n/a	n/a	n/a	n/a	n/a	n/a	n/a	1219.339011	n/a
1220.303807	0.000000	488122	stimulus_presentation	n/a	164	n/a	n/a	n/a	n/a	n/a	n/a	n/a	n/a	n/a	n/a	n/a	n/a	n/a	n/a	n/a	n/a	n/a	n/a	n/a	1220.306292	n/a
1220.303807	0.000000	488122	ttl	1	n/a	n/a	n/a	n/a	n/a	n/a	n/a	n/a	n/a	n/a	n/a	n/a	n/a	n/a	n/a	n/a	n/a	n/a	n/a	n/a	1220.306292	n/a
1220.313807	0.000000	488126	stimulus_presentation	n/a	0	n/a	n/a	n/a	n/a	n/a	n/a	n/a	n/a	n/a	n/a	n/a	n/a	n/a	n/a	n/a	n/a	n/a	n/a	n/a	1220.316292	n/a
1220.323807	0.000000	488130	stimulus_presentation	n/a	0	n/a	n/a	n/a	n/a	n/a	n/a	n/a	n/a	n/a	n/a	n/a	n/a	n/a	n/a	n/a	n/a	n/a	n/a	n/a	1220.326292	n/a
1222.320899	0.000000	488928	ttl	6	n/a	n/a	n/a	n/a	n/a	n/a	n/a	n/a	n/a	n/a	n/a	n/a	n/a	n/a	n/a	n/a	n/a	n/a	n/a	n/a	1222.323385	n/a
1224.921930	0.000000	489969	stimulus_presentation	n/a	164	n/a	n/a	n/a	n/a	n/a	n/a	n/a	n/a	n/a	n/a	n/a	n/a	n/a	n/a	n/a	n/a	n/a	n/a	n/a	1224.924415	n/a
1224.921930	0.000000	489969	ttl	7	n/a	n/a	n/a	n/a	n/a	n/a	n/a	n/a	n/a	n/a	n/a	n/a	n/a	n/a	n/a	n/a	n/a	n/a	n/a	n/a	1224.924415	n/a
1226.076335	0.000000	490431	ttl	8	n/a	n/a	n/a	n/a	n/a	n/a	n/a	n/a	n/a	n/a	n/a	n/a	n/a	n/a	n/a	n/a	n/a	n/a	n/a	n/a	1226.078821	n/a
1226.101836	6.817184	490441	sternberg_trial	n/a	n/a	351	0	0	351	1	1	1	1227.221851	1229.238101	0.0	0.0	0.0	0.0	1226.104321	1229.238101	1231.872475	1232.921505	intervals/trials	126	1226.104321	1232.921505
1226.101836	0.000000	490441	ttl	11	n/a	n/a	n/a	n/a	n/a	n/a	n/a	n/a	n/a	n/a	n/a	n/a	n/a	n/a	n/a	n/a	n/a	n/a	n/a	n/a	1226.104321	n/a
1227.219366	0.000000	490888	stimulus_presentation	n/a	165	n/a	n/a	n/a	n/a	n/a	n/a	n/a	n/a	n/a	n/a	n/a	n/a	n/a	n/a	n/a	n/a	n/a	n/a	n/a	1227.221851	n/a
1227.219366	0.000000	490888	ttl	1	n/a	n/a	n/a	n/a	n/a	n/a	n/a	n/a	n/a	n/a	n/a	n/a	n/a	n/a	n/a	n/a	n/a	n/a	n/a	n/a	1227.221851	n/a
1227.229366	0.000000	490892	stimulus_presentation	n/a	0	n/a	n/a	n/a	n/a	n/a	n/a	n/a	n/a	n/a	n/a	n/a	n/a	n/a	n/a	n/a	n/a	n/a	n/a	n/a	1227.231851	n/a
1227.239366	0.000000	490896	stimulus_presentation	n/a	0	n/a	n/a	n/a	n/a	n/a	n/a	n/a	n/a	n/a	n/a	n/a	n/a	n/a	n/a	n/a	n/a	n/a	n/a	n/a	1227.241851	n/a
1229.235615	0.000000	491694	ttl	6	n/a	n/a	n/a	n/a	n/a	n/a	n/a	n/a	n/a	n/a	n/a	n/a	n/a	n/a	n/a	n/a	n/a	n/a	n/a	n/a	1229.238101	n/a
1231.869989	0.000000	492748	stimulus_presentation	n/a	165	n/a	n/a	n/a	n/a	n/a	n/a	n/a	n/a	n/a	n/a	n/a	n/a	n/a	n/a	n/a	n/a	n/a	n/a	n/a	1231.872475	n/a
1231.869989	0.000000	492748	ttl	7	n/a	n/a	n/a	n/a	n/a	n/a	n/a	n/a	n/a	n/a	n/a	n/a	n/a	n/a	n/a	n/a	n/a	n/a	n/a	n/a	1231.872475	n/a
1232.919020	0.000000	493168	ttl	8	n/a	n/a	n/a	n/a	n/a	n/a	n/a	n/a	n/a	n/a	n/a	n/a	n/a	n/a	n/a	n/a	n/a	n/a	n/a	n/a	1232.921505	n/a
1232.950613	7.977872	493180	sternberg_trial	n/a	n/a	155	0	0	551	1	0	1	1233.9207239999998	1235.93691	0.0	0.0	0.0	0.0	1232.9530989999998	1235.93691	1238.538128	1240.930971	intervals/trials	127	1232.953099	1240.930971
1232.950613	0.000000	493180	ttl	11	n/a	n/a	n/a	n/a	n/a	n/a	n/a	n/a	n/a	n/a	n/a	n/a	n/a	n/a	n/a	n/a	n/a	n/a	n/a	n/a	1232.953099	n/a
1233.918238	0.000000	493567	stimulus_presentation	n/a	55	n/a	n/a	n/a	n/a	n/a	n/a	n/a	n/a	n/a	n/a	n/a	n/a	n/a	n/a	n/a	n/a	n/a	n/a	n/a	1233.920724	n/a
1233.918238	0.000000	493567	ttl	1	n/a	n/a	n/a	n/a	n/a	n/a	n/a	n/a	n/a	n/a	n/a	n/a	n/a	n/a	n/a	n/a	n/a	n/a	n/a	n/a	1233.920724	n/a
1233.928238	0.000000	493571	stimulus_presentation	n/a	0	n/a	n/a	n/a	n/a	n/a	n/a	n/a	n/a	n/a	n/a	n/a	n/a	n/a	n/a	n/a	n/a	n/a	n/a	n/a	1233.930724	n/a
1233.938238	0.000000	493575	stimulus_presentation	n/a	0	n/a	n/a	n/a	n/a	n/a	n/a	n/a	n/a	n/a	n/a	n/a	n/a	n/a	n/a	n/a	n/a	n/a	n/a	n/a	1233.940724	n/a
1235.934424	0.000000	494374	ttl	6	n/a	n/a	n/a	n/a	n/a	n/a	n/a	n/a	n/a	n/a	n/a	n/a	n/a	n/a	n/a	n/a	n/a	n/a	n/a	n/a	1235.936910	n/a
1238.535642	0.000000	495414	stimulus_presentation	n/a	276	n/a	n/a	n/a	n/a	n/a	n/a	n/a	n/a	n/a	n/a	n/a	n/a	n/a	n/a	n/a	n/a	n/a	n/a	n/a	1238.538128	n/a
1238.535642	0.000000	495414	ttl	7	n/a	n/a	n/a	n/a	n/a	n/a	n/a	n/a	n/a	n/a	n/a	n/a	n/a	n/a	n/a	n/a	n/a	n/a	n/a	n/a	1238.538128	n/a
1240.928486	0.000000	496371	ttl	8	n/a	n/a	n/a	n/a	n/a	n/a	n/a	n/a	n/a	n/a	n/a	n/a	n/a	n/a	n/a	n/a	n/a	n/a	n/a	n/a	1240.930971	n/a
1240.949204	10.946464	496380	sternberg_trial	n/a	n/a	250	552	453	335	3	0	1	1241.9688139999998	1243.985532	1244.052032	1246.06825	1246.135	1248.151093	1240.9516899999999	1248.151093	1250.952404	1251.898154	intervals/trials	128	1240.951690	1251.898154
1240.949204	0.000000	496380	ttl	11	n/a	n/a	n/a	n/a	n/a	n/a	n/a	n/a	n/a	n/a	n/a	n/a	n/a	n/a	n/a	n/a	n/a	n/a	n/a	n/a	1240.951690	n/a
1241.966328	0.000000	496787	stimulus_presentation	n/a	107	n/a	n/a	n/a	n/a	n/a	n/a	n/a	n/a	n/a	n/a	n/a	n/a	n/a	n/a	n/a	n/a	n/a	n/a	n/a	1241.968814	n/a
1241.966328	0.000000	496787	ttl	1	n/a	n/a	n/a	n/a	n/a	n/a	n/a	n/a	n/a	n/a	n/a	n/a	n/a	n/a	n/a	n/a	n/a	n/a	n/a	n/a	1241.968814	n/a
1243.983047	0.000000	497593	ttl	5	n/a	n/a	n/a	n/a	n/a	n/a	n/a	n/a	n/a	n/a	n/a	n/a	n/a	n/a	n/a	n/a	n/a	n/a	n/a	n/a	1243.985532	n/a
1244.049547	0.000000	497620	stimulus_presentation	n/a	277	n/a	n/a	n/a	n/a	n/a	n/a	n/a	n/a	n/a	n/a	n/a	n/a	n/a	n/a	n/a	n/a	n/a	n/a	n/a	1244.052032	n/a
1244.049547	0.000000	497620	ttl	2	n/a	n/a	n/a	n/a	n/a	n/a	n/a	n/a	n/a	n/a	n/a	n/a	n/a	n/a	n/a	n/a	n/a	n/a	n/a	n/a	1244.052032	n/a
1246.065765	0.000000	498426	ttl	5	n/a	n/a	n/a	n/a	n/a	n/a	n/a	n/a	n/a	n/a	n/a	n/a	n/a	n/a	n/a	n/a	n/a	n/a	n/a	n/a	1246.068250	n/a
1246.132515	0.000000	498453	stimulus_presentation	n/a	223	n/a	n/a	n/a	n/a	n/a	n/a	n/a	n/a	n/a	n/a	n/a	n/a	n/a	n/a	n/a	n/a	n/a	n/a	n/a	1246.135000	n/a
1246.132515	0.000000	498453	ttl	3	n/a	n/a	n/a	n/a	n/a	n/a	n/a	n/a	n/a	n/a	n/a	n/a	n/a	n/a	n/a	n/a	n/a	n/a	n/a	n/a	1246.135000	n/a
1248.148608	0.000000	499259	ttl	6	n/a	n/a	n/a	n/a	n/a	n/a	n/a	n/a	n/a	n/a	n/a	n/a	n/a	n/a	n/a	n/a	n/a	n/a	n/a	n/a	1248.151093	n/a
1250.949918	0.000000	500380	stimulus_presentation	n/a	149	n/a	n/a	n/a	n/a	n/a	n/a	n/a	n/a	n/a	n/a	n/a	n/a	n/a	n/a	n/a	n/a	n/a	n/a	n/a	1250.952404	n/a
1250.949918	0.000000	500380	ttl	7	n/a	n/a	n/a	n/a	n/a	n/a	n/a	n/a	n/a	n/a	n/a	n/a	n/a	n/a	n/a	n/a	n/a	n/a	n/a	n/a	1250.952404	n/a
1251.895669	0.000000	500758	ttl	8	n/a	n/a	n/a	n/a	n/a	n/a	n/a	n/a	n/a	n/a	n/a	n/a	n/a	n/a	n/a	n/a	n/a	n/a	n/a	n/a	1251.898154	n/a
1251.930356	7.383341	500772	sternberg_trial	n/a	n/a	352	0	0	352	1	1	1	1252.933779	1254.949934	0.0	0.0	0.0	0.0	1251.932841	1254.949934	1257.599027	1259.316182	intervals/trials	129	1251.932841	1259.316182
1251.930356	0.000000	500772	ttl	11	n/a	n/a	n/a	n/a	n/a	n/a	n/a	n/a	n/a	n/a	n/a	n/a	n/a	n/a	n/a	n/a	n/a	n/a	n/a	n/a	1251.932841	n/a
1252.931294	0.000000	501173	stimulus_presentation	n/a	166	n/a	n/a	n/a	n/a	n/a	n/a	n/a	n/a	n/a	n/a	n/a	n/a	n/a	n/a	n/a	n/a	n/a	n/a	n/a	1252.933779	n/a
1252.931294	0.000000	501173	ttl	1	n/a	n/a	n/a	n/a	n/a	n/a	n/a	n/a	n/a	n/a	n/a	n/a	n/a	n/a	n/a	n/a	n/a	n/a	n/a	n/a	1252.933779	n/a
1252.941294	0.000000	501177	stimulus_presentation	n/a	0	n/a	n/a	n/a	n/a	n/a	n/a	n/a	n/a	n/a	n/a	n/a	n/a	n/a	n/a	n/a	n/a	n/a	n/a	n/a	1252.943779	n/a
1252.951294	0.000000	501181	stimulus_presentation	n/a	0	n/a	n/a	n/a	n/a	n/a	n/a	n/a	n/a	n/a	n/a	n/a	n/a	n/a	n/a	n/a	n/a	n/a	n/a	n/a	1252.953779	n/a
1254.947449	0.000000	501979	ttl	6	n/a	n/a	n/a	n/a	n/a	n/a	n/a	n/a	n/a	n/a	n/a	n/a	n/a	n/a	n/a	n/a	n/a	n/a	n/a	n/a	1254.949934	n/a
1257.596542	0.000000	503039	stimulus_presentation	n/a	166	n/a	n/a	n/a	n/a	n/a	n/a	n/a	n/a	n/a	n/a	n/a	n/a	n/a	n/a	n/a	n/a	n/a	n/a	n/a	1257.599027	n/a
1257.596542	0.000000	503039	ttl	7	n/a	n/a	n/a	n/a	n/a	n/a	n/a	n/a	n/a	n/a	n/a	n/a	n/a	n/a	n/a	n/a	n/a	n/a	n/a	n/a	1257.599027	n/a
1259.313697	0.000000	503725	ttl	8	n/a	n/a	n/a	n/a	n/a	n/a	n/a	n/a	n/a	n/a	n/a	n/a	n/a	n/a	n/a	n/a	n/a	n/a	n/a	n/a	1259.316182	n/a
1259.345509	6.986778	503738	sternberg_trial	n/a	n/a	251	0	0	428	1	0	1	1260.399557	1262.4149	0.0	0.0	0.0	0.0	1259.3479949999999	1262.4149	1265.049867	1266.334773	intervals/trials	130	1259.347995	1266.334773
1259.345509	0.000000	503738	ttl	11	n/a	n/a	n/a	n/a	n/a	n/a	n/a	n/a	n/a	n/a	n/a	n/a	n/a	n/a	n/a	n/a	n/a	n/a	n/a	n/a	1259.347995	n/a
1260.397072	0.000000	504159	stimulus_presentation	n/a	108	n/a	n/a	n/a	n/a	n/a	n/a	n/a	n/a	n/a	n/a	n/a	n/a	n/a	n/a	n/a	n/a	n/a	n/a	n/a	1260.399557	n/a
1260.397072	0.000000	504159	ttl	1	n/a	n/a	n/a	n/a	n/a	n/a	n/a	n/a	n/a	n/a	n/a	n/a	n/a	n/a	n/a	n/a	n/a	n/a	n/a	n/a	1260.399557	n/a
1260.407072	0.000000	504163	stimulus_presentation	n/a	0	n/a	n/a	n/a	n/a	n/a	n/a	n/a	n/a	n/a	n/a	n/a	n/a	n/a	n/a	n/a	n/a	n/a	n/a	n/a	1260.409557	n/a
1260.417072	0.000000	504167	stimulus_presentation	n/a	0	n/a	n/a	n/a	n/a	n/a	n/a	n/a	n/a	n/a	n/a	n/a	n/a	n/a	n/a	n/a	n/a	n/a	n/a	n/a	1260.419557	n/a
1262.412415	0.000000	504965	ttl	6	n/a	n/a	n/a	n/a	n/a	n/a	n/a	n/a	n/a	n/a	n/a	n/a	n/a	n/a	n/a	n/a	n/a	n/a	n/a	n/a	1262.414900	n/a
1265.047382	0.000000	506019	stimulus_presentation	n/a	198	n/a	n/a	n/a	n/a	n/a	n/a	n/a	n/a	n/a	n/a	n/a	n/a	n/a	n/a	n/a	n/a	n/a	n/a	n/a	1265.049867	n/a
1265.047382	0.000000	506019	ttl	7	n/a	n/a	n/a	n/a	n/a	n/a	n/a	n/a	n/a	n/a	n/a	n/a	n/a	n/a	n/a	n/a	n/a	n/a	n/a	n/a	1265.049867	n/a
1266.332288	0.000000	506533	ttl	8	n/a	n/a	n/a	n/a	n/a	n/a	n/a	n/a	n/a	n/a	n/a	n/a	n/a	n/a	n/a	n/a	n/a	n/a	n/a	n/a	1266.334773	n/a
1266.360882	11.562152	506544	sternberg_trial	n/a	n/a	454	252	353	538	3	0	1	1267.36396	1269.3810839999999	1269.480491	1271.496834	1271.5300519999998	1273.546333	1266.363367	1273.546333	1276.280863	1277.925519	intervals/trials	131	1266.363367	1277.925519
1266.360882	0.000000	506544	ttl	11	n/a	n/a	n/a	n/a	n/a	n/a	n/a	n/a	n/a	n/a	n/a	n/a	n/a	n/a	n/a	n/a	n/a	n/a	n/a	n/a	1266.363367	n/a
1267.361474	0.000000	506945	stimulus_presentation	n/a	224	n/a	n/a	n/a	n/a	n/a	n/a	n/a	n/a	n/a	n/a	n/a	n/a	n/a	n/a	n/a	n/a	n/a	n/a	n/a	1267.363960	n/a
1267.361474	0.000000	506945	ttl	1	n/a	n/a	n/a	n/a	n/a	n/a	n/a	n/a	n/a	n/a	n/a	n/a	n/a	n/a	n/a	n/a	n/a	n/a	n/a	n/a	1267.363960	n/a
1269.378598	0.000000	507751	ttl	5	n/a	n/a	n/a	n/a	n/a	n/a	n/a	n/a	n/a	n/a	n/a	n/a	n/a	n/a	n/a	n/a	n/a	n/a	n/a	n/a	1269.381084	n/a
1269.478006	0.000000	507791	stimulus_presentation	n/a	109	n/a	n/a	n/a	n/a	n/a	n/a	n/a	n/a	n/a	n/a	n/a	n/a	n/a	n/a	n/a	n/a	n/a	n/a	n/a	1269.480491	n/a
1269.478006	0.000000	507791	ttl	2	n/a	n/a	n/a	n/a	n/a	n/a	n/a	n/a	n/a	n/a	n/a	n/a	n/a	n/a	n/a	n/a	n/a	n/a	n/a	n/a	1269.480491	n/a
1271.494349	0.000000	508598	ttl	5	n/a	n/a	n/a	n/a	n/a	n/a	n/a	n/a	n/a	n/a	n/a	n/a	n/a	n/a	n/a	n/a	n/a	n/a	n/a	n/a	1271.496834	n/a
1271.527566	0.000000	508611	stimulus_presentation	n/a	167	n/a	n/a	n/a	n/a	n/a	n/a	n/a	n/a	n/a	n/a	n/a	n/a	n/a	n/a	n/a	n/a	n/a	n/a	n/a	1271.530052	n/a
1271.527566	0.000000	508611	ttl	3	n/a	n/a	n/a	n/a	n/a	n/a	n/a	n/a	n/a	n/a	n/a	n/a	n/a	n/a	n/a	n/a	n/a	n/a	n/a	n/a	1271.530052	n/a
1273.543848	0.000000	509418	ttl	6	n/a	n/a	n/a	n/a	n/a	n/a	n/a	n/a	n/a	n/a	n/a	n/a	n/a	n/a	n/a	n/a	n/a	n/a	n/a	n/a	1273.546333	n/a
1276.278378	0.000000	510511	stimulus_presentation	n/a	263	n/a	n/a	n/a	n/a	n/a	n/a	n/a	n/a	n/a	n/a	n/a	n/a	n/a	n/a	n/a	n/a	n/a	n/a	n/a	1276.280863	n/a
1276.278378	0.000000	510511	ttl	7	n/a	n/a	n/a	n/a	n/a	n/a	n/a	n/a	n/a	n/a	n/a	n/a	n/a	n/a	n/a	n/a	n/a	n/a	n/a	n/a	1276.280863	n/a
1277.923033	0.000000	511169	ttl	8	n/a	n/a	n/a	n/a	n/a	n/a	n/a	n/a	n/a	n/a	n/a	n/a	n/a	n/a	n/a	n/a	n/a	n/a	n/a	n/a	1277.925519	n/a
1277.958752	7.846091	511184	sternberg_trial	n/a	n/a	354	0	0	536	1	0	1	1279.0785489999998	1281.094736	0.0	0.0	0.0	0.0	1277.961237	1281.094736	1283.7127659999999	1285.8073279999999	intervals/trials	132	1277.961237	1285.807328
1277.958752	0.000000	511184	ttl	11	n/a	n/a	n/a	n/a	n/a	n/a	n/a	n/a	n/a	n/a	n/a	n/a	n/a	n/a	n/a	n/a	n/a	n/a	n/a	n/a	1277.961237	n/a
1279.076063	0.000000	511630	stimulus_presentation	n/a	168	n/a	n/a	n/a	n/a	n/a	n/a	n/a	n/a	n/a	n/a	n/a	n/a	n/a	n/a	n/a	n/a	n/a	n/a	n/a	1279.078549	n/a
1279.076063	0.000000	511630	ttl	1	n/a	n/a	n/a	n/a	n/a	n/a	n/a	n/a	n/a	n/a	n/a	n/a	n/a	n/a	n/a	n/a	n/a	n/a	n/a	n/a	1279.078549	n/a
1279.086063	0.000000	511634	stimulus_presentation	n/a	0	n/a	n/a	n/a	n/a	n/a	n/a	n/a	n/a	n/a	n/a	n/a	n/a	n/a	n/a	n/a	n/a	n/a	n/a	n/a	1279.088549	n/a
1279.096063	0.000000	511638	stimulus_presentation	n/a	0	n/a	n/a	n/a	n/a	n/a	n/a	n/a	n/a	n/a	n/a	n/a	n/a	n/a	n/a	n/a	n/a	n/a	n/a	n/a	1279.098549	n/a
1281.092251	0.000000	512437	ttl	6	n/a	n/a	n/a	n/a	n/a	n/a	n/a	n/a	n/a	n/a	n/a	n/a	n/a	n/a	n/a	n/a	n/a	n/a	n/a	n/a	1281.094736	n/a
1283.710280	0.000000	513484	stimulus_presentation	n/a	261	n/a	n/a	n/a	n/a	n/a	n/a	n/a	n/a	n/a	n/a	n/a	n/a	n/a	n/a	n/a	n/a	n/a	n/a	n/a	1283.712766	n/a
1283.710280	0.000000	513484	ttl	7	n/a	n/a	n/a	n/a	n/a	n/a	n/a	n/a	n/a	n/a	n/a	n/a	n/a	n/a	n/a	n/a	n/a	n/a	n/a	n/a	1283.712766	n/a
1285.804842	0.000000	514322	ttl	8	n/a	n/a	n/a	n/a	n/a	n/a	n/a	n/a	n/a	n/a	n/a	n/a	n/a	n/a	n/a	n/a	n/a	n/a	n/a	n/a	1285.807328	n/a
1285.840437	7.206528	514336	sternberg_trial	n/a	n/a	355	0	0	216	1	0	1	1287.027515	1289.0432019999998	0.0	0.0	0.0	0.0	1285.842922	1289.0432019999998	1291.744638	1293.04945	intervals/trials	133	1285.842922	1293.049450
1285.840437	0.000000	514336	ttl	11	n/a	n/a	n/a	n/a	n/a	n/a	n/a	n/a	n/a	n/a	n/a	n/a	n/a	n/a	n/a	n/a	n/a	n/a	n/a	n/a	1285.842922	n/a
1287.025030	0.000000	514810	stimulus_presentation	n/a	169	n/a	n/a	n/a	n/a	n/a	n/a	n/a	n/a	n/a	n/a	n/a	n/a	n/a	n/a	n/a	n/a	n/a	n/a	n/a	1287.027515	n/a
1287.025030	0.000000	514810	ttl	1	n/a	n/a	n/a	n/a	n/a	n/a	n/a	n/a	n/a	n/a	n/a	n/a	n/a	n/a	n/a	n/a	n/a	n/a	n/a	n/a	1287.027515	n/a
1287.035030	0.000000	514814	stimulus_presentation	n/a	0	n/a	n/a	n/a	n/a	n/a	n/a	n/a	n/a	n/a	n/a	n/a	n/a	n/a	n/a	n/a	n/a	n/a	n/a	n/a	1287.037515	n/a
1287.045030	0.000000	514818	stimulus_presentation	n/a	0	n/a	n/a	n/a	n/a	n/a	n/a	n/a	n/a	n/a	n/a	n/a	n/a	n/a	n/a	n/a	n/a	n/a	n/a	n/a	1287.047515	n/a
1289.040716	0.000000	515616	ttl	6	n/a	n/a	n/a	n/a	n/a	n/a	n/a	n/a	n/a	n/a	n/a	n/a	n/a	n/a	n/a	n/a	n/a	n/a	n/a	n/a	1289.043202	n/a
1291.742152	0.000000	516697	stimulus_presentation	n/a	73	n/a	n/a	n/a	n/a	n/a	n/a	n/a	n/a	n/a	n/a	n/a	n/a	n/a	n/a	n/a	n/a	n/a	n/a	n/a	1291.744638	n/a
1291.742152	0.000000	516697	ttl	7	n/a	n/a	n/a	n/a	n/a	n/a	n/a	n/a	n/a	n/a	n/a	n/a	n/a	n/a	n/a	n/a	n/a	n/a	n/a	n/a	1291.744638	n/a
1293.046965	0.000000	517219	ttl	8	n/a	n/a	n/a	n/a	n/a	n/a	n/a	n/a	n/a	n/a	n/a	n/a	n/a	n/a	n/a	n/a	n/a	n/a	n/a	n/a	1293.049450	n/a
1293.072308	11.629495	517229	sternberg_trial	n/a	n/a	156	553	253	156	3	1	0	1294.225418	1296.242636	1296.3753239999999	1298.3914479999999	1298.4747599999998	1300.4911339999999	1293.0747939999999	1300.4911339999999	1303.141415	1304.704289	intervals/trials	134	1293.074794	1304.704289
1293.072308	0.000000	517229	ttl	11	n/a	n/a	n/a	n/a	n/a	n/a	n/a	n/a	n/a	n/a	n/a	n/a	n/a	n/a	n/a	n/a	n/a	n/a	n/a	n/a	1293.074794	n/a
1294.222933	0.000000	517689	stimulus_presentation	n/a	56	n/a	n/a	n/a	n/a	n/a	n/a	n/a	n/a	n/a	n/a	n/a	n/a	n/a	n/a	n/a	n/a	n/a	n/a	n/a	1294.225418	n/a
1294.222933	0.000000	517689	ttl	1	n/a	n/a	n/a	n/a	n/a	n/a	n/a	n/a	n/a	n/a	n/a	n/a	n/a	n/a	n/a	n/a	n/a	n/a	n/a	n/a	1294.225418	n/a
1296.240151	0.000000	518496	ttl	5	n/a	n/a	n/a	n/a	n/a	n/a	n/a	n/a	n/a	n/a	n/a	n/a	n/a	n/a	n/a	n/a	n/a	n/a	n/a	n/a	1296.242636	n/a
1296.372838	0.000000	518549	stimulus_presentation	n/a	278	n/a	n/a	n/a	n/a	n/a	n/a	n/a	n/a	n/a	n/a	n/a	n/a	n/a	n/a	n/a	n/a	n/a	n/a	n/a	1296.375324	n/a
1296.372838	0.000000	518549	ttl	2	n/a	n/a	n/a	n/a	n/a	n/a	n/a	n/a	n/a	n/a	n/a	n/a	n/a	n/a	n/a	n/a	n/a	n/a	n/a	n/a	1296.375324	n/a
1298.388962	0.000000	519356	ttl	5	n/a	n/a	n/a	n/a	n/a	n/a	n/a	n/a	n/a	n/a	n/a	n/a	n/a	n/a	n/a	n/a	n/a	n/a	n/a	n/a	1298.391448	n/a
1298.472274	0.000000	519389	stimulus_presentation	n/a	110	n/a	n/a	n/a	n/a	n/a	n/a	n/a	n/a	n/a	n/a	n/a	n/a	n/a	n/a	n/a	n/a	n/a	n/a	n/a	1298.474760	n/a
1298.472274	0.000000	519389	ttl	3	n/a	n/a	n/a	n/a	n/a	n/a	n/a	n/a	n/a	n/a	n/a	n/a	n/a	n/a	n/a	n/a	n/a	n/a	n/a	n/a	1298.474760	n/a
1300.488648	0.000000	520195	ttl	6	n/a	n/a	n/a	n/a	n/a	n/a	n/a	n/a	n/a	n/a	n/a	n/a	n/a	n/a	n/a	n/a	n/a	n/a	n/a	n/a	1300.491134	n/a
1303.138930	0.000000	521256	stimulus_presentation	n/a	56	n/a	n/a	n/a	n/a	n/a	n/a	n/a	n/a	n/a	n/a	n/a	n/a	n/a	n/a	n/a	n/a	n/a	n/a	n/a	1303.141415	n/a
1303.138930	0.000000	521256	ttl	7	n/a	n/a	n/a	n/a	n/a	n/a	n/a	n/a	n/a	n/a	n/a	n/a	n/a	n/a	n/a	n/a	n/a	n/a	n/a	n/a	1303.141415	n/a
1304.701804	0.000000	521881	ttl	8	n/a	n/a	n/a	n/a	n/a	n/a	n/a	n/a	n/a	n/a	n/a	n/a	n/a	n/a	n/a	n/a	n/a	n/a	n/a	n/a	1304.704289	n/a
1304.736803	6.935466	521895	sternberg_trial	n/a	n/a	554	0	0	554	1	1	1	1305.8237259999999	1307.8398499999998	0.0	0.0	0.0	0.0	1304.7392889999999	1307.8398499999998	1310.574287	1311.674755	intervals/trials	135	1304.739289	1311.674755
1304.736803	0.000000	521895	ttl	11	n/a	n/a	n/a	n/a	n/a	n/a	n/a	n/a	n/a	n/a	n/a	n/a	n/a	n/a	n/a	n/a	n/a	n/a	n/a	n/a	1304.739289	n/a
1305.821240	0.000000	522328	stimulus_presentation	n/a	279	n/a	n/a	n/a	n/a	n/a	n/a	n/a	n/a	n/a	n/a	n/a	n/a	n/a	n/a	n/a	n/a	n/a	n/a	n/a	1305.823726	n/a
1305.821240	0.000000	522328	ttl	1	n/a	n/a	n/a	n/a	n/a	n/a	n/a	n/a	n/a	n/a	n/a	n/a	n/a	n/a	n/a	n/a	n/a	n/a	n/a	n/a	1305.823726	n/a
1305.831240	0.000000	522332	stimulus_presentation	n/a	0	n/a	n/a	n/a	n/a	n/a	n/a	n/a	n/a	n/a	n/a	n/a	n/a	n/a	n/a	n/a	n/a	n/a	n/a	n/a	1305.833726	n/a
1305.841240	0.000000	522336	stimulus_presentation	n/a	0	n/a	n/a	n/a	n/a	n/a	n/a	n/a	n/a	n/a	n/a	n/a	n/a	n/a	n/a	n/a	n/a	n/a	n/a	n/a	1305.843726	n/a
1307.837364	0.000000	523135	ttl	6	n/a	n/a	n/a	n/a	n/a	n/a	n/a	n/a	n/a	n/a	n/a	n/a	n/a	n/a	n/a	n/a	n/a	n/a	n/a	n/a	1307.839850	n/a
1310.571801	0.000000	524229	stimulus_presentation	n/a	279	n/a	n/a	n/a	n/a	n/a	n/a	n/a	n/a	n/a	n/a	n/a	n/a	n/a	n/a	n/a	n/a	n/a	n/a	n/a	1310.574287	n/a
1310.571801	0.000000	524229	ttl	7	n/a	n/a	n/a	n/a	n/a	n/a	n/a	n/a	n/a	n/a	n/a	n/a	n/a	n/a	n/a	n/a	n/a	n/a	n/a	n/a	1310.574287	n/a
1311.672270	0.000000	524669	ttl	8	n/a	n/a	n/a	n/a	n/a	n/a	n/a	n/a	n/a	n/a	n/a	n/a	n/a	n/a	n/a	n/a	n/a	n/a	n/a	n/a	1311.674755	n/a
1311.702082	6.749029	524681	sternberg_trial	n/a	n/a	254	0	0	254	1	1	1	1312.655692	1314.672316	0.0	0.0	0.0	0.0	1311.704567	1314.672316	1317.323003	1318.4535959999998	intervals/trials	136	1311.704567	1318.453596
1311.702082	0.000000	524681	ttl	11	n/a	n/a	n/a	n/a	n/a	n/a	n/a	n/a	n/a	n/a	n/a	n/a	n/a	n/a	n/a	n/a	n/a	n/a	n/a	n/a	1311.704567	n/a
1312.653207	0.000000	525061	stimulus_presentation	n/a	111	n/a	n/a	n/a	n/a	n/a	n/a	n/a	n/a	n/a	n/a	n/a	n/a	n/a	n/a	n/a	n/a	n/a	n/a	n/a	1312.655692	n/a
1312.653207	0.000000	525061	ttl	1	n/a	n/a	n/a	n/a	n/a	n/a	n/a	n/a	n/a	n/a	n/a	n/a	n/a	n/a	n/a	n/a	n/a	n/a	n/a	n/a	1312.655692	n/a
1312.663207	0.000000	525065	stimulus_presentation	n/a	0	n/a	n/a	n/a	n/a	n/a	n/a	n/a	n/a	n/a	n/a	n/a	n/a	n/a	n/a	n/a	n/a	n/a	n/a	n/a	1312.665692	n/a
1312.673207	0.000000	525069	stimulus_presentation	n/a	0	n/a	n/a	n/a	n/a	n/a	n/a	n/a	n/a	n/a	n/a	n/a	n/a	n/a	n/a	n/a	n/a	n/a	n/a	n/a	1312.675692	n/a
1314.669830	0.000000	525868	ttl	6	n/a	n/a	n/a	n/a	n/a	n/a	n/a	n/a	n/a	n/a	n/a	n/a	n/a	n/a	n/a	n/a	n/a	n/a	n/a	n/a	1314.672316	n/a
1317.320518	0.000000	526928	stimulus_presentation	n/a	111	n/a	n/a	n/a	n/a	n/a	n/a	n/a	n/a	n/a	n/a	n/a	n/a	n/a	n/a	n/a	n/a	n/a	n/a	n/a	1317.323003	n/a
1317.320518	0.000000	526928	ttl	7	n/a	n/a	n/a	n/a	n/a	n/a	n/a	n/a	n/a	n/a	n/a	n/a	n/a	n/a	n/a	n/a	n/a	n/a	n/a	n/a	1317.323003	n/a
1318.451110	0.000000	527380	ttl	8	n/a	n/a	n/a	n/a	n/a	n/a	n/a	n/a	n/a	n/a	n/a	n/a	n/a	n/a	n/a	n/a	n/a	n/a	n/a	n/a	1318.453596	n/a
1318.484173	11.285996	527394	sternberg_trial	n/a	n/a	555	356	255	143	3	0	0	1319.703658	1321.720251	1321.8369069999999	1323.854	1323.9199999999998	1325.936312	1318.486658	1325.936312	1328.720654	1329.7726539999999	intervals/trials	137	1318.486658	1329.772654
1318.484173	0.000000	527394	ttl	11	n/a	n/a	n/a	n/a	n/a	n/a	n/a	n/a	n/a	n/a	n/a	n/a	n/a	n/a	n/a	n/a	n/a	n/a	n/a	n/a	1318.486658	n/a
1319.701172	0.000000	527880	stimulus_presentation	n/a	280	n/a	n/a	n/a	n/a	n/a	n/a	n/a	n/a	n/a	n/a	n/a	n/a	n/a	n/a	n/a	n/a	n/a	n/a	n/a	1319.703658	n/a
1319.701172	0.000000	527880	ttl	1	n/a	n/a	n/a	n/a	n/a	n/a	n/a	n/a	n/a	n/a	n/a	n/a	n/a	n/a	n/a	n/a	n/a	n/a	n/a	n/a	1319.703658	n/a
1321.717766	0.000000	528687	ttl	5	n/a	n/a	n/a	n/a	n/a	n/a	n/a	n/a	n/a	n/a	n/a	n/a	n/a	n/a	n/a	n/a	n/a	n/a	n/a	n/a	1321.720251	n/a
1321.834421	0.000000	528734	stimulus_presentation	n/a	170	n/a	n/a	n/a	n/a	n/a	n/a	n/a	n/a	n/a	n/a	n/a	n/a	n/a	n/a	n/a	n/a	n/a	n/a	n/a	1321.836907	n/a
1321.834421	0.000000	528734	ttl	2	n/a	n/a	n/a	n/a	n/a	n/a	n/a	n/a	n/a	n/a	n/a	n/a	n/a	n/a	n/a	n/a	n/a	n/a	n/a	n/a	1321.836907	n/a
1323.851515	0.000000	529541	ttl	5	n/a	n/a	n/a	n/a	n/a	n/a	n/a	n/a	n/a	n/a	n/a	n/a	n/a	n/a	n/a	n/a	n/a	n/a	n/a	n/a	1323.854000	n/a
1323.917514	0.000000	529567	stimulus_presentation	n/a	112	n/a	n/a	n/a	n/a	n/a	n/a	n/a	n/a	n/a	n/a	n/a	n/a	n/a	n/a	n/a	n/a	n/a	n/a	n/a	1323.920000	n/a
1323.917514	0.000000	529567	ttl	3	n/a	n/a	n/a	n/a	n/a	n/a	n/a	n/a	n/a	n/a	n/a	n/a	n/a	n/a	n/a	n/a	n/a	n/a	n/a	n/a	1323.920000	n/a
1325.933827	0.000000	530374	ttl	6	n/a	n/a	n/a	n/a	n/a	n/a	n/a	n/a	n/a	n/a	n/a	n/a	n/a	n/a	n/a	n/a	n/a	n/a	n/a	n/a	1325.936312	n/a
1328.718169	0.000000	531487	stimulus_presentation	n/a	43	n/a	n/a	n/a	n/a	n/a	n/a	n/a	n/a	n/a	n/a	n/a	n/a	n/a	n/a	n/a	n/a	n/a	n/a	n/a	1328.720654	n/a
1328.718169	0.000000	531487	ttl	7	n/a	n/a	n/a	n/a	n/a	n/a	n/a	n/a	n/a	n/a	n/a	n/a	n/a	n/a	n/a	n/a	n/a	n/a	n/a	n/a	1328.720654	n/a
1329.770168	0.000000	531908	ttl	8	n/a	n/a	n/a	n/a	n/a	n/a	n/a	n/a	n/a	n/a	n/a	n/a	n/a	n/a	n/a	n/a	n/a	n/a	n/a	n/a	1329.772654	n/a
1329.798824	12.665276	531920	sternberg_trial	n/a	n/a	157	256	455	157	3	1	0	1330.83531	1332.852246	1333.001621	1335.017777	1335.1340579999999	1337.150745	1329.8013099999998	1337.150745	1339.751869	1342.466586	intervals/trials	138	1329.801310	1342.466586
1329.798824	0.000000	531920	ttl	11	n/a	n/a	n/a	n/a	n/a	n/a	n/a	n/a	n/a	n/a	n/a	n/a	n/a	n/a	n/a	n/a	n/a	n/a	n/a	n/a	1329.801310	n/a
1330.832825	0.000000	532333	stimulus_presentation	n/a	57	n/a	n/a	n/a	n/a	n/a	n/a	n/a	n/a	n/a	n/a	n/a	n/a	n/a	n/a	n/a	n/a	n/a	n/a	n/a	1330.835310	n/a
1330.832825	0.000000	532333	ttl	1	n/a	n/a	n/a	n/a	n/a	n/a	n/a	n/a	n/a	n/a	n/a	n/a	n/a	n/a	n/a	n/a	n/a	n/a	n/a	n/a	1330.835310	n/a
1332.849761	0.000000	533140	ttl	5	n/a	n/a	n/a	n/a	n/a	n/a	n/a	n/a	n/a	n/a	n/a	n/a	n/a	n/a	n/a	n/a	n/a	n/a	n/a	n/a	1332.852246	n/a
1332.999135	0.000000	533200	stimulus_presentation	n/a	113	n/a	n/a	n/a	n/a	n/a	n/a	n/a	n/a	n/a	n/a	n/a	n/a	n/a	n/a	n/a	n/a	n/a	n/a	n/a	1333.001621	n/a
1332.999135	0.000000	533200	ttl	2	n/a	n/a	n/a	n/a	n/a	n/a	n/a	n/a	n/a	n/a	n/a	n/a	n/a	n/a	n/a	n/a	n/a	n/a	n/a	n/a	1333.001621	n/a
1335.015292	0.000000	534006	ttl	5	n/a	n/a	n/a	n/a	n/a	n/a	n/a	n/a	n/a	n/a	n/a	n/a	n/a	n/a	n/a	n/a	n/a	n/a	n/a	n/a	1335.017777	n/a
1335.131572	0.000000	534053	stimulus_presentation	n/a	225	n/a	n/a	n/a	n/a	n/a	n/a	n/a	n/a	n/a	n/a	n/a	n/a	n/a	n/a	n/a	n/a	n/a	n/a	n/a	1335.134058	n/a
1335.131572	0.000000	534053	ttl	3	n/a	n/a	n/a	n/a	n/a	n/a	n/a	n/a	n/a	n/a	n/a	n/a	n/a	n/a	n/a	n/a	n/a	n/a	n/a	n/a	1335.134058	n/a
1337.148259	0.000000	534859	ttl	6	n/a	n/a	n/a	n/a	n/a	n/a	n/a	n/a	n/a	n/a	n/a	n/a	n/a	n/a	n/a	n/a	n/a	n/a	n/a	n/a	1337.150745	n/a
1339.749384	0.000000	535900	stimulus_presentation	n/a	57	n/a	n/a	n/a	n/a	n/a	n/a	n/a	n/a	n/a	n/a	n/a	n/a	n/a	n/a	n/a	n/a	n/a	n/a	n/a	1339.751869	n/a
1339.749384	0.000000	535900	ttl	7	n/a	n/a	n/a	n/a	n/a	n/a	n/a	n/a	n/a	n/a	n/a	n/a	n/a	n/a	n/a	n/a	n/a	n/a	n/a	n/a	1339.751869	n/a
1342.464101	0.000000	536986	ttl	8	n/a	n/a	n/a	n/a	n/a	n/a	n/a	n/a	n/a	n/a	n/a	n/a	n/a	n/a	n/a	n/a	n/a	n/a	n/a	n/a	1342.466586	n/a
1342.496445	12.709495	536999	sternberg_trial	n/a	n/a	257	0	0	327	1	0	1	1343.48293	1345.4990229999999	0.0	0.0	0.0	0.0	1342.49893	1345.4990229999999	1348.2673029999999	1355.208425	intervals/trials	139	1342.498930	1355.208425
1342.496445	0.000000	536999	ttl	11	n/a	n/a	n/a	n/a	n/a	n/a	n/a	n/a	n/a	n/a	n/a	n/a	n/a	n/a	n/a	n/a	n/a	n/a	n/a	n/a	1342.498930	n/a
1343.480444	0.000000	537392	stimulus_presentation	n/a	114	n/a	n/a	n/a	n/a	n/a	n/a	n/a	n/a	n/a	n/a	n/a	n/a	n/a	n/a	n/a	n/a	n/a	n/a	n/a	1343.482930	n/a
1343.480444	0.000000	537392	ttl	1	n/a	n/a	n/a	n/a	n/a	n/a	n/a	n/a	n/a	n/a	n/a	n/a	n/a	n/a	n/a	n/a	n/a	n/a	n/a	n/a	1343.482930	n/a
1343.490444	0.000000	537396	stimulus_presentation	n/a	0	n/a	n/a	n/a	n/a	n/a	n/a	n/a	n/a	n/a	n/a	n/a	n/a	n/a	n/a	n/a	n/a	n/a	n/a	n/a	1343.492930	n/a
1343.500444	0.000000	537400	stimulus_presentation	n/a	0	n/a	n/a	n/a	n/a	n/a	n/a	n/a	n/a	n/a	n/a	n/a	n/a	n/a	n/a	n/a	n/a	n/a	n/a	n/a	1343.502930	n/a
1345.496537	0.000000	538199	ttl	6	n/a	n/a	n/a	n/a	n/a	n/a	n/a	n/a	n/a	n/a	n/a	n/a	n/a	n/a	n/a	n/a	n/a	n/a	n/a	n/a	1345.499023	n/a
1348.264817	0.000000	539306	stimulus_presentation	n/a	141	n/a	n/a	n/a	n/a	n/a	n/a	n/a	n/a	n/a	n/a	n/a	n/a	n/a	n/a	n/a	n/a	n/a	n/a	n/a	1348.267303	n/a
1348.264817	0.000000	539306	ttl	7	n/a	n/a	n/a	n/a	n/a	n/a	n/a	n/a	n/a	n/a	n/a	n/a	n/a	n/a	n/a	n/a	n/a	n/a	n/a	n/a	1348.267303	n/a
1355.205940	0.000000	542082	ttl	8	n/a	n/a	n/a	n/a	n/a	n/a	n/a	n/a	n/a	n/a	n/a	n/a	n/a	n/a	n/a	n/a	n/a	n/a	n/a	n/a	1355.208425	n/a
1369.248622	0.000000	547699	ttl	60	n/a	n/a	n/a	n/a	n/a	n/a	n/a	n/a	n/a	n/a	n/a	n/a	n/a	n/a	n/a	n/a	n/a	n/a	n/a	n/a	1369.251107	n/a
