onset	duration	sample	trial_type	value	stimulus_index	PicIDs_Encoding1	PicIDs_Encoding2	PicIDs_Encoding3	PicIDs_Probe	loads	probe_in_out	response_accuracy	timestamps_Encoding1	timestamps_Encoding1_end	timestamps_Encoding2	timestamps_Encoding2_end	timestamps_Encoding3	timestamps_Encoding3_end	timestamps_FixationCross	timestamps_Maintenance	timestamps_Probe	timestamps_Response	source_table	source_row_id	source_start_time	source_stop_time
-0.002500	0.000000	-1	ttl	61	n/a	n/a	n/a	n/a	n/a	n/a	n/a	n/a	n/a	n/a	n/a	n/a	n/a	n/a	n/a	n/a	n/a	n/a	n/a	n/a	0.000000	n/a
-0.001500	11.595833	-1	sternberg_trial	n/a	n/a	201	101	501	501	3	1	1	1.047966666666627	3.0667	3.2663333333333133	5.280333333333314	5.415466666666627	7.4326	0.001	7.4326	10.047933333333313	11.596833333333313	intervals/trials	0	0.001000	11.596833
-0.001500	0.000000	-1	ttl	11	n/a	n/a	n/a	n/a	n/a	n/a	n/a	n/a	n/a	n/a	n/a	n/a	n/a	n/a	n/a	n/a	n/a	n/a	n/a	n/a	0.001000	n/a
1.045467	0.000000	418	stimulus_presentation	n/a	58	n/a	n/a	n/a	n/a	n/a	n/a	n/a	n/a	n/a	n/a	n/a	n/a	n/a	n/a	n/a	n/a	n/a	n/a	n/a	1.047967	n/a
1.045467	0.000000	418	ttl	1	n/a	n/a	n/a	n/a	n/a	n/a	n/a	n/a	n/a	n/a	n/a	n/a	n/a	n/a	n/a	n/a	n/a	n/a	n/a	n/a	1.047967	n/a
3.064200	0.000000	1226	ttl	5	n/a	n/a	n/a	n/a	n/a	n/a	n/a	n/a	n/a	n/a	n/a	n/a	n/a	n/a	n/a	n/a	n/a	n/a	n/a	n/a	3.066700	n/a
3.263833	0.000000	1306	stimulus_presentation	n/a	1	n/a	n/a	n/a	n/a	n/a	n/a	n/a	n/a	n/a	n/a	n/a	n/a	n/a	n/a	n/a	n/a	n/a	n/a	n/a	3.266333	n/a
3.263833	0.000000	1306	ttl	2	n/a	n/a	n/a	n/a	n/a	n/a	n/a	n/a	n/a	n/a	n/a	n/a	n/a	n/a	n/a	n/a	n/a	n/a	n/a	n/a	3.266333	n/a
5.277833	0.000000	2111	ttl	5	n/a	n/a	n/a	n/a	n/a	n/a	n/a	n/a	n/a	n/a	n/a	n/a	n/a	n/a	n/a	n/a	n/a	n/a	n/a	n/a	5.280333	n/a
5.412967	0.000000	2165	stimulus_presentation	n/a	226	n/a	n/a	n/a	n/a	n/a	n/a	n/a	n/a	n/a	n/a	n/a	n/a	n/a	n/a	n/a	n/a	n/a	n/a	n/a	5.415467	n/a
5.412967	0.000000	2165	ttl	3	n/a	n/a	n/a	n/a	n/a	n/a	n/a	n/a	n/a	n/a	n/a	n/a	n/a	n/a	n/a	n/a	n/a	n/a	n/a	n/a	5.415467	n/a
7.430100	0.000000	2972	ttl	6	n/a	n/a	n/a	n/a	n/a	n/a	n/a	n/a	n/a	n/a	n/a	n/a	n/a	n/a	n/a	n/a	n/a	n/a	n/a	n/a	7.432600	n/a
10.045433	0.000000	4018	stimulus_presentation	n/a	226	n/a	n/a	n/a	n/a	n/a	n/a	n/a	n/a	n/a	n/a	n/a	n/a	n/a	n/a	n/a	n/a	n/a	n/a	n/a	10.047933	n/a
10.045433	0.000000	4018	ttl	7	n/a	n/a	n/a	n/a	n/a	n/a	n/a	n/a	n/a	n/a	n/a	n/a	n/a	n/a	n/a	n/a	n/a	n/a	n/a	n/a	10.047933	n/a
11.594333	0.000000	4638	ttl	8	n/a	n/a	n/a	n/a	n/a	n/a	n/a	n/a	n/a	n/a	n/a	n/a	n/a	n/a	n/a	n/a	n/a	n/a	n/a	n/a	11.596833	n/a
11.644433	11.147233	4658	sternberg_trial	n/a	n/a	202	102	502	502	3	1	1	12.863833333333313	14.8806	14.932066666666627	16.948266666666626	17.163766666666625	19.182466666666627	11.646933333333314	19.182466666666627	21.966433333333313	22.794166666666626	intervals/trials	1	11.646933	22.794167
11.644433	0.000000	4658	ttl	11	n/a	n/a	n/a	n/a	n/a	n/a	n/a	n/a	n/a	n/a	n/a	n/a	n/a	n/a	n/a	n/a	n/a	n/a	n/a	n/a	11.646933	n/a
12.861333	0.000000	5145	stimulus_presentation	n/a	59	n/a	n/a	n/a	n/a	n/a	n/a	n/a	n/a	n/a	n/a	n/a	n/a	n/a	n/a	n/a	n/a	n/a	n/a	n/a	12.863833	n/a
12.861333	0.000000	5145	ttl	1	n/a	n/a	n/a	n/a	n/a	n/a	n/a	n/a	n/a	n/a	n/a	n/a	n/a	n/a	n/a	n/a	n/a	n/a	n/a	n/a	12.863833	n/a
14.878100	0.000000	5951	ttl	5	n/a	n/a	n/a	n/a	n/a	n/a	n/a	n/a	n/a	n/a	n/a	n/a	n/a	n/a	n/a	n/a	n/a	n/a	n/a	n/a	14.880600	n/a
14.929567	0.000000	5972	stimulus_presentation	n/a	2	n/a	n/a	n/a	n/a	n/a	n/a	n/a	n/a	n/a	n/a	n/a	n/a	n/a	n/a	n/a	n/a	n/a	n/a	n/a	14.932067	n/a
14.929567	0.000000	5972	ttl	2	n/a	n/a	n/a	n/a	n/a	n/a	n/a	n/a	n/a	n/a	n/a	n/a	n/a	n/a	n/a	n/a	n/a	n/a	n/a	n/a	14.932067	n/a
16.945767	0.000000	6778	ttl	5	n/a	n/a	n/a	n/a	n/a	n/a	n/a	n/a	n/a	n/a	n/a	n/a	n/a	n/a	n/a	n/a	n/a	n/a	n/a	n/a	16.948267	n/a
17.161267	0.000000	6865	stimulus_presentation	n/a	227	n/a	n/a	n/a	n/a	n/a	n/a	n/a	n/a	n/a	n/a	n/a	n/a	n/a	n/a	n/a	n/a	n/a	n/a	n/a	17.163767	n/a
17.161267	0.000000	6865	ttl	3	n/a	n/a	n/a	n/a	n/a	n/a	n/a	n/a	n/a	n/a	n/a	n/a	n/a	n/a	n/a	n/a	n/a	n/a	n/a	n/a	17.163767	n/a
19.179967	0.000000	7672	ttl	6	n/a	n/a	n/a	n/a	n/a	n/a	n/a	n/a	n/a	n/a	n/a	n/a	n/a	n/a	n/a	n/a	n/a	n/a	n/a	n/a	19.182467	n/a
21.963933	0.000000	8786	stimulus_presentation	n/a	227	n/a	n/a	n/a	n/a	n/a	n/a	n/a	n/a	n/a	n/a	n/a	n/a	n/a	n/a	n/a	n/a	n/a	n/a	n/a	21.966433	n/a
21.963933	0.000000	8786	ttl	7	n/a	n/a	n/a	n/a	n/a	n/a	n/a	n/a	n/a	n/a	n/a	n/a	n/a	n/a	n/a	n/a	n/a	n/a	n/a	n/a	21.966433	n/a
22.791667	0.000000	9117	ttl	8	n/a	n/a	n/a	n/a	n/a	n/a	n/a	n/a	n/a	n/a	n/a	n/a	n/a	n/a	n/a	n/a	n/a	n/a	n/a	n/a	22.794167	n/a
22.844367	11.152833	9138	sternberg_trial	n/a	n/a	301	401	103	301	3	1	1	23.882833333333313	25.896733333333312	26.096766666666625	28.115499999999997	28.2978	30.313399999999998	22.846866666666624	30.313399999999998	33.101266666666625	33.9997	intervals/trials	2	22.846867	33.999700
22.844367	0.000000	9138	ttl	11	n/a	n/a	n/a	n/a	n/a	n/a	n/a	n/a	n/a	n/a	n/a	n/a	n/a	n/a	n/a	n/a	n/a	n/a	n/a	n/a	22.846867	n/a
23.880333	0.000000	9552	stimulus_presentation	n/a	115	n/a	n/a	n/a	n/a	n/a	n/a	n/a	n/a	n/a	n/a	n/a	n/a	n/a	n/a	n/a	n/a	n/a	n/a	n/a	23.882833	n/a
23.880333	0.000000	9552	ttl	1	n/a	n/a	n/a	n/a	n/a	n/a	n/a	n/a	n/a	n/a	n/a	n/a	n/a	n/a	n/a	n/a	n/a	n/a	n/a	n/a	23.882833	n/a
25.894233	0.000000	10358	ttl	5	n/a	n/a	n/a	n/a	n/a	n/a	n/a	n/a	n/a	n/a	n/a	n/a	n/a	n/a	n/a	n/a	n/a	n/a	n/a	n/a	25.896733	n/a
26.094267	0.000000	10438	stimulus_presentation	n/a	171	n/a	n/a	n/a	n/a	n/a	n/a	n/a	n/a	n/a	n/a	n/a	n/a	n/a	n/a	n/a	n/a	n/a	n/a	n/a	26.096767	n/a
26.094267	0.000000	10438	ttl	2	n/a	n/a	n/a	n/a	n/a	n/a	n/a	n/a	n/a	n/a	n/a	n/a	n/a	n/a	n/a	n/a	n/a	n/a	n/a	n/a	26.096767	n/a
28.113000	0.000000	11245	ttl	5	n/a	n/a	n/a	n/a	n/a	n/a	n/a	n/a	n/a	n/a	n/a	n/a	n/a	n/a	n/a	n/a	n/a	n/a	n/a	n/a	28.115500	n/a
28.295300	0.000000	11318	stimulus_presentation	n/a	3	n/a	n/a	n/a	n/a	n/a	n/a	n/a	n/a	n/a	n/a	n/a	n/a	n/a	n/a	n/a	n/a	n/a	n/a	n/a	28.297800	n/a
28.295300	0.000000	11318	ttl	3	n/a	n/a	n/a	n/a	n/a	n/a	n/a	n/a	n/a	n/a	n/a	n/a	n/a	n/a	n/a	n/a	n/a	n/a	n/a	n/a	28.297800	n/a
30.310900	0.000000	12124	ttl	6	n/a	n/a	n/a	n/a	n/a	n/a	n/a	n/a	n/a	n/a	n/a	n/a	n/a	n/a	n/a	n/a	n/a	n/a	n/a	n/a	30.313400	n/a
33.098767	0.000000	13240	stimulus_presentation	n/a	115	n/a	n/a	n/a	n/a	n/a	n/a	n/a	n/a	n/a	n/a	n/a	n/a	n/a	n/a	n/a	n/a	n/a	n/a	n/a	33.101267	n/a
33.098767	0.000000	13240	ttl	7	n/a	n/a	n/a	n/a	n/a	n/a	n/a	n/a	n/a	n/a	n/a	n/a	n/a	n/a	n/a	n/a	n/a	n/a	n/a	n/a	33.101267	n/a
33.997200	0.000000	13599	ttl	8	n/a	n/a	n/a	n/a	n/a	n/a	n/a	n/a	n/a	n/a	n/a	n/a	n/a	n/a	n/a	n/a	n/a	n/a	n/a	n/a	33.999700	n/a
34.044267	7.389133	13618	sternberg_trial	n/a	n/a	503	0	0	503	1	1	1	35.2305	37.2469	0.0	0.0	0.0	0.0	34.04676666666663	37.2469	39.99976666666662	41.4359	intervals/trials	3	34.046767	41.435900
34.044267	0.000000	13618	ttl	11	n/a	n/a	n/a	n/a	n/a	n/a	n/a	n/a	n/a	n/a	n/a	n/a	n/a	n/a	n/a	n/a	n/a	n/a	n/a	n/a	34.046767	n/a
35.228000	0.000000	14091	stimulus_presentation	n/a	228	n/a	n/a	n/a	n/a	n/a	n/a	n/a	n/a	n/a	n/a	n/a	n/a	n/a	n/a	n/a	n/a	n/a	n/a	n/a	35.230500	n/a
35.228000	0.000000	14091	ttl	1	n/a	n/a	n/a	n/a	n/a	n/a	n/a	n/a	n/a	n/a	n/a	n/a	n/a	n/a	n/a	n/a	n/a	n/a	n/a	n/a	35.230500	n/a
35.238000	0.000000	14095	stimulus_presentation	n/a	0	n/a	n/a	n/a	n/a	n/a	n/a	n/a	n/a	n/a	n/a	n/a	n/a	n/a	n/a	n/a	n/a	n/a	n/a	n/a	35.240500	n/a
35.248000	0.000000	14099	stimulus_presentation	n/a	0	n/a	n/a	n/a	n/a	n/a	n/a	n/a	n/a	n/a	n/a	n/a	n/a	n/a	n/a	n/a	n/a	n/a	n/a	n/a	35.250500	n/a
37.244400	0.000000	14898	ttl	6	n/a	n/a	n/a	n/a	n/a	n/a	n/a	n/a	n/a	n/a	n/a	n/a	n/a	n/a	n/a	n/a	n/a	n/a	n/a	n/a	37.246900	n/a
39.997267	0.000000	15999	stimulus_presentation	n/a	228	n/a	n/a	n/a	n/a	n/a	n/a	n/a	n/a	n/a	n/a	n/a	n/a	n/a	n/a	n/a	n/a	n/a	n/a	n/a	39.999767	n/a
39.997267	0.000000	15999	ttl	7	n/a	n/a	n/a	n/a	n/a	n/a	n/a	n/a	n/a	n/a	n/a	n/a	n/a	n/a	n/a	n/a	n/a	n/a	n/a	n/a	39.999767	n/a
41.433400	0.000000	16573	ttl	8	n/a	n/a	n/a	n/a	n/a	n/a	n/a	n/a	n/a	n/a	n/a	n/a	n/a	n/a	n/a	n/a	n/a	n/a	n/a	n/a	41.435900	n/a
41.494767	10.878633	16598	sternberg_trial	n/a	n/a	402	203	504	103	3	0	0	42.59946666666662	44.61423333333331	44.664233333333314	46.68036666666662	46.8318	48.848733333333314	41.497266666666626	48.848733333333314	51.43246666666663	52.375899999999994	intervals/trials	4	41.497267	52.375900
41.494767	0.000000	16598	ttl	11	n/a	n/a	n/a	n/a	n/a	n/a	n/a	n/a	n/a	n/a	n/a	n/a	n/a	n/a	n/a	n/a	n/a	n/a	n/a	n/a	41.497267	n/a
42.596967	0.000000	17039	stimulus_presentation	n/a	172	n/a	n/a	n/a	n/a	n/a	n/a	n/a	n/a	n/a	n/a	n/a	n/a	n/a	n/a	n/a	n/a	n/a	n/a	n/a	42.599467	n/a
42.596967	0.000000	17039	ttl	1	n/a	n/a	n/a	n/a	n/a	n/a	n/a	n/a	n/a	n/a	n/a	n/a	n/a	n/a	n/a	n/a	n/a	n/a	n/a	n/a	42.599467	n/a
44.611733	0.000000	17845	ttl	5	n/a	n/a	n/a	n/a	n/a	n/a	n/a	n/a	n/a	n/a	n/a	n/a	n/a	n/a	n/a	n/a	n/a	n/a	n/a	n/a	44.614233	n/a
44.661733	0.000000	17865	stimulus_presentation	n/a	60	n/a	n/a	n/a	n/a	n/a	n/a	n/a	n/a	n/a	n/a	n/a	n/a	n/a	n/a	n/a	n/a	n/a	n/a	n/a	44.664233	n/a
44.661733	0.000000	17865	ttl	2	n/a	n/a	n/a	n/a	n/a	n/a	n/a	n/a	n/a	n/a	n/a	n/a	n/a	n/a	n/a	n/a	n/a	n/a	n/a	n/a	44.664233	n/a
46.677867	0.000000	18671	ttl	5	n/a	n/a	n/a	n/a	n/a	n/a	n/a	n/a	n/a	n/a	n/a	n/a	n/a	n/a	n/a	n/a	n/a	n/a	n/a	n/a	46.680367	n/a
46.829300	0.000000	18732	stimulus_presentation	n/a	229	n/a	n/a	n/a	n/a	n/a	n/a	n/a	n/a	n/a	n/a	n/a	n/a	n/a	n/a	n/a	n/a	n/a	n/a	n/a	46.831800	n/a
46.829300	0.000000	18732	ttl	3	n/a	n/a	n/a	n/a	n/a	n/a	n/a	n/a	n/a	n/a	n/a	n/a	n/a	n/a	n/a	n/a	n/a	n/a	n/a	n/a	46.831800	n/a
48.846233	0.000000	19538	ttl	6	n/a	n/a	n/a	n/a	n/a	n/a	n/a	n/a	n/a	n/a	n/a	n/a	n/a	n/a	n/a	n/a	n/a	n/a	n/a	n/a	48.848733	n/a
51.429967	0.000000	20572	stimulus_presentation	n/a	3	n/a	n/a	n/a	n/a	n/a	n/a	n/a	n/a	n/a	n/a	n/a	n/a	n/a	n/a	n/a	n/a	n/a	n/a	n/a	51.432467	n/a
51.429967	0.000000	20572	ttl	7	n/a	n/a	n/a	n/a	n/a	n/a	n/a	n/a	n/a	n/a	n/a	n/a	n/a	n/a	n/a	n/a	n/a	n/a	n/a	n/a	51.432467	n/a
52.373400	0.000000	20949	ttl	8	n/a	n/a	n/a	n/a	n/a	n/a	n/a	n/a	n/a	n/a	n/a	n/a	n/a	n/a	n/a	n/a	n/a	n/a	n/a	n/a	52.375900	n/a
52.410300	10.803967	20964	sternberg_trial	n/a	n/a	302	403	505	201	3	0	1	53.5145	55.529766666666625	55.6797	57.69806666666663	57.77986666666663	59.797999999999995	52.4128	59.797999999999995	62.53003333333331	63.21676666666662	intervals/trials	5	52.412800	63.216767
52.410300	0.000000	20964	ttl	11	n/a	n/a	n/a	n/a	n/a	n/a	n/a	n/a	n/a	n/a	n/a	n/a	n/a	n/a	n/a	n/a	n/a	n/a	n/a	n/a	52.412800	n/a
53.512000	0.000000	21405	stimulus_presentation	n/a	116	n/a	n/a	n/a	n/a	n/a	n/a	n/a	n/a	n/a	n/a	n/a	n/a	n/a	n/a	n/a	n/a	n/a	n/a	n/a	53.514500	n/a
53.512000	0.000000	21405	ttl	1	n/a	n/a	n/a	n/a	n/a	n/a	n/a	n/a	n/a	n/a	n/a	n/a	n/a	n/a	n/a	n/a	n/a	n/a	n/a	n/a	53.514500	n/a
55.527267	0.000000	22211	ttl	5	n/a	n/a	n/a	n/a	n/a	n/a	n/a	n/a	n/a	n/a	n/a	n/a	n/a	n/a	n/a	n/a	n/a	n/a	n/a	n/a	55.529767	n/a
55.677200	0.000000	22271	stimulus_presentation	n/a	173	n/a	n/a	n/a	n/a	n/a	n/a	n/a	n/a	n/a	n/a	n/a	n/a	n/a	n/a	n/a	n/a	n/a	n/a	n/a	55.679700	n/a
55.677200	0.000000	22271	ttl	2	n/a	n/a	n/a	n/a	n/a	n/a	n/a	n/a	n/a	n/a	n/a	n/a	n/a	n/a	n/a	n/a	n/a	n/a	n/a	n/a	55.679700	n/a
57.695567	0.000000	23078	ttl	5	n/a	n/a	n/a	n/a	n/a	n/a	n/a	n/a	n/a	n/a	n/a	n/a	n/a	n/a	n/a	n/a	n/a	n/a	n/a	n/a	57.698067	n/a
57.777367	0.000000	23111	stimulus_presentation	n/a	230	n/a	n/a	n/a	n/a	n/a	n/a	n/a	n/a	n/a	n/a	n/a	n/a	n/a	n/a	n/a	n/a	n/a	n/a	n/a	57.779867	n/a
57.777367	0.000000	23111	ttl	3	n/a	n/a	n/a	n/a	n/a	n/a	n/a	n/a	n/a	n/a	n/a	n/a	n/a	n/a	n/a	n/a	n/a	n/a	n/a	n/a	57.779867	n/a
59.795500	0.000000	23918	ttl	6	n/a	n/a	n/a	n/a	n/a	n/a	n/a	n/a	n/a	n/a	n/a	n/a	n/a	n/a	n/a	n/a	n/a	n/a	n/a	n/a	59.798000	n/a
62.527533	0.000000	25011	stimulus_presentation	n/a	58	n/a	n/a	n/a	n/a	n/a	n/a	n/a	n/a	n/a	n/a	n/a	n/a	n/a	n/a	n/a	n/a	n/a	n/a	n/a	62.530033	n/a
62.527533	0.000000	25011	ttl	7	n/a	n/a	n/a	n/a	n/a	n/a	n/a	n/a	n/a	n/a	n/a	n/a	n/a	n/a	n/a	n/a	n/a	n/a	n/a	n/a	62.530033	n/a
63.214267	0.000000	25286	ttl	8	n/a	n/a	n/a	n/a	n/a	n/a	n/a	n/a	n/a	n/a	n/a	n/a	n/a	n/a	n/a	n/a	n/a	n/a	n/a	n/a	63.216767	n/a
63.243900	11.100800	25298	sternberg_trial	n/a	n/a	404	303	506	203	3	0	0	64.36366666666662	66.3796	66.54803333333331	68.56313333333331	68.61356666666663	70.62966666666662	63.246399999999994	70.62966666666662	73.31609999999999	74.3472	intervals/trials	6	63.246400	74.347200
63.243900	0.000000	25298	ttl	11	n/a	n/a	n/a	n/a	n/a	n/a	n/a	n/a	n/a	n/a	n/a	n/a	n/a	n/a	n/a	n/a	n/a	n/a	n/a	n/a	63.246400	n/a
64.361167	0.000000	25744	stimulus_presentation	n/a	174	n/a	n/a	n/a	n/a	n/a	n/a	n/a	n/a	n/a	n/a	n/a	n/a	n/a	n/a	n/a	n/a	n/a	n/a	n/a	64.363667	n/a
64.361167	0.000000	25744	ttl	1	n/a	n/a	n/a	n/a	n/a	n/a	n/a	n/a	n/a	n/a	n/a	n/a	n/a	n/a	n/a	n/a	n/a	n/a	n/a	n/a	64.363667	n/a
66.377100	0.000000	26551	ttl	5	n/a	n/a	n/a	n/a	n/a	n/a	n/a	n/a	n/a	n/a	n/a	n/a	n/a	n/a	n/a	n/a	n/a	n/a	n/a	n/a	66.379600	n/a
66.545533	0.000000	26618	stimulus_presentation	n/a	117	n/a	n/a	n/a	n/a	n/a	n/a	n/a	n/a	n/a	n/a	n/a	n/a	n/a	n/a	n/a	n/a	n/a	n/a	n/a	66.548033	n/a
66.545533	0.000000	26618	ttl	2	n/a	n/a	n/a	n/a	n/a	n/a	n/a	n/a	n/a	n/a	n/a	n/a	n/a	n/a	n/a	n/a	n/a	n/a	n/a	n/a	66.548033	n/a
68.560633	0.000000	27424	ttl	5	n/a	n/a	n/a	n/a	n/a	n/a	n/a	n/a	n/a	n/a	n/a	n/a	n/a	n/a	n/a	n/a	n/a	n/a	n/a	n/a	68.563133	n/a
68.611067	0.000000	27444	stimulus_presentation	n/a	231	n/a	n/a	n/a	n/a	n/a	n/a	n/a	n/a	n/a	n/a	n/a	n/a	n/a	n/a	n/a	n/a	n/a	n/a	n/a	68.613567	n/a
68.611067	0.000000	27444	ttl	3	n/a	n/a	n/a	n/a	n/a	n/a	n/a	n/a	n/a	n/a	n/a	n/a	n/a	n/a	n/a	n/a	n/a	n/a	n/a	n/a	68.613567	n/a
70.627167	0.000000	28251	ttl	6	n/a	n/a	n/a	n/a	n/a	n/a	n/a	n/a	n/a	n/a	n/a	n/a	n/a	n/a	n/a	n/a	n/a	n/a	n/a	n/a	70.629667	n/a
73.313600	0.000000	29325	stimulus_presentation	n/a	60	n/a	n/a	n/a	n/a	n/a	n/a	n/a	n/a	n/a	n/a	n/a	n/a	n/a	n/a	n/a	n/a	n/a	n/a	n/a	73.316100	n/a
73.313600	0.000000	29325	ttl	7	n/a	n/a	n/a	n/a	n/a	n/a	n/a	n/a	n/a	n/a	n/a	n/a	n/a	n/a	n/a	n/a	n/a	n/a	n/a	n/a	73.316100	n/a
74.344700	0.000000	29738	ttl	8	n/a	n/a	n/a	n/a	n/a	n/a	n/a	n/a	n/a	n/a	n/a	n/a	n/a	n/a	n/a	n/a	n/a	n/a	n/a	n/a	74.347200	n/a
74.377533	15.303200	29751	sternberg_trial	n/a	n/a	104	204	304	304	3	1	0	75.5308	77.5466333333333	77.61493333333331	79.63156666666663	79.78216666666663	81.79666666666662	74.38003333333332	81.79666666666662	84.4798	89.6832333333333	intervals/trials	7	74.380033	89.683233
74.377533	0.000000	29751	ttl	11	n/a	n/a	n/a	n/a	n/a	n/a	n/a	n/a	n/a	n/a	n/a	n/a	n/a	n/a	n/a	n/a	n/a	n/a	n/a	n/a	74.380033	n/a
75.528300	0.000000	30211	stimulus_presentation	n/a	4	n/a	n/a	n/a	n/a	n/a	n/a	n/a	n/a	n/a	n/a	n/a	n/a	n/a	n/a	n/a	n/a	n/a	n/a	n/a	75.530800	n/a
75.528300	0.000000	30211	ttl	1	n/a	n/a	n/a	n/a	n/a	n/a	n/a	n/a	n/a	n/a	n/a	n/a	n/a	n/a	n/a	n/a	n/a	n/a	n/a	n/a	75.530800	n/a
77.544133	0.000000	31018	ttl	5	n/a	n/a	n/a	n/a	n/a	n/a	n/a	n/a	n/a	n/a	n/a	n/a	n/a	n/a	n/a	n/a	n/a	n/a	n/a	n/a	77.546633	n/a
77.612433	0.000000	31045	stimulus_presentation	n/a	61	n/a	n/a	n/a	n/a	n/a	n/a	n/a	n/a	n/a	n/a	n/a	n/a	n/a	n/a	n/a	n/a	n/a	n/a	n/a	77.614933	n/a
77.612433	0.000000	31045	ttl	2	n/a	n/a	n/a	n/a	n/a	n/a	n/a	n/a	n/a	n/a	n/a	n/a	n/a	n/a	n/a	n/a	n/a	n/a	n/a	n/a	77.614933	n/a
79.629067	0.000000	31852	ttl	5	n/a	n/a	n/a	n/a	n/a	n/a	n/a	n/a	n/a	n/a	n/a	n/a	n/a	n/a	n/a	n/a	n/a	n/a	n/a	n/a	79.631567	n/a
79.779667	0.000000	31912	stimulus_presentation	n/a	118	n/a	n/a	n/a	n/a	n/a	n/a	n/a	n/a	n/a	n/a	n/a	n/a	n/a	n/a	n/a	n/a	n/a	n/a	n/a	79.782167	n/a
79.779667	0.000000	31912	ttl	3	n/a	n/a	n/a	n/a	n/a	n/a	n/a	n/a	n/a	n/a	n/a	n/a	n/a	n/a	n/a	n/a	n/a	n/a	n/a	n/a	79.782167	n/a
81.794167	0.000000	32718	ttl	6	n/a	n/a	n/a	n/a	n/a	n/a	n/a	n/a	n/a	n/a	n/a	n/a	n/a	n/a	n/a	n/a	n/a	n/a	n/a	n/a	81.796667	n/a
84.477300	0.000000	33791	stimulus_presentation	n/a	118	n/a	n/a	n/a	n/a	n/a	n/a	n/a	n/a	n/a	n/a	n/a	n/a	n/a	n/a	n/a	n/a	n/a	n/a	n/a	84.479800	n/a
84.477300	0.000000	33791	ttl	7	n/a	n/a	n/a	n/a	n/a	n/a	n/a	n/a	n/a	n/a	n/a	n/a	n/a	n/a	n/a	n/a	n/a	n/a	n/a	n/a	84.479800	n/a
89.680733	0.000000	35872	ttl	8	n/a	n/a	n/a	n/a	n/a	n/a	n/a	n/a	n/a	n/a	n/a	n/a	n/a	n/a	n/a	n/a	n/a	n/a	n/a	n/a	89.683233	n/a
89.710367	11.532700	35884	sternberg_trial	n/a	n/a	507	405	205	405	3	1	1	90.8793333333333	92.89609999999999	92.9811	94.9962	95.1313	97.14793333333331	89.71286666666663	97.14793333333331	99.81586666666662	101.24556666666662	intervals/trials	8	89.712867	101.245567
89.710367	0.000000	35884	ttl	11	n/a	n/a	n/a	n/a	n/a	n/a	n/a	n/a	n/a	n/a	n/a	n/a	n/a	n/a	n/a	n/a	n/a	n/a	n/a	n/a	89.712867	n/a
90.876833	0.000000	36351	stimulus_presentation	n/a	232	n/a	n/a	n/a	n/a	n/a	n/a	n/a	n/a	n/a	n/a	n/a	n/a	n/a	n/a	n/a	n/a	n/a	n/a	n/a	90.879333	n/a
90.876833	0.000000	36351	ttl	1	n/a	n/a	n/a	n/a	n/a	n/a	n/a	n/a	n/a	n/a	n/a	n/a	n/a	n/a	n/a	n/a	n/a	n/a	n/a	n/a	90.879333	n/a
92.893600	0.000000	37157	ttl	5	n/a	n/a	n/a	n/a	n/a	n/a	n/a	n/a	n/a	n/a	n/a	n/a	n/a	n/a	n/a	n/a	n/a	n/a	n/a	n/a	92.896100	n/a
92.978600	0.000000	37191	stimulus_presentation	n/a	175	n/a	n/a	n/a	n/a	n/a	n/a	n/a	n/a	n/a	n/a	n/a	n/a	n/a	n/a	n/a	n/a	n/a	n/a	n/a	92.981100	n/a
92.978600	0.000000	37191	ttl	2	n/a	n/a	n/a	n/a	n/a	n/a	n/a	n/a	n/a	n/a	n/a	n/a	n/a	n/a	n/a	n/a	n/a	n/a	n/a	n/a	92.981100	n/a
94.993700	0.000000	37997	ttl	5	n/a	n/a	n/a	n/a	n/a	n/a	n/a	n/a	n/a	n/a	n/a	n/a	n/a	n/a	n/a	n/a	n/a	n/a	n/a	n/a	94.996200	n/a
95.128800	0.000000	38052	stimulus_presentation	n/a	62	n/a	n/a	n/a	n/a	n/a	n/a	n/a	n/a	n/a	n/a	n/a	n/a	n/a	n/a	n/a	n/a	n/a	n/a	n/a	95.131300	n/a
95.128800	0.000000	38052	ttl	3	n/a	n/a	n/a	n/a	n/a	n/a	n/a	n/a	n/a	n/a	n/a	n/a	n/a	n/a	n/a	n/a	n/a	n/a	n/a	n/a	95.131300	n/a
97.145433	0.000000	38858	ttl	6	n/a	n/a	n/a	n/a	n/a	n/a	n/a	n/a	n/a	n/a	n/a	n/a	n/a	n/a	n/a	n/a	n/a	n/a	n/a	n/a	97.147933	n/a
99.813367	0.000000	39925	stimulus_presentation	n/a	175	n/a	n/a	n/a	n/a	n/a	n/a	n/a	n/a	n/a	n/a	n/a	n/a	n/a	n/a	n/a	n/a	n/a	n/a	n/a	99.815867	n/a
99.813367	0.000000	39925	ttl	7	n/a	n/a	n/a	n/a	n/a	n/a	n/a	n/a	n/a	n/a	n/a	n/a	n/a	n/a	n/a	n/a	n/a	n/a	n/a	n/a	99.815867	n/a
101.243067	0.000000	40497	ttl	8	n/a	n/a	n/a	n/a	n/a	n/a	n/a	n/a	n/a	n/a	n/a	n/a	n/a	n/a	n/a	n/a	n/a	n/a	n/a	n/a	101.245567	n/a
101.277000	7.274167	40511	sternberg_trial	n/a	n/a	305	0	0	402	1	0	0	102.39846666666662	104.41396666666662	0.0	0.0	0.0	0.0	101.2795	104.41396666666662	107.23123333333331	108.55366666666662	intervals/trials	9	101.279500	108.553667
101.277000	0.000000	40511	ttl	11	n/a	n/a	n/a	n/a	n/a	n/a	n/a	n/a	n/a	n/a	n/a	n/a	n/a	n/a	n/a	n/a	n/a	n/a	n/a	n/a	101.279500	n/a
102.395967	0.000000	40958	stimulus_presentation	n/a	119	n/a	n/a	n/a	n/a	n/a	n/a	n/a	n/a	n/a	n/a	n/a	n/a	n/a	n/a	n/a	n/a	n/a	n/a	n/a	102.398467	n/a
102.395967	0.000000	40958	ttl	1	n/a	n/a	n/a	n/a	n/a	n/a	n/a	n/a	n/a	n/a	n/a	n/a	n/a	n/a	n/a	n/a	n/a	n/a	n/a	n/a	102.398467	n/a
102.405967	0.000000	40962	stimulus_presentation	n/a	0	n/a	n/a	n/a	n/a	n/a	n/a	n/a	n/a	n/a	n/a	n/a	n/a	n/a	n/a	n/a	n/a	n/a	n/a	n/a	102.408467	n/a
102.415967	0.000000	40966	stimulus_presentation	n/a	0	n/a	n/a	n/a	n/a	n/a	n/a	n/a	n/a	n/a	n/a	n/a	n/a	n/a	n/a	n/a	n/a	n/a	n/a	n/a	102.418467	n/a
104.411467	0.000000	41765	ttl	6	n/a	n/a	n/a	n/a	n/a	n/a	n/a	n/a	n/a	n/a	n/a	n/a	n/a	n/a	n/a	n/a	n/a	n/a	n/a	n/a	104.413967	n/a
107.228733	0.000000	42891	stimulus_presentation	n/a	172	n/a	n/a	n/a	n/a	n/a	n/a	n/a	n/a	n/a	n/a	n/a	n/a	n/a	n/a	n/a	n/a	n/a	n/a	n/a	107.231233	n/a
107.228733	0.000000	42891	ttl	7	n/a	n/a	n/a	n/a	n/a	n/a	n/a	n/a	n/a	n/a	n/a	n/a	n/a	n/a	n/a	n/a	n/a	n/a	n/a	n/a	107.231233	n/a
108.551167	0.000000	43420	ttl	8	n/a	n/a	n/a	n/a	n/a	n/a	n/a	n/a	n/a	n/a	n/a	n/a	n/a	n/a	n/a	n/a	n/a	n/a	n/a	n/a	108.553667	n/a
108.578867	6.944833	43432	sternberg_trial	n/a	n/a	306	0	0	306	1	1	1	109.54773333333331	111.56296666666663	0.0	0.0	0.0	0.0	108.58136666666663	111.56296666666663	114.22953333333331	115.52619999999999	intervals/trials	10	108.581367	115.526200
108.578867	0.000000	43432	ttl	11	n/a	n/a	n/a	n/a	n/a	n/a	n/a	n/a	n/a	n/a	n/a	n/a	n/a	n/a	n/a	n/a	n/a	n/a	n/a	n/a	108.581367	n/a
109.545233	0.000000	43818	stimulus_presentation	n/a	120	n/a	n/a	n/a	n/a	n/a	n/a	n/a	n/a	n/a	n/a	n/a	n/a	n/a	n/a	n/a	n/a	n/a	n/a	n/a	109.547733	n/a
109.545233	0.000000	43818	ttl	1	n/a	n/a	n/a	n/a	n/a	n/a	n/a	n/a	n/a	n/a	n/a	n/a	n/a	n/a	n/a	n/a	n/a	n/a	n/a	n/a	109.547733	n/a
109.555233	0.000000	43822	stimulus_presentation	n/a	0	n/a	n/a	n/a	n/a	n/a	n/a	n/a	n/a	n/a	n/a	n/a	n/a	n/a	n/a	n/a	n/a	n/a	n/a	n/a	109.557733	n/a
109.565233	0.000000	43826	stimulus_presentation	n/a	0	n/a	n/a	n/a	n/a	n/a	n/a	n/a	n/a	n/a	n/a	n/a	n/a	n/a	n/a	n/a	n/a	n/a	n/a	n/a	109.567733	n/a
111.560467	0.000000	44624	ttl	6	n/a	n/a	n/a	n/a	n/a	n/a	n/a	n/a	n/a	n/a	n/a	n/a	n/a	n/a	n/a	n/a	n/a	n/a	n/a	n/a	111.562967	n/a
114.227033	0.000000	45691	stimulus_presentation	n/a	120	n/a	n/a	n/a	n/a	n/a	n/a	n/a	n/a	n/a	n/a	n/a	n/a	n/a	n/a	n/a	n/a	n/a	n/a	n/a	114.229533	n/a
114.227033	0.000000	45691	ttl	7	n/a	n/a	n/a	n/a	n/a	n/a	n/a	n/a	n/a	n/a	n/a	n/a	n/a	n/a	n/a	n/a	n/a	n/a	n/a	n/a	114.229533	n/a
115.523700	0.000000	46209	ttl	8	n/a	n/a	n/a	n/a	n/a	n/a	n/a	n/a	n/a	n/a	n/a	n/a	n/a	n/a	n/a	n/a	n/a	n/a	n/a	n/a	115.526200	n/a
115.560167	10.982000	46224	sternberg_trial	n/a	n/a	206	406	307	507	3	0	1	116.61436666666663	118.6293333333333	118.8291333333333	120.84786666666662	120.9311	122.9459	115.56266666666662	122.9459	125.52946666666662	126.54466666666661	intervals/trials	11	115.562667	126.544667
115.560167	0.000000	46224	ttl	11	n/a	n/a	n/a	n/a	n/a	n/a	n/a	n/a	n/a	n/a	n/a	n/a	n/a	n/a	n/a	n/a	n/a	n/a	n/a	n/a	115.562667	n/a
116.611867	0.000000	46645	stimulus_presentation	n/a	63	n/a	n/a	n/a	n/a	n/a	n/a	n/a	n/a	n/a	n/a	n/a	n/a	n/a	n/a	n/a	n/a	n/a	n/a	n/a	116.614367	n/a
116.611867	0.000000	46645	ttl	1	n/a	n/a	n/a	n/a	n/a	n/a	n/a	n/a	n/a	n/a	n/a	n/a	n/a	n/a	n/a	n/a	n/a	n/a	n/a	n/a	116.614367	n/a
118.626833	0.000000	47451	ttl	5	n/a	n/a	n/a	n/a	n/a	n/a	n/a	n/a	n/a	n/a	n/a	n/a	n/a	n/a	n/a	n/a	n/a	n/a	n/a	n/a	118.629333	n/a
118.826633	0.000000	47531	stimulus_presentation	n/a	176	n/a	n/a	n/a	n/a	n/a	n/a	n/a	n/a	n/a	n/a	n/a	n/a	n/a	n/a	n/a	n/a	n/a	n/a	n/a	118.829133	n/a
118.826633	0.000000	47531	ttl	2	n/a	n/a	n/a	n/a	n/a	n/a	n/a	n/a	n/a	n/a	n/a	n/a	n/a	n/a	n/a	n/a	n/a	n/a	n/a	n/a	118.829133	n/a
120.845367	0.000000	48338	ttl	5	n/a	n/a	n/a	n/a	n/a	n/a	n/a	n/a	n/a	n/a	n/a	n/a	n/a	n/a	n/a	n/a	n/a	n/a	n/a	n/a	120.847867	n/a
120.928600	0.000000	48371	stimulus_presentation	n/a	121	n/a	n/a	n/a	n/a	n/a	n/a	n/a	n/a	n/a	n/a	n/a	n/a	n/a	n/a	n/a	n/a	n/a	n/a	n/a	120.931100	n/a
120.928600	0.000000	48371	ttl	3	n/a	n/a	n/a	n/a	n/a	n/a	n/a	n/a	n/a	n/a	n/a	n/a	n/a	n/a	n/a	n/a	n/a	n/a	n/a	n/a	120.931100	n/a
122.943400	0.000000	49177	ttl	6	n/a	n/a	n/a	n/a	n/a	n/a	n/a	n/a	n/a	n/a	n/a	n/a	n/a	n/a	n/a	n/a	n/a	n/a	n/a	n/a	122.945900	n/a
125.526967	0.000000	50211	stimulus_presentation	n/a	232	n/a	n/a	n/a	n/a	n/a	n/a	n/a	n/a	n/a	n/a	n/a	n/a	n/a	n/a	n/a	n/a	n/a	n/a	n/a	125.529467	n/a
125.526967	0.000000	50211	ttl	7	n/a	n/a	n/a	n/a	n/a	n/a	n/a	n/a	n/a	n/a	n/a	n/a	n/a	n/a	n/a	n/a	n/a	n/a	n/a	n/a	125.529467	n/a
126.542167	0.000000	50617	ttl	8	n/a	n/a	n/a	n/a	n/a	n/a	n/a	n/a	n/a	n/a	n/a	n/a	n/a	n/a	n/a	n/a	n/a	n/a	n/a	n/a	126.544667	n/a
126.576633	11.399933	50631	sternberg_trial	n/a	n/a	105	407	207	407	3	1	1	127.61353333333331	129.6310666666666	129.81289999999998	131.8297333333333	131.96529999999998	133.9794	126.5791333333333	133.9794	136.7129	137.97906666666663	intervals/trials	12	126.579133	137.979067
126.576633	0.000000	50631	ttl	11	n/a	n/a	n/a	n/a	n/a	n/a	n/a	n/a	n/a	n/a	n/a	n/a	n/a	n/a	n/a	n/a	n/a	n/a	n/a	n/a	126.579133	n/a
127.611033	0.000000	51044	stimulus_presentation	n/a	5	n/a	n/a	n/a	n/a	n/a	n/a	n/a	n/a	n/a	n/a	n/a	n/a	n/a	n/a	n/a	n/a	n/a	n/a	n/a	127.613533	n/a
127.611033	0.000000	51044	ttl	1	n/a	n/a	n/a	n/a	n/a	n/a	n/a	n/a	n/a	n/a	n/a	n/a	n/a	n/a	n/a	n/a	n/a	n/a	n/a	n/a	127.613533	n/a
129.628567	0.000000	51851	ttl	5	n/a	n/a	n/a	n/a	n/a	n/a	n/a	n/a	n/a	n/a	n/a	n/a	n/a	n/a	n/a	n/a	n/a	n/a	n/a	n/a	129.631067	n/a
129.810400	0.000000	51924	stimulus_presentation	n/a	177	n/a	n/a	n/a	n/a	n/a	n/a	n/a	n/a	n/a	n/a	n/a	n/a	n/a	n/a	n/a	n/a	n/a	n/a	n/a	129.812900	n/a
129.810400	0.000000	51924	ttl	2	n/a	n/a	n/a	n/a	n/a	n/a	n/a	n/a	n/a	n/a	n/a	n/a	n/a	n/a	n/a	n/a	n/a	n/a	n/a	n/a	129.812900	n/a
131.827233	0.000000	52731	ttl	5	n/a	n/a	n/a	n/a	n/a	n/a	n/a	n/a	n/a	n/a	n/a	n/a	n/a	n/a	n/a	n/a	n/a	n/a	n/a	n/a	131.829733	n/a
131.962800	0.000000	52785	stimulus_presentation	n/a	64	n/a	n/a	n/a	n/a	n/a	n/a	n/a	n/a	n/a	n/a	n/a	n/a	n/a	n/a	n/a	n/a	n/a	n/a	n/a	131.965300	n/a
131.962800	0.000000	52785	ttl	3	n/a	n/a	n/a	n/a	n/a	n/a	n/a	n/a	n/a	n/a	n/a	n/a	n/a	n/a	n/a	n/a	n/a	n/a	n/a	n/a	131.965300	n/a
133.976900	0.000000	53591	ttl	6	n/a	n/a	n/a	n/a	n/a	n/a	n/a	n/a	n/a	n/a	n/a	n/a	n/a	n/a	n/a	n/a	n/a	n/a	n/a	n/a	133.979400	n/a
136.710400	0.000000	54684	stimulus_presentation	n/a	177	n/a	n/a	n/a	n/a	n/a	n/a	n/a	n/a	n/a	n/a	n/a	n/a	n/a	n/a	n/a	n/a	n/a	n/a	n/a	136.712900	n/a
136.710400	0.000000	54684	ttl	7	n/a	n/a	n/a	n/a	n/a	n/a	n/a	n/a	n/a	n/a	n/a	n/a	n/a	n/a	n/a	n/a	n/a	n/a	n/a	n/a	136.712900	n/a
137.976567	0.000000	55191	ttl	8	n/a	n/a	n/a	n/a	n/a	n/a	n/a	n/a	n/a	n/a	n/a	n/a	n/a	n/a	n/a	n/a	n/a	n/a	n/a	n/a	137.979067	n/a
138.011267	7.049700	55205	sternberg_trial	n/a	n/a	208	0	0	208	1	1	1	139.16396666666662	141.17876666666663	0.0	0.0	0.0	0.0	138.0137666666666	141.17876666666663	143.84606666666662	145.0634666666666	intervals/trials	13	138.013767	145.063467
138.011267	0.000000	55205	ttl	11	n/a	n/a	n/a	n/a	n/a	n/a	n/a	n/a	n/a	n/a	n/a	n/a	n/a	n/a	n/a	n/a	n/a	n/a	n/a	n/a	138.013767	n/a
139.161467	0.000000	55665	stimulus_presentation	n/a	65	n/a	n/a	n/a	n/a	n/a	n/a	n/a	n/a	n/a	n/a	n/a	n/a	n/a	n/a	n/a	n/a	n/a	n/a	n/a	139.163967	n/a
139.161467	0.000000	55665	ttl	1	n/a	n/a	n/a	n/a	n/a	n/a	n/a	n/a	n/a	n/a	n/a	n/a	n/a	n/a	n/a	n/a	n/a	n/a	n/a	n/a	139.163967	n/a
139.171467	0.000000	55669	stimulus_presentation	n/a	0	n/a	n/a	n/a	n/a	n/a	n/a	n/a	n/a	n/a	n/a	n/a	n/a	n/a	n/a	n/a	n/a	n/a	n/a	n/a	139.173967	n/a
139.181467	0.000000	55673	stimulus_presentation	n/a	0	n/a	n/a	n/a	n/a	n/a	n/a	n/a	n/a	n/a	n/a	n/a	n/a	n/a	n/a	n/a	n/a	n/a	n/a	n/a	139.183967	n/a
141.176267	0.000000	56471	ttl	6	n/a	n/a	n/a	n/a	n/a	n/a	n/a	n/a	n/a	n/a	n/a	n/a	n/a	n/a	n/a	n/a	n/a	n/a	n/a	n/a	141.178767	n/a
143.843567	0.000000	57537	stimulus_presentation	n/a	65	n/a	n/a	n/a	n/a	n/a	n/a	n/a	n/a	n/a	n/a	n/a	n/a	n/a	n/a	n/a	n/a	n/a	n/a	n/a	143.846067	n/a
143.843567	0.000000	57537	ttl	7	n/a	n/a	n/a	n/a	n/a	n/a	n/a	n/a	n/a	n/a	n/a	n/a	n/a	n/a	n/a	n/a	n/a	n/a	n/a	n/a	143.846067	n/a
145.060967	0.000000	58024	ttl	8	n/a	n/a	n/a	n/a	n/a	n/a	n/a	n/a	n/a	n/a	n/a	n/a	n/a	n/a	n/a	n/a	n/a	n/a	n/a	n/a	145.063467	n/a
145.093333	11.194033	58037	sternberg_trial	n/a	n/a	508	408	209	307	3	0	0	146.13086666666663	148.1457	148.3141333333333	150.32976666666661	150.52886666666663	152.5454666666666	145.0958333333333	152.5454666666666	155.14583333333331	156.28986666666663	intervals/trials	14	145.095833	156.289867
145.093333	0.000000	58037	ttl	11	n/a	n/a	n/a	n/a	n/a	n/a	n/a	n/a	n/a	n/a	n/a	n/a	n/a	n/a	n/a	n/a	n/a	n/a	n/a	n/a	145.095833	n/a
146.128367	0.000000	58451	stimulus_presentation	n/a	233	n/a	n/a	n/a	n/a	n/a	n/a	n/a	n/a	n/a	n/a	n/a	n/a	n/a	n/a	n/a	n/a	n/a	n/a	n/a	146.130867	n/a
146.128367	0.000000	58451	ttl	1	n/a	n/a	n/a	n/a	n/a	n/a	n/a	n/a	n/a	n/a	n/a	n/a	n/a	n/a	n/a	n/a	n/a	n/a	n/a	n/a	146.130867	n/a
148.143200	0.000000	59257	ttl	5	n/a	n/a	n/a	n/a	n/a	n/a	n/a	n/a	n/a	n/a	n/a	n/a	n/a	n/a	n/a	n/a	n/a	n/a	n/a	n/a	148.145700	n/a
148.311633	0.000000	59325	stimulus_presentation	n/a	178	n/a	n/a	n/a	n/a	n/a	n/a	n/a	n/a	n/a	n/a	n/a	n/a	n/a	n/a	n/a	n/a	n/a	n/a	n/a	148.314133	n/a
148.311633	0.000000	59325	ttl	2	n/a	n/a	n/a	n/a	n/a	n/a	n/a	n/a	n/a	n/a	n/a	n/a	n/a	n/a	n/a	n/a	n/a	n/a	n/a	n/a	148.314133	n/a
150.327267	0.000000	60131	ttl	5	n/a	n/a	n/a	n/a	n/a	n/a	n/a	n/a	n/a	n/a	n/a	n/a	n/a	n/a	n/a	n/a	n/a	n/a	n/a	n/a	150.329767	n/a
150.526367	0.000000	60211	stimulus_presentation	n/a	66	n/a	n/a	n/a	n/a	n/a	n/a	n/a	n/a	n/a	n/a	n/a	n/a	n/a	n/a	n/a	n/a	n/a	n/a	n/a	150.528867	n/a
150.526367	0.000000	60211	ttl	3	n/a	n/a	n/a	n/a	n/a	n/a	n/a	n/a	n/a	n/a	n/a	n/a	n/a	n/a	n/a	n/a	n/a	n/a	n/a	n/a	150.528867	n/a
152.542967	0.000000	61017	ttl	6	n/a	n/a	n/a	n/a	n/a	n/a	n/a	n/a	n/a	n/a	n/a	n/a	n/a	n/a	n/a	n/a	n/a	n/a	n/a	n/a	152.545467	n/a
155.143333	0.000000	62057	stimulus_presentation	n/a	121	n/a	n/a	n/a	n/a	n/a	n/a	n/a	n/a	n/a	n/a	n/a	n/a	n/a	n/a	n/a	n/a	n/a	n/a	n/a	155.145833	n/a
155.143333	0.000000	62057	ttl	7	n/a	n/a	n/a	n/a	n/a	n/a	n/a	n/a	n/a	n/a	n/a	n/a	n/a	n/a	n/a	n/a	n/a	n/a	n/a	n/a	155.145833	n/a
156.287367	0.000000	62515	ttl	8	n/a	n/a	n/a	n/a	n/a	n/a	n/a	n/a	n/a	n/a	n/a	n/a	n/a	n/a	n/a	n/a	n/a	n/a	n/a	n/a	156.289867	n/a
156.309633	6.918033	62524	sternberg_trial	n/a	n/a	409	0	0	205	1	0	0	157.2967333333333	159.3124666666666	0.0	0.0	0.0	0.0	156.3121333333333	159.3124666666666	161.9628333333333	163.23016666666663	intervals/trials	15	156.312133	163.230167
156.309633	0.000000	62524	ttl	11	n/a	n/a	n/a	n/a	n/a	n/a	n/a	n/a	n/a	n/a	n/a	n/a	n/a	n/a	n/a	n/a	n/a	n/a	n/a	n/a	156.312133	n/a
157.294233	0.000000	62918	stimulus_presentation	n/a	179	n/a	n/a	n/a	n/a	n/a	n/a	n/a	n/a	n/a	n/a	n/a	n/a	n/a	n/a	n/a	n/a	n/a	n/a	n/a	157.296733	n/a
157.294233	0.000000	62918	ttl	1	n/a	n/a	n/a	n/a	n/a	n/a	n/a	n/a	n/a	n/a	n/a	n/a	n/a	n/a	n/a	n/a	n/a	n/a	n/a	n/a	157.296733	n/a
157.304233	0.000000	62922	stimulus_presentation	n/a	0	n/a	n/a	n/a	n/a	n/a	n/a	n/a	n/a	n/a	n/a	n/a	n/a	n/a	n/a	n/a	n/a	n/a	n/a	n/a	157.306733	n/a
157.314233	0.000000	62926	stimulus_presentation	n/a	0	n/a	n/a	n/a	n/a	n/a	n/a	n/a	n/a	n/a	n/a	n/a	n/a	n/a	n/a	n/a	n/a	n/a	n/a	n/a	157.316733	n/a
159.309967	0.000000	63724	ttl	6	n/a	n/a	n/a	n/a	n/a	n/a	n/a	n/a	n/a	n/a	n/a	n/a	n/a	n/a	n/a	n/a	n/a	n/a	n/a	n/a	159.312467	n/a
161.960333	0.000000	64784	stimulus_presentation	n/a	62	n/a	n/a	n/a	n/a	n/a	n/a	n/a	n/a	n/a	n/a	n/a	n/a	n/a	n/a	n/a	n/a	n/a	n/a	n/a	161.962833	n/a
161.960333	0.000000	64784	ttl	7	n/a	n/a	n/a	n/a	n/a	n/a	n/a	n/a	n/a	n/a	n/a	n/a	n/a	n/a	n/a	n/a	n/a	n/a	n/a	n/a	161.962833	n/a
163.227667	0.000000	65291	ttl	8	n/a	n/a	n/a	n/a	n/a	n/a	n/a	n/a	n/a	n/a	n/a	n/a	n/a	n/a	n/a	n/a	n/a	n/a	n/a	n/a	163.230167	n/a
163.260233	11.721400	65304	sternberg_trial	n/a	n/a	308	210	410	506	3	0	0	164.2636	166.2807666666666	166.4141333333333	168.429	168.49676666666662	170.51216666666662	163.2627333333333	170.51216666666662	173.24596666666662	174.98413333333332	intervals/trials	16	163.262733	174.984133
163.260233	0.000000	65304	ttl	11	n/a	n/a	n/a	n/a	n/a	n/a	n/a	n/a	n/a	n/a	n/a	n/a	n/a	n/a	n/a	n/a	n/a	n/a	n/a	n/a	163.262733	n/a
164.261100	0.000000	65704	stimulus_presentation	n/a	122	n/a	n/a	n/a	n/a	n/a	n/a	n/a	n/a	n/a	n/a	n/a	n/a	n/a	n/a	n/a	n/a	n/a	n/a	n/a	164.263600	n/a
164.261100	0.000000	65704	ttl	1	n/a	n/a	n/a	n/a	n/a	n/a	n/a	n/a	n/a	n/a	n/a	n/a	n/a	n/a	n/a	n/a	n/a	n/a	n/a	n/a	164.263600	n/a
166.278267	0.000000	66511	ttl	5	n/a	n/a	n/a	n/a	n/a	n/a	n/a	n/a	n/a	n/a	n/a	n/a	n/a	n/a	n/a	n/a	n/a	n/a	n/a	n/a	166.280767	n/a
166.411633	0.000000	66565	stimulus_presentation	n/a	67	n/a	n/a	n/a	n/a	n/a	n/a	n/a	n/a	n/a	n/a	n/a	n/a	n/a	n/a	n/a	n/a	n/a	n/a	n/a	166.414133	n/a
166.411633	0.000000	66565	ttl	2	n/a	n/a	n/a	n/a	n/a	n/a	n/a	n/a	n/a	n/a	n/a	n/a	n/a	n/a	n/a	n/a	n/a	n/a	n/a	n/a	166.414133	n/a
168.426500	0.000000	67371	ttl	5	n/a	n/a	n/a	n/a	n/a	n/a	n/a	n/a	n/a	n/a	n/a	n/a	n/a	n/a	n/a	n/a	n/a	n/a	n/a	n/a	168.429000	n/a
168.494267	0.000000	67398	stimulus_presentation	n/a	180	n/a	n/a	n/a	n/a	n/a	n/a	n/a	n/a	n/a	n/a	n/a	n/a	n/a	n/a	n/a	n/a	n/a	n/a	n/a	168.496767	n/a
168.494267	0.000000	67398	ttl	3	n/a	n/a	n/a	n/a	n/a	n/a	n/a	n/a	n/a	n/a	n/a	n/a	n/a	n/a	n/a	n/a	n/a	n/a	n/a	n/a	168.496767	n/a
170.509667	0.000000	68204	ttl	6	n/a	n/a	n/a	n/a	n/a	n/a	n/a	n/a	n/a	n/a	n/a	n/a	n/a	n/a	n/a	n/a	n/a	n/a	n/a	n/a	170.512167	n/a
173.243467	0.000000	69297	stimulus_presentation	n/a	231	n/a	n/a	n/a	n/a	n/a	n/a	n/a	n/a	n/a	n/a	n/a	n/a	n/a	n/a	n/a	n/a	n/a	n/a	n/a	173.245967	n/a
173.243467	0.000000	69297	ttl	7	n/a	n/a	n/a	n/a	n/a	n/a	n/a	n/a	n/a	n/a	n/a	n/a	n/a	n/a	n/a	n/a	n/a	n/a	n/a	n/a	173.245967	n/a
174.981633	0.000000	69993	ttl	8	n/a	n/a	n/a	n/a	n/a	n/a	n/a	n/a	n/a	n/a	n/a	n/a	n/a	n/a	n/a	n/a	n/a	n/a	n/a	n/a	174.984133	n/a
175.009667	12.477733	70004	sternberg_trial	n/a	n/a	106	411	309	309	3	1	1	175.9954333333333	178.0136666666666	178.0787333333333	180.09536666666662	180.29726666666662	182.3118	175.01216666666662	182.3118	184.96246666666661	187.48989999999998	intervals/trials	17	175.012167	187.489900
175.009667	0.000000	70004	ttl	11	n/a	n/a	n/a	n/a	n/a	n/a	n/a	n/a	n/a	n/a	n/a	n/a	n/a	n/a	n/a	n/a	n/a	n/a	n/a	n/a	175.012167	n/a
175.992933	0.000000	70397	stimulus_presentation	n/a	6	n/a	n/a	n/a	n/a	n/a	n/a	n/a	n/a	n/a	n/a	n/a	n/a	n/a	n/a	n/a	n/a	n/a	n/a	n/a	175.995433	n/a
175.992933	0.000000	70397	ttl	1	n/a	n/a	n/a	n/a	n/a	n/a	n/a	n/a	n/a	n/a	n/a	n/a	n/a	n/a	n/a	n/a	n/a	n/a	n/a	n/a	175.995433	n/a
178.011167	0.000000	71204	ttl	5	n/a	n/a	n/a	n/a	n/a	n/a	n/a	n/a	n/a	n/a	n/a	n/a	n/a	n/a	n/a	n/a	n/a	n/a	n/a	n/a	178.013667	n/a
178.076233	0.000000	71230	stimulus_presentation	n/a	181	n/a	n/a	n/a	n/a	n/a	n/a	n/a	n/a	n/a	n/a	n/a	n/a	n/a	n/a	n/a	n/a	n/a	n/a	n/a	178.078733	n/a
178.076233	0.000000	71230	ttl	2	n/a	n/a	n/a	n/a	n/a	n/a	n/a	n/a	n/a	n/a	n/a	n/a	n/a	n/a	n/a	n/a	n/a	n/a	n/a	n/a	178.078733	n/a
180.092867	0.000000	72037	ttl	5	n/a	n/a	n/a	n/a	n/a	n/a	n/a	n/a	n/a	n/a	n/a	n/a	n/a	n/a	n/a	n/a	n/a	n/a	n/a	n/a	180.095367	n/a
180.294767	0.000000	72118	stimulus_presentation	n/a	123	n/a	n/a	n/a	n/a	n/a	n/a	n/a	n/a	n/a	n/a	n/a	n/a	n/a	n/a	n/a	n/a	n/a	n/a	n/a	180.297267	n/a
180.294767	0.000000	72118	ttl	3	n/a	n/a	n/a	n/a	n/a	n/a	n/a	n/a	n/a	n/a	n/a	n/a	n/a	n/a	n/a	n/a	n/a	n/a	n/a	n/a	180.297267	n/a
182.309300	0.000000	72924	ttl	6	n/a	n/a	n/a	n/a	n/a	n/a	n/a	n/a	n/a	n/a	n/a	n/a	n/a	n/a	n/a	n/a	n/a	n/a	n/a	n/a	182.311800	n/a
184.959967	0.000000	73984	stimulus_presentation	n/a	123	n/a	n/a	n/a	n/a	n/a	n/a	n/a	n/a	n/a	n/a	n/a	n/a	n/a	n/a	n/a	n/a	n/a	n/a	n/a	184.962467	n/a
184.959967	0.000000	73984	ttl	7	n/a	n/a	n/a	n/a	n/a	n/a	n/a	n/a	n/a	n/a	n/a	n/a	n/a	n/a	n/a	n/a	n/a	n/a	n/a	n/a	184.962467	n/a
187.487400	0.000000	74995	ttl	8	n/a	n/a	n/a	n/a	n/a	n/a	n/a	n/a	n/a	n/a	n/a	n/a	n/a	n/a	n/a	n/a	n/a	n/a	n/a	n/a	187.489900	n/a
187.509700	9.428833	75004	sternberg_trial	n/a	n/a	211	0	0	211	1	1	0	188.5472333333333	190.5641	0.0	0.0	0.0	0.0	187.51219999999998	190.5641	193.1789666666666	196.9410333333333	intervals/trials	18	187.512200	196.941033
187.509700	0.000000	75004	ttl	11	n/a	n/a	n/a	n/a	n/a	n/a	n/a	n/a	n/a	n/a	n/a	n/a	n/a	n/a	n/a	n/a	n/a	n/a	n/a	n/a	187.512200	n/a
188.544733	0.000000	75418	stimulus_presentation	n/a	68	n/a	n/a	n/a	n/a	n/a	n/a	n/a	n/a	n/a	n/a	n/a	n/a	n/a	n/a	n/a	n/a	n/a	n/a	n/a	188.547233	n/a
188.544733	0.000000	75418	ttl	1	n/a	n/a	n/a	n/a	n/a	n/a	n/a	n/a	n/a	n/a	n/a	n/a	n/a	n/a	n/a	n/a	n/a	n/a	n/a	n/a	188.547233	n/a
188.554733	0.000000	75422	stimulus_presentation	n/a	0	n/a	n/a	n/a	n/a	n/a	n/a	n/a	n/a	n/a	n/a	n/a	n/a	n/a	n/a	n/a	n/a	n/a	n/a	n/a	188.557233	n/a
188.564733	0.000000	75426	stimulus_presentation	n/a	0	n/a	n/a	n/a	n/a	n/a	n/a	n/a	n/a	n/a	n/a	n/a	n/a	n/a	n/a	n/a	n/a	n/a	n/a	n/a	188.567233	n/a
190.561600	0.000000	76225	ttl	6	n/a	n/a	n/a	n/a	n/a	n/a	n/a	n/a	n/a	n/a	n/a	n/a	n/a	n/a	n/a	n/a	n/a	n/a	n/a	n/a	190.564100	n/a
193.176467	0.000000	77271	stimulus_presentation	n/a	68	n/a	n/a	n/a	n/a	n/a	n/a	n/a	n/a	n/a	n/a	n/a	n/a	n/a	n/a	n/a	n/a	n/a	n/a	n/a	193.178967	n/a
193.176467	0.000000	77271	ttl	7	n/a	n/a	n/a	n/a	n/a	n/a	n/a	n/a	n/a	n/a	n/a	n/a	n/a	n/a	n/a	n/a	n/a	n/a	n/a	n/a	193.178967	n/a
196.938533	0.000000	78775	ttl	8	n/a	n/a	n/a	n/a	n/a	n/a	n/a	n/a	n/a	n/a	n/a	n/a	n/a	n/a	n/a	n/a	n/a	n/a	n/a	n/a	196.941033	n/a
196.976600	11.204300	78791	sternberg_trial	n/a	n/a	310	107	212	310	3	1	1	198.0469666666667	200.06169999999995	200.24796666666668	202.26169999999993	202.4450333333333	204.46176666666668	196.97909999999993	204.46176666666668	207.04539999999994	208.18339999999992	intervals/trials	19	196.979100	208.183400
196.976600	0.000000	78791	ttl	11	n/a	n/a	n/a	n/a	n/a	n/a	n/a	n/a	n/a	n/a	n/a	n/a	n/a	n/a	n/a	n/a	n/a	n/a	n/a	n/a	196.979100	n/a
198.044467	0.000000	79218	stimulus_presentation	n/a	124	n/a	n/a	n/a	n/a	n/a	n/a	n/a	n/a	n/a	n/a	n/a	n/a	n/a	n/a	n/a	n/a	n/a	n/a	n/a	198.046967	n/a
198.044467	0.000000	79218	ttl	1	n/a	n/a	n/a	n/a	n/a	n/a	n/a	n/a	n/a	n/a	n/a	n/a	n/a	n/a	n/a	n/a	n/a	n/a	n/a	n/a	198.046967	n/a
200.059200	0.000000	80024	ttl	5	n/a	n/a	n/a	n/a	n/a	n/a	n/a	n/a	n/a	n/a	n/a	n/a	n/a	n/a	n/a	n/a	n/a	n/a	n/a	n/a	200.061700	n/a
200.245467	0.000000	80098	stimulus_presentation	n/a	7	n/a	n/a	n/a	n/a	n/a	n/a	n/a	n/a	n/a	n/a	n/a	n/a	n/a	n/a	n/a	n/a	n/a	n/a	n/a	200.247967	n/a
200.245467	0.000000	80098	ttl	2	n/a	n/a	n/a	n/a	n/a	n/a	n/a	n/a	n/a	n/a	n/a	n/a	n/a	n/a	n/a	n/a	n/a	n/a	n/a	n/a	200.247967	n/a
202.259200	0.000000	80904	ttl	5	n/a	n/a	n/a	n/a	n/a	n/a	n/a	n/a	n/a	n/a	n/a	n/a	n/a	n/a	n/a	n/a	n/a	n/a	n/a	n/a	202.261700	n/a
202.442533	0.000000	80977	stimulus_presentation	n/a	69	n/a	n/a	n/a	n/a	n/a	n/a	n/a	n/a	n/a	n/a	n/a	n/a	n/a	n/a	n/a	n/a	n/a	n/a	n/a	202.445033	n/a
202.442533	0.000000	80977	ttl	3	n/a	n/a	n/a	n/a	n/a	n/a	n/a	n/a	n/a	n/a	n/a	n/a	n/a	n/a	n/a	n/a	n/a	n/a	n/a	n/a	202.445033	n/a
204.459267	0.000000	81784	ttl	6	n/a	n/a	n/a	n/a	n/a	n/a	n/a	n/a	n/a	n/a	n/a	n/a	n/a	n/a	n/a	n/a	n/a	n/a	n/a	n/a	204.461767	n/a
207.042900	0.000000	82817	stimulus_presentation	n/a	124	n/a	n/a	n/a	n/a	n/a	n/a	n/a	n/a	n/a	n/a	n/a	n/a	n/a	n/a	n/a	n/a	n/a	n/a	n/a	207.045400	n/a
207.042900	0.000000	82817	ttl	7	n/a	n/a	n/a	n/a	n/a	n/a	n/a	n/a	n/a	n/a	n/a	n/a	n/a	n/a	n/a	n/a	n/a	n/a	n/a	n/a	207.045400	n/a
208.180900	0.000000	83272	ttl	8	n/a	n/a	n/a	n/a	n/a	n/a	n/a	n/a	n/a	n/a	n/a	n/a	n/a	n/a	n/a	n/a	n/a	n/a	n/a	n/a	208.183400	n/a
208.209133	10.846267	83284	sternberg_trial	n/a	n/a	311	108	412	311	3	1	1	209.2968666666667	211.3118333333333	211.51306666666667	213.52836666666667	213.5785666666667	215.59686666666667	208.2116333333333	215.59686666666667	218.1958333333333	219.05789999999993	intervals/trials	20	208.211633	219.057900
208.209133	0.000000	83284	ttl	11	n/a	n/a	n/a	n/a	n/a	n/a	n/a	n/a	n/a	n/a	n/a	n/a	n/a	n/a	n/a	n/a	n/a	n/a	n/a	n/a	208.211633	n/a
209.294367	0.000000	83718	stimulus_presentation	n/a	125	n/a	n/a	n/a	n/a	n/a	n/a	n/a	n/a	n/a	n/a	n/a	n/a	n/a	n/a	n/a	n/a	n/a	n/a	n/a	209.296867	n/a
209.294367	0.000000	83718	ttl	1	n/a	n/a	n/a	n/a	n/a	n/a	n/a	n/a	n/a	n/a	n/a	n/a	n/a	n/a	n/a	n/a	n/a	n/a	n/a	n/a	209.296867	n/a
211.309333	0.000000	84524	ttl	5	n/a	n/a	n/a	n/a	n/a	n/a	n/a	n/a	n/a	n/a	n/a	n/a	n/a	n/a	n/a	n/a	n/a	n/a	n/a	n/a	211.311833	n/a
211.510567	0.000000	84604	stimulus_presentation	n/a	8	n/a	n/a	n/a	n/a	n/a	n/a	n/a	n/a	n/a	n/a	n/a	n/a	n/a	n/a	n/a	n/a	n/a	n/a	n/a	211.513067	n/a
211.510567	0.000000	84604	ttl	2	n/a	n/a	n/a	n/a	n/a	n/a	n/a	n/a	n/a	n/a	n/a	n/a	n/a	n/a	n/a	n/a	n/a	n/a	n/a	n/a	211.513067	n/a
213.525867	0.000000	85410	ttl	5	n/a	n/a	n/a	n/a	n/a	n/a	n/a	n/a	n/a	n/a	n/a	n/a	n/a	n/a	n/a	n/a	n/a	n/a	n/a	n/a	213.528367	n/a
213.576067	0.000000	85430	stimulus_presentation	n/a	182	n/a	n/a	n/a	n/a	n/a	n/a	n/a	n/a	n/a	n/a	n/a	n/a	n/a	n/a	n/a	n/a	n/a	n/a	n/a	213.578567	n/a
213.576067	0.000000	85430	ttl	3	n/a	n/a	n/a	n/a	n/a	n/a	n/a	n/a	n/a	n/a	n/a	n/a	n/a	n/a	n/a	n/a	n/a	n/a	n/a	n/a	213.578567	n/a
215.594367	0.000000	86238	ttl	6	n/a	n/a	n/a	n/a	n/a	n/a	n/a	n/a	n/a	n/a	n/a	n/a	n/a	n/a	n/a	n/a	n/a	n/a	n/a	n/a	215.596867	n/a
218.193333	0.000000	87277	stimulus_presentation	n/a	125	n/a	n/a	n/a	n/a	n/a	n/a	n/a	n/a	n/a	n/a	n/a	n/a	n/a	n/a	n/a	n/a	n/a	n/a	n/a	218.195833	n/a
218.193333	0.000000	87277	ttl	7	n/a	n/a	n/a	n/a	n/a	n/a	n/a	n/a	n/a	n/a	n/a	n/a	n/a	n/a	n/a	n/a	n/a	n/a	n/a	n/a	218.195833	n/a
219.055400	0.000000	87622	ttl	8	n/a	n/a	n/a	n/a	n/a	n/a	n/a	n/a	n/a	n/a	n/a	n/a	n/a	n/a	n/a	n/a	n/a	n/a	n/a	n/a	219.057900	n/a
219.092733	9.205900	87637	sternberg_trial	n/a	n/a	213	0	0	305	1	0	0	220.21346666666668	222.2291333333333	0.0	0.0	0.0	0.0	219.0952333333333	222.2291333333333	224.89609999999993	228.3011333333333	intervals/trials	21	219.095233	228.301133
219.092733	0.000000	87637	ttl	11	n/a	n/a	n/a	n/a	n/a	n/a	n/a	n/a	n/a	n/a	n/a	n/a	n/a	n/a	n/a	n/a	n/a	n/a	n/a	n/a	219.095233	n/a
220.210967	0.000000	88084	stimulus_presentation	n/a	70	n/a	n/a	n/a	n/a	n/a	n/a	n/a	n/a	n/a	n/a	n/a	n/a	n/a	n/a	n/a	n/a	n/a	n/a	n/a	220.213467	n/a
220.210967	0.000000	88084	ttl	1	n/a	n/a	n/a	n/a	n/a	n/a	n/a	n/a	n/a	n/a	n/a	n/a	n/a	n/a	n/a	n/a	n/a	n/a	n/a	n/a	220.213467	n/a
220.220967	0.000000	88088	stimulus_presentation	n/a	0	n/a	n/a	n/a	n/a	n/a	n/a	n/a	n/a	n/a	n/a	n/a	n/a	n/a	n/a	n/a	n/a	n/a	n/a	n/a	220.223467	n/a
220.230967	0.000000	88092	stimulus_presentation	n/a	0	n/a	n/a	n/a	n/a	n/a	n/a	n/a	n/a	n/a	n/a	n/a	n/a	n/a	n/a	n/a	n/a	n/a	n/a	n/a	220.233467	n/a
222.226633	0.000000	88891	ttl	6	n/a	n/a	n/a	n/a	n/a	n/a	n/a	n/a	n/a	n/a	n/a	n/a	n/a	n/a	n/a	n/a	n/a	n/a	n/a	n/a	222.229133	n/a
224.893600	0.000000	89957	stimulus_presentation	n/a	119	n/a	n/a	n/a	n/a	n/a	n/a	n/a	n/a	n/a	n/a	n/a	n/a	n/a	n/a	n/a	n/a	n/a	n/a	n/a	224.896100	n/a
224.893600	0.000000	89957	ttl	7	n/a	n/a	n/a	n/a	n/a	n/a	n/a	n/a	n/a	n/a	n/a	n/a	n/a	n/a	n/a	n/a	n/a	n/a	n/a	n/a	224.896100	n/a
228.298633	0.000000	91319	ttl	8	n/a	n/a	n/a	n/a	n/a	n/a	n/a	n/a	n/a	n/a	n/a	n/a	n/a	n/a	n/a	n/a	n/a	n/a	n/a	n/a	228.301133	n/a
228.325733	11.071567	91330	sternberg_trial	n/a	n/a	214	413	109	109	3	1	1	229.3800333333333	231.39479999999992	231.51369999999994	233.52819999999994	233.62999999999994	235.6466333333333	228.32823333333332	235.6466333333333	238.21189999999993	239.39979999999994	intervals/trials	22	228.328233	239.399800
228.325733	0.000000	91330	ttl	11	n/a	n/a	n/a	n/a	n/a	n/a	n/a	n/a	n/a	n/a	n/a	n/a	n/a	n/a	n/a	n/a	n/a	n/a	n/a	n/a	228.328233	n/a
229.377533	0.000000	91751	stimulus_presentation	n/a	71	n/a	n/a	n/a	n/a	n/a	n/a	n/a	n/a	n/a	n/a	n/a	n/a	n/a	n/a	n/a	n/a	n/a	n/a	n/a	229.380033	n/a
229.377533	0.000000	91751	ttl	1	n/a	n/a	n/a	n/a	n/a	n/a	n/a	n/a	n/a	n/a	n/a	n/a	n/a	n/a	n/a	n/a	n/a	n/a	n/a	n/a	229.380033	n/a
231.392300	0.000000	92557	ttl	5	n/a	n/a	n/a	n/a	n/a	n/a	n/a	n/a	n/a	n/a	n/a	n/a	n/a	n/a	n/a	n/a	n/a	n/a	n/a	n/a	231.394800	n/a
231.511200	0.000000	92604	stimulus_presentation	n/a	183	n/a	n/a	n/a	n/a	n/a	n/a	n/a	n/a	n/a	n/a	n/a	n/a	n/a	n/a	n/a	n/a	n/a	n/a	n/a	231.513700	n/a
231.511200	0.000000	92604	ttl	2	n/a	n/a	n/a	n/a	n/a	n/a	n/a	n/a	n/a	n/a	n/a	n/a	n/a	n/a	n/a	n/a	n/a	n/a	n/a	n/a	231.513700	n/a
233.525700	0.000000	93410	ttl	5	n/a	n/a	n/a	n/a	n/a	n/a	n/a	n/a	n/a	n/a	n/a	n/a	n/a	n/a	n/a	n/a	n/a	n/a	n/a	n/a	233.528200	n/a
233.627500	0.000000	93451	stimulus_presentation	n/a	9	n/a	n/a	n/a	n/a	n/a	n/a	n/a	n/a	n/a	n/a	n/a	n/a	n/a	n/a	n/a	n/a	n/a	n/a	n/a	233.630000	n/a
233.627500	0.000000	93451	ttl	3	n/a	n/a	n/a	n/a	n/a	n/a	n/a	n/a	n/a	n/a	n/a	n/a	n/a	n/a	n/a	n/a	n/a	n/a	n/a	n/a	233.630000	n/a
235.644133	0.000000	94258	ttl	6	n/a	n/a	n/a	n/a	n/a	n/a	n/a	n/a	n/a	n/a	n/a	n/a	n/a	n/a	n/a	n/a	n/a	n/a	n/a	n/a	235.646633	n/a
238.209400	0.000000	95284	stimulus_presentation	n/a	9	n/a	n/a	n/a	n/a	n/a	n/a	n/a	n/a	n/a	n/a	n/a	n/a	n/a	n/a	n/a	n/a	n/a	n/a	n/a	238.211900	n/a
238.209400	0.000000	95284	ttl	7	n/a	n/a	n/a	n/a	n/a	n/a	n/a	n/a	n/a	n/a	n/a	n/a	n/a	n/a	n/a	n/a	n/a	n/a	n/a	n/a	238.211900	n/a
239.397300	0.000000	95759	ttl	8	n/a	n/a	n/a	n/a	n/a	n/a	n/a	n/a	n/a	n/a	n/a	n/a	n/a	n/a	n/a	n/a	n/a	n/a	n/a	n/a	239.399800	n/a
239.425800	11.101967	95770	sternberg_trial	n/a	n/a	215	110	414	215	3	1	1	240.4116333333333	242.42809999999992	242.5301333333333	244.5466333333333	244.57823333333332	246.59499999999994	239.42829999999992	246.59499999999994	249.3948333333333	250.53026666666668	intervals/trials	23	239.428300	250.530267
239.425800	0.000000	95770	ttl	11	n/a	n/a	n/a	n/a	n/a	n/a	n/a	n/a	n/a	n/a	n/a	n/a	n/a	n/a	n/a	n/a	n/a	n/a	n/a	n/a	239.428300	n/a
240.409133	0.000000	96164	stimulus_presentation	n/a	72	n/a	n/a	n/a	n/a	n/a	n/a	n/a	n/a	n/a	n/a	n/a	n/a	n/a	n/a	n/a	n/a	n/a	n/a	n/a	240.411633	n/a
240.409133	0.000000	96164	ttl	1	n/a	n/a	n/a	n/a	n/a	n/a	n/a	n/a	n/a	n/a	n/a	n/a	n/a	n/a	n/a	n/a	n/a	n/a	n/a	n/a	240.411633	n/a
242.425600	0.000000	96970	ttl	5	n/a	n/a	n/a	n/a	n/a	n/a	n/a	n/a	n/a	n/a	n/a	n/a	n/a	n/a	n/a	n/a	n/a	n/a	n/a	n/a	242.428100	n/a
242.527633	0.000000	97011	stimulus_presentation	n/a	10	n/a	n/a	n/a	n/a	n/a	n/a	n/a	n/a	n/a	n/a	n/a	n/a	n/a	n/a	n/a	n/a	n/a	n/a	n/a	242.530133	n/a
242.527633	0.000000	97011	ttl	2	n/a	n/a	n/a	n/a	n/a	n/a	n/a	n/a	n/a	n/a	n/a	n/a	n/a	n/a	n/a	n/a	n/a	n/a	n/a	n/a	242.530133	n/a
244.544133	0.000000	97818	ttl	5	n/a	n/a	n/a	n/a	n/a	n/a	n/a	n/a	n/a	n/a	n/a	n/a	n/a	n/a	n/a	n/a	n/a	n/a	n/a	n/a	244.546633	n/a
244.575733	0.000000	97830	stimulus_presentation	n/a	184	n/a	n/a	n/a	n/a	n/a	n/a	n/a	n/a	n/a	n/a	n/a	n/a	n/a	n/a	n/a	n/a	n/a	n/a	n/a	244.578233	n/a
244.575733	0.000000	97830	ttl	3	n/a	n/a	n/a	n/a	n/a	n/a	n/a	n/a	n/a	n/a	n/a	n/a	n/a	n/a	n/a	n/a	n/a	n/a	n/a	n/a	244.578233	n/a
246.592500	0.000000	98637	ttl	6	n/a	n/a	n/a	n/a	n/a	n/a	n/a	n/a	n/a	n/a	n/a	n/a	n/a	n/a	n/a	n/a	n/a	n/a	n/a	n/a	246.595000	n/a
249.392333	0.000000	99757	stimulus_presentation	n/a	72	n/a	n/a	n/a	n/a	n/a	n/a	n/a	n/a	n/a	n/a	n/a	n/a	n/a	n/a	n/a	n/a	n/a	n/a	n/a	249.394833	n/a
249.392333	0.000000	99757	ttl	7	n/a	n/a	n/a	n/a	n/a	n/a	n/a	n/a	n/a	n/a	n/a	n/a	n/a	n/a	n/a	n/a	n/a	n/a	n/a	n/a	249.394833	n/a
250.527767	0.000000	100211	ttl	8	n/a	n/a	n/a	n/a	n/a	n/a	n/a	n/a	n/a	n/a	n/a	n/a	n/a	n/a	n/a	n/a	n/a	n/a	n/a	n/a	250.530267	n/a
250.559533	10.938633	100224	sternberg_trial	n/a	n/a	111	509	415	308	3	0	1	251.59786666666668	253.61289999999994	253.81409999999994	255.8310333333333	255.92816666666667	257.9446333333333	250.5620333333333	257.9446333333333	260.5785333333333	261.5006666666667	intervals/trials	24	250.562033	261.500667
250.559533	0.000000	100224	ttl	11	n/a	n/a	n/a	n/a	n/a	n/a	n/a	n/a	n/a	n/a	n/a	n/a	n/a	n/a	n/a	n/a	n/a	n/a	n/a	n/a	250.562033	n/a
251.595367	0.000000	100638	stimulus_presentation	n/a	11	n/a	n/a	n/a	n/a	n/a	n/a	n/a	n/a	n/a	n/a	n/a	n/a	n/a	n/a	n/a	n/a	n/a	n/a	n/a	251.597867	n/a
251.595367	0.000000	100638	ttl	1	n/a	n/a	n/a	n/a	n/a	n/a	n/a	n/a	n/a	n/a	n/a	n/a	n/a	n/a	n/a	n/a	n/a	n/a	n/a	n/a	251.597867	n/a
253.610400	0.000000	101444	ttl	5	n/a	n/a	n/a	n/a	n/a	n/a	n/a	n/a	n/a	n/a	n/a	n/a	n/a	n/a	n/a	n/a	n/a	n/a	n/a	n/a	253.612900	n/a
253.811600	0.000000	101525	stimulus_presentation	n/a	234	n/a	n/a	n/a	n/a	n/a	n/a	n/a	n/a	n/a	n/a	n/a	n/a	n/a	n/a	n/a	n/a	n/a	n/a	n/a	253.814100	n/a
253.811600	0.000000	101525	ttl	2	n/a	n/a	n/a	n/a	n/a	n/a	n/a	n/a	n/a	n/a	n/a	n/a	n/a	n/a	n/a	n/a	n/a	n/a	n/a	n/a	253.814100	n/a
255.828533	0.000000	102331	ttl	5	n/a	n/a	n/a	n/a	n/a	n/a	n/a	n/a	n/a	n/a	n/a	n/a	n/a	n/a	n/a	n/a	n/a	n/a	n/a	n/a	255.831033	n/a
255.925667	0.000000	102370	stimulus_presentation	n/a	185	n/a	n/a	n/a	n/a	n/a	n/a	n/a	n/a	n/a	n/a	n/a	n/a	n/a	n/a	n/a	n/a	n/a	n/a	n/a	255.928167	n/a
255.925667	0.000000	102370	ttl	3	n/a	n/a	n/a	n/a	n/a	n/a	n/a	n/a	n/a	n/a	n/a	n/a	n/a	n/a	n/a	n/a	n/a	n/a	n/a	n/a	255.928167	n/a
257.942133	0.000000	103177	ttl	6	n/a	n/a	n/a	n/a	n/a	n/a	n/a	n/a	n/a	n/a	n/a	n/a	n/a	n/a	n/a	n/a	n/a	n/a	n/a	n/a	257.944633	n/a
260.576033	0.000000	104230	stimulus_presentation	n/a	122	n/a	n/a	n/a	n/a	n/a	n/a	n/a	n/a	n/a	n/a	n/a	n/a	n/a	n/a	n/a	n/a	n/a	n/a	n/a	260.578533	n/a
260.576033	0.000000	104230	ttl	7	n/a	n/a	n/a	n/a	n/a	n/a	n/a	n/a	n/a	n/a	n/a	n/a	n/a	n/a	n/a	n/a	n/a	n/a	n/a	n/a	260.578533	n/a
261.498167	0.000000	104599	ttl	8	n/a	n/a	n/a	n/a	n/a	n/a	n/a	n/a	n/a	n/a	n/a	n/a	n/a	n/a	n/a	n/a	n/a	n/a	n/a	n/a	261.500667	n/a
261.525433	11.007233	104610	sternberg_trial	n/a	n/a	312	416	216	101	3	0	1	262.5461666666667	264.5631666666667	264.5965999999999	266.6129333333333	266.6628999999999	268.6780999999999	261.5279333333333	268.6780999999999	271.49519999999995	272.53516666666667	intervals/trials	25	261.527933	272.535167
261.525433	0.000000	104610	ttl	11	n/a	n/a	n/a	n/a	n/a	n/a	n/a	n/a	n/a	n/a	n/a	n/a	n/a	n/a	n/a	n/a	n/a	n/a	n/a	n/a	261.527933	n/a
262.543667	0.000000	105017	stimulus_presentation	n/a	126	n/a	n/a	n/a	n/a	n/a	n/a	n/a	n/a	n/a	n/a	n/a	n/a	n/a	n/a	n/a	n/a	n/a	n/a	n/a	262.546167	n/a
262.543667	0.000000	105017	ttl	1	n/a	n/a	n/a	n/a	n/a	n/a	n/a	n/a	n/a	n/a	n/a	n/a	n/a	n/a	n/a	n/a	n/a	n/a	n/a	n/a	262.546167	n/a
264.560667	0.000000	105824	ttl	5	n/a	n/a	n/a	n/a	n/a	n/a	n/a	n/a	n/a	n/a	n/a	n/a	n/a	n/a	n/a	n/a	n/a	n/a	n/a	n/a	264.563167	n/a
264.594100	0.000000	105838	stimulus_presentation	n/a	186	n/a	n/a	n/a	n/a	n/a	n/a	n/a	n/a	n/a	n/a	n/a	n/a	n/a	n/a	n/a	n/a	n/a	n/a	n/a	264.596600	n/a
264.594100	0.000000	105838	ttl	2	n/a	n/a	n/a	n/a	n/a	n/a	n/a	n/a	n/a	n/a	n/a	n/a	n/a	n/a	n/a	n/a	n/a	n/a	n/a	n/a	264.596600	n/a
266.610433	0.000000	106644	ttl	5	n/a	n/a	n/a	n/a	n/a	n/a	n/a	n/a	n/a	n/a	n/a	n/a	n/a	n/a	n/a	n/a	n/a	n/a	n/a	n/a	266.612933	n/a
266.660400	0.000000	106664	stimulus_presentation	n/a	73	n/a	n/a	n/a	n/a	n/a	n/a	n/a	n/a	n/a	n/a	n/a	n/a	n/a	n/a	n/a	n/a	n/a	n/a	n/a	266.662900	n/a
266.660400	0.000000	106664	ttl	3	n/a	n/a	n/a	n/a	n/a	n/a	n/a	n/a	n/a	n/a	n/a	n/a	n/a	n/a	n/a	n/a	n/a	n/a	n/a	n/a	266.662900	n/a
268.675600	0.000000	107470	ttl	6	n/a	n/a	n/a	n/a	n/a	n/a	n/a	n/a	n/a	n/a	n/a	n/a	n/a	n/a	n/a	n/a	n/a	n/a	n/a	n/a	268.678100	n/a
271.492700	0.000000	108597	stimulus_presentation	n/a	1	n/a	n/a	n/a	n/a	n/a	n/a	n/a	n/a	n/a	n/a	n/a	n/a	n/a	n/a	n/a	n/a	n/a	n/a	n/a	271.495200	n/a
271.492700	0.000000	108597	ttl	7	n/a	n/a	n/a	n/a	n/a	n/a	n/a	n/a	n/a	n/a	n/a	n/a	n/a	n/a	n/a	n/a	n/a	n/a	n/a	n/a	271.495200	n/a
272.532667	0.000000	109013	ttl	8	n/a	n/a	n/a	n/a	n/a	n/a	n/a	n/a	n/a	n/a	n/a	n/a	n/a	n/a	n/a	n/a	n/a	n/a	n/a	n/a	272.535167	n/a
272.558667	11.088333	109023	sternberg_trial	n/a	n/a	417	313	510	510	3	1	1	273.52796666666666	275.54659999999996	275.6283666666667	277.6447999999999	277.8281333333333	279.84636666666665	272.5611666666667	279.84636666666665	282.3962333333333	283.64949999999993	intervals/trials	26	272.561167	283.649500
272.558667	0.000000	109023	ttl	11	n/a	n/a	n/a	n/a	n/a	n/a	n/a	n/a	n/a	n/a	n/a	n/a	n/a	n/a	n/a	n/a	n/a	n/a	n/a	n/a	272.561167	n/a
273.525467	0.000000	109410	stimulus_presentation	n/a	187	n/a	n/a	n/a	n/a	n/a	n/a	n/a	n/a	n/a	n/a	n/a	n/a	n/a	n/a	n/a	n/a	n/a	n/a	n/a	273.527967	n/a
273.525467	0.000000	109410	ttl	1	n/a	n/a	n/a	n/a	n/a	n/a	n/a	n/a	n/a	n/a	n/a	n/a	n/a	n/a	n/a	n/a	n/a	n/a	n/a	n/a	273.527967	n/a
275.544100	0.000000	110218	ttl	5	n/a	n/a	n/a	n/a	n/a	n/a	n/a	n/a	n/a	n/a	n/a	n/a	n/a	n/a	n/a	n/a	n/a	n/a	n/a	n/a	275.546600	n/a
275.625867	0.000000	110250	stimulus_presentation	n/a	127	n/a	n/a	n/a	n/a	n/a	n/a	n/a	n/a	n/a	n/a	n/a	n/a	n/a	n/a	n/a	n/a	n/a	n/a	n/a	275.628367	n/a
275.625867	0.000000	110250	ttl	2	n/a	n/a	n/a	n/a	n/a	n/a	n/a	n/a	n/a	n/a	n/a	n/a	n/a	n/a	n/a	n/a	n/a	n/a	n/a	n/a	275.628367	n/a
277.642300	0.000000	111057	ttl	5	n/a	n/a	n/a	n/a	n/a	n/a	n/a	n/a	n/a	n/a	n/a	n/a	n/a	n/a	n/a	n/a	n/a	n/a	n/a	n/a	277.644800	n/a
277.825633	0.000000	111130	stimulus_presentation	n/a	235	n/a	n/a	n/a	n/a	n/a	n/a	n/a	n/a	n/a	n/a	n/a	n/a	n/a	n/a	n/a	n/a	n/a	n/a	n/a	277.828133	n/a
277.825633	0.000000	111130	ttl	3	n/a	n/a	n/a	n/a	n/a	n/a	n/a	n/a	n/a	n/a	n/a	n/a	n/a	n/a	n/a	n/a	n/a	n/a	n/a	n/a	277.828133	n/a
279.843867	0.000000	111938	ttl	6	n/a	n/a	n/a	n/a	n/a	n/a	n/a	n/a	n/a	n/a	n/a	n/a	n/a	n/a	n/a	n/a	n/a	n/a	n/a	n/a	279.846367	n/a
282.393733	0.000000	112957	stimulus_presentation	n/a	235	n/a	n/a	n/a	n/a	n/a	n/a	n/a	n/a	n/a	n/a	n/a	n/a	n/a	n/a	n/a	n/a	n/a	n/a	n/a	282.396233	n/a
282.393733	0.000000	112957	ttl	7	n/a	n/a	n/a	n/a	n/a	n/a	n/a	n/a	n/a	n/a	n/a	n/a	n/a	n/a	n/a	n/a	n/a	n/a	n/a	n/a	282.396233	n/a
283.647000	0.000000	113459	ttl	8	n/a	n/a	n/a	n/a	n/a	n/a	n/a	n/a	n/a	n/a	n/a	n/a	n/a	n/a	n/a	n/a	n/a	n/a	n/a	n/a	283.649500	n/a
283.676200	11.388867	113470	sternberg_trial	n/a	n/a	217	314	418	509	3	0	1	284.81236666666666	286.8277999999999	286.9808999999999	288.99426666666665	289.09616666666665	291.1111666666667	283.67869999999994	291.1111666666667	293.79476666666665	295.06756666666666	intervals/trials	27	283.678700	295.067567
283.676200	0.000000	113470	ttl	11	n/a	n/a	n/a	n/a	n/a	n/a	n/a	n/a	n/a	n/a	n/a	n/a	n/a	n/a	n/a	n/a	n/a	n/a	n/a	n/a	283.678700	n/a
284.809867	0.000000	113924	stimulus_presentation	n/a	74	n/a	n/a	n/a	n/a	n/a	n/a	n/a	n/a	n/a	n/a	n/a	n/a	n/a	n/a	n/a	n/a	n/a	n/a	n/a	284.812367	n/a
284.809867	0.000000	113924	ttl	1	n/a	n/a	n/a	n/a	n/a	n/a	n/a	n/a	n/a	n/a	n/a	n/a	n/a	n/a	n/a	n/a	n/a	n/a	n/a	n/a	284.812367	n/a
286.825300	0.000000	114730	ttl	5	n/a	n/a	n/a	n/a	n/a	n/a	n/a	n/a	n/a	n/a	n/a	n/a	n/a	n/a	n/a	n/a	n/a	n/a	n/a	n/a	286.827800	n/a
286.978400	0.000000	114791	stimulus_presentation	n/a	128	n/a	n/a	n/a	n/a	n/a	n/a	n/a	n/a	n/a	n/a	n/a	n/a	n/a	n/a	n/a	n/a	n/a	n/a	n/a	286.980900	n/a
286.978400	0.000000	114791	ttl	2	n/a	n/a	n/a	n/a	n/a	n/a	n/a	n/a	n/a	n/a	n/a	n/a	n/a	n/a	n/a	n/a	n/a	n/a	n/a	n/a	286.980900	n/a
288.991767	0.000000	115597	ttl	5	n/a	n/a	n/a	n/a	n/a	n/a	n/a	n/a	n/a	n/a	n/a	n/a	n/a	n/a	n/a	n/a	n/a	n/a	n/a	n/a	288.994267	n/a
289.093667	0.000000	115637	stimulus_presentation	n/a	188	n/a	n/a	n/a	n/a	n/a	n/a	n/a	n/a	n/a	n/a	n/a	n/a	n/a	n/a	n/a	n/a	n/a	n/a	n/a	289.096167	n/a
289.093667	0.000000	115637	ttl	3	n/a	n/a	n/a	n/a	n/a	n/a	n/a	n/a	n/a	n/a	n/a	n/a	n/a	n/a	n/a	n/a	n/a	n/a	n/a	n/a	289.096167	n/a
291.108667	0.000000	116443	ttl	6	n/a	n/a	n/a	n/a	n/a	n/a	n/a	n/a	n/a	n/a	n/a	n/a	n/a	n/a	n/a	n/a	n/a	n/a	n/a	n/a	291.111167	n/a
293.792267	0.000000	117517	stimulus_presentation	n/a	234	n/a	n/a	n/a	n/a	n/a	n/a	n/a	n/a	n/a	n/a	n/a	n/a	n/a	n/a	n/a	n/a	n/a	n/a	n/a	293.794767	n/a
293.792267	0.000000	117517	ttl	7	n/a	n/a	n/a	n/a	n/a	n/a	n/a	n/a	n/a	n/a	n/a	n/a	n/a	n/a	n/a	n/a	n/a	n/a	n/a	n/a	293.794767	n/a
295.065067	0.000000	118026	ttl	8	n/a	n/a	n/a	n/a	n/a	n/a	n/a	n/a	n/a	n/a	n/a	n/a	n/a	n/a	n/a	n/a	n/a	n/a	n/a	n/a	295.067567	n/a
295.091700	7.617667	118037	sternberg_trial	n/a	n/a	218	0	0	508	1	0	1	296.1778333333333	298.1941333333333	0.0	0.0	0.0	0.0	295.09419999999994	298.1941333333333	300.7946333333333	302.71186666666665	intervals/trials	28	295.094200	302.711867
295.091700	0.000000	118037	ttl	11	n/a	n/a	n/a	n/a	n/a	n/a	n/a	n/a	n/a	n/a	n/a	n/a	n/a	n/a	n/a	n/a	n/a	n/a	n/a	n/a	295.094200	n/a
296.175333	0.000000	118470	stimulus_presentation	n/a	75	n/a	n/a	n/a	n/a	n/a	n/a	n/a	n/a	n/a	n/a	n/a	n/a	n/a	n/a	n/a	n/a	n/a	n/a	n/a	296.177833	n/a
296.175333	0.000000	118470	ttl	1	n/a	n/a	n/a	n/a	n/a	n/a	n/a	n/a	n/a	n/a	n/a	n/a	n/a	n/a	n/a	n/a	n/a	n/a	n/a	n/a	296.177833	n/a
296.185333	0.000000	118474	stimulus_presentation	n/a	0	n/a	n/a	n/a	n/a	n/a	n/a	n/a	n/a	n/a	n/a	n/a	n/a	n/a	n/a	n/a	n/a	n/a	n/a	n/a	296.187833	n/a
296.195333	0.000000	118478	stimulus_presentation	n/a	0	n/a	n/a	n/a	n/a	n/a	n/a	n/a	n/a	n/a	n/a	n/a	n/a	n/a	n/a	n/a	n/a	n/a	n/a	n/a	296.197833	n/a
298.191633	0.000000	119277	ttl	6	n/a	n/a	n/a	n/a	n/a	n/a	n/a	n/a	n/a	n/a	n/a	n/a	n/a	n/a	n/a	n/a	n/a	n/a	n/a	n/a	298.194133	n/a
300.792133	0.000000	120317	stimulus_presentation	n/a	233	n/a	n/a	n/a	n/a	n/a	n/a	n/a	n/a	n/a	n/a	n/a	n/a	n/a	n/a	n/a	n/a	n/a	n/a	n/a	300.794633	n/a
300.792133	0.000000	120317	ttl	7	n/a	n/a	n/a	n/a	n/a	n/a	n/a	n/a	n/a	n/a	n/a	n/a	n/a	n/a	n/a	n/a	n/a	n/a	n/a	n/a	300.794633	n/a
302.709367	0.000000	121084	ttl	8	n/a	n/a	n/a	n/a	n/a	n/a	n/a	n/a	n/a	n/a	n/a	n/a	n/a	n/a	n/a	n/a	n/a	n/a	n/a	n/a	302.711867	n/a
302.741933	6.811800	121097	sternberg_trial	n/a	n/a	419	0	0	419	1	1	1	303.7612333333333	305.7785666666667	0.0	0.0	0.0	0.0	302.7444333333333	305.7785666666667	308.56126666666665	309.5562333333333	intervals/trials	29	302.744433	309.556233
302.741933	0.000000	121097	ttl	11	n/a	n/a	n/a	n/a	n/a	n/a	n/a	n/a	n/a	n/a	n/a	n/a	n/a	n/a	n/a	n/a	n/a	n/a	n/a	n/a	302.744433	n/a
303.758733	0.000000	121503	stimulus_presentation	n/a	189	n/a	n/a	n/a	n/a	n/a	n/a	n/a	n/a	n/a	n/a	n/a	n/a	n/a	n/a	n/a	n/a	n/a	n/a	n/a	303.761233	n/a
303.758733	0.000000	121503	ttl	1	n/a	n/a	n/a	n/a	n/a	n/a	n/a	n/a	n/a	n/a	n/a	n/a	n/a	n/a	n/a	n/a	n/a	n/a	n/a	n/a	303.761233	n/a
303.768733	0.000000	121507	stimulus_presentation	n/a	0	n/a	n/a	n/a	n/a	n/a	n/a	n/a	n/a	n/a	n/a	n/a	n/a	n/a	n/a	n/a	n/a	n/a	n/a	n/a	303.771233	n/a
303.778733	0.000000	121511	stimulus_presentation	n/a	0	n/a	n/a	n/a	n/a	n/a	n/a	n/a	n/a	n/a	n/a	n/a	n/a	n/a	n/a	n/a	n/a	n/a	n/a	n/a	303.781233	n/a
305.776067	0.000000	122310	ttl	6	n/a	n/a	n/a	n/a	n/a	n/a	n/a	n/a	n/a	n/a	n/a	n/a	n/a	n/a	n/a	n/a	n/a	n/a	n/a	n/a	305.778567	n/a
308.558767	0.000000	123424	stimulus_presentation	n/a	189	n/a	n/a	n/a	n/a	n/a	n/a	n/a	n/a	n/a	n/a	n/a	n/a	n/a	n/a	n/a	n/a	n/a	n/a	n/a	308.561267	n/a
308.558767	0.000000	123424	ttl	7	n/a	n/a	n/a	n/a	n/a	n/a	n/a	n/a	n/a	n/a	n/a	n/a	n/a	n/a	n/a	n/a	n/a	n/a	n/a	n/a	308.561267	n/a
309.553733	0.000000	123821	ttl	8	n/a	n/a	n/a	n/a	n/a	n/a	n/a	n/a	n/a	n/a	n/a	n/a	n/a	n/a	n/a	n/a	n/a	n/a	n/a	n/a	309.556233	n/a
309.576367	7.349633	123831	sternberg_trial	n/a	n/a	511	0	0	415	1	0	1	310.6327333333333	312.64539999999994	0.0	0.0	0.0	0.0	309.57886666666667	312.64539999999994	315.2943333333333	316.92849999999993	intervals/trials	30	309.578867	316.928500
309.576367	0.000000	123831	ttl	11	n/a	n/a	n/a	n/a	n/a	n/a	n/a	n/a	n/a	n/a	n/a	n/a	n/a	n/a	n/a	n/a	n/a	n/a	n/a	n/a	309.578867	n/a
310.630233	0.000000	124252	stimulus_presentation	n/a	236	n/a	n/a	n/a	n/a	n/a	n/a	n/a	n/a	n/a	n/a	n/a	n/a	n/a	n/a	n/a	n/a	n/a	n/a	n/a	310.632733	n/a
310.630233	0.000000	124252	ttl	1	n/a	n/a	n/a	n/a	n/a	n/a	n/a	n/a	n/a	n/a	n/a	n/a	n/a	n/a	n/a	n/a	n/a	n/a	n/a	n/a	310.632733	n/a
310.640233	0.000000	124256	stimulus_presentation	n/a	0	n/a	n/a	n/a	n/a	n/a	n/a	n/a	n/a	n/a	n/a	n/a	n/a	n/a	n/a	n/a	n/a	n/a	n/a	n/a	310.642733	n/a
310.650233	0.000000	124260	stimulus_presentation	n/a	0	n/a	n/a	n/a	n/a	n/a	n/a	n/a	n/a	n/a	n/a	n/a	n/a	n/a	n/a	n/a	n/a	n/a	n/a	n/a	310.652733	n/a
312.642900	0.000000	125057	ttl	6	n/a	n/a	n/a	n/a	n/a	n/a	n/a	n/a	n/a	n/a	n/a	n/a	n/a	n/a	n/a	n/a	n/a	n/a	n/a	n/a	312.645400	n/a
315.291833	0.000000	126117	stimulus_presentation	n/a	185	n/a	n/a	n/a	n/a	n/a	n/a	n/a	n/a	n/a	n/a	n/a	n/a	n/a	n/a	n/a	n/a	n/a	n/a	n/a	315.294333	n/a
315.291833	0.000000	126117	ttl	7	n/a	n/a	n/a	n/a	n/a	n/a	n/a	n/a	n/a	n/a	n/a	n/a	n/a	n/a	n/a	n/a	n/a	n/a	n/a	n/a	315.294333	n/a
316.926000	0.000000	126770	ttl	8	n/a	n/a	n/a	n/a	n/a	n/a	n/a	n/a	n/a	n/a	n/a	n/a	n/a	n/a	n/a	n/a	n/a	n/a	n/a	n/a	316.928500	n/a
316.958300	7.451867	126783	sternberg_trial	n/a	n/a	420	0	0	505	1	0	0	318.1273333333333	320.1440333333333	0.0	0.0	0.0	0.0	316.96079999999995	320.1440333333333	322.8468333333333	324.41266666666667	intervals/trials	31	316.960800	324.412667
316.958300	0.000000	126783	ttl	11	n/a	n/a	n/a	n/a	n/a	n/a	n/a	n/a	n/a	n/a	n/a	n/a	n/a	n/a	n/a	n/a	n/a	n/a	n/a	n/a	316.960800	n/a
318.124833	0.000000	127250	stimulus_presentation	n/a	190	n/a	n/a	n/a	n/a	n/a	n/a	n/a	n/a	n/a	n/a	n/a	n/a	n/a	n/a	n/a	n/a	n/a	n/a	n/a	318.127333	n/a
318.124833	0.000000	127250	ttl	1	n/a	n/a	n/a	n/a	n/a	n/a	n/a	n/a	n/a	n/a	n/a	n/a	n/a	n/a	n/a	n/a	n/a	n/a	n/a	n/a	318.127333	n/a
318.134833	0.000000	127254	stimulus_presentation	n/a	0	n/a	n/a	n/a	n/a	n/a	n/a	n/a	n/a	n/a	n/a	n/a	n/a	n/a	n/a	n/a	n/a	n/a	n/a	n/a	318.137333	n/a
318.144833	0.000000	127258	stimulus_presentation	n/a	0	n/a	n/a	n/a	n/a	n/a	n/a	n/a	n/a	n/a	n/a	n/a	n/a	n/a	n/a	n/a	n/a	n/a	n/a	n/a	318.147333	n/a
320.141533	0.000000	128057	ttl	6	n/a	n/a	n/a	n/a	n/a	n/a	n/a	n/a	n/a	n/a	n/a	n/a	n/a	n/a	n/a	n/a	n/a	n/a	n/a	n/a	320.144033	n/a
322.844333	0.000000	129138	stimulus_presentation	n/a	230	n/a	n/a	n/a	n/a	n/a	n/a	n/a	n/a	n/a	n/a	n/a	n/a	n/a	n/a	n/a	n/a	n/a	n/a	n/a	322.846833	n/a
322.844333	0.000000	129138	ttl	7	n/a	n/a	n/a	n/a	n/a	n/a	n/a	n/a	n/a	n/a	n/a	n/a	n/a	n/a	n/a	n/a	n/a	n/a	n/a	n/a	322.846833	n/a
324.410167	0.000000	129764	ttl	8	n/a	n/a	n/a	n/a	n/a	n/a	n/a	n/a	n/a	n/a	n/a	n/a	n/a	n/a	n/a	n/a	n/a	n/a	n/a	n/a	324.412667	n/a
324.441467	7.693033	129777	sternberg_trial	n/a	n/a	112	0	0	112	1	1	1	325.49409999999995	327.51236666666665	0.0	0.0	0.0	0.0	324.44396666666665	327.51236666666665	330.3109999999999	332.13699999999994	intervals/trials	32	324.443967	332.137000
324.441467	0.000000	129777	ttl	11	n/a	n/a	n/a	n/a	n/a	n/a	n/a	n/a	n/a	n/a	n/a	n/a	n/a	n/a	n/a	n/a	n/a	n/a	n/a	n/a	324.443967	n/a
325.491600	0.000000	130197	stimulus_presentation	n/a	12	n/a	n/a	n/a	n/a	n/a	n/a	n/a	n/a	n/a	n/a	n/a	n/a	n/a	n/a	n/a	n/a	n/a	n/a	n/a	325.494100	n/a
325.491600	0.000000	130197	ttl	1	n/a	n/a	n/a	n/a	n/a	n/a	n/a	n/a	n/a	n/a	n/a	n/a	n/a	n/a	n/a	n/a	n/a	n/a	n/a	n/a	325.494100	n/a
325.501600	0.000000	130201	stimulus_presentation	n/a	0	n/a	n/a	n/a	n/a	n/a	n/a	n/a	n/a	n/a	n/a	n/a	n/a	n/a	n/a	n/a	n/a	n/a	n/a	n/a	325.504100	n/a
325.511600	0.000000	130205	stimulus_presentation	n/a	0	n/a	n/a	n/a	n/a	n/a	n/a	n/a	n/a	n/a	n/a	n/a	n/a	n/a	n/a	n/a	n/a	n/a	n/a	n/a	325.514100	n/a
327.509867	0.000000	131004	ttl	6	n/a	n/a	n/a	n/a	n/a	n/a	n/a	n/a	n/a	n/a	n/a	n/a	n/a	n/a	n/a	n/a	n/a	n/a	n/a	n/a	327.512367	n/a
330.308500	0.000000	132123	stimulus_presentation	n/a	12	n/a	n/a	n/a	n/a	n/a	n/a	n/a	n/a	n/a	n/a	n/a	n/a	n/a	n/a	n/a	n/a	n/a	n/a	n/a	330.311000	n/a
330.308500	0.000000	132123	ttl	7	n/a	n/a	n/a	n/a	n/a	n/a	n/a	n/a	n/a	n/a	n/a	n/a	n/a	n/a	n/a	n/a	n/a	n/a	n/a	n/a	330.311000	n/a
332.134500	0.000000	132854	ttl	8	n/a	n/a	n/a	n/a	n/a	n/a	n/a	n/a	n/a	n/a	n/a	n/a	n/a	n/a	n/a	n/a	n/a	n/a	n/a	n/a	332.137000	n/a
332.158100	11.522300	132863	sternberg_trial	n/a	n/a	512	421	113	213	3	0	0	333.26399999999995	335.2799333333333	335.3271333333333	337.34426666666667	337.4288666666667	339.4452999999999	332.16059999999993	339.4452999999999	342.0941333333333	343.6828999999999	intervals/trials	33	332.160600	343.682900
332.158100	0.000000	132863	ttl	11	n/a	n/a	n/a	n/a	n/a	n/a	n/a	n/a	n/a	n/a	n/a	n/a	n/a	n/a	n/a	n/a	n/a	n/a	n/a	n/a	332.160600	n/a
333.261500	0.000000	133305	stimulus_presentation	n/a	237	n/a	n/a	n/a	n/a	n/a	n/a	n/a	n/a	n/a	n/a	n/a	n/a	n/a	n/a	n/a	n/a	n/a	n/a	n/a	333.264000	n/a
333.261500	0.000000	133305	ttl	1	n/a	n/a	n/a	n/a	n/a	n/a	n/a	n/a	n/a	n/a	n/a	n/a	n/a	n/a	n/a	n/a	n/a	n/a	n/a	n/a	333.264000	n/a
335.277433	0.000000	134111	ttl	5	n/a	n/a	n/a	n/a	n/a	n/a	n/a	n/a	n/a	n/a	n/a	n/a	n/a	n/a	n/a	n/a	n/a	n/a	n/a	n/a	335.279933	n/a
335.324633	0.000000	134130	stimulus_presentation	n/a	191	n/a	n/a	n/a	n/a	n/a	n/a	n/a	n/a	n/a	n/a	n/a	n/a	n/a	n/a	n/a	n/a	n/a	n/a	n/a	335.327133	n/a
335.324633	0.000000	134130	ttl	2	n/a	n/a	n/a	n/a	n/a	n/a	n/a	n/a	n/a	n/a	n/a	n/a	n/a	n/a	n/a	n/a	n/a	n/a	n/a	n/a	335.327133	n/a
337.341767	0.000000	134937	ttl	5	n/a	n/a	n/a	n/a	n/a	n/a	n/a	n/a	n/a	n/a	n/a	n/a	n/a	n/a	n/a	n/a	n/a	n/a	n/a	n/a	337.344267	n/a
337.426367	0.000000	134971	stimulus_presentation	n/a	13	n/a	n/a	n/a	n/a	n/a	n/a	n/a	n/a	n/a	n/a	n/a	n/a	n/a	n/a	n/a	n/a	n/a	n/a	n/a	337.428867	n/a
337.426367	0.000000	134971	ttl	3	n/a	n/a	n/a	n/a	n/a	n/a	n/a	n/a	n/a	n/a	n/a	n/a	n/a	n/a	n/a	n/a	n/a	n/a	n/a	n/a	337.428867	n/a
339.442800	0.000000	135777	ttl	6	n/a	n/a	n/a	n/a	n/a	n/a	n/a	n/a	n/a	n/a	n/a	n/a	n/a	n/a	n/a	n/a	n/a	n/a	n/a	n/a	339.445300	n/a
342.091633	0.000000	136837	stimulus_presentation	n/a	70	n/a	n/a	n/a	n/a	n/a	n/a	n/a	n/a	n/a	n/a	n/a	n/a	n/a	n/a	n/a	n/a	n/a	n/a	n/a	342.094133	n/a
342.091633	0.000000	136837	ttl	7	n/a	n/a	n/a	n/a	n/a	n/a	n/a	n/a	n/a	n/a	n/a	n/a	n/a	n/a	n/a	n/a	n/a	n/a	n/a	n/a	342.094133	n/a
343.680400	0.000000	137472	ttl	8	n/a	n/a	n/a	n/a	n/a	n/a	n/a	n/a	n/a	n/a	n/a	n/a	n/a	n/a	n/a	n/a	n/a	n/a	n/a	n/a	343.682900	n/a
343.708133	7.872533	137483	sternberg_trial	n/a	n/a	513	0	0	303	1	0	1	344.6953333333333	346.7103666666667	0.0	0.0	0.0	0.0	343.7106333333333	346.7103666666667	349.2940999999999	351.58316666666667	intervals/trials	34	343.710633	351.583167
343.708133	0.000000	137483	ttl	11	n/a	n/a	n/a	n/a	n/a	n/a	n/a	n/a	n/a	n/a	n/a	n/a	n/a	n/a	n/a	n/a	n/a	n/a	n/a	n/a	343.710633	n/a
344.692833	0.000000	137877	stimulus_presentation	n/a	238	n/a	n/a	n/a	n/a	n/a	n/a	n/a	n/a	n/a	n/a	n/a	n/a	n/a	n/a	n/a	n/a	n/a	n/a	n/a	344.695333	n/a
344.692833	0.000000	137877	ttl	1	n/a	n/a	n/a	n/a	n/a	n/a	n/a	n/a	n/a	n/a	n/a	n/a	n/a	n/a	n/a	n/a	n/a	n/a	n/a	n/a	344.695333	n/a
344.702833	0.000000	137881	stimulus_presentation	n/a	0	n/a	n/a	n/a	n/a	n/a	n/a	n/a	n/a	n/a	n/a	n/a	n/a	n/a	n/a	n/a	n/a	n/a	n/a	n/a	344.705333	n/a
344.712833	0.000000	137885	stimulus_presentation	n/a	0	n/a	n/a	n/a	n/a	n/a	n/a	n/a	n/a	n/a	n/a	n/a	n/a	n/a	n/a	n/a	n/a	n/a	n/a	n/a	344.715333	n/a
346.707867	0.000000	138683	ttl	6	n/a	n/a	n/a	n/a	n/a	n/a	n/a	n/a	n/a	n/a	n/a	n/a	n/a	n/a	n/a	n/a	n/a	n/a	n/a	n/a	346.710367	n/a
349.291600	0.000000	139717	stimulus_presentation	n/a	117	n/a	n/a	n/a	n/a	n/a	n/a	n/a	n/a	n/a	n/a	n/a	n/a	n/a	n/a	n/a	n/a	n/a	n/a	n/a	349.294100	n/a
349.291600	0.000000	139717	ttl	7	n/a	n/a	n/a	n/a	n/a	n/a	n/a	n/a	n/a	n/a	n/a	n/a	n/a	n/a	n/a	n/a	n/a	n/a	n/a	n/a	349.294100	n/a
351.580667	0.000000	140632	ttl	8	n/a	n/a	n/a	n/a	n/a	n/a	n/a	n/a	n/a	n/a	n/a	n/a	n/a	n/a	n/a	n/a	n/a	n/a	n/a	n/a	351.583167	n/a
351.607900	7.504900	140643	sternberg_trial	n/a	n/a	422	0	0	422	1	1	0	352.7465666666667	354.76039999999995	0.0	0.0	0.0	0.0	351.6103999999999	354.76039999999995	357.3940999999999	359.11529999999993	intervals/trials	35	351.610400	359.115300
351.607900	0.000000	140643	ttl	11	n/a	n/a	n/a	n/a	n/a	n/a	n/a	n/a	n/a	n/a	n/a	n/a	n/a	n/a	n/a	n/a	n/a	n/a	n/a	n/a	351.610400	n/a
352.744067	0.000000	141098	stimulus_presentation	n/a	192	n/a	n/a	n/a	n/a	n/a	n/a	n/a	n/a	n/a	n/a	n/a	n/a	n/a	n/a	n/a	n/a	n/a	n/a	n/a	352.746567	n/a
352.744067	0.000000	141098	ttl	1	n/a	n/a	n/a	n/a	n/a	n/a	n/a	n/a	n/a	n/a	n/a	n/a	n/a	n/a	n/a	n/a	n/a	n/a	n/a	n/a	352.746567	n/a
352.754067	0.000000	141102	stimulus_presentation	n/a	0	n/a	n/a	n/a	n/a	n/a	n/a	n/a	n/a	n/a	n/a	n/a	n/a	n/a	n/a	n/a	n/a	n/a	n/a	n/a	352.756567	n/a
352.764067	0.000000	141106	stimulus_presentation	n/a	0	n/a	n/a	n/a	n/a	n/a	n/a	n/a	n/a	n/a	n/a	n/a	n/a	n/a	n/a	n/a	n/a	n/a	n/a	n/a	352.766567	n/a
354.757900	0.000000	141903	ttl	6	n/a	n/a	n/a	n/a	n/a	n/a	n/a	n/a	n/a	n/a	n/a	n/a	n/a	n/a	n/a	n/a	n/a	n/a	n/a	n/a	354.760400	n/a
357.391600	0.000000	142957	stimulus_presentation	n/a	192	n/a	n/a	n/a	n/a	n/a	n/a	n/a	n/a	n/a	n/a	n/a	n/a	n/a	n/a	n/a	n/a	n/a	n/a	n/a	357.394100	n/a
357.391600	0.000000	142957	ttl	7	n/a	n/a	n/a	n/a	n/a	n/a	n/a	n/a	n/a	n/a	n/a	n/a	n/a	n/a	n/a	n/a	n/a	n/a	n/a	n/a	357.394100	n/a
359.112800	0.000000	143645	ttl	8	n/a	n/a	n/a	n/a	n/a	n/a	n/a	n/a	n/a	n/a	n/a	n/a	n/a	n/a	n/a	n/a	n/a	n/a	n/a	n/a	359.115300	n/a
359.141167	6.608200	143656	sternberg_trial	n/a	n/a	219	0	0	219	1	1	1	360.2455333333333	362.2607333333333	0.0	0.0	0.0	0.0	359.14366666666666	362.2607333333333	364.82789999999994	365.7518666666667	intervals/trials	36	359.143667	365.751867
359.141167	0.000000	143656	ttl	11	n/a	n/a	n/a	n/a	n/a	n/a	n/a	n/a	n/a	n/a	n/a	n/a	n/a	n/a	n/a	n/a	n/a	n/a	n/a	n/a	359.143667	n/a
360.243033	0.000000	144097	stimulus_presentation	n/a	76	n/a	n/a	n/a	n/a	n/a	n/a	n/a	n/a	n/a	n/a	n/a	n/a	n/a	n/a	n/a	n/a	n/a	n/a	n/a	360.245533	n/a
360.243033	0.000000	144097	ttl	1	n/a	n/a	n/a	n/a	n/a	n/a	n/a	n/a	n/a	n/a	n/a	n/a	n/a	n/a	n/a	n/a	n/a	n/a	n/a	n/a	360.245533	n/a
360.253033	0.000000	144101	stimulus_presentation	n/a	0	n/a	n/a	n/a	n/a	n/a	n/a	n/a	n/a	n/a	n/a	n/a	n/a	n/a	n/a	n/a	n/a	n/a	n/a	n/a	360.255533	n/a
360.263033	0.000000	144105	stimulus_presentation	n/a	0	n/a	n/a	n/a	n/a	n/a	n/a	n/a	n/a	n/a	n/a	n/a	n/a	n/a	n/a	n/a	n/a	n/a	n/a	n/a	360.265533	n/a
362.258233	0.000000	144903	ttl	6	n/a	n/a	n/a	n/a	n/a	n/a	n/a	n/a	n/a	n/a	n/a	n/a	n/a	n/a	n/a	n/a	n/a	n/a	n/a	n/a	362.260733	n/a
364.825400	0.000000	145930	stimulus_presentation	n/a	76	n/a	n/a	n/a	n/a	n/a	n/a	n/a	n/a	n/a	n/a	n/a	n/a	n/a	n/a	n/a	n/a	n/a	n/a	n/a	364.827900	n/a
364.825400	0.000000	145930	ttl	7	n/a	n/a	n/a	n/a	n/a	n/a	n/a	n/a	n/a	n/a	n/a	n/a	n/a	n/a	n/a	n/a	n/a	n/a	n/a	n/a	364.827900	n/a
365.749367	0.000000	146300	ttl	8	n/a	n/a	n/a	n/a	n/a	n/a	n/a	n/a	n/a	n/a	n/a	n/a	n/a	n/a	n/a	n/a	n/a	n/a	n/a	n/a	365.751867	n/a
365.775067	7.106800	146310	sternberg_trial	n/a	n/a	315	0	0	512	1	0	1	366.81229999999994	368.8283666666667	0.0	0.0	0.0	0.0	365.77756666666664	368.8283666666667	371.54426666666666	372.88436666666666	intervals/trials	37	365.777567	372.884367
365.775067	0.000000	146310	ttl	11	n/a	n/a	n/a	n/a	n/a	n/a	n/a	n/a	n/a	n/a	n/a	n/a	n/a	n/a	n/a	n/a	n/a	n/a	n/a	n/a	365.777567	n/a
366.809800	0.000000	146724	stimulus_presentation	n/a	129	n/a	n/a	n/a	n/a	n/a	n/a	n/a	n/a	n/a	n/a	n/a	n/a	n/a	n/a	n/a	n/a	n/a	n/a	n/a	366.812300	n/a
366.809800	0.000000	146724	ttl	1	n/a	n/a	n/a	n/a	n/a	n/a	n/a	n/a	n/a	n/a	n/a	n/a	n/a	n/a	n/a	n/a	n/a	n/a	n/a	n/a	366.812300	n/a
366.819800	0.000000	146728	stimulus_presentation	n/a	0	n/a	n/a	n/a	n/a	n/a	n/a	n/a	n/a	n/a	n/a	n/a	n/a	n/a	n/a	n/a	n/a	n/a	n/a	n/a	366.822300	n/a
366.829800	0.000000	146732	stimulus_presentation	n/a	0	n/a	n/a	n/a	n/a	n/a	n/a	n/a	n/a	n/a	n/a	n/a	n/a	n/a	n/a	n/a	n/a	n/a	n/a	n/a	366.832300	n/a
368.825867	0.000000	147530	ttl	6	n/a	n/a	n/a	n/a	n/a	n/a	n/a	n/a	n/a	n/a	n/a	n/a	n/a	n/a	n/a	n/a	n/a	n/a	n/a	n/a	368.828367	n/a
371.541767	0.000000	148617	stimulus_presentation	n/a	237	n/a	n/a	n/a	n/a	n/a	n/a	n/a	n/a	n/a	n/a	n/a	n/a	n/a	n/a	n/a	n/a	n/a	n/a	n/a	371.544267	n/a
371.541767	0.000000	148617	ttl	7	n/a	n/a	n/a	n/a	n/a	n/a	n/a	n/a	n/a	n/a	n/a	n/a	n/a	n/a	n/a	n/a	n/a	n/a	n/a	n/a	371.544267	n/a
372.881867	0.000000	149153	ttl	8	n/a	n/a	n/a	n/a	n/a	n/a	n/a	n/a	n/a	n/a	n/a	n/a	n/a	n/a	n/a	n/a	n/a	n/a	n/a	n/a	372.884367	n/a
372.907933	6.850467	149163	sternberg_trial	n/a	n/a	114	0	0	209	1	0	1	373.8939333333333	375.91029999999995	0.0	0.0	0.0	0.0	372.9104333333333	375.91029999999995	378.56313333333327	379.76089999999994	intervals/trials	38	372.910433	379.760900
372.907933	0.000000	149163	ttl	11	n/a	n/a	n/a	n/a	n/a	n/a	n/a	n/a	n/a	n/a	n/a	n/a	n/a	n/a	n/a	n/a	n/a	n/a	n/a	n/a	372.910433	n/a
373.891433	0.000000	149557	stimulus_presentation	n/a	14	n/a	n/a	n/a	n/a	n/a	n/a	n/a	n/a	n/a	n/a	n/a	n/a	n/a	n/a	n/a	n/a	n/a	n/a	n/a	373.893933	n/a
373.891433	0.000000	149557	ttl	1	n/a	n/a	n/a	n/a	n/a	n/a	n/a	n/a	n/a	n/a	n/a	n/a	n/a	n/a	n/a	n/a	n/a	n/a	n/a	n/a	373.893933	n/a
373.901433	0.000000	149561	stimulus_presentation	n/a	0	n/a	n/a	n/a	n/a	n/a	n/a	n/a	n/a	n/a	n/a	n/a	n/a	n/a	n/a	n/a	n/a	n/a	n/a	n/a	373.903933	n/a
373.911433	0.000000	149565	stimulus_presentation	n/a	0	n/a	n/a	n/a	n/a	n/a	n/a	n/a	n/a	n/a	n/a	n/a	n/a	n/a	n/a	n/a	n/a	n/a	n/a	n/a	373.913933	n/a
375.907800	0.000000	150363	ttl	6	n/a	n/a	n/a	n/a	n/a	n/a	n/a	n/a	n/a	n/a	n/a	n/a	n/a	n/a	n/a	n/a	n/a	n/a	n/a	n/a	375.910300	n/a
378.560633	0.000000	151424	stimulus_presentation	n/a	66	n/a	n/a	n/a	n/a	n/a	n/a	n/a	n/a	n/a	n/a	n/a	n/a	n/a	n/a	n/a	n/a	n/a	n/a	n/a	378.563133	n/a
378.560633	0.000000	151424	ttl	7	n/a	n/a	n/a	n/a	n/a	n/a	n/a	n/a	n/a	n/a	n/a	n/a	n/a	n/a	n/a	n/a	n/a	n/a	n/a	n/a	378.563133	n/a
379.758400	0.000000	151903	ttl	8	n/a	n/a	n/a	n/a	n/a	n/a	n/a	n/a	n/a	n/a	n/a	n/a	n/a	n/a	n/a	n/a	n/a	n/a	n/a	n/a	379.760900	n/a
379.791100	6.540100	151916	sternberg_trial	n/a	n/a	423	0	0	423	1	1	1	380.7769666666667	382.7936333333333	0.0	0.0	0.0	0.0	379.7935999999999	382.7936333333333	385.4938666666667	386.3336999999999	intervals/trials	39	379.793600	386.333700
379.791100	0.000000	151916	ttl	11	n/a	n/a	n/a	n/a	n/a	n/a	n/a	n/a	n/a	n/a	n/a	n/a	n/a	n/a	n/a	n/a	n/a	n/a	n/a	n/a	379.793600	n/a
380.774467	0.000000	152310	stimulus_presentation	n/a	193	n/a	n/a	n/a	n/a	n/a	n/a	n/a	n/a	n/a	n/a	n/a	n/a	n/a	n/a	n/a	n/a	n/a	n/a	n/a	380.776967	n/a
380.774467	0.000000	152310	ttl	1	n/a	n/a	n/a	n/a	n/a	n/a	n/a	n/a	n/a	n/a	n/a	n/a	n/a	n/a	n/a	n/a	n/a	n/a	n/a	n/a	380.776967	n/a
380.784467	0.000000	152314	stimulus_presentation	n/a	0	n/a	n/a	n/a	n/a	n/a	n/a	n/a	n/a	n/a	n/a	n/a	n/a	n/a	n/a	n/a	n/a	n/a	n/a	n/a	380.786967	n/a
380.794467	0.000000	152318	stimulus_presentation	n/a	0	n/a	n/a	n/a	n/a	n/a	n/a	n/a	n/a	n/a	n/a	n/a	n/a	n/a	n/a	n/a	n/a	n/a	n/a	n/a	380.796967	n/a
382.791133	0.000000	153116	ttl	6	n/a	n/a	n/a	n/a	n/a	n/a	n/a	n/a	n/a	n/a	n/a	n/a	n/a	n/a	n/a	n/a	n/a	n/a	n/a	n/a	382.793633	n/a
385.491367	0.000000	154197	stimulus_presentation	n/a	193	n/a	n/a	n/a	n/a	n/a	n/a	n/a	n/a	n/a	n/a	n/a	n/a	n/a	n/a	n/a	n/a	n/a	n/a	n/a	385.493867	n/a
385.491367	0.000000	154197	ttl	7	n/a	n/a	n/a	n/a	n/a	n/a	n/a	n/a	n/a	n/a	n/a	n/a	n/a	n/a	n/a	n/a	n/a	n/a	n/a	n/a	385.493867	n/a
386.331200	0.000000	154532	ttl	8	n/a	n/a	n/a	n/a	n/a	n/a	n/a	n/a	n/a	n/a	n/a	n/a	n/a	n/a	n/a	n/a	n/a	n/a	n/a	n/a	386.333700	n/a
386.357667	6.642167	154543	sternberg_trial	n/a	n/a	115	0	0	115	1	1	1	387.44479999999993	389.4617333333333	0.0	0.0	0.0	0.0	386.36016666666666	389.4617333333333	392.1286666666667	393.0023333333333	intervals/trials	40	386.360167	393.002333
386.357667	0.000000	154543	ttl	11	n/a	n/a	n/a	n/a	n/a	n/a	n/a	n/a	n/a	n/a	n/a	n/a	n/a	n/a	n/a	n/a	n/a	n/a	n/a	n/a	386.360167	n/a
387.442300	0.000000	154977	stimulus_presentation	n/a	15	n/a	n/a	n/a	n/a	n/a	n/a	n/a	n/a	n/a	n/a	n/a	n/a	n/a	n/a	n/a	n/a	n/a	n/a	n/a	387.444800	n/a
387.442300	0.000000	154977	ttl	1	n/a	n/a	n/a	n/a	n/a	n/a	n/a	n/a	n/a	n/a	n/a	n/a	n/a	n/a	n/a	n/a	n/a	n/a	n/a	n/a	387.444800	n/a
387.452300	0.000000	154981	stimulus_presentation	n/a	0	n/a	n/a	n/a	n/a	n/a	n/a	n/a	n/a	n/a	n/a	n/a	n/a	n/a	n/a	n/a	n/a	n/a	n/a	n/a	387.454800	n/a
387.462300	0.000000	154985	stimulus_presentation	n/a	0	n/a	n/a	n/a	n/a	n/a	n/a	n/a	n/a	n/a	n/a	n/a	n/a	n/a	n/a	n/a	n/a	n/a	n/a	n/a	387.464800	n/a
389.459233	0.000000	155784	ttl	6	n/a	n/a	n/a	n/a	n/a	n/a	n/a	n/a	n/a	n/a	n/a	n/a	n/a	n/a	n/a	n/a	n/a	n/a	n/a	n/a	389.461733	n/a
392.126167	0.000000	156850	stimulus_presentation	n/a	15	n/a	n/a	n/a	n/a	n/a	n/a	n/a	n/a	n/a	n/a	n/a	n/a	n/a	n/a	n/a	n/a	n/a	n/a	n/a	392.128667	n/a
392.126167	0.000000	156850	ttl	7	n/a	n/a	n/a	n/a	n/a	n/a	n/a	n/a	n/a	n/a	n/a	n/a	n/a	n/a	n/a	n/a	n/a	n/a	n/a	n/a	392.128667	n/a
392.999833	0.000000	157200	ttl	8	n/a	n/a	n/a	n/a	n/a	n/a	n/a	n/a	n/a	n/a	n/a	n/a	n/a	n/a	n/a	n/a	n/a	n/a	n/a	n/a	393.002333	n/a
393.025333	6.627267	157210	sternberg_trial	n/a	n/a	514	0	0	514	1	1	1	394.16239999999993	396.17703333333327	0.0	0.0	0.0	0.0	393.0278333333333	396.17703333333327	398.8292333333333	399.65509999999995	intervals/trials	41	393.027833	399.655100
393.025333	0.000000	157210	ttl	11	n/a	n/a	n/a	n/a	n/a	n/a	n/a	n/a	n/a	n/a	n/a	n/a	n/a	n/a	n/a	n/a	n/a	n/a	n/a	n/a	393.027833	n/a
394.159900	0.000000	157664	stimulus_presentation	n/a	239	n/a	n/a	n/a	n/a	n/a	n/a	n/a	n/a	n/a	n/a	n/a	n/a	n/a	n/a	n/a	n/a	n/a	n/a	n/a	394.162400	n/a
394.159900	0.000000	157664	ttl	1	n/a	n/a	n/a	n/a	n/a	n/a	n/a	n/a	n/a	n/a	n/a	n/a	n/a	n/a	n/a	n/a	n/a	n/a	n/a	n/a	394.162400	n/a
394.169900	0.000000	157668	stimulus_presentation	n/a	0	n/a	n/a	n/a	n/a	n/a	n/a	n/a	n/a	n/a	n/a	n/a	n/a	n/a	n/a	n/a	n/a	n/a	n/a	n/a	394.172400	n/a
394.179900	0.000000	157672	stimulus_presentation	n/a	0	n/a	n/a	n/a	n/a	n/a	n/a	n/a	n/a	n/a	n/a	n/a	n/a	n/a	n/a	n/a	n/a	n/a	n/a	n/a	394.182400	n/a
396.174533	0.000000	158470	ttl	6	n/a	n/a	n/a	n/a	n/a	n/a	n/a	n/a	n/a	n/a	n/a	n/a	n/a	n/a	n/a	n/a	n/a	n/a	n/a	n/a	396.177033	n/a
398.826733	0.000000	159531	stimulus_presentation	n/a	239	n/a	n/a	n/a	n/a	n/a	n/a	n/a	n/a	n/a	n/a	n/a	n/a	n/a	n/a	n/a	n/a	n/a	n/a	n/a	398.829233	n/a
398.826733	0.000000	159531	ttl	7	n/a	n/a	n/a	n/a	n/a	n/a	n/a	n/a	n/a	n/a	n/a	n/a	n/a	n/a	n/a	n/a	n/a	n/a	n/a	n/a	398.829233	n/a
399.652600	0.000000	159861	ttl	8	n/a	n/a	n/a	n/a	n/a	n/a	n/a	n/a	n/a	n/a	n/a	n/a	n/a	n/a	n/a	n/a	n/a	n/a	n/a	n/a	399.655100	n/a
399.676167	11.186667	159870	sternberg_trial	n/a	n/a	515	220	316	110	3	0	1	400.7948333333333	402.80999999999995	402.9128999999999	404.9266999999999	405.01186666666666	407.02669999999995	399.6786666666667	407.02669999999995	409.76006666666666	410.8653333333333	intervals/trials	42	399.678667	410.865333
399.676167	0.000000	159870	ttl	11	n/a	n/a	n/a	n/a	n/a	n/a	n/a	n/a	n/a	n/a	n/a	n/a	n/a	n/a	n/a	n/a	n/a	n/a	n/a	n/a	399.678667	n/a
400.792333	0.000000	160317	stimulus_presentation	n/a	240	n/a	n/a	n/a	n/a	n/a	n/a	n/a	n/a	n/a	n/a	n/a	n/a	n/a	n/a	n/a	n/a	n/a	n/a	n/a	400.794833	n/a
400.792333	0.000000	160317	ttl	1	n/a	n/a	n/a	n/a	n/a	n/a	n/a	n/a	n/a	n/a	n/a	n/a	n/a	n/a	n/a	n/a	n/a	n/a	n/a	n/a	400.794833	n/a
402.807500	0.000000	161123	ttl	5	n/a	n/a	n/a	n/a	n/a	n/a	n/a	n/a	n/a	n/a	n/a	n/a	n/a	n/a	n/a	n/a	n/a	n/a	n/a	n/a	402.810000	n/a
402.910400	0.000000	161164	stimulus_presentation	n/a	77	n/a	n/a	n/a	n/a	n/a	n/a	n/a	n/a	n/a	n/a	n/a	n/a	n/a	n/a	n/a	n/a	n/a	n/a	n/a	402.912900	n/a
402.910400	0.000000	161164	ttl	2	n/a	n/a	n/a	n/a	n/a	n/a	n/a	n/a	n/a	n/a	n/a	n/a	n/a	n/a	n/a	n/a	n/a	n/a	n/a	n/a	402.912900	n/a
404.924200	0.000000	161970	ttl	5	n/a	n/a	n/a	n/a	n/a	n/a	n/a	n/a	n/a	n/a	n/a	n/a	n/a	n/a	n/a	n/a	n/a	n/a	n/a	n/a	404.926700	n/a
405.009367	0.000000	162004	stimulus_presentation	n/a	130	n/a	n/a	n/a	n/a	n/a	n/a	n/a	n/a	n/a	n/a	n/a	n/a	n/a	n/a	n/a	n/a	n/a	n/a	n/a	405.011867	n/a
405.009367	0.000000	162004	ttl	3	n/a	n/a	n/a	n/a	n/a	n/a	n/a	n/a	n/a	n/a	n/a	n/a	n/a	n/a	n/a	n/a	n/a	n/a	n/a	n/a	405.011867	n/a
407.024200	0.000000	162810	ttl	6	n/a	n/a	n/a	n/a	n/a	n/a	n/a	n/a	n/a	n/a	n/a	n/a	n/a	n/a	n/a	n/a	n/a	n/a	n/a	n/a	407.026700	n/a
409.757567	0.000000	163903	stimulus_presentation	n/a	10	n/a	n/a	n/a	n/a	n/a	n/a	n/a	n/a	n/a	n/a	n/a	n/a	n/a	n/a	n/a	n/a	n/a	n/a	n/a	409.760067	n/a
409.757567	0.000000	163903	ttl	7	n/a	n/a	n/a	n/a	n/a	n/a	n/a	n/a	n/a	n/a	n/a	n/a	n/a	n/a	n/a	n/a	n/a	n/a	n/a	n/a	409.760067	n/a
410.862833	0.000000	164345	ttl	8	n/a	n/a	n/a	n/a	n/a	n/a	n/a	n/a	n/a	n/a	n/a	n/a	n/a	n/a	n/a	n/a	n/a	n/a	n/a	n/a	410.865333	n/a
410.890733	12.653567	164356	sternberg_trial	n/a	n/a	317	516	221	412	3	0	1	412.05979999999994	414.0766333333333	414.1098333333333	416.1265666666667	416.1946333333333	418.2097333333333	410.8932333333333	418.2097333333333	420.8770999999999	423.5467999999999	intervals/trials	43	410.893233	423.546800
410.890733	0.000000	164356	ttl	11	n/a	n/a	n/a	n/a	n/a	n/a	n/a	n/a	n/a	n/a	n/a	n/a	n/a	n/a	n/a	n/a	n/a	n/a	n/a	n/a	410.893233	n/a
412.057300	0.000000	164823	stimulus_presentation	n/a	131	n/a	n/a	n/a	n/a	n/a	n/a	n/a	n/a	n/a	n/a	n/a	n/a	n/a	n/a	n/a	n/a	n/a	n/a	n/a	412.059800	n/a
412.057300	0.000000	164823	ttl	1	n/a	n/a	n/a	n/a	n/a	n/a	n/a	n/a	n/a	n/a	n/a	n/a	n/a	n/a	n/a	n/a	n/a	n/a	n/a	n/a	412.059800	n/a
414.074133	0.000000	165630	ttl	5	n/a	n/a	n/a	n/a	n/a	n/a	n/a	n/a	n/a	n/a	n/a	n/a	n/a	n/a	n/a	n/a	n/a	n/a	n/a	n/a	414.076633	n/a
414.107333	0.000000	165643	stimulus_presentation	n/a	241	n/a	n/a	n/a	n/a	n/a	n/a	n/a	n/a	n/a	n/a	n/a	n/a	n/a	n/a	n/a	n/a	n/a	n/a	n/a	414.109833	n/a
414.107333	0.000000	165643	ttl	2	n/a	n/a	n/a	n/a	n/a	n/a	n/a	n/a	n/a	n/a	n/a	n/a	n/a	n/a	n/a	n/a	n/a	n/a	n/a	n/a	414.109833	n/a
416.124067	0.000000	166450	ttl	5	n/a	n/a	n/a	n/a	n/a	n/a	n/a	n/a	n/a	n/a	n/a	n/a	n/a	n/a	n/a	n/a	n/a	n/a	n/a	n/a	416.126567	n/a
416.192133	0.000000	166477	stimulus_presentation	n/a	78	n/a	n/a	n/a	n/a	n/a	n/a	n/a	n/a	n/a	n/a	n/a	n/a	n/a	n/a	n/a	n/a	n/a	n/a	n/a	416.194633	n/a
416.192133	0.000000	166477	ttl	3	n/a	n/a	n/a	n/a	n/a	n/a	n/a	n/a	n/a	n/a	n/a	n/a	n/a	n/a	n/a	n/a	n/a	n/a	n/a	n/a	416.194633	n/a
418.207233	0.000000	167283	ttl	6	n/a	n/a	n/a	n/a	n/a	n/a	n/a	n/a	n/a	n/a	n/a	n/a	n/a	n/a	n/a	n/a	n/a	n/a	n/a	n/a	418.209733	n/a
420.874600	0.000000	168350	stimulus_presentation	n/a	182	n/a	n/a	n/a	n/a	n/a	n/a	n/a	n/a	n/a	n/a	n/a	n/a	n/a	n/a	n/a	n/a	n/a	n/a	n/a	420.877100	n/a
420.874600	0.000000	168350	ttl	7	n/a	n/a	n/a	n/a	n/a	n/a	n/a	n/a	n/a	n/a	n/a	n/a	n/a	n/a	n/a	n/a	n/a	n/a	n/a	n/a	420.877100	n/a
423.544300	0.000000	169418	ttl	8	n/a	n/a	n/a	n/a	n/a	n/a	n/a	n/a	n/a	n/a	n/a	n/a	n/a	n/a	n/a	n/a	n/a	n/a	n/a	n/a	423.546800	n/a
423.574267	12.923733	169430	sternberg_trial	n/a	n/a	424	517	222	111	3	0	1	424.5942333333333	426.6114333333333	426.7616999999999	428.7772999999999	428.89616666666666	430.90976666666666	423.5767666666667	430.90976666666666	433.66009999999994	436.50049999999993	intervals/trials	44	423.576767	436.500500
423.574267	0.000000	169430	ttl	11	n/a	n/a	n/a	n/a	n/a	n/a	n/a	n/a	n/a	n/a	n/a	n/a	n/a	n/a	n/a	n/a	n/a	n/a	n/a	n/a	423.576767	n/a
424.591733	0.000000	169837	stimulus_presentation	n/a	194	n/a	n/a	n/a	n/a	n/a	n/a	n/a	n/a	n/a	n/a	n/a	n/a	n/a	n/a	n/a	n/a	n/a	n/a	n/a	424.594233	n/a
424.591733	0.000000	169837	ttl	1	n/a	n/a	n/a	n/a	n/a	n/a	n/a	n/a	n/a	n/a	n/a	n/a	n/a	n/a	n/a	n/a	n/a	n/a	n/a	n/a	424.594233	n/a
426.608933	0.000000	170644	ttl	5	n/a	n/a	n/a	n/a	n/a	n/a	n/a	n/a	n/a	n/a	n/a	n/a	n/a	n/a	n/a	n/a	n/a	n/a	n/a	n/a	426.611433	n/a
426.759200	0.000000	170704	stimulus_presentation	n/a	242	n/a	n/a	n/a	n/a	n/a	n/a	n/a	n/a	n/a	n/a	n/a	n/a	n/a	n/a	n/a	n/a	n/a	n/a	n/a	426.761700	n/a
426.759200	0.000000	170704	ttl	2	n/a	n/a	n/a	n/a	n/a	n/a	n/a	n/a	n/a	n/a	n/a	n/a	n/a	n/a	n/a	n/a	n/a	n/a	n/a	n/a	426.761700	n/a
428.774800	0.000000	171510	ttl	5	n/a	n/a	n/a	n/a	n/a	n/a	n/a	n/a	n/a	n/a	n/a	n/a	n/a	n/a	n/a	n/a	n/a	n/a	n/a	n/a	428.777300	n/a
428.893667	0.000000	171557	stimulus_presentation	n/a	79	n/a	n/a	n/a	n/a	n/a	n/a	n/a	n/a	n/a	n/a	n/a	n/a	n/a	n/a	n/a	n/a	n/a	n/a	n/a	428.896167	n/a
428.893667	0.000000	171557	ttl	3	n/a	n/a	n/a	n/a	n/a	n/a	n/a	n/a	n/a	n/a	n/a	n/a	n/a	n/a	n/a	n/a	n/a	n/a	n/a	n/a	428.896167	n/a
430.907267	0.000000	172363	ttl	6	n/a	n/a	n/a	n/a	n/a	n/a	n/a	n/a	n/a	n/a	n/a	n/a	n/a	n/a	n/a	n/a	n/a	n/a	n/a	n/a	430.909767	n/a
433.657600	0.000000	173463	stimulus_presentation	n/a	11	n/a	n/a	n/a	n/a	n/a	n/a	n/a	n/a	n/a	n/a	n/a	n/a	n/a	n/a	n/a	n/a	n/a	n/a	n/a	433.660100	n/a
433.657600	0.000000	173463	ttl	7	n/a	n/a	n/a	n/a	n/a	n/a	n/a	n/a	n/a	n/a	n/a	n/a	n/a	n/a	n/a	n/a	n/a	n/a	n/a	n/a	433.660100	n/a
436.498000	0.000000	174599	ttl	8	n/a	n/a	n/a	n/a	n/a	n/a	n/a	n/a	n/a	n/a	n/a	n/a	n/a	n/a	n/a	n/a	n/a	n/a	n/a	n/a	436.500500	n/a
436.523900	12.048100	174610	sternberg_trial	n/a	n/a	223	425	518	104	3	0	1	437.5935333333333	439.6115333333333	439.7603333333333	441.7774999999999	441.8265999999999	443.8448666666667	436.5263999999999	443.8448666666667	446.46109999999993	448.57449999999994	intervals/trials	45	436.526400	448.574500
436.523900	0.000000	174610	ttl	11	n/a	n/a	n/a	n/a	n/a	n/a	n/a	n/a	n/a	n/a	n/a	n/a	n/a	n/a	n/a	n/a	n/a	n/a	n/a	n/a	436.526400	n/a
437.591033	0.000000	175036	stimulus_presentation	n/a	80	n/a	n/a	n/a	n/a	n/a	n/a	n/a	n/a	n/a	n/a	n/a	n/a	n/a	n/a	n/a	n/a	n/a	n/a	n/a	437.593533	n/a
437.591033	0.000000	175036	ttl	1	n/a	n/a	n/a	n/a	n/a	n/a	n/a	n/a	n/a	n/a	n/a	n/a	n/a	n/a	n/a	n/a	n/a	n/a	n/a	n/a	437.593533	n/a
439.609033	0.000000	175844	ttl	5	n/a	n/a	n/a	n/a	n/a	n/a	n/a	n/a	n/a	n/a	n/a	n/a	n/a	n/a	n/a	n/a	n/a	n/a	n/a	n/a	439.611533	n/a
439.757833	0.000000	175903	stimulus_presentation	n/a	195	n/a	n/a	n/a	n/a	n/a	n/a	n/a	n/a	n/a	n/a	n/a	n/a	n/a	n/a	n/a	n/a	n/a	n/a	n/a	439.760333	n/a
439.757833	0.000000	175903	ttl	2	n/a	n/a	n/a	n/a	n/a	n/a	n/a	n/a	n/a	n/a	n/a	n/a	n/a	n/a	n/a	n/a	n/a	n/a	n/a	n/a	439.760333	n/a
441.775000	0.000000	176710	ttl	5	n/a	n/a	n/a	n/a	n/a	n/a	n/a	n/a	n/a	n/a	n/a	n/a	n/a	n/a	n/a	n/a	n/a	n/a	n/a	n/a	441.777500	n/a
441.824100	0.000000	176730	stimulus_presentation	n/a	243	n/a	n/a	n/a	n/a	n/a	n/a	n/a	n/a	n/a	n/a	n/a	n/a	n/a	n/a	n/a	n/a	n/a	n/a	n/a	441.826600	n/a
441.824100	0.000000	176730	ttl	3	n/a	n/a	n/a	n/a	n/a	n/a	n/a	n/a	n/a	n/a	n/a	n/a	n/a	n/a	n/a	n/a	n/a	n/a	n/a	n/a	441.826600	n/a
443.842367	0.000000	177537	ttl	6	n/a	n/a	n/a	n/a	n/a	n/a	n/a	n/a	n/a	n/a	n/a	n/a	n/a	n/a	n/a	n/a	n/a	n/a	n/a	n/a	443.844867	n/a
446.458600	0.000000	178583	stimulus_presentation	n/a	4	n/a	n/a	n/a	n/a	n/a	n/a	n/a	n/a	n/a	n/a	n/a	n/a	n/a	n/a	n/a	n/a	n/a	n/a	n/a	446.461100	n/a
446.458600	0.000000	178583	ttl	7	n/a	n/a	n/a	n/a	n/a	n/a	n/a	n/a	n/a	n/a	n/a	n/a	n/a	n/a	n/a	n/a	n/a	n/a	n/a	n/a	446.461100	n/a
448.572000	0.000000	179429	ttl	8	n/a	n/a	n/a	n/a	n/a	n/a	n/a	n/a	n/a	n/a	n/a	n/a	n/a	n/a	n/a	n/a	n/a	n/a	n/a	n/a	448.574500	n/a
448.607200	6.873167	179443	sternberg_trial	n/a	n/a	116	0	0	116	1	1	1	449.76019999999994	451.77666666666664	0.0	0.0	0.0	0.0	448.6096999999999	451.77666666666664	454.4943999999999	455.48286666666667	intervals/trials	46	448.609700	455.482867
448.607200	0.000000	179443	ttl	11	n/a	n/a	n/a	n/a	n/a	n/a	n/a	n/a	n/a	n/a	n/a	n/a	n/a	n/a	n/a	n/a	n/a	n/a	n/a	n/a	448.609700	n/a
449.757700	0.000000	179903	stimulus_presentation	n/a	16	n/a	n/a	n/a	n/a	n/a	n/a	n/a	n/a	n/a	n/a	n/a	n/a	n/a	n/a	n/a	n/a	n/a	n/a	n/a	449.760200	n/a
449.757700	0.000000	179903	ttl	1	n/a	n/a	n/a	n/a	n/a	n/a	n/a	n/a	n/a	n/a	n/a	n/a	n/a	n/a	n/a	n/a	n/a	n/a	n/a	n/a	449.760200	n/a
449.767700	0.000000	179907	stimulus_presentation	n/a	0	n/a	n/a	n/a	n/a	n/a	n/a	n/a	n/a	n/a	n/a	n/a	n/a	n/a	n/a	n/a	n/a	n/a	n/a	n/a	449.770200	n/a
449.777700	0.000000	179911	stimulus_presentation	n/a	0	n/a	n/a	n/a	n/a	n/a	n/a	n/a	n/a	n/a	n/a	n/a	n/a	n/a	n/a	n/a	n/a	n/a	n/a	n/a	449.780200	n/a
451.774167	0.000000	180710	ttl	6	n/a	n/a	n/a	n/a	n/a	n/a	n/a	n/a	n/a	n/a	n/a	n/a	n/a	n/a	n/a	n/a	n/a	n/a	n/a	n/a	451.776667	n/a
454.491900	0.000000	181797	stimulus_presentation	n/a	16	n/a	n/a	n/a	n/a	n/a	n/a	n/a	n/a	n/a	n/a	n/a	n/a	n/a	n/a	n/a	n/a	n/a	n/a	n/a	454.494400	n/a
454.491900	0.000000	181797	ttl	7	n/a	n/a	n/a	n/a	n/a	n/a	n/a	n/a	n/a	n/a	n/a	n/a	n/a	n/a	n/a	n/a	n/a	n/a	n/a	n/a	454.494400	n/a
455.480367	0.000000	182192	ttl	8	n/a	n/a	n/a	n/a	n/a	n/a	n/a	n/a	n/a	n/a	n/a	n/a	n/a	n/a	n/a	n/a	n/a	n/a	n/a	n/a	455.482867	n/a
455.508567	14.108700	182203	sternberg_trial	n/a	n/a	318	0	0	504	1	0	1	456.6290666666667	458.6435666666667	0.0	0.0	0.0	0.0	455.5110666666667	458.6435666666667	461.22636666666665	469.6197666666667	intervals/trials	47	455.511067	469.619767
455.508567	0.000000	182203	ttl	11	n/a	n/a	n/a	n/a	n/a	n/a	n/a	n/a	n/a	n/a	n/a	n/a	n/a	n/a	n/a	n/a	n/a	n/a	n/a	n/a	455.511067	n/a
456.626567	0.000000	182651	stimulus_presentation	n/a	132	n/a	n/a	n/a	n/a	n/a	n/a	n/a	n/a	n/a	n/a	n/a	n/a	n/a	n/a	n/a	n/a	n/a	n/a	n/a	456.629067	n/a
456.626567	0.000000	182651	ttl	1	n/a	n/a	n/a	n/a	n/a	n/a	n/a	n/a	n/a	n/a	n/a	n/a	n/a	n/a	n/a	n/a	n/a	n/a	n/a	n/a	456.629067	n/a
456.636567	0.000000	182655	stimulus_presentation	n/a	0	n/a	n/a	n/a	n/a	n/a	n/a	n/a	n/a	n/a	n/a	n/a	n/a	n/a	n/a	n/a	n/a	n/a	n/a	n/a	456.639067	n/a
456.646567	0.000000	182659	stimulus_presentation	n/a	0	n/a	n/a	n/a	n/a	n/a	n/a	n/a	n/a	n/a	n/a	n/a	n/a	n/a	n/a	n/a	n/a	n/a	n/a	n/a	456.649067	n/a
458.641067	0.000000	183456	ttl	6	n/a	n/a	n/a	n/a	n/a	n/a	n/a	n/a	n/a	n/a	n/a	n/a	n/a	n/a	n/a	n/a	n/a	n/a	n/a	n/a	458.643567	n/a
461.223867	0.000000	184490	stimulus_presentation	n/a	229	n/a	n/a	n/a	n/a	n/a	n/a	n/a	n/a	n/a	n/a	n/a	n/a	n/a	n/a	n/a	n/a	n/a	n/a	n/a	461.226367	n/a
461.223867	0.000000	184490	ttl	7	n/a	n/a	n/a	n/a	n/a	n/a	n/a	n/a	n/a	n/a	n/a	n/a	n/a	n/a	n/a	n/a	n/a	n/a	n/a	n/a	461.226367	n/a
469.617267	0.000000	187847	ttl	8	n/a	n/a	n/a	n/a	n/a	n/a	n/a	n/a	n/a	n/a	n/a	n/a	n/a	n/a	n/a	n/a	n/a	n/a	n/a	n/a	469.619767	n/a
469.640300	7.125533	187856	sternberg_trial	n/a	n/a	224	0	0	224	1	1	1	470.66016666666667	472.6776999999999	0.0	0.0	0.0	0.0	469.6427999999999	472.6776999999999	475.34303333333327	476.7683333333333	intervals/trials	48	469.642800	476.768333
469.640300	0.000000	187856	ttl	11	n/a	n/a	n/a	n/a	n/a	n/a	n/a	n/a	n/a	n/a	n/a	n/a	n/a	n/a	n/a	n/a	n/a	n/a	n/a	n/a	469.642800	n/a
470.657667	0.000000	188263	stimulus_presentation	n/a	81	n/a	n/a	n/a	n/a	n/a	n/a	n/a	n/a	n/a	n/a	n/a	n/a	n/a	n/a	n/a	n/a	n/a	n/a	n/a	470.660167	n/a
470.657667	0.000000	188263	ttl	1	n/a	n/a	n/a	n/a	n/a	n/a	n/a	n/a	n/a	n/a	n/a	n/a	n/a	n/a	n/a	n/a	n/a	n/a	n/a	n/a	470.660167	n/a
470.667667	0.000000	188267	stimulus_presentation	n/a	0	n/a	n/a	n/a	n/a	n/a	n/a	n/a	n/a	n/a	n/a	n/a	n/a	n/a	n/a	n/a	n/a	n/a	n/a	n/a	470.670167	n/a
470.677667	0.000000	188271	stimulus_presentation	n/a	0	n/a	n/a	n/a	n/a	n/a	n/a	n/a	n/a	n/a	n/a	n/a	n/a	n/a	n/a	n/a	n/a	n/a	n/a	n/a	470.680167	n/a
472.675200	0.000000	189070	ttl	6	n/a	n/a	n/a	n/a	n/a	n/a	n/a	n/a	n/a	n/a	n/a	n/a	n/a	n/a	n/a	n/a	n/a	n/a	n/a	n/a	472.677700	n/a
475.340533	0.000000	190136	stimulus_presentation	n/a	81	n/a	n/a	n/a	n/a	n/a	n/a	n/a	n/a	n/a	n/a	n/a	n/a	n/a	n/a	n/a	n/a	n/a	n/a	n/a	475.343033	n/a
475.340533	0.000000	190136	ttl	7	n/a	n/a	n/a	n/a	n/a	n/a	n/a	n/a	n/a	n/a	n/a	n/a	n/a	n/a	n/a	n/a	n/a	n/a	n/a	n/a	475.343033	n/a
476.765833	0.000000	190706	ttl	8	n/a	n/a	n/a	n/a	n/a	n/a	n/a	n/a	n/a	n/a	n/a	n/a	n/a	n/a	n/a	n/a	n/a	n/a	n/a	n/a	476.768333	n/a
476.790367	6.995967	190716	sternberg_trial	n/a	n/a	225	0	0	225	1	1	1	477.8596999999999	479.8779333333333	0.0	0.0	0.0	0.0	476.79286666666667	479.8779333333333	482.4937999999999	483.7888333333333	intervals/trials	49	476.792867	483.788833
476.790367	0.000000	190716	ttl	11	n/a	n/a	n/a	n/a	n/a	n/a	n/a	n/a	n/a	n/a	n/a	n/a	n/a	n/a	n/a	n/a	n/a	n/a	n/a	n/a	476.792867	n/a
477.857200	0.000000	191143	stimulus_presentation	n/a	82	n/a	n/a	n/a	n/a	n/a	n/a	n/a	n/a	n/a	n/a	n/a	n/a	n/a	n/a	n/a	n/a	n/a	n/a	n/a	477.859700	n/a
477.857200	0.000000	191143	ttl	1	n/a	n/a	n/a	n/a	n/a	n/a	n/a	n/a	n/a	n/a	n/a	n/a	n/a	n/a	n/a	n/a	n/a	n/a	n/a	n/a	477.859700	n/a
477.867200	0.000000	191147	stimulus_presentation	n/a	0	n/a	n/a	n/a	n/a	n/a	n/a	n/a	n/a	n/a	n/a	n/a	n/a	n/a	n/a	n/a	n/a	n/a	n/a	n/a	477.869700	n/a
477.877200	0.000000	191151	stimulus_presentation	n/a	0	n/a	n/a	n/a	n/a	n/a	n/a	n/a	n/a	n/a	n/a	n/a	n/a	n/a	n/a	n/a	n/a	n/a	n/a	n/a	477.879700	n/a
479.875433	0.000000	191950	ttl	6	n/a	n/a	n/a	n/a	n/a	n/a	n/a	n/a	n/a	n/a	n/a	n/a	n/a	n/a	n/a	n/a	n/a	n/a	n/a	n/a	479.877933	n/a
482.491300	0.000000	192997	stimulus_presentation	n/a	82	n/a	n/a	n/a	n/a	n/a	n/a	n/a	n/a	n/a	n/a	n/a	n/a	n/a	n/a	n/a	n/a	n/a	n/a	n/a	482.493800	n/a
482.491300	0.000000	192997	ttl	7	n/a	n/a	n/a	n/a	n/a	n/a	n/a	n/a	n/a	n/a	n/a	n/a	n/a	n/a	n/a	n/a	n/a	n/a	n/a	n/a	482.493800	n/a
483.786333	0.000000	193515	ttl	8	n/a	n/a	n/a	n/a	n/a	n/a	n/a	n/a	n/a	n/a	n/a	n/a	n/a	n/a	n/a	n/a	n/a	n/a	n/a	n/a	483.788833	n/a
483.824733	11.331833	193530	sternberg_trial	n/a	n/a	319	519	426	222	3	0	1	484.8598333333333	486.8769999999999	486.9095333333333	488.9262333333333	489.1117999999999	491.1258333333333	483.8272333333333	491.1258333333333	493.89289999999994	495.15906666666666	intervals/trials	50	483.827233	495.159067
483.824733	0.000000	193530	ttl	11	n/a	n/a	n/a	n/a	n/a	n/a	n/a	n/a	n/a	n/a	n/a	n/a	n/a	n/a	n/a	n/a	n/a	n/a	n/a	n/a	483.827233	n/a
484.857333	0.000000	193943	stimulus_presentation	n/a	133	n/a	n/a	n/a	n/a	n/a	n/a	n/a	n/a	n/a	n/a	n/a	n/a	n/a	n/a	n/a	n/a	n/a	n/a	n/a	484.859833	n/a
484.857333	0.000000	193943	ttl	1	n/a	n/a	n/a	n/a	n/a	n/a	n/a	n/a	n/a	n/a	n/a	n/a	n/a	n/a	n/a	n/a	n/a	n/a	n/a	n/a	484.859833	n/a
486.874500	0.000000	194750	ttl	5	n/a	n/a	n/a	n/a	n/a	n/a	n/a	n/a	n/a	n/a	n/a	n/a	n/a	n/a	n/a	n/a	n/a	n/a	n/a	n/a	486.877000	n/a
486.907033	0.000000	194763	stimulus_presentation	n/a	244	n/a	n/a	n/a	n/a	n/a	n/a	n/a	n/a	n/a	n/a	n/a	n/a	n/a	n/a	n/a	n/a	n/a	n/a	n/a	486.909533	n/a
486.907033	0.000000	194763	ttl	2	n/a	n/a	n/a	n/a	n/a	n/a	n/a	n/a	n/a	n/a	n/a	n/a	n/a	n/a	n/a	n/a	n/a	n/a	n/a	n/a	486.909533	n/a
488.923733	0.000000	195569	ttl	5	n/a	n/a	n/a	n/a	n/a	n/a	n/a	n/a	n/a	n/a	n/a	n/a	n/a	n/a	n/a	n/a	n/a	n/a	n/a	n/a	488.926233	n/a
489.109300	0.000000	195644	stimulus_presentation	n/a	196	n/a	n/a	n/a	n/a	n/a	n/a	n/a	n/a	n/a	n/a	n/a	n/a	n/a	n/a	n/a	n/a	n/a	n/a	n/a	489.111800	n/a
489.109300	0.000000	195644	ttl	3	n/a	n/a	n/a	n/a	n/a	n/a	n/a	n/a	n/a	n/a	n/a	n/a	n/a	n/a	n/a	n/a	n/a	n/a	n/a	n/a	489.111800	n/a
491.123333	0.000000	196449	ttl	6	n/a	n/a	n/a	n/a	n/a	n/a	n/a	n/a	n/a	n/a	n/a	n/a	n/a	n/a	n/a	n/a	n/a	n/a	n/a	n/a	491.125833	n/a
493.890400	0.000000	197556	stimulus_presentation	n/a	79	n/a	n/a	n/a	n/a	n/a	n/a	n/a	n/a	n/a	n/a	n/a	n/a	n/a	n/a	n/a	n/a	n/a	n/a	n/a	493.892900	n/a
493.890400	0.000000	197556	ttl	7	n/a	n/a	n/a	n/a	n/a	n/a	n/a	n/a	n/a	n/a	n/a	n/a	n/a	n/a	n/a	n/a	n/a	n/a	n/a	n/a	493.892900	n/a
495.156567	0.000000	198063	ttl	8	n/a	n/a	n/a	n/a	n/a	n/a	n/a	n/a	n/a	n/a	n/a	n/a	n/a	n/a	n/a	n/a	n/a	n/a	n/a	n/a	495.159067	n/a
495.190067	7.290900	198076	sternberg_trial	n/a	n/a	520	0	0	420	1	0	1	496.2776333333333	498.2942333333333	0.0	0.0	0.0	0.0	495.19256666666666	498.2942333333333	501.0928666666667	502.4834666666667	intervals/trials	51	495.192567	502.483467
495.190067	0.000000	198076	ttl	11	n/a	n/a	n/a	n/a	n/a	n/a	n/a	n/a	n/a	n/a	n/a	n/a	n/a	n/a	n/a	n/a	n/a	n/a	n/a	n/a	495.192567	n/a
496.275133	0.000000	198510	stimulus_presentation	n/a	245	n/a	n/a	n/a	n/a	n/a	n/a	n/a	n/a	n/a	n/a	n/a	n/a	n/a	n/a	n/a	n/a	n/a	n/a	n/a	496.277633	n/a
496.275133	0.000000	198510	ttl	1	n/a	n/a	n/a	n/a	n/a	n/a	n/a	n/a	n/a	n/a	n/a	n/a	n/a	n/a	n/a	n/a	n/a	n/a	n/a	n/a	496.277633	n/a
496.285133	0.000000	198514	stimulus_presentation	n/a	0	n/a	n/a	n/a	n/a	n/a	n/a	n/a	n/a	n/a	n/a	n/a	n/a	n/a	n/a	n/a	n/a	n/a	n/a	n/a	496.287633	n/a
496.295133	0.000000	198518	stimulus_presentation	n/a	0	n/a	n/a	n/a	n/a	n/a	n/a	n/a	n/a	n/a	n/a	n/a	n/a	n/a	n/a	n/a	n/a	n/a	n/a	n/a	496.297633	n/a
498.291733	0.000000	199317	ttl	6	n/a	n/a	n/a	n/a	n/a	n/a	n/a	n/a	n/a	n/a	n/a	n/a	n/a	n/a	n/a	n/a	n/a	n/a	n/a	n/a	498.294233	n/a
501.090367	0.000000	200436	stimulus_presentation	n/a	190	n/a	n/a	n/a	n/a	n/a	n/a	n/a	n/a	n/a	n/a	n/a	n/a	n/a	n/a	n/a	n/a	n/a	n/a	n/a	501.092867	n/a
501.090367	0.000000	200436	ttl	7	n/a	n/a	n/a	n/a	n/a	n/a	n/a	n/a	n/a	n/a	n/a	n/a	n/a	n/a	n/a	n/a	n/a	n/a	n/a	n/a	501.092867	n/a
502.480967	0.000000	200992	ttl	8	n/a	n/a	n/a	n/a	n/a	n/a	n/a	n/a	n/a	n/a	n/a	n/a	n/a	n/a	n/a	n/a	n/a	n/a	n/a	n/a	502.483467	n/a
502.506567	6.451100	201003	sternberg_trial	n/a	n/a	521	0	0	521	1	1	1	503.5616333333333	505.57769999999994	0.0	0.0	0.0	0.0	502.5090666666667	505.57769999999994	508.27656666666667	508.9601666666667	intervals/trials	52	502.509067	508.960167
502.506567	0.000000	201003	ttl	11	n/a	n/a	n/a	n/a	n/a	n/a	n/a	n/a	n/a	n/a	n/a	n/a	n/a	n/a	n/a	n/a	n/a	n/a	n/a	n/a	502.509067	n/a
503.559133	0.000000	201424	stimulus_presentation	n/a	246	n/a	n/a	n/a	n/a	n/a	n/a	n/a	n/a	n/a	n/a	n/a	n/a	n/a	n/a	n/a	n/a	n/a	n/a	n/a	503.561633	n/a
503.559133	0.000000	201424	ttl	1	n/a	n/a	n/a	n/a	n/a	n/a	n/a	n/a	n/a	n/a	n/a	n/a	n/a	n/a	n/a	n/a	n/a	n/a	n/a	n/a	503.561633	n/a
503.569133	0.000000	201428	stimulus_presentation	n/a	0	n/a	n/a	n/a	n/a	n/a	n/a	n/a	n/a	n/a	n/a	n/a	n/a	n/a	n/a	n/a	n/a	n/a	n/a	n/a	503.571633	n/a
503.579133	0.000000	201432	stimulus_presentation	n/a	0	n/a	n/a	n/a	n/a	n/a	n/a	n/a	n/a	n/a	n/a	n/a	n/a	n/a	n/a	n/a	n/a	n/a	n/a	n/a	503.581633	n/a
505.575200	0.000000	202230	ttl	6	n/a	n/a	n/a	n/a	n/a	n/a	n/a	n/a	n/a	n/a	n/a	n/a	n/a	n/a	n/a	n/a	n/a	n/a	n/a	n/a	505.577700	n/a
508.274067	0.000000	203310	stimulus_presentation	n/a	246	n/a	n/a	n/a	n/a	n/a	n/a	n/a	n/a	n/a	n/a	n/a	n/a	n/a	n/a	n/a	n/a	n/a	n/a	n/a	508.276567	n/a
508.274067	0.000000	203310	ttl	7	n/a	n/a	n/a	n/a	n/a	n/a	n/a	n/a	n/a	n/a	n/a	n/a	n/a	n/a	n/a	n/a	n/a	n/a	n/a	n/a	508.276567	n/a
508.957667	0.000000	203583	ttl	8	n/a	n/a	n/a	n/a	n/a	n/a	n/a	n/a	n/a	n/a	n/a	n/a	n/a	n/a	n/a	n/a	n/a	n/a	n/a	n/a	508.960167	n/a
508.990867	11.145300	203596	sternberg_trial	n/a	n/a	320	522	117	409	3	0	0	510.0114999999999	512.0262666666666	512.2108666666667	514.2268999999999	514.4109333333333	516.4261999999999	508.99336666666665	516.4261999999999	519.0093333333333	520.1386666666666	intervals/trials	53	508.993367	520.138667
508.990867	0.000000	203596	ttl	11	n/a	n/a	n/a	n/a	n/a	n/a	n/a	n/a	n/a	n/a	n/a	n/a	n/a	n/a	n/a	n/a	n/a	n/a	n/a	n/a	508.993367	n/a
510.009000	0.000000	204004	stimulus_presentation	n/a	134	n/a	n/a	n/a	n/a	n/a	n/a	n/a	n/a	n/a	n/a	n/a	n/a	n/a	n/a	n/a	n/a	n/a	n/a	n/a	510.011500	n/a
510.009000	0.000000	204004	ttl	1	n/a	n/a	n/a	n/a	n/a	n/a	n/a	n/a	n/a	n/a	n/a	n/a	n/a	n/a	n/a	n/a	n/a	n/a	n/a	n/a	510.011500	n/a
512.023767	0.000000	204810	ttl	5	n/a	n/a	n/a	n/a	n/a	n/a	n/a	n/a	n/a	n/a	n/a	n/a	n/a	n/a	n/a	n/a	n/a	n/a	n/a	n/a	512.026267	n/a
512.208367	0.000000	204883	stimulus_presentation	n/a	247	n/a	n/a	n/a	n/a	n/a	n/a	n/a	n/a	n/a	n/a	n/a	n/a	n/a	n/a	n/a	n/a	n/a	n/a	n/a	512.210867	n/a
512.208367	0.000000	204883	ttl	2	n/a	n/a	n/a	n/a	n/a	n/a	n/a	n/a	n/a	n/a	n/a	n/a	n/a	n/a	n/a	n/a	n/a	n/a	n/a	n/a	512.210867	n/a
514.224400	0.000000	205690	ttl	5	n/a	n/a	n/a	n/a	n/a	n/a	n/a	n/a	n/a	n/a	n/a	n/a	n/a	n/a	n/a	n/a	n/a	n/a	n/a	n/a	514.226900	n/a
514.408433	0.000000	205763	stimulus_presentation	n/a	17	n/a	n/a	n/a	n/a	n/a	n/a	n/a	n/a	n/a	n/a	n/a	n/a	n/a	n/a	n/a	n/a	n/a	n/a	n/a	514.410933	n/a
514.408433	0.000000	205763	ttl	3	n/a	n/a	n/a	n/a	n/a	n/a	n/a	n/a	n/a	n/a	n/a	n/a	n/a	n/a	n/a	n/a	n/a	n/a	n/a	n/a	514.410933	n/a
516.423700	0.000000	206569	ttl	6	n/a	n/a	n/a	n/a	n/a	n/a	n/a	n/a	n/a	n/a	n/a	n/a	n/a	n/a	n/a	n/a	n/a	n/a	n/a	n/a	516.426200	n/a
519.006833	0.000000	207603	stimulus_presentation	n/a	179	n/a	n/a	n/a	n/a	n/a	n/a	n/a	n/a	n/a	n/a	n/a	n/a	n/a	n/a	n/a	n/a	n/a	n/a	n/a	519.009333	n/a
519.006833	0.000000	207603	ttl	7	n/a	n/a	n/a	n/a	n/a	n/a	n/a	n/a	n/a	n/a	n/a	n/a	n/a	n/a	n/a	n/a	n/a	n/a	n/a	n/a	519.009333	n/a
520.136167	0.000000	208054	ttl	8	n/a	n/a	n/a	n/a	n/a	n/a	n/a	n/a	n/a	n/a	n/a	n/a	n/a	n/a	n/a	n/a	n/a	n/a	n/a	n/a	520.138667	n/a
520.173100	7.031467	208069	sternberg_trial	n/a	n/a	523	0	0	102	1	0	1	521.2758999999999	523.2923333333333	0.0	0.0	0.0	0.0	520.1755999999999	523.2923333333333	525.9760333333332	527.2070666666667	intervals/trials	54	520.175600	527.207067
520.173100	0.000000	208069	ttl	11	n/a	n/a	n/a	n/a	n/a	n/a	n/a	n/a	n/a	n/a	n/a	n/a	n/a	n/a	n/a	n/a	n/a	n/a	n/a	n/a	520.175600	n/a
521.273400	0.000000	208509	stimulus_presentation	n/a	248	n/a	n/a	n/a	n/a	n/a	n/a	n/a	n/a	n/a	n/a	n/a	n/a	n/a	n/a	n/a	n/a	n/a	n/a	n/a	521.275900	n/a
521.273400	0.000000	208509	ttl	1	n/a	n/a	n/a	n/a	n/a	n/a	n/a	n/a	n/a	n/a	n/a	n/a	n/a	n/a	n/a	n/a	n/a	n/a	n/a	n/a	521.275900	n/a
521.283400	0.000000	208513	stimulus_presentation	n/a	0	n/a	n/a	n/a	n/a	n/a	n/a	n/a	n/a	n/a	n/a	n/a	n/a	n/a	n/a	n/a	n/a	n/a	n/a	n/a	521.285900	n/a
521.293400	0.000000	208517	stimulus_presentation	n/a	0	n/a	n/a	n/a	n/a	n/a	n/a	n/a	n/a	n/a	n/a	n/a	n/a	n/a	n/a	n/a	n/a	n/a	n/a	n/a	521.295900	n/a
523.289833	0.000000	209316	ttl	6	n/a	n/a	n/a	n/a	n/a	n/a	n/a	n/a	n/a	n/a	n/a	n/a	n/a	n/a	n/a	n/a	n/a	n/a	n/a	n/a	523.292333	n/a
525.973533	0.000000	210389	stimulus_presentation	n/a	2	n/a	n/a	n/a	n/a	n/a	n/a	n/a	n/a	n/a	n/a	n/a	n/a	n/a	n/a	n/a	n/a	n/a	n/a	n/a	525.976033	n/a
525.973533	0.000000	210389	ttl	7	n/a	n/a	n/a	n/a	n/a	n/a	n/a	n/a	n/a	n/a	n/a	n/a	n/a	n/a	n/a	n/a	n/a	n/a	n/a	n/a	525.976033	n/a
527.204567	0.000000	210882	ttl	8	n/a	n/a	n/a	n/a	n/a	n/a	n/a	n/a	n/a	n/a	n/a	n/a	n/a	n/a	n/a	n/a	n/a	n/a	n/a	n/a	527.207067	n/a
527.239867	6.713267	210896	sternberg_trial	n/a	n/a	321	0	0	321	1	1	1	528.3614999999999	530.3755333333332	0.0	0.0	0.0	0.0	527.2423666666666	530.3755333333332	532.9425666666666	533.9556333333333	intervals/trials	55	527.242367	533.955633
527.239867	0.000000	210896	ttl	11	n/a	n/a	n/a	n/a	n/a	n/a	n/a	n/a	n/a	n/a	n/a	n/a	n/a	n/a	n/a	n/a	n/a	n/a	n/a	n/a	527.242367	n/a
528.359000	0.000000	211344	stimulus_presentation	n/a	135	n/a	n/a	n/a	n/a	n/a	n/a	n/a	n/a	n/a	n/a	n/a	n/a	n/a	n/a	n/a	n/a	n/a	n/a	n/a	528.361500	n/a
528.359000	0.000000	211344	ttl	1	n/a	n/a	n/a	n/a	n/a	n/a	n/a	n/a	n/a	n/a	n/a	n/a	n/a	n/a	n/a	n/a	n/a	n/a	n/a	n/a	528.361500	n/a
528.369000	0.000000	211348	stimulus_presentation	n/a	0	n/a	n/a	n/a	n/a	n/a	n/a	n/a	n/a	n/a	n/a	n/a	n/a	n/a	n/a	n/a	n/a	n/a	n/a	n/a	528.371500	n/a
528.379000	0.000000	211352	stimulus_presentation	n/a	0	n/a	n/a	n/a	n/a	n/a	n/a	n/a	n/a	n/a	n/a	n/a	n/a	n/a	n/a	n/a	n/a	n/a	n/a	n/a	528.381500	n/a
530.373033	0.000000	212149	ttl	6	n/a	n/a	n/a	n/a	n/a	n/a	n/a	n/a	n/a	n/a	n/a	n/a	n/a	n/a	n/a	n/a	n/a	n/a	n/a	n/a	530.375533	n/a
532.940067	0.000000	213176	stimulus_presentation	n/a	135	n/a	n/a	n/a	n/a	n/a	n/a	n/a	n/a	n/a	n/a	n/a	n/a	n/a	n/a	n/a	n/a	n/a	n/a	n/a	532.942567	n/a
532.940067	0.000000	213176	ttl	7	n/a	n/a	n/a	n/a	n/a	n/a	n/a	n/a	n/a	n/a	n/a	n/a	n/a	n/a	n/a	n/a	n/a	n/a	n/a	n/a	532.942567	n/a
533.953133	0.000000	213581	ttl	8	n/a	n/a	n/a	n/a	n/a	n/a	n/a	n/a	n/a	n/a	n/a	n/a	n/a	n/a	n/a	n/a	n/a	n/a	n/a	n/a	533.955633	n/a
533.989833	7.463467	213596	sternberg_trial	n/a	n/a	524	0	0	524	1	1	0	535.0276333333333	537.0430333333333	0.0	0.0	0.0	0.0	533.9923333333332	537.0430333333333	539.7431	541.4558	intervals/trials	56	533.992333	541.455800
533.989833	0.000000	213596	ttl	11	n/a	n/a	n/a	n/a	n/a	n/a	n/a	n/a	n/a	n/a	n/a	n/a	n/a	n/a	n/a	n/a	n/a	n/a	n/a	n/a	533.992333	n/a
535.025133	0.000000	214010	stimulus_presentation	n/a	249	n/a	n/a	n/a	n/a	n/a	n/a	n/a	n/a	n/a	n/a	n/a	n/a	n/a	n/a	n/a	n/a	n/a	n/a	n/a	535.027633	n/a
535.025133	0.000000	214010	ttl	1	n/a	n/a	n/a	n/a	n/a	n/a	n/a	n/a	n/a	n/a	n/a	n/a	n/a	n/a	n/a	n/a	n/a	n/a	n/a	n/a	535.027633	n/a
535.035133	0.000000	214014	stimulus_presentation	n/a	0	n/a	n/a	n/a	n/a	n/a	n/a	n/a	n/a	n/a	n/a	n/a	n/a	n/a	n/a	n/a	n/a	n/a	n/a	n/a	535.037633	n/a
535.045133	0.000000	214018	stimulus_presentation	n/a	0	n/a	n/a	n/a	n/a	n/a	n/a	n/a	n/a	n/a	n/a	n/a	n/a	n/a	n/a	n/a	n/a	n/a	n/a	n/a	535.047633	n/a
537.040533	0.000000	214816	ttl	6	n/a	n/a	n/a	n/a	n/a	n/a	n/a	n/a	n/a	n/a	n/a	n/a	n/a	n/a	n/a	n/a	n/a	n/a	n/a	n/a	537.043033	n/a
539.740600	0.000000	215896	stimulus_presentation	n/a	249	n/a	n/a	n/a	n/a	n/a	n/a	n/a	n/a	n/a	n/a	n/a	n/a	n/a	n/a	n/a	n/a	n/a	n/a	n/a	539.743100	n/a
539.740600	0.000000	215896	ttl	7	n/a	n/a	n/a	n/a	n/a	n/a	n/a	n/a	n/a	n/a	n/a	n/a	n/a	n/a	n/a	n/a	n/a	n/a	n/a	n/a	539.743100	n/a
541.453300	0.000000	216581	ttl	8	n/a	n/a	n/a	n/a	n/a	n/a	n/a	n/a	n/a	n/a	n/a	n/a	n/a	n/a	n/a	n/a	n/a	n/a	n/a	n/a	541.455800	n/a
541.490433	11.605100	216596	sternberg_trial	n/a	n/a	322	118	525	218	3	0	1	542.5772999999999	544.5943333333332	544.6587666666667	546.6754666666667	546.7783999999999	548.7920666666668	541.4929333333332	548.7920666666668	551.5423666666667	553.0980333333332	intervals/trials	57	541.492933	553.098033
541.490433	0.000000	216596	ttl	11	n/a	n/a	n/a	n/a	n/a	n/a	n/a	n/a	n/a	n/a	n/a	n/a	n/a	n/a	n/a	n/a	n/a	n/a	n/a	n/a	541.492933	n/a
542.574800	0.000000	217030	stimulus_presentation	n/a	136	n/a	n/a	n/a	n/a	n/a	n/a	n/a	n/a	n/a	n/a	n/a	n/a	n/a	n/a	n/a	n/a	n/a	n/a	n/a	542.577300	n/a
542.574800	0.000000	217030	ttl	1	n/a	n/a	n/a	n/a	n/a	n/a	n/a	n/a	n/a	n/a	n/a	n/a	n/a	n/a	n/a	n/a	n/a	n/a	n/a	n/a	542.577300	n/a
544.591833	0.000000	217837	ttl	5	n/a	n/a	n/a	n/a	n/a	n/a	n/a	n/a	n/a	n/a	n/a	n/a	n/a	n/a	n/a	n/a	n/a	n/a	n/a	n/a	544.594333	n/a
544.656267	0.000000	217863	stimulus_presentation	n/a	18	n/a	n/a	n/a	n/a	n/a	n/a	n/a	n/a	n/a	n/a	n/a	n/a	n/a	n/a	n/a	n/a	n/a	n/a	n/a	544.658767	n/a
544.656267	0.000000	217863	ttl	2	n/a	n/a	n/a	n/a	n/a	n/a	n/a	n/a	n/a	n/a	n/a	n/a	n/a	n/a	n/a	n/a	n/a	n/a	n/a	n/a	544.658767	n/a
546.672967	0.000000	218669	ttl	5	n/a	n/a	n/a	n/a	n/a	n/a	n/a	n/a	n/a	n/a	n/a	n/a	n/a	n/a	n/a	n/a	n/a	n/a	n/a	n/a	546.675467	n/a
546.775900	0.000000	218710	stimulus_presentation	n/a	250	n/a	n/a	n/a	n/a	n/a	n/a	n/a	n/a	n/a	n/a	n/a	n/a	n/a	n/a	n/a	n/a	n/a	n/a	n/a	546.778400	n/a
546.775900	0.000000	218710	ttl	3	n/a	n/a	n/a	n/a	n/a	n/a	n/a	n/a	n/a	n/a	n/a	n/a	n/a	n/a	n/a	n/a	n/a	n/a	n/a	n/a	546.778400	n/a
548.789567	0.000000	219516	ttl	6	n/a	n/a	n/a	n/a	n/a	n/a	n/a	n/a	n/a	n/a	n/a	n/a	n/a	n/a	n/a	n/a	n/a	n/a	n/a	n/a	548.792067	n/a
551.539867	0.000000	220616	stimulus_presentation	n/a	75	n/a	n/a	n/a	n/a	n/a	n/a	n/a	n/a	n/a	n/a	n/a	n/a	n/a	n/a	n/a	n/a	n/a	n/a	n/a	551.542367	n/a
551.539867	0.000000	220616	ttl	7	n/a	n/a	n/a	n/a	n/a	n/a	n/a	n/a	n/a	n/a	n/a	n/a	n/a	n/a	n/a	n/a	n/a	n/a	n/a	n/a	551.542367	n/a
553.095533	0.000000	221238	ttl	8	n/a	n/a	n/a	n/a	n/a	n/a	n/a	n/a	n/a	n/a	n/a	n/a	n/a	n/a	n/a	n/a	n/a	n/a	n/a	n/a	553.098033	n/a
553.122833	7.584867	221249	sternberg_trial	n/a	n/a	427	0	0	313	1	0	1	554.2092333333333	556.2275333333332	0.0	0.0	0.0	0.0	553.1253333333332	556.2275333333332	558.9755666666667	560.7102	intervals/trials	58	553.125333	560.710200
553.122833	0.000000	221249	ttl	11	n/a	n/a	n/a	n/a	n/a	n/a	n/a	n/a	n/a	n/a	n/a	n/a	n/a	n/a	n/a	n/a	n/a	n/a	n/a	n/a	553.125333	n/a
554.206733	0.000000	221683	stimulus_presentation	n/a	197	n/a	n/a	n/a	n/a	n/a	n/a	n/a	n/a	n/a	n/a	n/a	n/a	n/a	n/a	n/a	n/a	n/a	n/a	n/a	554.209233	n/a
554.206733	0.000000	221683	ttl	1	n/a	n/a	n/a	n/a	n/a	n/a	n/a	n/a	n/a	n/a	n/a	n/a	n/a	n/a	n/a	n/a	n/a	n/a	n/a	n/a	554.209233	n/a
554.216733	0.000000	221687	stimulus_presentation	n/a	0	n/a	n/a	n/a	n/a	n/a	n/a	n/a	n/a	n/a	n/a	n/a	n/a	n/a	n/a	n/a	n/a	n/a	n/a	n/a	554.219233	n/a
554.226733	0.000000	221691	stimulus_presentation	n/a	0	n/a	n/a	n/a	n/a	n/a	n/a	n/a	n/a	n/a	n/a	n/a	n/a	n/a	n/a	n/a	n/a	n/a	n/a	n/a	554.229233	n/a
556.225033	0.000000	222490	ttl	6	n/a	n/a	n/a	n/a	n/a	n/a	n/a	n/a	n/a	n/a	n/a	n/a	n/a	n/a	n/a	n/a	n/a	n/a	n/a	n/a	556.227533	n/a
558.973067	0.000000	223589	stimulus_presentation	n/a	127	n/a	n/a	n/a	n/a	n/a	n/a	n/a	n/a	n/a	n/a	n/a	n/a	n/a	n/a	n/a	n/a	n/a	n/a	n/a	558.975567	n/a
558.973067	0.000000	223589	ttl	7	n/a	n/a	n/a	n/a	n/a	n/a	n/a	n/a	n/a	n/a	n/a	n/a	n/a	n/a	n/a	n/a	n/a	n/a	n/a	n/a	558.975567	n/a
560.707700	0.000000	224283	ttl	8	n/a	n/a	n/a	n/a	n/a	n/a	n/a	n/a	n/a	n/a	n/a	n/a	n/a	n/a	n/a	n/a	n/a	n/a	n/a	n/a	560.710200	n/a
560.739233	12.794067	224296	sternberg_trial	n/a	n/a	428	323	119	323	3	1	0	561.8591	563.8752999999999	563.9256333333333	565.9425333333332	565.9753333333332	567.9939666666667	560.7417333333332	567.9939666666667	570.7431333333333	573.5358	intervals/trials	59	560.741733	573.535800
560.739233	0.000000	224296	ttl	11	n/a	n/a	n/a	n/a	n/a	n/a	n/a	n/a	n/a	n/a	n/a	n/a	n/a	n/a	n/a	n/a	n/a	n/a	n/a	n/a	560.741733	n/a
561.856600	0.000000	224743	stimulus_presentation	n/a	198	n/a	n/a	n/a	n/a	n/a	n/a	n/a	n/a	n/a	n/a	n/a	n/a	n/a	n/a	n/a	n/a	n/a	n/a	n/a	561.859100	n/a
561.856600	0.000000	224743	ttl	1	n/a	n/a	n/a	n/a	n/a	n/a	n/a	n/a	n/a	n/a	n/a	n/a	n/a	n/a	n/a	n/a	n/a	n/a	n/a	n/a	561.859100	n/a
563.872800	0.000000	225549	ttl	5	n/a	n/a	n/a	n/a	n/a	n/a	n/a	n/a	n/a	n/a	n/a	n/a	n/a	n/a	n/a	n/a	n/a	n/a	n/a	n/a	563.875300	n/a
563.923133	0.000000	225569	stimulus_presentation	n/a	137	n/a	n/a	n/a	n/a	n/a	n/a	n/a	n/a	n/a	n/a	n/a	n/a	n/a	n/a	n/a	n/a	n/a	n/a	n/a	563.925633	n/a
563.923133	0.000000	225569	ttl	2	n/a	n/a	n/a	n/a	n/a	n/a	n/a	n/a	n/a	n/a	n/a	n/a	n/a	n/a	n/a	n/a	n/a	n/a	n/a	n/a	563.925633	n/a
565.940033	0.000000	226376	ttl	5	n/a	n/a	n/a	n/a	n/a	n/a	n/a	n/a	n/a	n/a	n/a	n/a	n/a	n/a	n/a	n/a	n/a	n/a	n/a	n/a	565.942533	n/a
565.972833	0.000000	226389	stimulus_presentation	n/a	19	n/a	n/a	n/a	n/a	n/a	n/a	n/a	n/a	n/a	n/a	n/a	n/a	n/a	n/a	n/a	n/a	n/a	n/a	n/a	565.975333	n/a
565.972833	0.000000	226389	ttl	3	n/a	n/a	n/a	n/a	n/a	n/a	n/a	n/a	n/a	n/a	n/a	n/a	n/a	n/a	n/a	n/a	n/a	n/a	n/a	n/a	565.975333	n/a
567.991467	0.000000	227197	ttl	6	n/a	n/a	n/a	n/a	n/a	n/a	n/a	n/a	n/a	n/a	n/a	n/a	n/a	n/a	n/a	n/a	n/a	n/a	n/a	n/a	567.993967	n/a
570.740633	0.000000	228296	stimulus_presentation	n/a	137	n/a	n/a	n/a	n/a	n/a	n/a	n/a	n/a	n/a	n/a	n/a	n/a	n/a	n/a	n/a	n/a	n/a	n/a	n/a	570.743133	n/a
570.740633	0.000000	228296	ttl	7	n/a	n/a	n/a	n/a	n/a	n/a	n/a	n/a	n/a	n/a	n/a	n/a	n/a	n/a	n/a	n/a	n/a	n/a	n/a	n/a	570.743133	n/a
573.533300	0.000000	229413	ttl	8	n/a	n/a	n/a	n/a	n/a	n/a	n/a	n/a	n/a	n/a	n/a	n/a	n/a	n/a	n/a	n/a	n/a	n/a	n/a	n/a	573.535800	n/a
573.556967	7.108767	229423	sternberg_trial	n/a	n/a	526	0	0	317	1	0	1	574.7099666666667	576.7251666666667	0.0	0.0	0.0	0.0	573.5594666666667	576.7251666666667	579.4088666666668	580.6682333333332	intervals/trials	60	573.559467	580.668233
573.556967	0.000000	229423	ttl	11	n/a	n/a	n/a	n/a	n/a	n/a	n/a	n/a	n/a	n/a	n/a	n/a	n/a	n/a	n/a	n/a	n/a	n/a	n/a	n/a	573.559467	n/a
574.707467	0.000000	229883	stimulus_presentation	n/a	251	n/a	n/a	n/a	n/a	n/a	n/a	n/a	n/a	n/a	n/a	n/a	n/a	n/a	n/a	n/a	n/a	n/a	n/a	n/a	574.709967	n/a
574.707467	0.000000	229883	ttl	1	n/a	n/a	n/a	n/a	n/a	n/a	n/a	n/a	n/a	n/a	n/a	n/a	n/a	n/a	n/a	n/a	n/a	n/a	n/a	n/a	574.709967	n/a
574.717467	0.000000	229887	stimulus_presentation	n/a	0	n/a	n/a	n/a	n/a	n/a	n/a	n/a	n/a	n/a	n/a	n/a	n/a	n/a	n/a	n/a	n/a	n/a	n/a	n/a	574.719967	n/a
574.727467	0.000000	229891	stimulus_presentation	n/a	0	n/a	n/a	n/a	n/a	n/a	n/a	n/a	n/a	n/a	n/a	n/a	n/a	n/a	n/a	n/a	n/a	n/a	n/a	n/a	574.729967	n/a
576.722667	0.000000	230689	ttl	6	n/a	n/a	n/a	n/a	n/a	n/a	n/a	n/a	n/a	n/a	n/a	n/a	n/a	n/a	n/a	n/a	n/a	n/a	n/a	n/a	576.725167	n/a
579.406367	0.000000	231763	stimulus_presentation	n/a	131	n/a	n/a	n/a	n/a	n/a	n/a	n/a	n/a	n/a	n/a	n/a	n/a	n/a	n/a	n/a	n/a	n/a	n/a	n/a	579.408867	n/a
579.406367	0.000000	231763	ttl	7	n/a	n/a	n/a	n/a	n/a	n/a	n/a	n/a	n/a	n/a	n/a	n/a	n/a	n/a	n/a	n/a	n/a	n/a	n/a	n/a	579.408867	n/a
580.665733	0.000000	232266	ttl	8	n/a	n/a	n/a	n/a	n/a	n/a	n/a	n/a	n/a	n/a	n/a	n/a	n/a	n/a	n/a	n/a	n/a	n/a	n/a	n/a	580.668233	n/a
580.689300	12.578100	232276	sternberg_trial	n/a	n/a	429	527	120	221	3	0	1	581.8583666666667	583.8752999999999	583.9253666666667	585.9416666666667	586.1269333333332	588.1435	580.6918	588.1435	590.8417999999999	593.2699	intervals/trials	61	580.691800	593.269900
580.689300	0.000000	232276	ttl	11	n/a	n/a	n/a	n/a	n/a	n/a	n/a	n/a	n/a	n/a	n/a	n/a	n/a	n/a	n/a	n/a	n/a	n/a	n/a	n/a	580.691800	n/a
581.855867	0.000000	232742	stimulus_presentation	n/a	199	n/a	n/a	n/a	n/a	n/a	n/a	n/a	n/a	n/a	n/a	n/a	n/a	n/a	n/a	n/a	n/a	n/a	n/a	n/a	581.858367	n/a
581.855867	0.000000	232742	ttl	1	n/a	n/a	n/a	n/a	n/a	n/a	n/a	n/a	n/a	n/a	n/a	n/a	n/a	n/a	n/a	n/a	n/a	n/a	n/a	n/a	581.858367	n/a
583.872800	0.000000	233549	ttl	5	n/a	n/a	n/a	n/a	n/a	n/a	n/a	n/a	n/a	n/a	n/a	n/a	n/a	n/a	n/a	n/a	n/a	n/a	n/a	n/a	583.875300	n/a
583.922867	0.000000	233569	stimulus_presentation	n/a	252	n/a	n/a	n/a	n/a	n/a	n/a	n/a	n/a	n/a	n/a	n/a	n/a	n/a	n/a	n/a	n/a	n/a	n/a	n/a	583.925367	n/a
583.922867	0.000000	233569	ttl	2	n/a	n/a	n/a	n/a	n/a	n/a	n/a	n/a	n/a	n/a	n/a	n/a	n/a	n/a	n/a	n/a	n/a	n/a	n/a	n/a	583.925367	n/a
585.939167	0.000000	234376	ttl	5	n/a	n/a	n/a	n/a	n/a	n/a	n/a	n/a	n/a	n/a	n/a	n/a	n/a	n/a	n/a	n/a	n/a	n/a	n/a	n/a	585.941667	n/a
586.124433	0.000000	234450	stimulus_presentation	n/a	20	n/a	n/a	n/a	n/a	n/a	n/a	n/a	n/a	n/a	n/a	n/a	n/a	n/a	n/a	n/a	n/a	n/a	n/a	n/a	586.126933	n/a
586.124433	0.000000	234450	ttl	3	n/a	n/a	n/a	n/a	n/a	n/a	n/a	n/a	n/a	n/a	n/a	n/a	n/a	n/a	n/a	n/a	n/a	n/a	n/a	n/a	586.126933	n/a
588.141000	0.000000	235256	ttl	6	n/a	n/a	n/a	n/a	n/a	n/a	n/a	n/a	n/a	n/a	n/a	n/a	n/a	n/a	n/a	n/a	n/a	n/a	n/a	n/a	588.143500	n/a
590.839300	0.000000	236336	stimulus_presentation	n/a	78	n/a	n/a	n/a	n/a	n/a	n/a	n/a	n/a	n/a	n/a	n/a	n/a	n/a	n/a	n/a	n/a	n/a	n/a	n/a	590.841800	n/a
590.839300	0.000000	236336	ttl	7	n/a	n/a	n/a	n/a	n/a	n/a	n/a	n/a	n/a	n/a	n/a	n/a	n/a	n/a	n/a	n/a	n/a	n/a	n/a	n/a	590.841800	n/a
593.267400	0.000000	237307	ttl	8	n/a	n/a	n/a	n/a	n/a	n/a	n/a	n/a	n/a	n/a	n/a	n/a	n/a	n/a	n/a	n/a	n/a	n/a	n/a	n/a	593.269900	n/a
593.289433	12.323733	237316	sternberg_trial	n/a	n/a	226	324	121	324	3	1	0	594.3587666666667	596.3755	596.4084333333333	598.4252666666667	598.56	600.5763333333332	593.2919333333332	600.5763333333332	603.1933	605.6156666666667	intervals/trials	62	593.291933	605.615667
593.289433	0.000000	237316	ttl	11	n/a	n/a	n/a	n/a	n/a	n/a	n/a	n/a	n/a	n/a	n/a	n/a	n/a	n/a	n/a	n/a	n/a	n/a	n/a	n/a	593.291933	n/a
594.356267	0.000000	237743	stimulus_presentation	n/a	83	n/a	n/a	n/a	n/a	n/a	n/a	n/a	n/a	n/a	n/a	n/a	n/a	n/a	n/a	n/a	n/a	n/a	n/a	n/a	594.358767	n/a
594.356267	0.000000	237743	ttl	1	n/a	n/a	n/a	n/a	n/a	n/a	n/a	n/a	n/a	n/a	n/a	n/a	n/a	n/a	n/a	n/a	n/a	n/a	n/a	n/a	594.358767	n/a
596.373000	0.000000	238549	ttl	5	n/a	n/a	n/a	n/a	n/a	n/a	n/a	n/a	n/a	n/a	n/a	n/a	n/a	n/a	n/a	n/a	n/a	n/a	n/a	n/a	596.375500	n/a
596.405933	0.000000	238562	stimulus_presentation	n/a	138	n/a	n/a	n/a	n/a	n/a	n/a	n/a	n/a	n/a	n/a	n/a	n/a	n/a	n/a	n/a	n/a	n/a	n/a	n/a	596.408433	n/a
596.405933	0.000000	238562	ttl	2	n/a	n/a	n/a	n/a	n/a	n/a	n/a	n/a	n/a	n/a	n/a	n/a	n/a	n/a	n/a	n/a	n/a	n/a	n/a	n/a	596.408433	n/a
598.422767	0.000000	239369	ttl	5	n/a	n/a	n/a	n/a	n/a	n/a	n/a	n/a	n/a	n/a	n/a	n/a	n/a	n/a	n/a	n/a	n/a	n/a	n/a	n/a	598.425267	n/a
598.557500	0.000000	239423	stimulus_presentation	n/a	21	n/a	n/a	n/a	n/a	n/a	n/a	n/a	n/a	n/a	n/a	n/a	n/a	n/a	n/a	n/a	n/a	n/a	n/a	n/a	598.560000	n/a
598.557500	0.000000	239423	ttl	3	n/a	n/a	n/a	n/a	n/a	n/a	n/a	n/a	n/a	n/a	n/a	n/a	n/a	n/a	n/a	n/a	n/a	n/a	n/a	n/a	598.560000	n/a
600.573833	0.000000	240230	ttl	6	n/a	n/a	n/a	n/a	n/a	n/a	n/a	n/a	n/a	n/a	n/a	n/a	n/a	n/a	n/a	n/a	n/a	n/a	n/a	n/a	600.576333	n/a
603.190800	0.000000	241276	stimulus_presentation	n/a	138	n/a	n/a	n/a	n/a	n/a	n/a	n/a	n/a	n/a	n/a	n/a	n/a	n/a	n/a	n/a	n/a	n/a	n/a	n/a	603.193300	n/a
603.190800	0.000000	241276	ttl	7	n/a	n/a	n/a	n/a	n/a	n/a	n/a	n/a	n/a	n/a	n/a	n/a	n/a	n/a	n/a	n/a	n/a	n/a	n/a	n/a	603.193300	n/a
605.613167	0.000000	242245	ttl	8	n/a	n/a	n/a	n/a	n/a	n/a	n/a	n/a	n/a	n/a	n/a	n/a	n/a	n/a	n/a	n/a	n/a	n/a	n/a	n/a	605.615667	n/a
605.639033	11.232633	242256	sternberg_trial	n/a	n/a	528	227	122	122	3	1	1	606.6415	608.6581666666667	608.7932666666667	610.8081333333332	610.875	612.8931333333333	605.6415333333332	612.8931333333333	615.6917	616.8741666666667	intervals/trials	63	605.641533	616.874167
605.639033	0.000000	242256	ttl	11	n/a	n/a	n/a	n/a	n/a	n/a	n/a	n/a	n/a	n/a	n/a	n/a	n/a	n/a	n/a	n/a	n/a	n/a	n/a	n/a	605.641533	n/a
606.639000	0.000000	242656	stimulus_presentation	n/a	253	n/a	n/a	n/a	n/a	n/a	n/a	n/a	n/a	n/a	n/a	n/a	n/a	n/a	n/a	n/a	n/a	n/a	n/a	n/a	606.641500	n/a
606.639000	0.000000	242656	ttl	1	n/a	n/a	n/a	n/a	n/a	n/a	n/a	n/a	n/a	n/a	n/a	n/a	n/a	n/a	n/a	n/a	n/a	n/a	n/a	n/a	606.641500	n/a
608.655667	0.000000	243462	ttl	5	n/a	n/a	n/a	n/a	n/a	n/a	n/a	n/a	n/a	n/a	n/a	n/a	n/a	n/a	n/a	n/a	n/a	n/a	n/a	n/a	608.658167	n/a
608.790767	0.000000	243516	stimulus_presentation	n/a	84	n/a	n/a	n/a	n/a	n/a	n/a	n/a	n/a	n/a	n/a	n/a	n/a	n/a	n/a	n/a	n/a	n/a	n/a	n/a	608.793267	n/a
608.790767	0.000000	243516	ttl	2	n/a	n/a	n/a	n/a	n/a	n/a	n/a	n/a	n/a	n/a	n/a	n/a	n/a	n/a	n/a	n/a	n/a	n/a	n/a	n/a	608.793267	n/a
610.805633	0.000000	244322	ttl	5	n/a	n/a	n/a	n/a	n/a	n/a	n/a	n/a	n/a	n/a	n/a	n/a	n/a	n/a	n/a	n/a	n/a	n/a	n/a	n/a	610.808133	n/a
610.872500	0.000000	244349	stimulus_presentation	n/a	22	n/a	n/a	n/a	n/a	n/a	n/a	n/a	n/a	n/a	n/a	n/a	n/a	n/a	n/a	n/a	n/a	n/a	n/a	n/a	610.875000	n/a
610.872500	0.000000	244349	ttl	3	n/a	n/a	n/a	n/a	n/a	n/a	n/a	n/a	n/a	n/a	n/a	n/a	n/a	n/a	n/a	n/a	n/a	n/a	n/a	n/a	610.875000	n/a
612.890633	0.000000	245156	ttl	6	n/a	n/a	n/a	n/a	n/a	n/a	n/a	n/a	n/a	n/a	n/a	n/a	n/a	n/a	n/a	n/a	n/a	n/a	n/a	n/a	612.893133	n/a
615.689200	0.000000	246276	stimulus_presentation	n/a	22	n/a	n/a	n/a	n/a	n/a	n/a	n/a	n/a	n/a	n/a	n/a	n/a	n/a	n/a	n/a	n/a	n/a	n/a	n/a	615.691700	n/a
615.689200	0.000000	246276	ttl	7	n/a	n/a	n/a	n/a	n/a	n/a	n/a	n/a	n/a	n/a	n/a	n/a	n/a	n/a	n/a	n/a	n/a	n/a	n/a	n/a	615.691700	n/a
616.871667	0.000000	246749	ttl	8	n/a	n/a	n/a	n/a	n/a	n/a	n/a	n/a	n/a	n/a	n/a	n/a	n/a	n/a	n/a	n/a	n/a	n/a	n/a	n/a	616.874167	n/a
616.905633	6.506733	246762	sternberg_trial	n/a	n/a	529	0	0	529	1	1	1	617.9755	619.9913666666667	0.0	0.0	0.0	0.0	616.9081333333332	619.9913666666667	622.6266333333332	623.4148666666667	intervals/trials	64	616.908133	623.414867
616.905633	0.000000	246762	ttl	11	n/a	n/a	n/a	n/a	n/a	n/a	n/a	n/a	n/a	n/a	n/a	n/a	n/a	n/a	n/a	n/a	n/a	n/a	n/a	n/a	616.908133	n/a
617.973000	0.000000	247189	stimulus_presentation	n/a	254	n/a	n/a	n/a	n/a	n/a	n/a	n/a	n/a	n/a	n/a	n/a	n/a	n/a	n/a	n/a	n/a	n/a	n/a	n/a	617.975500	n/a
617.973000	0.000000	247189	ttl	1	n/a	n/a	n/a	n/a	n/a	n/a	n/a	n/a	n/a	n/a	n/a	n/a	n/a	n/a	n/a	n/a	n/a	n/a	n/a	n/a	617.975500	n/a
617.983000	0.000000	247193	stimulus_presentation	n/a	0	n/a	n/a	n/a	n/a	n/a	n/a	n/a	n/a	n/a	n/a	n/a	n/a	n/a	n/a	n/a	n/a	n/a	n/a	n/a	617.985500	n/a
617.993000	0.000000	247197	stimulus_presentation	n/a	0	n/a	n/a	n/a	n/a	n/a	n/a	n/a	n/a	n/a	n/a	n/a	n/a	n/a	n/a	n/a	n/a	n/a	n/a	n/a	617.995500	n/a
619.988867	0.000000	247996	ttl	6	n/a	n/a	n/a	n/a	n/a	n/a	n/a	n/a	n/a	n/a	n/a	n/a	n/a	n/a	n/a	n/a	n/a	n/a	n/a	n/a	619.991367	n/a
622.624133	0.000000	249050	stimulus_presentation	n/a	254	n/a	n/a	n/a	n/a	n/a	n/a	n/a	n/a	n/a	n/a	n/a	n/a	n/a	n/a	n/a	n/a	n/a	n/a	n/a	622.626633	n/a
622.624133	0.000000	249050	ttl	7	n/a	n/a	n/a	n/a	n/a	n/a	n/a	n/a	n/a	n/a	n/a	n/a	n/a	n/a	n/a	n/a	n/a	n/a	n/a	n/a	622.626633	n/a
623.412367	0.000000	249365	ttl	8	n/a	n/a	n/a	n/a	n/a	n/a	n/a	n/a	n/a	n/a	n/a	n/a	n/a	n/a	n/a	n/a	n/a	n/a	n/a	n/a	623.414867	n/a
623.438833	6.482133	249376	sternberg_trial	n/a	n/a	228	0	0	413	1	0	1	624.4941	626.5101333333332	0.0	0.0	0.0	0.0	623.4413333333332	626.5101333333332	629.16	629.9234666666667	intervals/trials	65	623.441333	629.923467
623.438833	0.000000	249376	ttl	11	n/a	n/a	n/a	n/a	n/a	n/a	n/a	n/a	n/a	n/a	n/a	n/a	n/a	n/a	n/a	n/a	n/a	n/a	n/a	n/a	623.441333	n/a
624.491600	0.000000	249797	stimulus_presentation	n/a	85	n/a	n/a	n/a	n/a	n/a	n/a	n/a	n/a	n/a	n/a	n/a	n/a	n/a	n/a	n/a	n/a	n/a	n/a	n/a	624.494100	n/a
624.491600	0.000000	249797	ttl	1	n/a	n/a	n/a	n/a	n/a	n/a	n/a	n/a	n/a	n/a	n/a	n/a	n/a	n/a	n/a	n/a	n/a	n/a	n/a	n/a	624.494100	n/a
624.501600	0.000000	249801	stimulus_presentation	n/a	0	n/a	n/a	n/a	n/a	n/a	n/a	n/a	n/a	n/a	n/a	n/a	n/a	n/a	n/a	n/a	n/a	n/a	n/a	n/a	624.504100	n/a
624.511600	0.000000	249805	stimulus_presentation	n/a	0	n/a	n/a	n/a	n/a	n/a	n/a	n/a	n/a	n/a	n/a	n/a	n/a	n/a	n/a	n/a	n/a	n/a	n/a	n/a	624.514100	n/a
626.507633	0.000000	250603	ttl	6	n/a	n/a	n/a	n/a	n/a	n/a	n/a	n/a	n/a	n/a	n/a	n/a	n/a	n/a	n/a	n/a	n/a	n/a	n/a	n/a	626.510133	n/a
629.157500	0.000000	251663	stimulus_presentation	n/a	183	n/a	n/a	n/a	n/a	n/a	n/a	n/a	n/a	n/a	n/a	n/a	n/a	n/a	n/a	n/a	n/a	n/a	n/a	n/a	629.160000	n/a
629.157500	0.000000	251663	ttl	7	n/a	n/a	n/a	n/a	n/a	n/a	n/a	n/a	n/a	n/a	n/a	n/a	n/a	n/a	n/a	n/a	n/a	n/a	n/a	n/a	629.160000	n/a
629.920967	0.000000	251968	ttl	8	n/a	n/a	n/a	n/a	n/a	n/a	n/a	n/a	n/a	n/a	n/a	n/a	n/a	n/a	n/a	n/a	n/a	n/a	n/a	n/a	629.923467	n/a
629.956933	10.646800	251983	sternberg_trial	n/a	n/a	123	325	430	430	3	1	1	630.9423666666668	632.9585666666667	633.0087333333332	635.0248666666668	635.1273	637.1411333333332	629.9594333333332	637.1411333333332	639.7413666666667	640.6062333333332	intervals/trials	66	629.959433	640.606233
629.956933	0.000000	251983	ttl	11	n/a	n/a	n/a	n/a	n/a	n/a	n/a	n/a	n/a	n/a	n/a	n/a	n/a	n/a	n/a	n/a	n/a	n/a	n/a	n/a	629.959433	n/a
630.939867	0.000000	252376	stimulus_presentation	n/a	23	n/a	n/a	n/a	n/a	n/a	n/a	n/a	n/a	n/a	n/a	n/a	n/a	n/a	n/a	n/a	n/a	n/a	n/a	n/a	630.942367	n/a
630.939867	0.000000	252376	ttl	1	n/a	n/a	n/a	n/a	n/a	n/a	n/a	n/a	n/a	n/a	n/a	n/a	n/a	n/a	n/a	n/a	n/a	n/a	n/a	n/a	630.942367	n/a
632.956067	0.000000	253182	ttl	5	n/a	n/a	n/a	n/a	n/a	n/a	n/a	n/a	n/a	n/a	n/a	n/a	n/a	n/a	n/a	n/a	n/a	n/a	n/a	n/a	632.958567	n/a
633.006233	0.000000	253202	stimulus_presentation	n/a	139	n/a	n/a	n/a	n/a	n/a	n/a	n/a	n/a	n/a	n/a	n/a	n/a	n/a	n/a	n/a	n/a	n/a	n/a	n/a	633.008733	n/a
633.006233	0.000000	253202	ttl	2	n/a	n/a	n/a	n/a	n/a	n/a	n/a	n/a	n/a	n/a	n/a	n/a	n/a	n/a	n/a	n/a	n/a	n/a	n/a	n/a	633.008733	n/a
635.022367	0.000000	254009	ttl	5	n/a	n/a	n/a	n/a	n/a	n/a	n/a	n/a	n/a	n/a	n/a	n/a	n/a	n/a	n/a	n/a	n/a	n/a	n/a	n/a	635.024867	n/a
635.124800	0.000000	254050	stimulus_presentation	n/a	200	n/a	n/a	n/a	n/a	n/a	n/a	n/a	n/a	n/a	n/a	n/a	n/a	n/a	n/a	n/a	n/a	n/a	n/a	n/a	635.127300	n/a
635.124800	0.000000	254050	ttl	3	n/a	n/a	n/a	n/a	n/a	n/a	n/a	n/a	n/a	n/a	n/a	n/a	n/a	n/a	n/a	n/a	n/a	n/a	n/a	n/a	635.127300	n/a
637.138633	0.000000	254855	ttl	6	n/a	n/a	n/a	n/a	n/a	n/a	n/a	n/a	n/a	n/a	n/a	n/a	n/a	n/a	n/a	n/a	n/a	n/a	n/a	n/a	637.141133	n/a
639.738867	0.000000	255896	stimulus_presentation	n/a	200	n/a	n/a	n/a	n/a	n/a	n/a	n/a	n/a	n/a	n/a	n/a	n/a	n/a	n/a	n/a	n/a	n/a	n/a	n/a	639.741367	n/a
639.738867	0.000000	255896	ttl	7	n/a	n/a	n/a	n/a	n/a	n/a	n/a	n/a	n/a	n/a	n/a	n/a	n/a	n/a	n/a	n/a	n/a	n/a	n/a	n/a	639.741367	n/a
640.603733	0.000000	256241	ttl	8	n/a	n/a	n/a	n/a	n/a	n/a	n/a	n/a	n/a	n/a	n/a	n/a	n/a	n/a	n/a	n/a	n/a	n/a	n/a	n/a	640.606233	n/a
640.638733	6.521767	256255	sternberg_trial	n/a	n/a	431	0	0	431	1	1	1	641.7764666666667	643.7913333333332	0.0	0.0	0.0	0.0	640.6412333333333	643.7913333333332	646.4589	647.163	intervals/trials	67	640.641233	647.163000
640.638733	0.000000	256255	ttl	11	n/a	n/a	n/a	n/a	n/a	n/a	n/a	n/a	n/a	n/a	n/a	n/a	n/a	n/a	n/a	n/a	n/a	n/a	n/a	n/a	640.641233	n/a
641.773967	0.000000	256710	stimulus_presentation	n/a	201	n/a	n/a	n/a	n/a	n/a	n/a	n/a	n/a	n/a	n/a	n/a	n/a	n/a	n/a	n/a	n/a	n/a	n/a	n/a	641.776467	n/a
641.773967	0.000000	256710	ttl	1	n/a	n/a	n/a	n/a	n/a	n/a	n/a	n/a	n/a	n/a	n/a	n/a	n/a	n/a	n/a	n/a	n/a	n/a	n/a	n/a	641.776467	n/a
641.783967	0.000000	256714	stimulus_presentation	n/a	0	n/a	n/a	n/a	n/a	n/a	n/a	n/a	n/a	n/a	n/a	n/a	n/a	n/a	n/a	n/a	n/a	n/a	n/a	n/a	641.786467	n/a
641.793967	0.000000	256718	stimulus_presentation	n/a	0	n/a	n/a	n/a	n/a	n/a	n/a	n/a	n/a	n/a	n/a	n/a	n/a	n/a	n/a	n/a	n/a	n/a	n/a	n/a	641.796467	n/a
643.788833	0.000000	257516	ttl	6	n/a	n/a	n/a	n/a	n/a	n/a	n/a	n/a	n/a	n/a	n/a	n/a	n/a	n/a	n/a	n/a	n/a	n/a	n/a	n/a	643.791333	n/a
646.456400	0.000000	258583	stimulus_presentation	n/a	201	n/a	n/a	n/a	n/a	n/a	n/a	n/a	n/a	n/a	n/a	n/a	n/a	n/a	n/a	n/a	n/a	n/a	n/a	n/a	646.458900	n/a
646.456400	0.000000	258583	ttl	7	n/a	n/a	n/a	n/a	n/a	n/a	n/a	n/a	n/a	n/a	n/a	n/a	n/a	n/a	n/a	n/a	n/a	n/a	n/a	n/a	646.458900	n/a
647.160500	0.000000	258864	ttl	8	n/a	n/a	n/a	n/a	n/a	n/a	n/a	n/a	n/a	n/a	n/a	n/a	n/a	n/a	n/a	n/a	n/a	n/a	n/a	n/a	647.163000	n/a
647.188567	6.448833	258875	sternberg_trial	n/a	n/a	124	0	0	425	1	0	1	648.2430666666667	650.2595666666667	0.0	0.0	0.0	0.0	647.1910666666668	650.2595666666667	652.9607666666667	653.6399	intervals/trials	68	647.191067	653.639900
647.188567	0.000000	258875	ttl	11	n/a	n/a	n/a	n/a	n/a	n/a	n/a	n/a	n/a	n/a	n/a	n/a	n/a	n/a	n/a	n/a	n/a	n/a	n/a	n/a	647.191067	n/a
648.240567	0.000000	259296	stimulus_presentation	n/a	24	n/a	n/a	n/a	n/a	n/a	n/a	n/a	n/a	n/a	n/a	n/a	n/a	n/a	n/a	n/a	n/a	n/a	n/a	n/a	648.243067	n/a
648.240567	0.000000	259296	ttl	1	n/a	n/a	n/a	n/a	n/a	n/a	n/a	n/a	n/a	n/a	n/a	n/a	n/a	n/a	n/a	n/a	n/a	n/a	n/a	n/a	648.243067	n/a
648.250567	0.000000	259300	stimulus_presentation	n/a	0	n/a	n/a	n/a	n/a	n/a	n/a	n/a	n/a	n/a	n/a	n/a	n/a	n/a	n/a	n/a	n/a	n/a	n/a	n/a	648.253067	n/a
648.260567	0.000000	259304	stimulus_presentation	n/a	0	n/a	n/a	n/a	n/a	n/a	n/a	n/a	n/a	n/a	n/a	n/a	n/a	n/a	n/a	n/a	n/a	n/a	n/a	n/a	648.263067	n/a
650.257067	0.000000	260103	ttl	6	n/a	n/a	n/a	n/a	n/a	n/a	n/a	n/a	n/a	n/a	n/a	n/a	n/a	n/a	n/a	n/a	n/a	n/a	n/a	n/a	650.259567	n/a
652.958267	0.000000	261183	stimulus_presentation	n/a	195	n/a	n/a	n/a	n/a	n/a	n/a	n/a	n/a	n/a	n/a	n/a	n/a	n/a	n/a	n/a	n/a	n/a	n/a	n/a	652.960767	n/a
652.958267	0.000000	261183	ttl	7	n/a	n/a	n/a	n/a	n/a	n/a	n/a	n/a	n/a	n/a	n/a	n/a	n/a	n/a	n/a	n/a	n/a	n/a	n/a	n/a	652.960767	n/a
653.637400	0.000000	261455	ttl	8	n/a	n/a	n/a	n/a	n/a	n/a	n/a	n/a	n/a	n/a	n/a	n/a	n/a	n/a	n/a	n/a	n/a	n/a	n/a	n/a	653.639900	n/a
653.672833	7.288533	261469	sternberg_trial	n/a	n/a	432	0	0	527	1	0	1	654.8620999999999	656.8761333333332	0.0	0.0	0.0	0.0	653.6753333333332	656.8761333333332	659.5595999999999	660.9638666666667	intervals/trials	69	653.675333	660.963867
653.672833	0.000000	261469	ttl	11	n/a	n/a	n/a	n/a	n/a	n/a	n/a	n/a	n/a	n/a	n/a	n/a	n/a	n/a	n/a	n/a	n/a	n/a	n/a	n/a	653.675333	n/a
654.859600	0.000000	261944	stimulus_presentation	n/a	202	n/a	n/a	n/a	n/a	n/a	n/a	n/a	n/a	n/a	n/a	n/a	n/a	n/a	n/a	n/a	n/a	n/a	n/a	n/a	654.862100	n/a
654.859600	0.000000	261944	ttl	1	n/a	n/a	n/a	n/a	n/a	n/a	n/a	n/a	n/a	n/a	n/a	n/a	n/a	n/a	n/a	n/a	n/a	n/a	n/a	n/a	654.862100	n/a
654.869600	0.000000	261948	stimulus_presentation	n/a	0	n/a	n/a	n/a	n/a	n/a	n/a	n/a	n/a	n/a	n/a	n/a	n/a	n/a	n/a	n/a	n/a	n/a	n/a	n/a	654.872100	n/a
654.879600	0.000000	261952	stimulus_presentation	n/a	0	n/a	n/a	n/a	n/a	n/a	n/a	n/a	n/a	n/a	n/a	n/a	n/a	n/a	n/a	n/a	n/a	n/a	n/a	n/a	654.882100	n/a
656.873633	0.000000	262749	ttl	6	n/a	n/a	n/a	n/a	n/a	n/a	n/a	n/a	n/a	n/a	n/a	n/a	n/a	n/a	n/a	n/a	n/a	n/a	n/a	n/a	656.876133	n/a
659.557100	0.000000	263823	stimulus_presentation	n/a	252	n/a	n/a	n/a	n/a	n/a	n/a	n/a	n/a	n/a	n/a	n/a	n/a	n/a	n/a	n/a	n/a	n/a	n/a	n/a	659.559600	n/a
659.557100	0.000000	263823	ttl	7	n/a	n/a	n/a	n/a	n/a	n/a	n/a	n/a	n/a	n/a	n/a	n/a	n/a	n/a	n/a	n/a	n/a	n/a	n/a	n/a	659.559600	n/a
660.961367	0.000000	264385	ttl	8	n/a	n/a	n/a	n/a	n/a	n/a	n/a	n/a	n/a	n/a	n/a	n/a	n/a	n/a	n/a	n/a	n/a	n/a	n/a	n/a	660.963867	n/a
722.740667	13.511067	289096	sternberg_trial	n/a	n/a	125	433	530	530	3	1	0	723.7405333333332	725.7573	725.7905333333332	727.8071333333332	727.8752666666667	729.8904	722.7431666666668	729.8904	732.4737666666665	736.2542333333332	intervals/trials	70	722.743167	736.254233
722.740667	0.000000	289096	ttl	11	n/a	n/a	n/a	n/a	n/a	n/a	n/a	n/a	n/a	n/a	n/a	n/a	n/a	n/a	n/a	n/a	n/a	n/a	n/a	n/a	722.743167	n/a
723.738033	0.000000	289495	stimulus_presentation	n/a	25	n/a	n/a	n/a	n/a	n/a	n/a	n/a	n/a	n/a	n/a	n/a	n/a	n/a	n/a	n/a	n/a	n/a	n/a	n/a	723.740533	n/a
723.738033	0.000000	289495	ttl	1	n/a	n/a	n/a	n/a	n/a	n/a	n/a	n/a	n/a	n/a	n/a	n/a	n/a	n/a	n/a	n/a	n/a	n/a	n/a	n/a	723.740533	n/a
725.754800	0.000000	290302	ttl	5	n/a	n/a	n/a	n/a	n/a	n/a	n/a	n/a	n/a	n/a	n/a	n/a	n/a	n/a	n/a	n/a	n/a	n/a	n/a	n/a	725.757300	n/a
725.788033	0.000000	290315	stimulus_presentation	n/a	203	n/a	n/a	n/a	n/a	n/a	n/a	n/a	n/a	n/a	n/a	n/a	n/a	n/a	n/a	n/a	n/a	n/a	n/a	n/a	725.790533	n/a
725.788033	0.000000	290315	ttl	2	n/a	n/a	n/a	n/a	n/a	n/a	n/a	n/a	n/a	n/a	n/a	n/a	n/a	n/a	n/a	n/a	n/a	n/a	n/a	n/a	725.790533	n/a
727.804633	0.000000	291122	ttl	5	n/a	n/a	n/a	n/a	n/a	n/a	n/a	n/a	n/a	n/a	n/a	n/a	n/a	n/a	n/a	n/a	n/a	n/a	n/a	n/a	727.807133	n/a
727.872767	0.000000	291149	stimulus_presentation	n/a	255	n/a	n/a	n/a	n/a	n/a	n/a	n/a	n/a	n/a	n/a	n/a	n/a	n/a	n/a	n/a	n/a	n/a	n/a	n/a	727.875267	n/a
727.872767	0.000000	291149	ttl	3	n/a	n/a	n/a	n/a	n/a	n/a	n/a	n/a	n/a	n/a	n/a	n/a	n/a	n/a	n/a	n/a	n/a	n/a	n/a	n/a	727.875267	n/a
729.887900	0.000000	291955	ttl	6	n/a	n/a	n/a	n/a	n/a	n/a	n/a	n/a	n/a	n/a	n/a	n/a	n/a	n/a	n/a	n/a	n/a	n/a	n/a	n/a	729.890400	n/a
732.471267	0.000000	292989	stimulus_presentation	n/a	255	n/a	n/a	n/a	n/a	n/a	n/a	n/a	n/a	n/a	n/a	n/a	n/a	n/a	n/a	n/a	n/a	n/a	n/a	n/a	732.473767	n/a
732.471267	0.000000	292989	ttl	7	n/a	n/a	n/a	n/a	n/a	n/a	n/a	n/a	n/a	n/a	n/a	n/a	n/a	n/a	n/a	n/a	n/a	n/a	n/a	n/a	732.473767	n/a
736.251733	0.000000	294501	ttl	8	n/a	n/a	n/a	n/a	n/a	n/a	n/a	n/a	n/a	n/a	n/a	n/a	n/a	n/a	n/a	n/a	n/a	n/a	n/a	n/a	736.254233	n/a
736.287833	6.824433	294515	sternberg_trial	n/a	n/a	126	0	0	210	1	0	1	737.3589	739.3738666666665	0.0	0.0	0.0	0.0	736.2903333333333	739.3738666666665	742.1410333333332	743.1147666666665	intervals/trials	71	736.290333	743.114767
736.287833	0.000000	294515	ttl	11	n/a	n/a	n/a	n/a	n/a	n/a	n/a	n/a	n/a	n/a	n/a	n/a	n/a	n/a	n/a	n/a	n/a	n/a	n/a	n/a	736.290333	n/a
737.356400	0.000000	294943	stimulus_presentation	n/a	26	n/a	n/a	n/a	n/a	n/a	n/a	n/a	n/a	n/a	n/a	n/a	n/a	n/a	n/a	n/a	n/a	n/a	n/a	n/a	737.358900	n/a
737.356400	0.000000	294943	ttl	1	n/a	n/a	n/a	n/a	n/a	n/a	n/a	n/a	n/a	n/a	n/a	n/a	n/a	n/a	n/a	n/a	n/a	n/a	n/a	n/a	737.358900	n/a
737.366400	0.000000	294947	stimulus_presentation	n/a	0	n/a	n/a	n/a	n/a	n/a	n/a	n/a	n/a	n/a	n/a	n/a	n/a	n/a	n/a	n/a	n/a	n/a	n/a	n/a	737.368900	n/a
737.376400	0.000000	294951	stimulus_presentation	n/a	0	n/a	n/a	n/a	n/a	n/a	n/a	n/a	n/a	n/a	n/a	n/a	n/a	n/a	n/a	n/a	n/a	n/a	n/a	n/a	737.378900	n/a
739.371367	0.000000	295749	ttl	6	n/a	n/a	n/a	n/a	n/a	n/a	n/a	n/a	n/a	n/a	n/a	n/a	n/a	n/a	n/a	n/a	n/a	n/a	n/a	n/a	739.373867	n/a
742.138533	0.000000	296855	stimulus_presentation	n/a	67	n/a	n/a	n/a	n/a	n/a	n/a	n/a	n/a	n/a	n/a	n/a	n/a	n/a	n/a	n/a	n/a	n/a	n/a	n/a	742.141033	n/a
742.138533	0.000000	296855	ttl	7	n/a	n/a	n/a	n/a	n/a	n/a	n/a	n/a	n/a	n/a	n/a	n/a	n/a	n/a	n/a	n/a	n/a	n/a	n/a	n/a	742.141033	n/a
743.112267	0.000000	297245	ttl	8	n/a	n/a	n/a	n/a	n/a	n/a	n/a	n/a	n/a	n/a	n/a	n/a	n/a	n/a	n/a	n/a	n/a	n/a	n/a	n/a	743.114767	n/a
743.138200	11.632233	297255	sternberg_trial	n/a	n/a	127	531	229	531	3	1	0	744.3249666666665	746.3414666666665	746.4090666666665	748.4240666666665	748.5763999999999	750.5902	743.1406999999999	750.5902	753.2572	754.7729333333332	intervals/trials	72	743.140700	754.772933
743.138200	0.000000	297255	ttl	11	n/a	n/a	n/a	n/a	n/a	n/a	n/a	n/a	n/a	n/a	n/a	n/a	n/a	n/a	n/a	n/a	n/a	n/a	n/a	n/a	743.140700	n/a
744.322467	0.000000	297729	stimulus_presentation	n/a	27	n/a	n/a	n/a	n/a	n/a	n/a	n/a	n/a	n/a	n/a	n/a	n/a	n/a	n/a	n/a	n/a	n/a	n/a	n/a	744.324967	n/a
744.322467	0.000000	297729	ttl	1	n/a	n/a	n/a	n/a	n/a	n/a	n/a	n/a	n/a	n/a	n/a	n/a	n/a	n/a	n/a	n/a	n/a	n/a	n/a	n/a	744.324967	n/a
746.338967	0.000000	298536	ttl	5	n/a	n/a	n/a	n/a	n/a	n/a	n/a	n/a	n/a	n/a	n/a	n/a	n/a	n/a	n/a	n/a	n/a	n/a	n/a	n/a	746.341467	n/a
746.406567	0.000000	298563	stimulus_presentation	n/a	256	n/a	n/a	n/a	n/a	n/a	n/a	n/a	n/a	n/a	n/a	n/a	n/a	n/a	n/a	n/a	n/a	n/a	n/a	n/a	746.409067	n/a
746.406567	0.000000	298563	ttl	2	n/a	n/a	n/a	n/a	n/a	n/a	n/a	n/a	n/a	n/a	n/a	n/a	n/a	n/a	n/a	n/a	n/a	n/a	n/a	n/a	746.409067	n/a
748.421567	0.000000	299369	ttl	5	n/a	n/a	n/a	n/a	n/a	n/a	n/a	n/a	n/a	n/a	n/a	n/a	n/a	n/a	n/a	n/a	n/a	n/a	n/a	n/a	748.424067	n/a
748.573900	0.000000	299430	stimulus_presentation	n/a	86	n/a	n/a	n/a	n/a	n/a	n/a	n/a	n/a	n/a	n/a	n/a	n/a	n/a	n/a	n/a	n/a	n/a	n/a	n/a	748.576400	n/a
748.573900	0.000000	299430	ttl	3	n/a	n/a	n/a	n/a	n/a	n/a	n/a	n/a	n/a	n/a	n/a	n/a	n/a	n/a	n/a	n/a	n/a	n/a	n/a	n/a	748.576400	n/a
750.587700	0.000000	300235	ttl	6	n/a	n/a	n/a	n/a	n/a	n/a	n/a	n/a	n/a	n/a	n/a	n/a	n/a	n/a	n/a	n/a	n/a	n/a	n/a	n/a	750.590200	n/a
753.254700	0.000000	301302	stimulus_presentation	n/a	256	n/a	n/a	n/a	n/a	n/a	n/a	n/a	n/a	n/a	n/a	n/a	n/a	n/a	n/a	n/a	n/a	n/a	n/a	n/a	753.257200	n/a
753.254700	0.000000	301302	ttl	7	n/a	n/a	n/a	n/a	n/a	n/a	n/a	n/a	n/a	n/a	n/a	n/a	n/a	n/a	n/a	n/a	n/a	n/a	n/a	n/a	753.257200	n/a
754.770433	0.000000	301908	ttl	8	n/a	n/a	n/a	n/a	n/a	n/a	n/a	n/a	n/a	n/a	n/a	n/a	n/a	n/a	n/a	n/a	n/a	n/a	n/a	n/a	754.772933	n/a
754.804333	12.727733	301922	sternberg_trial	n/a	n/a	434	128	230	230	3	1	1	755.7900999999999	757.8068999999999	757.8746666666665	759.8901333333332	760.0418333333332	762.0568333333332	754.8068333333332	762.0568333333332	764.7903666666665	767.5345666666665	intervals/trials	73	754.806833	767.534567
754.804333	0.000000	301922	ttl	11	n/a	n/a	n/a	n/a	n/a	n/a	n/a	n/a	n/a	n/a	n/a	n/a	n/a	n/a	n/a	n/a	n/a	n/a	n/a	n/a	754.806833	n/a
755.787600	0.000000	302315	stimulus_presentation	n/a	204	n/a	n/a	n/a	n/a	n/a	n/a	n/a	n/a	n/a	n/a	n/a	n/a	n/a	n/a	n/a	n/a	n/a	n/a	n/a	755.790100	n/a
755.787600	0.000000	302315	ttl	1	n/a	n/a	n/a	n/a	n/a	n/a	n/a	n/a	n/a	n/a	n/a	n/a	n/a	n/a	n/a	n/a	n/a	n/a	n/a	n/a	755.790100	n/a
757.804400	0.000000	303122	ttl	5	n/a	n/a	n/a	n/a	n/a	n/a	n/a	n/a	n/a	n/a	n/a	n/a	n/a	n/a	n/a	n/a	n/a	n/a	n/a	n/a	757.806900	n/a
757.872167	0.000000	303149	stimulus_presentation	n/a	28	n/a	n/a	n/a	n/a	n/a	n/a	n/a	n/a	n/a	n/a	n/a	n/a	n/a	n/a	n/a	n/a	n/a	n/a	n/a	757.874667	n/a
757.872167	0.000000	303149	ttl	2	n/a	n/a	n/a	n/a	n/a	n/a	n/a	n/a	n/a	n/a	n/a	n/a	n/a	n/a	n/a	n/a	n/a	n/a	n/a	n/a	757.874667	n/a
759.887633	0.000000	303955	ttl	5	n/a	n/a	n/a	n/a	n/a	n/a	n/a	n/a	n/a	n/a	n/a	n/a	n/a	n/a	n/a	n/a	n/a	n/a	n/a	n/a	759.890133	n/a
760.039333	0.000000	304016	stimulus_presentation	n/a	87	n/a	n/a	n/a	n/a	n/a	n/a	n/a	n/a	n/a	n/a	n/a	n/a	n/a	n/a	n/a	n/a	n/a	n/a	n/a	760.041833	n/a
760.039333	0.000000	304016	ttl	3	n/a	n/a	n/a	n/a	n/a	n/a	n/a	n/a	n/a	n/a	n/a	n/a	n/a	n/a	n/a	n/a	n/a	n/a	n/a	n/a	760.041833	n/a
762.054333	0.000000	304822	ttl	6	n/a	n/a	n/a	n/a	n/a	n/a	n/a	n/a	n/a	n/a	n/a	n/a	n/a	n/a	n/a	n/a	n/a	n/a	n/a	n/a	762.056833	n/a
764.787867	0.000000	305915	stimulus_presentation	n/a	87	n/a	n/a	n/a	n/a	n/a	n/a	n/a	n/a	n/a	n/a	n/a	n/a	n/a	n/a	n/a	n/a	n/a	n/a	n/a	764.790367	n/a
764.787867	0.000000	305915	ttl	7	n/a	n/a	n/a	n/a	n/a	n/a	n/a	n/a	n/a	n/a	n/a	n/a	n/a	n/a	n/a	n/a	n/a	n/a	n/a	n/a	764.790367	n/a
767.532067	0.000000	307013	ttl	8	n/a	n/a	n/a	n/a	n/a	n/a	n/a	n/a	n/a	n/a	n/a	n/a	n/a	n/a	n/a	n/a	n/a	n/a	n/a	n/a	767.534567	n/a
767.554000	11.988033	307022	sternberg_trial	n/a	n/a	532	326	129	129	3	1	1	768.5414333333332	770.557	770.6923666666664	772.7072333333332	772.8081666666665	774.8251333333333	767.5564999999999	774.8251333333333	777.5409666666665	779.5445333333332	intervals/trials	74	767.556500	779.544533
767.554000	0.000000	307022	ttl	11	n/a	n/a	n/a	n/a	n/a	n/a	n/a	n/a	n/a	n/a	n/a	n/a	n/a	n/a	n/a	n/a	n/a	n/a	n/a	n/a	767.556500	n/a
768.538933	0.000000	307416	stimulus_presentation	n/a	257	n/a	n/a	n/a	n/a	n/a	n/a	n/a	n/a	n/a	n/a	n/a	n/a	n/a	n/a	n/a	n/a	n/a	n/a	n/a	768.541433	n/a
768.538933	0.000000	307416	ttl	1	n/a	n/a	n/a	n/a	n/a	n/a	n/a	n/a	n/a	n/a	n/a	n/a	n/a	n/a	n/a	n/a	n/a	n/a	n/a	n/a	768.541433	n/a
770.554500	0.000000	308222	ttl	5	n/a	n/a	n/a	n/a	n/a	n/a	n/a	n/a	n/a	n/a	n/a	n/a	n/a	n/a	n/a	n/a	n/a	n/a	n/a	n/a	770.557000	n/a
770.689867	0.000000	308276	stimulus_presentation	n/a	140	n/a	n/a	n/a	n/a	n/a	n/a	n/a	n/a	n/a	n/a	n/a	n/a	n/a	n/a	n/a	n/a	n/a	n/a	n/a	770.692367	n/a
770.689867	0.000000	308276	ttl	2	n/a	n/a	n/a	n/a	n/a	n/a	n/a	n/a	n/a	n/a	n/a	n/a	n/a	n/a	n/a	n/a	n/a	n/a	n/a	n/a	770.692367	n/a
772.704733	0.000000	309082	ttl	5	n/a	n/a	n/a	n/a	n/a	n/a	n/a	n/a	n/a	n/a	n/a	n/a	n/a	n/a	n/a	n/a	n/a	n/a	n/a	n/a	772.707233	n/a
772.805667	0.000000	309122	stimulus_presentation	n/a	29	n/a	n/a	n/a	n/a	n/a	n/a	n/a	n/a	n/a	n/a	n/a	n/a	n/a	n/a	n/a	n/a	n/a	n/a	n/a	772.808167	n/a
772.805667	0.000000	309122	ttl	3	n/a	n/a	n/a	n/a	n/a	n/a	n/a	n/a	n/a	n/a	n/a	n/a	n/a	n/a	n/a	n/a	n/a	n/a	n/a	n/a	772.808167	n/a
774.822633	0.000000	309929	ttl	6	n/a	n/a	n/a	n/a	n/a	n/a	n/a	n/a	n/a	n/a	n/a	n/a	n/a	n/a	n/a	n/a	n/a	n/a	n/a	n/a	774.825133	n/a
777.538467	0.000000	311015	stimulus_presentation	n/a	29	n/a	n/a	n/a	n/a	n/a	n/a	n/a	n/a	n/a	n/a	n/a	n/a	n/a	n/a	n/a	n/a	n/a	n/a	n/a	777.540967	n/a
777.538467	0.000000	311015	ttl	7	n/a	n/a	n/a	n/a	n/a	n/a	n/a	n/a	n/a	n/a	n/a	n/a	n/a	n/a	n/a	n/a	n/a	n/a	n/a	n/a	777.540967	n/a
779.542033	0.000000	311817	ttl	8	n/a	n/a	n/a	n/a	n/a	n/a	n/a	n/a	n/a	n/a	n/a	n/a	n/a	n/a	n/a	n/a	n/a	n/a	n/a	n/a	779.544533	n/a
779.570700	7.887367	311828	sternberg_trial	n/a	n/a	130	0	0	130	1	1	1	780.6251666666665	782.6399333333333	0.0	0.0	0.0	0.0	779.5731999999999	782.6399333333333	785.3573	787.4605666666665	intervals/trials	75	779.573200	787.460567
779.570700	0.000000	311828	ttl	11	n/a	n/a	n/a	n/a	n/a	n/a	n/a	n/a	n/a	n/a	n/a	n/a	n/a	n/a	n/a	n/a	n/a	n/a	n/a	n/a	779.573200	n/a
780.622667	0.000000	312249	stimulus_presentation	n/a	30	n/a	n/a	n/a	n/a	n/a	n/a	n/a	n/a	n/a	n/a	n/a	n/a	n/a	n/a	n/a	n/a	n/a	n/a	n/a	780.625167	n/a
780.622667	0.000000	312249	ttl	1	n/a	n/a	n/a	n/a	n/a	n/a	n/a	n/a	n/a	n/a	n/a	n/a	n/a	n/a	n/a	n/a	n/a	n/a	n/a	n/a	780.625167	n/a
780.632667	0.000000	312253	stimulus_presentation	n/a	0	n/a	n/a	n/a	n/a	n/a	n/a	n/a	n/a	n/a	n/a	n/a	n/a	n/a	n/a	n/a	n/a	n/a	n/a	n/a	780.635167	n/a
780.642667	0.000000	312257	stimulus_presentation	n/a	0	n/a	n/a	n/a	n/a	n/a	n/a	n/a	n/a	n/a	n/a	n/a	n/a	n/a	n/a	n/a	n/a	n/a	n/a	n/a	780.645167	n/a
782.637433	0.000000	313055	ttl	6	n/a	n/a	n/a	n/a	n/a	n/a	n/a	n/a	n/a	n/a	n/a	n/a	n/a	n/a	n/a	n/a	n/a	n/a	n/a	n/a	782.639933	n/a
785.354800	0.000000	314142	stimulus_presentation	n/a	30	n/a	n/a	n/a	n/a	n/a	n/a	n/a	n/a	n/a	n/a	n/a	n/a	n/a	n/a	n/a	n/a	n/a	n/a	n/a	785.357300	n/a
785.354800	0.000000	314142	ttl	7	n/a	n/a	n/a	n/a	n/a	n/a	n/a	n/a	n/a	n/a	n/a	n/a	n/a	n/a	n/a	n/a	n/a	n/a	n/a	n/a	785.357300	n/a
787.458067	0.000000	314983	ttl	8	n/a	n/a	n/a	n/a	n/a	n/a	n/a	n/a	n/a	n/a	n/a	n/a	n/a	n/a	n/a	n/a	n/a	n/a	n/a	n/a	787.460567	n/a
787.487467	11.644567	314995	sternberg_trial	n/a	n/a	327	231	131	131	3	1	1	788.4572666666664	790.4749666666664	790.5231333333332	792.5399	792.7085	794.723	787.4899666666664	794.723	797.3736666666665	799.1345333333333	intervals/trials	76	787.489967	799.134533
787.487467	0.000000	314995	ttl	11	n/a	n/a	n/a	n/a	n/a	n/a	n/a	n/a	n/a	n/a	n/a	n/a	n/a	n/a	n/a	n/a	n/a	n/a	n/a	n/a	787.489967	n/a
788.454767	0.000000	315382	stimulus_presentation	n/a	141	n/a	n/a	n/a	n/a	n/a	n/a	n/a	n/a	n/a	n/a	n/a	n/a	n/a	n/a	n/a	n/a	n/a	n/a	n/a	788.457267	n/a
788.454767	0.000000	315382	ttl	1	n/a	n/a	n/a	n/a	n/a	n/a	n/a	n/a	n/a	n/a	n/a	n/a	n/a	n/a	n/a	n/a	n/a	n/a	n/a	n/a	788.457267	n/a
790.472467	0.000000	316189	ttl	5	n/a	n/a	n/a	n/a	n/a	n/a	n/a	n/a	n/a	n/a	n/a	n/a	n/a	n/a	n/a	n/a	n/a	n/a	n/a	n/a	790.474967	n/a
790.520633	0.000000	316208	stimulus_presentation	n/a	88	n/a	n/a	n/a	n/a	n/a	n/a	n/a	n/a	n/a	n/a	n/a	n/a	n/a	n/a	n/a	n/a	n/a	n/a	n/a	790.523133	n/a
790.520633	0.000000	316208	ttl	2	n/a	n/a	n/a	n/a	n/a	n/a	n/a	n/a	n/a	n/a	n/a	n/a	n/a	n/a	n/a	n/a	n/a	n/a	n/a	n/a	790.523133	n/a
792.537400	0.000000	317015	ttl	5	n/a	n/a	n/a	n/a	n/a	n/a	n/a	n/a	n/a	n/a	n/a	n/a	n/a	n/a	n/a	n/a	n/a	n/a	n/a	n/a	792.539900	n/a
792.706000	0.000000	317082	stimulus_presentation	n/a	31	n/a	n/a	n/a	n/a	n/a	n/a	n/a	n/a	n/a	n/a	n/a	n/a	n/a	n/a	n/a	n/a	n/a	n/a	n/a	792.708500	n/a
792.706000	0.000000	317082	ttl	3	n/a	n/a	n/a	n/a	n/a	n/a	n/a	n/a	n/a	n/a	n/a	n/a	n/a	n/a	n/a	n/a	n/a	n/a	n/a	n/a	792.708500	n/a
794.720500	0.000000	317888	ttl	6	n/a	n/a	n/a	n/a	n/a	n/a	n/a	n/a	n/a	n/a	n/a	n/a	n/a	n/a	n/a	n/a	n/a	n/a	n/a	n/a	794.723000	n/a
797.371167	0.000000	318948	stimulus_presentation	n/a	31	n/a	n/a	n/a	n/a	n/a	n/a	n/a	n/a	n/a	n/a	n/a	n/a	n/a	n/a	n/a	n/a	n/a	n/a	n/a	797.373667	n/a
797.371167	0.000000	318948	ttl	7	n/a	n/a	n/a	n/a	n/a	n/a	n/a	n/a	n/a	n/a	n/a	n/a	n/a	n/a	n/a	n/a	n/a	n/a	n/a	n/a	797.373667	n/a
799.132033	0.000000	319653	ttl	8	n/a	n/a	n/a	n/a	n/a	n/a	n/a	n/a	n/a	n/a	n/a	n/a	n/a	n/a	n/a	n/a	n/a	n/a	n/a	n/a	799.134533	n/a
799.154800	7.573400	319662	sternberg_trial	n/a	n/a	533	0	0	533	1	1	1	800.1741333333332	802.1901333333332	0.0	0.0	0.0	0.0	799.1573	802.1901333333332	804.89	806.7307	intervals/trials	77	799.157300	806.730700
799.154800	0.000000	319662	ttl	11	n/a	n/a	n/a	n/a	n/a	n/a	n/a	n/a	n/a	n/a	n/a	n/a	n/a	n/a	n/a	n/a	n/a	n/a	n/a	n/a	799.157300	n/a
800.171633	0.000000	320069	stimulus_presentation	n/a	258	n/a	n/a	n/a	n/a	n/a	n/a	n/a	n/a	n/a	n/a	n/a	n/a	n/a	n/a	n/a	n/a	n/a	n/a	n/a	800.174133	n/a
800.171633	0.000000	320069	ttl	1	n/a	n/a	n/a	n/a	n/a	n/a	n/a	n/a	n/a	n/a	n/a	n/a	n/a	n/a	n/a	n/a	n/a	n/a	n/a	n/a	800.174133	n/a
800.181633	0.000000	320073	stimulus_presentation	n/a	0	n/a	n/a	n/a	n/a	n/a	n/a	n/a	n/a	n/a	n/a	n/a	n/a	n/a	n/a	n/a	n/a	n/a	n/a	n/a	800.184133	n/a
800.191633	0.000000	320077	stimulus_presentation	n/a	0	n/a	n/a	n/a	n/a	n/a	n/a	n/a	n/a	n/a	n/a	n/a	n/a	n/a	n/a	n/a	n/a	n/a	n/a	n/a	800.194133	n/a
802.187633	0.000000	320875	ttl	6	n/a	n/a	n/a	n/a	n/a	n/a	n/a	n/a	n/a	n/a	n/a	n/a	n/a	n/a	n/a	n/a	n/a	n/a	n/a	n/a	802.190133	n/a
804.887500	0.000000	321955	stimulus_presentation	n/a	258	n/a	n/a	n/a	n/a	n/a	n/a	n/a	n/a	n/a	n/a	n/a	n/a	n/a	n/a	n/a	n/a	n/a	n/a	n/a	804.890000	n/a
804.887500	0.000000	321955	ttl	7	n/a	n/a	n/a	n/a	n/a	n/a	n/a	n/a	n/a	n/a	n/a	n/a	n/a	n/a	n/a	n/a	n/a	n/a	n/a	n/a	804.890000	n/a
806.728200	0.000000	322691	ttl	8	n/a	n/a	n/a	n/a	n/a	n/a	n/a	n/a	n/a	n/a	n/a	n/a	n/a	n/a	n/a	n/a	n/a	n/a	n/a	n/a	806.730700	n/a
806.754767	12.047233	322702	sternberg_trial	n/a	n/a	232	328	534	123	3	0	1	807.8579333333332	809.876	809.923	811.9418666666664	812.0228999999999	814.0395666666665	806.7572666666665	814.0395666666665	816.64	818.8045	intervals/trials	78	806.757267	818.804500
806.754767	0.000000	322702	ttl	11	n/a	n/a	n/a	n/a	n/a	n/a	n/a	n/a	n/a	n/a	n/a	n/a	n/a	n/a	n/a	n/a	n/a	n/a	n/a	n/a	806.757267	n/a
807.855433	0.000000	323142	stimulus_presentation	n/a	89	n/a	n/a	n/a	n/a	n/a	n/a	n/a	n/a	n/a	n/a	n/a	n/a	n/a	n/a	n/a	n/a	n/a	n/a	n/a	807.857933	n/a
807.855433	0.000000	323142	ttl	1	n/a	n/a	n/a	n/a	n/a	n/a	n/a	n/a	n/a	n/a	n/a	n/a	n/a	n/a	n/a	n/a	n/a	n/a	n/a	n/a	807.857933	n/a
809.873500	0.000000	323949	ttl	5	n/a	n/a	n/a	n/a	n/a	n/a	n/a	n/a	n/a	n/a	n/a	n/a	n/a	n/a	n/a	n/a	n/a	n/a	n/a	n/a	809.876000	n/a
809.920500	0.000000	323968	stimulus_presentation	n/a	142	n/a	n/a	n/a	n/a	n/a	n/a	n/a	n/a	n/a	n/a	n/a	n/a	n/a	n/a	n/a	n/a	n/a	n/a	n/a	809.923000	n/a
809.920500	0.000000	323968	ttl	2	n/a	n/a	n/a	n/a	n/a	n/a	n/a	n/a	n/a	n/a	n/a	n/a	n/a	n/a	n/a	n/a	n/a	n/a	n/a	n/a	809.923000	n/a
811.939367	0.000000	324776	ttl	5	n/a	n/a	n/a	n/a	n/a	n/a	n/a	n/a	n/a	n/a	n/a	n/a	n/a	n/a	n/a	n/a	n/a	n/a	n/a	n/a	811.941867	n/a
812.020400	0.000000	324808	stimulus_presentation	n/a	259	n/a	n/a	n/a	n/a	n/a	n/a	n/a	n/a	n/a	n/a	n/a	n/a	n/a	n/a	n/a	n/a	n/a	n/a	n/a	812.022900	n/a
812.020400	0.000000	324808	ttl	3	n/a	n/a	n/a	n/a	n/a	n/a	n/a	n/a	n/a	n/a	n/a	n/a	n/a	n/a	n/a	n/a	n/a	n/a	n/a	n/a	812.022900	n/a
814.037067	0.000000	325615	ttl	6	n/a	n/a	n/a	n/a	n/a	n/a	n/a	n/a	n/a	n/a	n/a	n/a	n/a	n/a	n/a	n/a	n/a	n/a	n/a	n/a	814.039567	n/a
816.637500	0.000000	326655	stimulus_presentation	n/a	23	n/a	n/a	n/a	n/a	n/a	n/a	n/a	n/a	n/a	n/a	n/a	n/a	n/a	n/a	n/a	n/a	n/a	n/a	n/a	816.640000	n/a
816.637500	0.000000	326655	ttl	7	n/a	n/a	n/a	n/a	n/a	n/a	n/a	n/a	n/a	n/a	n/a	n/a	n/a	n/a	n/a	n/a	n/a	n/a	n/a	n/a	816.640000	n/a
818.802000	0.000000	327521	ttl	8	n/a	n/a	n/a	n/a	n/a	n/a	n/a	n/a	n/a	n/a	n/a	n/a	n/a	n/a	n/a	n/a	n/a	n/a	n/a	n/a	818.804500	n/a
818.837067	12.342833	327535	sternberg_trial	n/a	n/a	435	233	132	435	3	1	0	819.9081666666665	821.9229333333332	822.0747333333333	824.0894333333332	824.2414333333332	826.2566333333332	818.8395666666664	826.2566333333332	828.9902333333332	831.1823999999999	intervals/trials	79	818.839567	831.182400
818.837067	0.000000	327535	ttl	11	n/a	n/a	n/a	n/a	n/a	n/a	n/a	n/a	n/a	n/a	n/a	n/a	n/a	n/a	n/a	n/a	n/a	n/a	n/a	n/a	818.839567	n/a
819.905667	0.000000	327962	stimulus_presentation	n/a	205	n/a	n/a	n/a	n/a	n/a	n/a	n/a	n/a	n/a	n/a	n/a	n/a	n/a	n/a	n/a	n/a	n/a	n/a	n/a	819.908167	n/a
819.905667	0.000000	327962	ttl	1	n/a	n/a	n/a	n/a	n/a	n/a	n/a	n/a	n/a	n/a	n/a	n/a	n/a	n/a	n/a	n/a	n/a	n/a	n/a	n/a	819.908167	n/a
821.920433	0.000000	328768	ttl	5	n/a	n/a	n/a	n/a	n/a	n/a	n/a	n/a	n/a	n/a	n/a	n/a	n/a	n/a	n/a	n/a	n/a	n/a	n/a	n/a	821.922933	n/a
822.072233	0.000000	328829	stimulus_presentation	n/a	90	n/a	n/a	n/a	n/a	n/a	n/a	n/a	n/a	n/a	n/a	n/a	n/a	n/a	n/a	n/a	n/a	n/a	n/a	n/a	822.074733	n/a
822.072233	0.000000	328829	ttl	2	n/a	n/a	n/a	n/a	n/a	n/a	n/a	n/a	n/a	n/a	n/a	n/a	n/a	n/a	n/a	n/a	n/a	n/a	n/a	n/a	822.074733	n/a
824.086933	0.000000	329635	ttl	5	n/a	n/a	n/a	n/a	n/a	n/a	n/a	n/a	n/a	n/a	n/a	n/a	n/a	n/a	n/a	n/a	n/a	n/a	n/a	n/a	824.089433	n/a
824.238933	0.000000	329696	stimulus_presentation	n/a	32	n/a	n/a	n/a	n/a	n/a	n/a	n/a	n/a	n/a	n/a	n/a	n/a	n/a	n/a	n/a	n/a	n/a	n/a	n/a	824.241433	n/a
824.238933	0.000000	329696	ttl	3	n/a	n/a	n/a	n/a	n/a	n/a	n/a	n/a	n/a	n/a	n/a	n/a	n/a	n/a	n/a	n/a	n/a	n/a	n/a	n/a	824.241433	n/a
826.254133	0.000000	330502	ttl	6	n/a	n/a	n/a	n/a	n/a	n/a	n/a	n/a	n/a	n/a	n/a	n/a	n/a	n/a	n/a	n/a	n/a	n/a	n/a	n/a	826.256633	n/a
828.987733	0.000000	331595	stimulus_presentation	n/a	205	n/a	n/a	n/a	n/a	n/a	n/a	n/a	n/a	n/a	n/a	n/a	n/a	n/a	n/a	n/a	n/a	n/a	n/a	n/a	828.990233	n/a
828.987733	0.000000	331595	ttl	7	n/a	n/a	n/a	n/a	n/a	n/a	n/a	n/a	n/a	n/a	n/a	n/a	n/a	n/a	n/a	n/a	n/a	n/a	n/a	n/a	828.990233	n/a
831.179900	0.000000	332472	ttl	8	n/a	n/a	n/a	n/a	n/a	n/a	n/a	n/a	n/a	n/a	n/a	n/a	n/a	n/a	n/a	n/a	n/a	n/a	n/a	n/a	831.182400	n/a
831.204267	11.201833	332482	sternberg_trial	n/a	n/a	133	329	234	234	3	1	1	832.2914666666665	834.308	834.3745	836.3896333333332	836.4226666666665	838.4392333333332	831.2067666666665	838.4392333333332	841.1397666666664	842.4086	intervals/trials	80	831.206767	842.408600
831.204267	0.000000	332482	ttl	11	n/a	n/a	n/a	n/a	n/a	n/a	n/a	n/a	n/a	n/a	n/a	n/a	n/a	n/a	n/a	n/a	n/a	n/a	n/a	n/a	831.206767	n/a
832.288967	0.000000	332916	stimulus_presentation	n/a	33	n/a	n/a	n/a	n/a	n/a	n/a	n/a	n/a	n/a	n/a	n/a	n/a	n/a	n/a	n/a	n/a	n/a	n/a	n/a	832.291467	n/a
832.288967	0.000000	332916	ttl	1	n/a	n/a	n/a	n/a	n/a	n/a	n/a	n/a	n/a	n/a	n/a	n/a	n/a	n/a	n/a	n/a	n/a	n/a	n/a	n/a	832.291467	n/a
834.305500	0.000000	333722	ttl	5	n/a	n/a	n/a	n/a	n/a	n/a	n/a	n/a	n/a	n/a	n/a	n/a	n/a	n/a	n/a	n/a	n/a	n/a	n/a	n/a	834.308000	n/a
834.372000	0.000000	333749	stimulus_presentation	n/a	143	n/a	n/a	n/a	n/a	n/a	n/a	n/a	n/a	n/a	n/a	n/a	n/a	n/a	n/a	n/a	n/a	n/a	n/a	n/a	834.374500	n/a
834.372000	0.000000	333749	ttl	2	n/a	n/a	n/a	n/a	n/a	n/a	n/a	n/a	n/a	n/a	n/a	n/a	n/a	n/a	n/a	n/a	n/a	n/a	n/a	n/a	834.374500	n/a
836.387133	0.000000	334555	ttl	5	n/a	n/a	n/a	n/a	n/a	n/a	n/a	n/a	n/a	n/a	n/a	n/a	n/a	n/a	n/a	n/a	n/a	n/a	n/a	n/a	836.389633	n/a
836.420167	0.000000	334568	stimulus_presentation	n/a	91	n/a	n/a	n/a	n/a	n/a	n/a	n/a	n/a	n/a	n/a	n/a	n/a	n/a	n/a	n/a	n/a	n/a	n/a	n/a	836.422667	n/a
836.420167	0.000000	334568	ttl	3	n/a	n/a	n/a	n/a	n/a	n/a	n/a	n/a	n/a	n/a	n/a	n/a	n/a	n/a	n/a	n/a	n/a	n/a	n/a	n/a	836.422667	n/a
838.436733	0.000000	335375	ttl	6	n/a	n/a	n/a	n/a	n/a	n/a	n/a	n/a	n/a	n/a	n/a	n/a	n/a	n/a	n/a	n/a	n/a	n/a	n/a	n/a	838.439233	n/a
841.137267	0.000000	336455	stimulus_presentation	n/a	91	n/a	n/a	n/a	n/a	n/a	n/a	n/a	n/a	n/a	n/a	n/a	n/a	n/a	n/a	n/a	n/a	n/a	n/a	n/a	841.139767	n/a
841.137267	0.000000	336455	ttl	7	n/a	n/a	n/a	n/a	n/a	n/a	n/a	n/a	n/a	n/a	n/a	n/a	n/a	n/a	n/a	n/a	n/a	n/a	n/a	n/a	841.139767	n/a
842.406100	0.000000	336962	ttl	8	n/a	n/a	n/a	n/a	n/a	n/a	n/a	n/a	n/a	n/a	n/a	n/a	n/a	n/a	n/a	n/a	n/a	n/a	n/a	n/a	842.408600	n/a
842.436967	13.418333	336975	sternberg_trial	n/a	n/a	535	134	235	535	3	1	0	843.5727999999999	845.5894666666665	845.6745	847.6894	847.8393	849.8564333333333	842.4394666666665	849.8564333333333	852.5563999999999	855.8578	intervals/trials	81	842.439467	855.857800
842.436967	0.000000	336975	ttl	11	n/a	n/a	n/a	n/a	n/a	n/a	n/a	n/a	n/a	n/a	n/a	n/a	n/a	n/a	n/a	n/a	n/a	n/a	n/a	n/a	842.439467	n/a
843.570300	0.000000	337428	stimulus_presentation	n/a	260	n/a	n/a	n/a	n/a	n/a	n/a	n/a	n/a	n/a	n/a	n/a	n/a	n/a	n/a	n/a	n/a	n/a	n/a	n/a	843.572800	n/a
843.570300	0.000000	337428	ttl	1	n/a	n/a	n/a	n/a	n/a	n/a	n/a	n/a	n/a	n/a	n/a	n/a	n/a	n/a	n/a	n/a	n/a	n/a	n/a	n/a	843.572800	n/a
845.586967	0.000000	338235	ttl	5	n/a	n/a	n/a	n/a	n/a	n/a	n/a	n/a	n/a	n/a	n/a	n/a	n/a	n/a	n/a	n/a	n/a	n/a	n/a	n/a	845.589467	n/a
845.672000	0.000000	338269	stimulus_presentation	n/a	34	n/a	n/a	n/a	n/a	n/a	n/a	n/a	n/a	n/a	n/a	n/a	n/a	n/a	n/a	n/a	n/a	n/a	n/a	n/a	845.674500	n/a
845.672000	0.000000	338269	ttl	2	n/a	n/a	n/a	n/a	n/a	n/a	n/a	n/a	n/a	n/a	n/a	n/a	n/a	n/a	n/a	n/a	n/a	n/a	n/a	n/a	845.674500	n/a
847.686900	0.000000	339075	ttl	5	n/a	n/a	n/a	n/a	n/a	n/a	n/a	n/a	n/a	n/a	n/a	n/a	n/a	n/a	n/a	n/a	n/a	n/a	n/a	n/a	847.689400	n/a
847.836800	0.000000	339135	stimulus_presentation	n/a	92	n/a	n/a	n/a	n/a	n/a	n/a	n/a	n/a	n/a	n/a	n/a	n/a	n/a	n/a	n/a	n/a	n/a	n/a	n/a	847.839300	n/a
847.836800	0.000000	339135	ttl	3	n/a	n/a	n/a	n/a	n/a	n/a	n/a	n/a	n/a	n/a	n/a	n/a	n/a	n/a	n/a	n/a	n/a	n/a	n/a	n/a	847.839300	n/a
849.853933	0.000000	339942	ttl	6	n/a	n/a	n/a	n/a	n/a	n/a	n/a	n/a	n/a	n/a	n/a	n/a	n/a	n/a	n/a	n/a	n/a	n/a	n/a	n/a	849.856433	n/a
852.553900	0.000000	341022	stimulus_presentation	n/a	260	n/a	n/a	n/a	n/a	n/a	n/a	n/a	n/a	n/a	n/a	n/a	n/a	n/a	n/a	n/a	n/a	n/a	n/a	n/a	852.556400	n/a
852.553900	0.000000	341022	ttl	7	n/a	n/a	n/a	n/a	n/a	n/a	n/a	n/a	n/a	n/a	n/a	n/a	n/a	n/a	n/a	n/a	n/a	n/a	n/a	n/a	852.556400	n/a
855.855300	0.000000	342342	ttl	8	n/a	n/a	n/a	n/a	n/a	n/a	n/a	n/a	n/a	n/a	n/a	n/a	n/a	n/a	n/a	n/a	n/a	n/a	n/a	n/a	855.857800	n/a
855.887167	11.866200	342355	sternberg_trial	n/a	n/a	330	236	536	121	3	0	1	856.9586333333332	858.9744333333332	859.1066	861.1241333333332	861.2408333333332	863.2568333333332	855.8896666666665	863.2568333333332	866.0097999999999	867.7558666666665	intervals/trials	82	855.889667	867.755867
855.887167	0.000000	342355	ttl	11	n/a	n/a	n/a	n/a	n/a	n/a	n/a	n/a	n/a	n/a	n/a	n/a	n/a	n/a	n/a	n/a	n/a	n/a	n/a	n/a	855.889667	n/a
856.956133	0.000000	342782	stimulus_presentation	n/a	144	n/a	n/a	n/a	n/a	n/a	n/a	n/a	n/a	n/a	n/a	n/a	n/a	n/a	n/a	n/a	n/a	n/a	n/a	n/a	856.958633	n/a
856.956133	0.000000	342782	ttl	1	n/a	n/a	n/a	n/a	n/a	n/a	n/a	n/a	n/a	n/a	n/a	n/a	n/a	n/a	n/a	n/a	n/a	n/a	n/a	n/a	856.958633	n/a
858.971933	0.000000	343589	ttl	5	n/a	n/a	n/a	n/a	n/a	n/a	n/a	n/a	n/a	n/a	n/a	n/a	n/a	n/a	n/a	n/a	n/a	n/a	n/a	n/a	858.974433	n/a
859.104100	0.000000	343642	stimulus_presentation	n/a	93	n/a	n/a	n/a	n/a	n/a	n/a	n/a	n/a	n/a	n/a	n/a	n/a	n/a	n/a	n/a	n/a	n/a	n/a	n/a	859.106600	n/a
859.104100	0.000000	343642	ttl	2	n/a	n/a	n/a	n/a	n/a	n/a	n/a	n/a	n/a	n/a	n/a	n/a	n/a	n/a	n/a	n/a	n/a	n/a	n/a	n/a	859.106600	n/a
861.121633	0.000000	344449	ttl	5	n/a	n/a	n/a	n/a	n/a	n/a	n/a	n/a	n/a	n/a	n/a	n/a	n/a	n/a	n/a	n/a	n/a	n/a	n/a	n/a	861.124133	n/a
861.238333	0.000000	344495	stimulus_presentation	n/a	261	n/a	n/a	n/a	n/a	n/a	n/a	n/a	n/a	n/a	n/a	n/a	n/a	n/a	n/a	n/a	n/a	n/a	n/a	n/a	861.240833	n/a
861.238333	0.000000	344495	ttl	3	n/a	n/a	n/a	n/a	n/a	n/a	n/a	n/a	n/a	n/a	n/a	n/a	n/a	n/a	n/a	n/a	n/a	n/a	n/a	n/a	861.240833	n/a
863.254333	0.000000	345302	ttl	6	n/a	n/a	n/a	n/a	n/a	n/a	n/a	n/a	n/a	n/a	n/a	n/a	n/a	n/a	n/a	n/a	n/a	n/a	n/a	n/a	863.256833	n/a
866.007300	0.000000	346403	stimulus_presentation	n/a	21	n/a	n/a	n/a	n/a	n/a	n/a	n/a	n/a	n/a	n/a	n/a	n/a	n/a	n/a	n/a	n/a	n/a	n/a	n/a	866.009800	n/a
866.007300	0.000000	346403	ttl	7	n/a	n/a	n/a	n/a	n/a	n/a	n/a	n/a	n/a	n/a	n/a	n/a	n/a	n/a	n/a	n/a	n/a	n/a	n/a	n/a	866.009800	n/a
867.753367	0.000000	347101	ttl	8	n/a	n/a	n/a	n/a	n/a	n/a	n/a	n/a	n/a	n/a	n/a	n/a	n/a	n/a	n/a	n/a	n/a	n/a	n/a	n/a	867.755867	n/a
867.786767	6.891300	347115	sternberg_trial	n/a	n/a	331	0	0	410	1	0	1	868.9058333333332	870.9224333333332	0.0	0.0	0.0	0.0	867.7892666666664	870.9224333333332	873.6393666666664	874.6805666666664	intervals/trials	83	867.789267	874.680567
867.786767	0.000000	347115	ttl	11	n/a	n/a	n/a	n/a	n/a	n/a	n/a	n/a	n/a	n/a	n/a	n/a	n/a	n/a	n/a	n/a	n/a	n/a	n/a	n/a	867.789267	n/a
868.903333	0.000000	347561	stimulus_presentation	n/a	145	n/a	n/a	n/a	n/a	n/a	n/a	n/a	n/a	n/a	n/a	n/a	n/a	n/a	n/a	n/a	n/a	n/a	n/a	n/a	868.905833	n/a
868.903333	0.000000	347561	ttl	1	n/a	n/a	n/a	n/a	n/a	n/a	n/a	n/a	n/a	n/a	n/a	n/a	n/a	n/a	n/a	n/a	n/a	n/a	n/a	n/a	868.905833	n/a
868.913333	0.000000	347565	stimulus_presentation	n/a	0	n/a	n/a	n/a	n/a	n/a	n/a	n/a	n/a	n/a	n/a	n/a	n/a	n/a	n/a	n/a	n/a	n/a	n/a	n/a	868.915833	n/a
868.923333	0.000000	347569	stimulus_presentation	n/a	0	n/a	n/a	n/a	n/a	n/a	n/a	n/a	n/a	n/a	n/a	n/a	n/a	n/a	n/a	n/a	n/a	n/a	n/a	n/a	868.925833	n/a
870.919933	0.000000	348368	ttl	6	n/a	n/a	n/a	n/a	n/a	n/a	n/a	n/a	n/a	n/a	n/a	n/a	n/a	n/a	n/a	n/a	n/a	n/a	n/a	n/a	870.922433	n/a
873.636867	0.000000	349455	stimulus_presentation	n/a	180	n/a	n/a	n/a	n/a	n/a	n/a	n/a	n/a	n/a	n/a	n/a	n/a	n/a	n/a	n/a	n/a	n/a	n/a	n/a	873.639367	n/a
873.636867	0.000000	349455	ttl	7	n/a	n/a	n/a	n/a	n/a	n/a	n/a	n/a	n/a	n/a	n/a	n/a	n/a	n/a	n/a	n/a	n/a	n/a	n/a	n/a	873.639367	n/a
874.678067	0.000000	349871	ttl	8	n/a	n/a	n/a	n/a	n/a	n/a	n/a	n/a	n/a	n/a	n/a	n/a	n/a	n/a	n/a	n/a	n/a	n/a	n/a	n/a	874.680567	n/a
874.703133	7.875200	349881	sternberg_trial	n/a	n/a	537	0	0	128	1	0	1	875.8067333333332	877.8231999999999	0.0	0.0	0.0	0.0	874.7056333333333	877.8231999999999	880.5226	882.5808333333332	intervals/trials	84	874.705633	882.580833
874.703133	0.000000	349881	ttl	11	n/a	n/a	n/a	n/a	n/a	n/a	n/a	n/a	n/a	n/a	n/a	n/a	n/a	n/a	n/a	n/a	n/a	n/a	n/a	n/a	874.705633	n/a
875.804233	0.000000	350322	stimulus_presentation	n/a	262	n/a	n/a	n/a	n/a	n/a	n/a	n/a	n/a	n/a	n/a	n/a	n/a	n/a	n/a	n/a	n/a	n/a	n/a	n/a	875.806733	n/a
875.804233	0.000000	350322	ttl	1	n/a	n/a	n/a	n/a	n/a	n/a	n/a	n/a	n/a	n/a	n/a	n/a	n/a	n/a	n/a	n/a	n/a	n/a	n/a	n/a	875.806733	n/a
875.814233	0.000000	350326	stimulus_presentation	n/a	0	n/a	n/a	n/a	n/a	n/a	n/a	n/a	n/a	n/a	n/a	n/a	n/a	n/a	n/a	n/a	n/a	n/a	n/a	n/a	875.816733	n/a
875.824233	0.000000	350330	stimulus_presentation	n/a	0	n/a	n/a	n/a	n/a	n/a	n/a	n/a	n/a	n/a	n/a	n/a	n/a	n/a	n/a	n/a	n/a	n/a	n/a	n/a	875.826733	n/a
877.820700	0.000000	351128	ttl	6	n/a	n/a	n/a	n/a	n/a	n/a	n/a	n/a	n/a	n/a	n/a	n/a	n/a	n/a	n/a	n/a	n/a	n/a	n/a	n/a	877.823200	n/a
880.520100	0.000000	352208	stimulus_presentation	n/a	28	n/a	n/a	n/a	n/a	n/a	n/a	n/a	n/a	n/a	n/a	n/a	n/a	n/a	n/a	n/a	n/a	n/a	n/a	n/a	880.522600	n/a
880.520100	0.000000	352208	ttl	7	n/a	n/a	n/a	n/a	n/a	n/a	n/a	n/a	n/a	n/a	n/a	n/a	n/a	n/a	n/a	n/a	n/a	n/a	n/a	n/a	880.522600	n/a
882.578333	0.000000	353031	ttl	8	n/a	n/a	n/a	n/a	n/a	n/a	n/a	n/a	n/a	n/a	n/a	n/a	n/a	n/a	n/a	n/a	n/a	n/a	n/a	n/a	882.580833	n/a
882.603100	6.931567	353041	sternberg_trial	n/a	n/a	135	0	0	314	1	0	1	883.6746666666664	885.6912666666665	0.0	0.0	0.0	0.0	882.6056	885.6912666666665	888.2565999999999	889.5371666666665	intervals/trials	85	882.605600	889.537167
882.603100	0.000000	353041	ttl	11	n/a	n/a	n/a	n/a	n/a	n/a	n/a	n/a	n/a	n/a	n/a	n/a	n/a	n/a	n/a	n/a	n/a	n/a	n/a	n/a	882.605600	n/a
883.672167	0.000000	353469	stimulus_presentation	n/a	35	n/a	n/a	n/a	n/a	n/a	n/a	n/a	n/a	n/a	n/a	n/a	n/a	n/a	n/a	n/a	n/a	n/a	n/a	n/a	883.674667	n/a
883.672167	0.000000	353469	ttl	1	n/a	n/a	n/a	n/a	n/a	n/a	n/a	n/a	n/a	n/a	n/a	n/a	n/a	n/a	n/a	n/a	n/a	n/a	n/a	n/a	883.674667	n/a
883.682167	0.000000	353473	stimulus_presentation	n/a	0	n/a	n/a	n/a	n/a	n/a	n/a	n/a	n/a	n/a	n/a	n/a	n/a	n/a	n/a	n/a	n/a	n/a	n/a	n/a	883.684667	n/a
883.692167	0.000000	353477	stimulus_presentation	n/a	0	n/a	n/a	n/a	n/a	n/a	n/a	n/a	n/a	n/a	n/a	n/a	n/a	n/a	n/a	n/a	n/a	n/a	n/a	n/a	883.694667	n/a
885.688767	0.000000	354276	ttl	6	n/a	n/a	n/a	n/a	n/a	n/a	n/a	n/a	n/a	n/a	n/a	n/a	n/a	n/a	n/a	n/a	n/a	n/a	n/a	n/a	885.691267	n/a
888.254100	0.000000	355302	stimulus_presentation	n/a	128	n/a	n/a	n/a	n/a	n/a	n/a	n/a	n/a	n/a	n/a	n/a	n/a	n/a	n/a	n/a	n/a	n/a	n/a	n/a	888.256600	n/a
888.254100	0.000000	355302	ttl	7	n/a	n/a	n/a	n/a	n/a	n/a	n/a	n/a	n/a	n/a	n/a	n/a	n/a	n/a	n/a	n/a	n/a	n/a	n/a	n/a	888.256600	n/a
889.534667	0.000000	355814	ttl	8	n/a	n/a	n/a	n/a	n/a	n/a	n/a	n/a	n/a	n/a	n/a	n/a	n/a	n/a	n/a	n/a	n/a	n/a	n/a	n/a	889.537167	n/a
889.570967	8.343300	355828	sternberg_trial	n/a	n/a	436	0	0	135	1	0	1	890.6237333333332	892.6401666666665	0.0	0.0	0.0	0.0	889.5734666666665	892.6401666666665	895.3262	897.9167666666665	intervals/trials	86	889.573467	897.916767
889.570967	0.000000	355828	ttl	11	n/a	n/a	n/a	n/a	n/a	n/a	n/a	n/a	n/a	n/a	n/a	n/a	n/a	n/a	n/a	n/a	n/a	n/a	n/a	n/a	889.573467	n/a
890.621233	0.000000	356248	stimulus_presentation	n/a	206	n/a	n/a	n/a	n/a	n/a	n/a	n/a	n/a	n/a	n/a	n/a	n/a	n/a	n/a	n/a	n/a	n/a	n/a	n/a	890.623733	n/a
890.621233	0.000000	356248	ttl	1	n/a	n/a	n/a	n/a	n/a	n/a	n/a	n/a	n/a	n/a	n/a	n/a	n/a	n/a	n/a	n/a	n/a	n/a	n/a	n/a	890.623733	n/a
890.631233	0.000000	356252	stimulus_presentation	n/a	0	n/a	n/a	n/a	n/a	n/a	n/a	n/a	n/a	n/a	n/a	n/a	n/a	n/a	n/a	n/a	n/a	n/a	n/a	n/a	890.633733	n/a
890.641233	0.000000	356256	stimulus_presentation	n/a	0	n/a	n/a	n/a	n/a	n/a	n/a	n/a	n/a	n/a	n/a	n/a	n/a	n/a	n/a	n/a	n/a	n/a	n/a	n/a	890.643733	n/a
892.637667	0.000000	357055	ttl	6	n/a	n/a	n/a	n/a	n/a	n/a	n/a	n/a	n/a	n/a	n/a	n/a	n/a	n/a	n/a	n/a	n/a	n/a	n/a	n/a	892.640167	n/a
895.323700	0.000000	358129	stimulus_presentation	n/a	35	n/a	n/a	n/a	n/a	n/a	n/a	n/a	n/a	n/a	n/a	n/a	n/a	n/a	n/a	n/a	n/a	n/a	n/a	n/a	895.326200	n/a
895.323700	0.000000	358129	ttl	7	n/a	n/a	n/a	n/a	n/a	n/a	n/a	n/a	n/a	n/a	n/a	n/a	n/a	n/a	n/a	n/a	n/a	n/a	n/a	n/a	895.326200	n/a
897.914267	0.000000	359166	ttl	8	n/a	n/a	n/a	n/a	n/a	n/a	n/a	n/a	n/a	n/a	n/a	n/a	n/a	n/a	n/a	n/a	n/a	n/a	n/a	n/a	897.916767	n/a
897.936333	8.277833	359175	sternberg_trial	n/a	n/a	332	0	0	518	1	0	1	899.1221666666664	901.1387666666665	0.0	0.0	0.0	0.0	897.9388333333333	901.1387666666665	903.8895333333332	906.2166666666665	intervals/trials	87	897.938833	906.216667
897.936333	0.000000	359175	ttl	11	n/a	n/a	n/a	n/a	n/a	n/a	n/a	n/a	n/a	n/a	n/a	n/a	n/a	n/a	n/a	n/a	n/a	n/a	n/a	n/a	897.938833	n/a
899.119667	0.000000	359648	stimulus_presentation	n/a	146	n/a	n/a	n/a	n/a	n/a	n/a	n/a	n/a	n/a	n/a	n/a	n/a	n/a	n/a	n/a	n/a	n/a	n/a	n/a	899.122167	n/a
899.119667	0.000000	359648	ttl	1	n/a	n/a	n/a	n/a	n/a	n/a	n/a	n/a	n/a	n/a	n/a	n/a	n/a	n/a	n/a	n/a	n/a	n/a	n/a	n/a	899.122167	n/a
899.129667	0.000000	359652	stimulus_presentation	n/a	0	n/a	n/a	n/a	n/a	n/a	n/a	n/a	n/a	n/a	n/a	n/a	n/a	n/a	n/a	n/a	n/a	n/a	n/a	n/a	899.132167	n/a
899.139667	0.000000	359656	stimulus_presentation	n/a	0	n/a	n/a	n/a	n/a	n/a	n/a	n/a	n/a	n/a	n/a	n/a	n/a	n/a	n/a	n/a	n/a	n/a	n/a	n/a	899.142167	n/a
901.136267	0.000000	360455	ttl	6	n/a	n/a	n/a	n/a	n/a	n/a	n/a	n/a	n/a	n/a	n/a	n/a	n/a	n/a	n/a	n/a	n/a	n/a	n/a	n/a	901.138767	n/a
903.887033	0.000000	361555	stimulus_presentation	n/a	243	n/a	n/a	n/a	n/a	n/a	n/a	n/a	n/a	n/a	n/a	n/a	n/a	n/a	n/a	n/a	n/a	n/a	n/a	n/a	903.889533	n/a
903.887033	0.000000	361555	ttl	7	n/a	n/a	n/a	n/a	n/a	n/a	n/a	n/a	n/a	n/a	n/a	n/a	n/a	n/a	n/a	n/a	n/a	n/a	n/a	n/a	903.889533	n/a
906.214167	0.000000	362486	ttl	8	n/a	n/a	n/a	n/a	n/a	n/a	n/a	n/a	n/a	n/a	n/a	n/a	n/a	n/a	n/a	n/a	n/a	n/a	n/a	n/a	906.216667	n/a
906.236367	7.270167	362495	sternberg_trial	n/a	n/a	136	0	0	136	1	1	1	907.2391333333333	909.2555	0.0	0.0	0.0	0.0	906.2388666666665	909.2555	911.939	913.5090333333333	intervals/trials	88	906.238867	913.509033
906.236367	0.000000	362495	ttl	11	n/a	n/a	n/a	n/a	n/a	n/a	n/a	n/a	n/a	n/a	n/a	n/a	n/a	n/a	n/a	n/a	n/a	n/a	n/a	n/a	906.238867	n/a
907.236633	0.000000	362895	stimulus_presentation	n/a	36	n/a	n/a	n/a	n/a	n/a	n/a	n/a	n/a	n/a	n/a	n/a	n/a	n/a	n/a	n/a	n/a	n/a	n/a	n/a	907.239133	n/a
907.236633	0.000000	362895	ttl	1	n/a	n/a	n/a	n/a	n/a	n/a	n/a	n/a	n/a	n/a	n/a	n/a	n/a	n/a	n/a	n/a	n/a	n/a	n/a	n/a	907.239133	n/a
907.246633	0.000000	362899	stimulus_presentation	n/a	0	n/a	n/a	n/a	n/a	n/a	n/a	n/a	n/a	n/a	n/a	n/a	n/a	n/a	n/a	n/a	n/a	n/a	n/a	n/a	907.249133	n/a
907.256633	0.000000	362903	stimulus_presentation	n/a	0	n/a	n/a	n/a	n/a	n/a	n/a	n/a	n/a	n/a	n/a	n/a	n/a	n/a	n/a	n/a	n/a	n/a	n/a	n/a	907.259133	n/a
909.253000	0.000000	363701	ttl	6	n/a	n/a	n/a	n/a	n/a	n/a	n/a	n/a	n/a	n/a	n/a	n/a	n/a	n/a	n/a	n/a	n/a	n/a	n/a	n/a	909.255500	n/a
911.936500	0.000000	364775	stimulus_presentation	n/a	36	n/a	n/a	n/a	n/a	n/a	n/a	n/a	n/a	n/a	n/a	n/a	n/a	n/a	n/a	n/a	n/a	n/a	n/a	n/a	911.939000	n/a
911.936500	0.000000	364775	ttl	7	n/a	n/a	n/a	n/a	n/a	n/a	n/a	n/a	n/a	n/a	n/a	n/a	n/a	n/a	n/a	n/a	n/a	n/a	n/a	n/a	911.939000	n/a
913.506533	0.000000	365403	ttl	8	n/a	n/a	n/a	n/a	n/a	n/a	n/a	n/a	n/a	n/a	n/a	n/a	n/a	n/a	n/a	n/a	n/a	n/a	n/a	n/a	913.509033	n/a
913.536233	11.884833	365414	sternberg_trial	n/a	n/a	137	333	237	237	3	1	1	914.5896666666665	916.6056333333332	916.7570666666664	918.7736666666665	918.9403333333332	920.9575333333332	913.5387333333332	920.9575333333332	923.6392999999999	925.4235666666665	intervals/trials	89	913.538733	925.423567
913.536233	0.000000	365414	ttl	11	n/a	n/a	n/a	n/a	n/a	n/a	n/a	n/a	n/a	n/a	n/a	n/a	n/a	n/a	n/a	n/a	n/a	n/a	n/a	n/a	913.538733	n/a
914.587167	0.000000	365835	stimulus_presentation	n/a	37	n/a	n/a	n/a	n/a	n/a	n/a	n/a	n/a	n/a	n/a	n/a	n/a	n/a	n/a	n/a	n/a	n/a	n/a	n/a	914.589667	n/a
914.587167	0.000000	365835	ttl	1	n/a	n/a	n/a	n/a	n/a	n/a	n/a	n/a	n/a	n/a	n/a	n/a	n/a	n/a	n/a	n/a	n/a	n/a	n/a	n/a	914.589667	n/a
916.603133	0.000000	366641	ttl	5	n/a	n/a	n/a	n/a	n/a	n/a	n/a	n/a	n/a	n/a	n/a	n/a	n/a	n/a	n/a	n/a	n/a	n/a	n/a	n/a	916.605633	n/a
916.754567	0.000000	366702	stimulus_presentation	n/a	147	n/a	n/a	n/a	n/a	n/a	n/a	n/a	n/a	n/a	n/a	n/a	n/a	n/a	n/a	n/a	n/a	n/a	n/a	n/a	916.757067	n/a
916.754567	0.000000	366702	ttl	2	n/a	n/a	n/a	n/a	n/a	n/a	n/a	n/a	n/a	n/a	n/a	n/a	n/a	n/a	n/a	n/a	n/a	n/a	n/a	n/a	916.757067	n/a
918.771167	0.000000	367508	ttl	5	n/a	n/a	n/a	n/a	n/a	n/a	n/a	n/a	n/a	n/a	n/a	n/a	n/a	n/a	n/a	n/a	n/a	n/a	n/a	n/a	918.773667	n/a
918.937833	0.000000	367575	stimulus_presentation	n/a	94	n/a	n/a	n/a	n/a	n/a	n/a	n/a	n/a	n/a	n/a	n/a	n/a	n/a	n/a	n/a	n/a	n/a	n/a	n/a	918.940333	n/a
918.937833	0.000000	367575	ttl	3	n/a	n/a	n/a	n/a	n/a	n/a	n/a	n/a	n/a	n/a	n/a	n/a	n/a	n/a	n/a	n/a	n/a	n/a	n/a	n/a	918.940333	n/a
920.955033	0.000000	368382	ttl	6	n/a	n/a	n/a	n/a	n/a	n/a	n/a	n/a	n/a	n/a	n/a	n/a	n/a	n/a	n/a	n/a	n/a	n/a	n/a	n/a	920.957533	n/a
923.636800	0.000000	369455	stimulus_presentation	n/a	94	n/a	n/a	n/a	n/a	n/a	n/a	n/a	n/a	n/a	n/a	n/a	n/a	n/a	n/a	n/a	n/a	n/a	n/a	n/a	923.639300	n/a
923.636800	0.000000	369455	ttl	7	n/a	n/a	n/a	n/a	n/a	n/a	n/a	n/a	n/a	n/a	n/a	n/a	n/a	n/a	n/a	n/a	n/a	n/a	n/a	n/a	923.639300	n/a
925.421067	0.000000	370168	ttl	8	n/a	n/a	n/a	n/a	n/a	n/a	n/a	n/a	n/a	n/a	n/a	n/a	n/a	n/a	n/a	n/a	n/a	n/a	n/a	n/a	925.423567	n/a
925.452900	11.722067	370181	sternberg_trial	n/a	n/a	538	138	334	212	3	0	1	926.4907333333332	928.5053333333332	928.5218333333332	930.5385	930.7071666666665	932.7219666666665	925.4553999999999	932.7219666666665	935.3388	937.1774666666664	intervals/trials	90	925.455400	937.177467
925.452900	0.000000	370181	ttl	11	n/a	n/a	n/a	n/a	n/a	n/a	n/a	n/a	n/a	n/a	n/a	n/a	n/a	n/a	n/a	n/a	n/a	n/a	n/a	n/a	925.455400	n/a
926.488233	0.000000	370595	stimulus_presentation	n/a	263	n/a	n/a	n/a	n/a	n/a	n/a	n/a	n/a	n/a	n/a	n/a	n/a	n/a	n/a	n/a	n/a	n/a	n/a	n/a	926.490733	n/a
926.488233	0.000000	370595	ttl	1	n/a	n/a	n/a	n/a	n/a	n/a	n/a	n/a	n/a	n/a	n/a	n/a	n/a	n/a	n/a	n/a	n/a	n/a	n/a	n/a	926.490733	n/a
928.502833	0.000000	371401	ttl	5	n/a	n/a	n/a	n/a	n/a	n/a	n/a	n/a	n/a	n/a	n/a	n/a	n/a	n/a	n/a	n/a	n/a	n/a	n/a	n/a	928.505333	n/a
928.519333	0.000000	371408	stimulus_presentation	n/a	38	n/a	n/a	n/a	n/a	n/a	n/a	n/a	n/a	n/a	n/a	n/a	n/a	n/a	n/a	n/a	n/a	n/a	n/a	n/a	928.521833	n/a
928.519333	0.000000	371408	ttl	2	n/a	n/a	n/a	n/a	n/a	n/a	n/a	n/a	n/a	n/a	n/a	n/a	n/a	n/a	n/a	n/a	n/a	n/a	n/a	n/a	928.521833	n/a
930.536000	0.000000	372214	ttl	5	n/a	n/a	n/a	n/a	n/a	n/a	n/a	n/a	n/a	n/a	n/a	n/a	n/a	n/a	n/a	n/a	n/a	n/a	n/a	n/a	930.538500	n/a
930.704667	0.000000	372282	stimulus_presentation	n/a	148	n/a	n/a	n/a	n/a	n/a	n/a	n/a	n/a	n/a	n/a	n/a	n/a	n/a	n/a	n/a	n/a	n/a	n/a	n/a	930.707167	n/a
930.704667	0.000000	372282	ttl	3	n/a	n/a	n/a	n/a	n/a	n/a	n/a	n/a	n/a	n/a	n/a	n/a	n/a	n/a	n/a	n/a	n/a	n/a	n/a	n/a	930.707167	n/a
932.719467	0.000000	373088	ttl	6	n/a	n/a	n/a	n/a	n/a	n/a	n/a	n/a	n/a	n/a	n/a	n/a	n/a	n/a	n/a	n/a	n/a	n/a	n/a	n/a	932.721967	n/a
935.336300	0.000000	374135	stimulus_presentation	n/a	69	n/a	n/a	n/a	n/a	n/a	n/a	n/a	n/a	n/a	n/a	n/a	n/a	n/a	n/a	n/a	n/a	n/a	n/a	n/a	935.338800	n/a
935.336300	0.000000	374135	ttl	7	n/a	n/a	n/a	n/a	n/a	n/a	n/a	n/a	n/a	n/a	n/a	n/a	n/a	n/a	n/a	n/a	n/a	n/a	n/a	n/a	935.338800	n/a
937.174967	0.000000	374870	ttl	8	n/a	n/a	n/a	n/a	n/a	n/a	n/a	n/a	n/a	n/a	n/a	n/a	n/a	n/a	n/a	n/a	n/a	n/a	n/a	n/a	937.177467	n/a
937.202633	8.063933	374881	sternberg_trial	n/a	n/a	139	0	0	427	1	0	1	938.3068666666665	940.3237333333332	0.0	0.0	0.0	0.0	937.2051333333333	940.3237333333332	943.0061	945.2690666666665	intervals/trials	91	937.205133	945.269067
937.202633	0.000000	374881	ttl	11	n/a	n/a	n/a	n/a	n/a	n/a	n/a	n/a	n/a	n/a	n/a	n/a	n/a	n/a	n/a	n/a	n/a	n/a	n/a	n/a	937.205133	n/a
938.304367	0.000000	375322	stimulus_presentation	n/a	39	n/a	n/a	n/a	n/a	n/a	n/a	n/a	n/a	n/a	n/a	n/a	n/a	n/a	n/a	n/a	n/a	n/a	n/a	n/a	938.306867	n/a
938.304367	0.000000	375322	ttl	1	n/a	n/a	n/a	n/a	n/a	n/a	n/a	n/a	n/a	n/a	n/a	n/a	n/a	n/a	n/a	n/a	n/a	n/a	n/a	n/a	938.306867	n/a
938.314367	0.000000	375326	stimulus_presentation	n/a	0	n/a	n/a	n/a	n/a	n/a	n/a	n/a	n/a	n/a	n/a	n/a	n/a	n/a	n/a	n/a	n/a	n/a	n/a	n/a	938.316867	n/a
938.324367	0.000000	375330	stimulus_presentation	n/a	0	n/a	n/a	n/a	n/a	n/a	n/a	n/a	n/a	n/a	n/a	n/a	n/a	n/a	n/a	n/a	n/a	n/a	n/a	n/a	938.326867	n/a
940.321233	0.000000	376128	ttl	6	n/a	n/a	n/a	n/a	n/a	n/a	n/a	n/a	n/a	n/a	n/a	n/a	n/a	n/a	n/a	n/a	n/a	n/a	n/a	n/a	940.323733	n/a
943.003600	0.000000	377201	stimulus_presentation	n/a	197	n/a	n/a	n/a	n/a	n/a	n/a	n/a	n/a	n/a	n/a	n/a	n/a	n/a	n/a	n/a	n/a	n/a	n/a	n/a	943.006100	n/a
943.003600	0.000000	377201	ttl	7	n/a	n/a	n/a	n/a	n/a	n/a	n/a	n/a	n/a	n/a	n/a	n/a	n/a	n/a	n/a	n/a	n/a	n/a	n/a	n/a	943.006100	n/a
945.266567	0.000000	378107	ttl	8	n/a	n/a	n/a	n/a	n/a	n/a	n/a	n/a	n/a	n/a	n/a	n/a	n/a	n/a	n/a	n/a	n/a	n/a	n/a	n/a	945.269067	n/a
945.302833	11.573933	378121	sternberg_trial	n/a	n/a	437	539	335	220	3	0	1	946.2724666666664	948.2895333333332	948.3734333333332	950.3893999999999	950.4889	952.5052333333332	945.3053333333332	952.5052333333332	955.1053666666664	956.8792666666665	intervals/trials	92	945.305333	956.879267
945.302833	0.000000	378121	ttl	11	n/a	n/a	n/a	n/a	n/a	n/a	n/a	n/a	n/a	n/a	n/a	n/a	n/a	n/a	n/a	n/a	n/a	n/a	n/a	n/a	945.305333	n/a
946.269967	0.000000	378508	stimulus_presentation	n/a	207	n/a	n/a	n/a	n/a	n/a	n/a	n/a	n/a	n/a	n/a	n/a	n/a	n/a	n/a	n/a	n/a	n/a	n/a	n/a	946.272467	n/a
946.269967	0.000000	378508	ttl	1	n/a	n/a	n/a	n/a	n/a	n/a	n/a	n/a	n/a	n/a	n/a	n/a	n/a	n/a	n/a	n/a	n/a	n/a	n/a	n/a	946.272467	n/a
948.287033	0.000000	379315	ttl	5	n/a	n/a	n/a	n/a	n/a	n/a	n/a	n/a	n/a	n/a	n/a	n/a	n/a	n/a	n/a	n/a	n/a	n/a	n/a	n/a	948.289533	n/a
948.370933	0.000000	379348	stimulus_presentation	n/a	264	n/a	n/a	n/a	n/a	n/a	n/a	n/a	n/a	n/a	n/a	n/a	n/a	n/a	n/a	n/a	n/a	n/a	n/a	n/a	948.373433	n/a
948.370933	0.000000	379348	ttl	2	n/a	n/a	n/a	n/a	n/a	n/a	n/a	n/a	n/a	n/a	n/a	n/a	n/a	n/a	n/a	n/a	n/a	n/a	n/a	n/a	948.373433	n/a
950.386900	0.000000	380155	ttl	5	n/a	n/a	n/a	n/a	n/a	n/a	n/a	n/a	n/a	n/a	n/a	n/a	n/a	n/a	n/a	n/a	n/a	n/a	n/a	n/a	950.389400	n/a
950.486400	0.000000	380195	stimulus_presentation	n/a	149	n/a	n/a	n/a	n/a	n/a	n/a	n/a	n/a	n/a	n/a	n/a	n/a	n/a	n/a	n/a	n/a	n/a	n/a	n/a	950.488900	n/a
950.486400	0.000000	380195	ttl	3	n/a	n/a	n/a	n/a	n/a	n/a	n/a	n/a	n/a	n/a	n/a	n/a	n/a	n/a	n/a	n/a	n/a	n/a	n/a	n/a	950.488900	n/a
952.502733	0.000000	381001	ttl	6	n/a	n/a	n/a	n/a	n/a	n/a	n/a	n/a	n/a	n/a	n/a	n/a	n/a	n/a	n/a	n/a	n/a	n/a	n/a	n/a	952.505233	n/a
955.102867	0.000000	382041	stimulus_presentation	n/a	77	n/a	n/a	n/a	n/a	n/a	n/a	n/a	n/a	n/a	n/a	n/a	n/a	n/a	n/a	n/a	n/a	n/a	n/a	n/a	955.105367	n/a
955.102867	0.000000	382041	ttl	7	n/a	n/a	n/a	n/a	n/a	n/a	n/a	n/a	n/a	n/a	n/a	n/a	n/a	n/a	n/a	n/a	n/a	n/a	n/a	n/a	955.105367	n/a
956.876767	0.000000	382751	ttl	8	n/a	n/a	n/a	n/a	n/a	n/a	n/a	n/a	n/a	n/a	n/a	n/a	n/a	n/a	n/a	n/a	n/a	n/a	n/a	n/a	956.879267	n/a
956.902567	7.202500	382761	sternberg_trial	n/a	n/a	238	0	0	513	1	0	1	958.0386666666665	960.0549	0.0	0.0	0.0	0.0	956.9050666666665	960.0549	962.7384666666665	964.1075666666665	intervals/trials	93	956.905067	964.107567
956.902567	0.000000	382761	ttl	11	n/a	n/a	n/a	n/a	n/a	n/a	n/a	n/a	n/a	n/a	n/a	n/a	n/a	n/a	n/a	n/a	n/a	n/a	n/a	n/a	956.905067	n/a
958.036167	0.000000	383214	stimulus_presentation	n/a	95	n/a	n/a	n/a	n/a	n/a	n/a	n/a	n/a	n/a	n/a	n/a	n/a	n/a	n/a	n/a	n/a	n/a	n/a	n/a	958.038667	n/a
958.036167	0.000000	383214	ttl	1	n/a	n/a	n/a	n/a	n/a	n/a	n/a	n/a	n/a	n/a	n/a	n/a	n/a	n/a	n/a	n/a	n/a	n/a	n/a	n/a	958.038667	n/a
958.046167	0.000000	383218	stimulus_presentation	n/a	0	n/a	n/a	n/a	n/a	n/a	n/a	n/a	n/a	n/a	n/a	n/a	n/a	n/a	n/a	n/a	n/a	n/a	n/a	n/a	958.048667	n/a
958.056167	0.000000	383222	stimulus_presentation	n/a	0	n/a	n/a	n/a	n/a	n/a	n/a	n/a	n/a	n/a	n/a	n/a	n/a	n/a	n/a	n/a	n/a	n/a	n/a	n/a	958.058667	n/a
960.052400	0.000000	384021	ttl	6	n/a	n/a	n/a	n/a	n/a	n/a	n/a	n/a	n/a	n/a	n/a	n/a	n/a	n/a	n/a	n/a	n/a	n/a	n/a	n/a	960.054900	n/a
962.735967	0.000000	385094	stimulus_presentation	n/a	238	n/a	n/a	n/a	n/a	n/a	n/a	n/a	n/a	n/a	n/a	n/a	n/a	n/a	n/a	n/a	n/a	n/a	n/a	n/a	962.738467	n/a
962.735967	0.000000	385094	ttl	7	n/a	n/a	n/a	n/a	n/a	n/a	n/a	n/a	n/a	n/a	n/a	n/a	n/a	n/a	n/a	n/a	n/a	n/a	n/a	n/a	962.738467	n/a
964.105067	0.000000	385642	ttl	8	n/a	n/a	n/a	n/a	n/a	n/a	n/a	n/a	n/a	n/a	n/a	n/a	n/a	n/a	n/a	n/a	n/a	n/a	n/a	n/a	964.107567	n/a
964.135733	6.717933	385654	sternberg_trial	n/a	n/a	438	0	0	312	1	0	1	965.2882666666665	967.3049333333332	0.0	0.0	0.0	0.0	964.1382333333332	967.3049333333332	969.9219333333332	970.8561666666665	intervals/trials	94	964.138233	970.856167
964.135733	0.000000	385654	ttl	11	n/a	n/a	n/a	n/a	n/a	n/a	n/a	n/a	n/a	n/a	n/a	n/a	n/a	n/a	n/a	n/a	n/a	n/a	n/a	n/a	964.138233	n/a
965.285767	0.000000	386114	stimulus_presentation	n/a	208	n/a	n/a	n/a	n/a	n/a	n/a	n/a	n/a	n/a	n/a	n/a	n/a	n/a	n/a	n/a	n/a	n/a	n/a	n/a	965.288267	n/a
965.285767	0.000000	386114	ttl	1	n/a	n/a	n/a	n/a	n/a	n/a	n/a	n/a	n/a	n/a	n/a	n/a	n/a	n/a	n/a	n/a	n/a	n/a	n/a	n/a	965.288267	n/a
965.295767	0.000000	386118	stimulus_presentation	n/a	0	n/a	n/a	n/a	n/a	n/a	n/a	n/a	n/a	n/a	n/a	n/a	n/a	n/a	n/a	n/a	n/a	n/a	n/a	n/a	965.298267	n/a
965.305767	0.000000	386122	stimulus_presentation	n/a	0	n/a	n/a	n/a	n/a	n/a	n/a	n/a	n/a	n/a	n/a	n/a	n/a	n/a	n/a	n/a	n/a	n/a	n/a	n/a	965.308267	n/a
967.302433	0.000000	386921	ttl	6	n/a	n/a	n/a	n/a	n/a	n/a	n/a	n/a	n/a	n/a	n/a	n/a	n/a	n/a	n/a	n/a	n/a	n/a	n/a	n/a	967.304933	n/a
969.919433	0.000000	387968	stimulus_presentation	n/a	126	n/a	n/a	n/a	n/a	n/a	n/a	n/a	n/a	n/a	n/a	n/a	n/a	n/a	n/a	n/a	n/a	n/a	n/a	n/a	969.921933	n/a
969.919433	0.000000	387968	ttl	7	n/a	n/a	n/a	n/a	n/a	n/a	n/a	n/a	n/a	n/a	n/a	n/a	n/a	n/a	n/a	n/a	n/a	n/a	n/a	n/a	969.921933	n/a
970.853667	0.000000	388341	ttl	8	n/a	n/a	n/a	n/a	n/a	n/a	n/a	n/a	n/a	n/a	n/a	n/a	n/a	n/a	n/a	n/a	n/a	n/a	n/a	n/a	970.856167	n/a
970.885933	11.082267	388354	sternberg_trial	n/a	n/a	140	439	540	320	3	0	1	971.9740666666664	973.9887666666665	974.1402999999999	976.1552333333332	976.2566666666664	978.2731333333332	970.8884333333332	978.2731333333332	981.0384666666664	981.9707	intervals/trials	95	970.888433	981.970700
970.885933	0.000000	388354	ttl	11	n/a	n/a	n/a	n/a	n/a	n/a	n/a	n/a	n/a	n/a	n/a	n/a	n/a	n/a	n/a	n/a	n/a	n/a	n/a	n/a	970.888433	n/a
971.971567	0.000000	388789	stimulus_presentation	n/a	40	n/a	n/a	n/a	n/a	n/a	n/a	n/a	n/a	n/a	n/a	n/a	n/a	n/a	n/a	n/a	n/a	n/a	n/a	n/a	971.974067	n/a
971.971567	0.000000	388789	ttl	1	n/a	n/a	n/a	n/a	n/a	n/a	n/a	n/a	n/a	n/a	n/a	n/a	n/a	n/a	n/a	n/a	n/a	n/a	n/a	n/a	971.974067	n/a
973.986267	0.000000	389595	ttl	5	n/a	n/a	n/a	n/a	n/a	n/a	n/a	n/a	n/a	n/a	n/a	n/a	n/a	n/a	n/a	n/a	n/a	n/a	n/a	n/a	973.988767	n/a
974.137800	0.000000	389655	stimulus_presentation	n/a	209	n/a	n/a	n/a	n/a	n/a	n/a	n/a	n/a	n/a	n/a	n/a	n/a	n/a	n/a	n/a	n/a	n/a	n/a	n/a	974.140300	n/a
974.137800	0.000000	389655	ttl	2	n/a	n/a	n/a	n/a	n/a	n/a	n/a	n/a	n/a	n/a	n/a	n/a	n/a	n/a	n/a	n/a	n/a	n/a	n/a	n/a	974.140300	n/a
976.152733	0.000000	390461	ttl	5	n/a	n/a	n/a	n/a	n/a	n/a	n/a	n/a	n/a	n/a	n/a	n/a	n/a	n/a	n/a	n/a	n/a	n/a	n/a	n/a	976.155233	n/a
976.254167	0.000000	390502	stimulus_presentation	n/a	265	n/a	n/a	n/a	n/a	n/a	n/a	n/a	n/a	n/a	n/a	n/a	n/a	n/a	n/a	n/a	n/a	n/a	n/a	n/a	976.256667	n/a
976.254167	0.000000	390502	ttl	3	n/a	n/a	n/a	n/a	n/a	n/a	n/a	n/a	n/a	n/a	n/a	n/a	n/a	n/a	n/a	n/a	n/a	n/a	n/a	n/a	976.256667	n/a
978.270633	0.000000	391308	ttl	6	n/a	n/a	n/a	n/a	n/a	n/a	n/a	n/a	n/a	n/a	n/a	n/a	n/a	n/a	n/a	n/a	n/a	n/a	n/a	n/a	978.273133	n/a
981.035967	0.000000	392414	stimulus_presentation	n/a	134	n/a	n/a	n/a	n/a	n/a	n/a	n/a	n/a	n/a	n/a	n/a	n/a	n/a	n/a	n/a	n/a	n/a	n/a	n/a	981.038467	n/a
981.035967	0.000000	392414	ttl	7	n/a	n/a	n/a	n/a	n/a	n/a	n/a	n/a	n/a	n/a	n/a	n/a	n/a	n/a	n/a	n/a	n/a	n/a	n/a	n/a	981.038467	n/a
981.968200	0.000000	392787	ttl	8	n/a	n/a	n/a	n/a	n/a	n/a	n/a	n/a	n/a	n/a	n/a	n/a	n/a	n/a	n/a	n/a	n/a	n/a	n/a	n/a	981.970700	n/a
982.002567	11.591567	392801	sternberg_trial	n/a	n/a	239	141	336	141	3	1	0	983.2047333333333	985.2215	985.3409333333332	987.3565333333332	987.5546999999999	989.5715333333333	982.0050666666665	989.5715333333333	992.2382666666665	993.5966333333332	intervals/trials	96	982.005067	993.596633
982.002567	0.000000	392801	ttl	11	n/a	n/a	n/a	n/a	n/a	n/a	n/a	n/a	n/a	n/a	n/a	n/a	n/a	n/a	n/a	n/a	n/a	n/a	n/a	n/a	982.005067	n/a
983.202233	0.000000	393281	stimulus_presentation	n/a	96	n/a	n/a	n/a	n/a	n/a	n/a	n/a	n/a	n/a	n/a	n/a	n/a	n/a	n/a	n/a	n/a	n/a	n/a	n/a	983.204733	n/a
983.202233	0.000000	393281	ttl	1	n/a	n/a	n/a	n/a	n/a	n/a	n/a	n/a	n/a	n/a	n/a	n/a	n/a	n/a	n/a	n/a	n/a	n/a	n/a	n/a	983.204733	n/a
985.219000	0.000000	394088	ttl	5	n/a	n/a	n/a	n/a	n/a	n/a	n/a	n/a	n/a	n/a	n/a	n/a	n/a	n/a	n/a	n/a	n/a	n/a	n/a	n/a	985.221500	n/a
985.338433	0.000000	394135	stimulus_presentation	n/a	41	n/a	n/a	n/a	n/a	n/a	n/a	n/a	n/a	n/a	n/a	n/a	n/a	n/a	n/a	n/a	n/a	n/a	n/a	n/a	985.340933	n/a
985.338433	0.000000	394135	ttl	2	n/a	n/a	n/a	n/a	n/a	n/a	n/a	n/a	n/a	n/a	n/a	n/a	n/a	n/a	n/a	n/a	n/a	n/a	n/a	n/a	985.340933	n/a
987.354033	0.000000	394942	ttl	5	n/a	n/a	n/a	n/a	n/a	n/a	n/a	n/a	n/a	n/a	n/a	n/a	n/a	n/a	n/a	n/a	n/a	n/a	n/a	n/a	987.356533	n/a
987.552200	0.000000	395021	stimulus_presentation	n/a	150	n/a	n/a	n/a	n/a	n/a	n/a	n/a	n/a	n/a	n/a	n/a	n/a	n/a	n/a	n/a	n/a	n/a	n/a	n/a	987.554700	n/a
987.552200	0.000000	395021	ttl	3	n/a	n/a	n/a	n/a	n/a	n/a	n/a	n/a	n/a	n/a	n/a	n/a	n/a	n/a	n/a	n/a	n/a	n/a	n/a	n/a	987.554700	n/a
989.569033	0.000000	395828	ttl	6	n/a	n/a	n/a	n/a	n/a	n/a	n/a	n/a	n/a	n/a	n/a	n/a	n/a	n/a	n/a	n/a	n/a	n/a	n/a	n/a	989.571533	n/a
992.235767	0.000000	396894	stimulus_presentation	n/a	41	n/a	n/a	n/a	n/a	n/a	n/a	n/a	n/a	n/a	n/a	n/a	n/a	n/a	n/a	n/a	n/a	n/a	n/a	n/a	992.238267	n/a
992.235767	0.000000	396894	ttl	7	n/a	n/a	n/a	n/a	n/a	n/a	n/a	n/a	n/a	n/a	n/a	n/a	n/a	n/a	n/a	n/a	n/a	n/a	n/a	n/a	992.238267	n/a
993.594133	0.000000	397438	ttl	8	n/a	n/a	n/a	n/a	n/a	n/a	n/a	n/a	n/a	n/a	n/a	n/a	n/a	n/a	n/a	n/a	n/a	n/a	n/a	n/a	993.596633	n/a
993.618733	12.001467	397447	sternberg_trial	n/a	n/a	337	142	240	240	3	1	0	994.7398	996.7546666666665	996.9398333333332	998.9547333333333	999.1232666666665	1001.1381333333333	993.6212333333332	1001.1381333333333	1003.7889333333333	1005.6227	intervals/trials	97	993.621233	1005.622700
993.618733	0.000000	397447	ttl	11	n/a	n/a	n/a	n/a	n/a	n/a	n/a	n/a	n/a	n/a	n/a	n/a	n/a	n/a	n/a	n/a	n/a	n/a	n/a	n/a	993.621233	n/a
994.737300	0.000000	397895	stimulus_presentation	n/a	151	n/a	n/a	n/a	n/a	n/a	n/a	n/a	n/a	n/a	n/a	n/a	n/a	n/a	n/a	n/a	n/a	n/a	n/a	n/a	994.739800	n/a
994.737300	0.000000	397895	ttl	1	n/a	n/a	n/a	n/a	n/a	n/a	n/a	n/a	n/a	n/a	n/a	n/a	n/a	n/a	n/a	n/a	n/a	n/a	n/a	n/a	994.739800	n/a
996.752167	0.000000	398701	ttl	5	n/a	n/a	n/a	n/a	n/a	n/a	n/a	n/a	n/a	n/a	n/a	n/a	n/a	n/a	n/a	n/a	n/a	n/a	n/a	n/a	996.754667	n/a
996.937333	0.000000	398775	stimulus_presentation	n/a	42	n/a	n/a	n/a	n/a	n/a	n/a	n/a	n/a	n/a	n/a	n/a	n/a	n/a	n/a	n/a	n/a	n/a	n/a	n/a	996.939833	n/a
996.937333	0.000000	398775	ttl	2	n/a	n/a	n/a	n/a	n/a	n/a	n/a	n/a	n/a	n/a	n/a	n/a	n/a	n/a	n/a	n/a	n/a	n/a	n/a	n/a	996.939833	n/a
998.952233	0.000000	399581	ttl	5	n/a	n/a	n/a	n/a	n/a	n/a	n/a	n/a	n/a	n/a	n/a	n/a	n/a	n/a	n/a	n/a	n/a	n/a	n/a	n/a	998.954733	n/a
999.120767	0.000000	399648	stimulus_presentation	n/a	97	n/a	n/a	n/a	n/a	n/a	n/a	n/a	n/a	n/a	n/a	n/a	n/a	n/a	n/a	n/a	n/a	n/a	n/a	n/a	999.123267	n/a
999.120767	0.000000	399648	ttl	3	n/a	n/a	n/a	n/a	n/a	n/a	n/a	n/a	n/a	n/a	n/a	n/a	n/a	n/a	n/a	n/a	n/a	n/a	n/a	n/a	999.123267	n/a
1001.135633	0.000000	400454	ttl	6	n/a	n/a	n/a	n/a	n/a	n/a	n/a	n/a	n/a	n/a	n/a	n/a	n/a	n/a	n/a	n/a	n/a	n/a	n/a	n/a	1001.138133	n/a
1003.786433	0.000000	401515	stimulus_presentation	n/a	97	n/a	n/a	n/a	n/a	n/a	n/a	n/a	n/a	n/a	n/a	n/a	n/a	n/a	n/a	n/a	n/a	n/a	n/a	n/a	1003.788933	n/a
1003.786433	0.000000	401515	ttl	7	n/a	n/a	n/a	n/a	n/a	n/a	n/a	n/a	n/a	n/a	n/a	n/a	n/a	n/a	n/a	n/a	n/a	n/a	n/a	n/a	1003.788933	n/a
1005.620200	0.000000	402248	ttl	8	n/a	n/a	n/a	n/a	n/a	n/a	n/a	n/a	n/a	n/a	n/a	n/a	n/a	n/a	n/a	n/a	n/a	n/a	n/a	n/a	1005.622700	n/a
1005.652633	6.764100	402261	sternberg_trial	n/a	n/a	338	0	0	338	1	1	1	1006.6044999999999	1008.6227333333333	0.0	0.0	0.0	0.0	1005.6551333333332	1008.6227333333333	1011.3382333333332	1012.4192333333332	intervals/trials	98	1005.655133	1012.419233
1005.652633	0.000000	402261	ttl	11	n/a	n/a	n/a	n/a	n/a	n/a	n/a	n/a	n/a	n/a	n/a	n/a	n/a	n/a	n/a	n/a	n/a	n/a	n/a	n/a	1005.655133	n/a
1006.602000	0.000000	402641	stimulus_presentation	n/a	152	n/a	n/a	n/a	n/a	n/a	n/a	n/a	n/a	n/a	n/a	n/a	n/a	n/a	n/a	n/a	n/a	n/a	n/a	n/a	1006.604500	n/a
1006.602000	0.000000	402641	ttl	1	n/a	n/a	n/a	n/a	n/a	n/a	n/a	n/a	n/a	n/a	n/a	n/a	n/a	n/a	n/a	n/a	n/a	n/a	n/a	n/a	1006.604500	n/a
1006.612000	0.000000	402645	stimulus_presentation	n/a	0	n/a	n/a	n/a	n/a	n/a	n/a	n/a	n/a	n/a	n/a	n/a	n/a	n/a	n/a	n/a	n/a	n/a	n/a	n/a	1006.614500	n/a
1006.622000	0.000000	402649	stimulus_presentation	n/a	0	n/a	n/a	n/a	n/a	n/a	n/a	n/a	n/a	n/a	n/a	n/a	n/a	n/a	n/a	n/a	n/a	n/a	n/a	n/a	1006.624500	n/a
1008.620233	0.000000	403448	ttl	6	n/a	n/a	n/a	n/a	n/a	n/a	n/a	n/a	n/a	n/a	n/a	n/a	n/a	n/a	n/a	n/a	n/a	n/a	n/a	n/a	1008.622733	n/a
1011.335733	0.000000	404534	stimulus_presentation	n/a	152	n/a	n/a	n/a	n/a	n/a	n/a	n/a	n/a	n/a	n/a	n/a	n/a	n/a	n/a	n/a	n/a	n/a	n/a	n/a	1011.338233	n/a
1011.335733	0.000000	404534	ttl	7	n/a	n/a	n/a	n/a	n/a	n/a	n/a	n/a	n/a	n/a	n/a	n/a	n/a	n/a	n/a	n/a	n/a	n/a	n/a	n/a	1011.338233	n/a
1012.416733	0.000000	404967	ttl	8	n/a	n/a	n/a	n/a	n/a	n/a	n/a	n/a	n/a	n/a	n/a	n/a	n/a	n/a	n/a	n/a	n/a	n/a	n/a	n/a	1012.419233	n/a
1012.451933	11.639133	404981	sternberg_trial	n/a	n/a	440	143	339	440	3	1	1	1013.4552333333332	1015.4715333333332	1015.4877666666665	1017.5043999999999	1017.6896333333332	1019.7062	1012.4544333333332	1019.7062	1022.4381666666665	1024.0935666666664	intervals/trials	99	1012.454433	1024.093567
1012.451933	0.000000	404981	ttl	11	n/a	n/a	n/a	n/a	n/a	n/a	n/a	n/a	n/a	n/a	n/a	n/a	n/a	n/a	n/a	n/a	n/a	n/a	n/a	n/a	1012.454433	n/a
1013.452733	0.000000	405381	stimulus_presentation	n/a	210	n/a	n/a	n/a	n/a	n/a	n/a	n/a	n/a	n/a	n/a	n/a	n/a	n/a	n/a	n/a	n/a	n/a	n/a	n/a	1013.455233	n/a
1013.452733	0.000000	405381	ttl	1	n/a	n/a	n/a	n/a	n/a	n/a	n/a	n/a	n/a	n/a	n/a	n/a	n/a	n/a	n/a	n/a	n/a	n/a	n/a	n/a	1013.455233	n/a
1015.469033	0.000000	406188	ttl	5	n/a	n/a	n/a	n/a	n/a	n/a	n/a	n/a	n/a	n/a	n/a	n/a	n/a	n/a	n/a	n/a	n/a	n/a	n/a	n/a	1015.471533	n/a
1015.485267	0.000000	406194	stimulus_presentation	n/a	43	n/a	n/a	n/a	n/a	n/a	n/a	n/a	n/a	n/a	n/a	n/a	n/a	n/a	n/a	n/a	n/a	n/a	n/a	n/a	1015.487767	n/a
1015.485267	0.000000	406194	ttl	2	n/a	n/a	n/a	n/a	n/a	n/a	n/a	n/a	n/a	n/a	n/a	n/a	n/a	n/a	n/a	n/a	n/a	n/a	n/a	n/a	1015.487767	n/a
1017.501900	0.000000	407001	ttl	5	n/a	n/a	n/a	n/a	n/a	n/a	n/a	n/a	n/a	n/a	n/a	n/a	n/a	n/a	n/a	n/a	n/a	n/a	n/a	n/a	1017.504400	n/a
1017.687133	0.000000	407075	stimulus_presentation	n/a	153	n/a	n/a	n/a	n/a	n/a	n/a	n/a	n/a	n/a	n/a	n/a	n/a	n/a	n/a	n/a	n/a	n/a	n/a	n/a	1017.689633	n/a
1017.687133	0.000000	407075	ttl	3	n/a	n/a	n/a	n/a	n/a	n/a	n/a	n/a	n/a	n/a	n/a	n/a	n/a	n/a	n/a	n/a	n/a	n/a	n/a	n/a	1017.689633	n/a
1019.703700	0.000000	407881	ttl	6	n/a	n/a	n/a	n/a	n/a	n/a	n/a	n/a	n/a	n/a	n/a	n/a	n/a	n/a	n/a	n/a	n/a	n/a	n/a	n/a	1019.706200	n/a
1022.435667	0.000000	408974	stimulus_presentation	n/a	210	n/a	n/a	n/a	n/a	n/a	n/a	n/a	n/a	n/a	n/a	n/a	n/a	n/a	n/a	n/a	n/a	n/a	n/a	n/a	1022.438167	n/a
1022.435667	0.000000	408974	ttl	7	n/a	n/a	n/a	n/a	n/a	n/a	n/a	n/a	n/a	n/a	n/a	n/a	n/a	n/a	n/a	n/a	n/a	n/a	n/a	n/a	1022.438167	n/a
1024.091067	0.000000	409636	ttl	8	n/a	n/a	n/a	n/a	n/a	n/a	n/a	n/a	n/a	n/a	n/a	n/a	n/a	n/a	n/a	n/a	n/a	n/a	n/a	n/a	1024.093567	n/a
1024.118600	7.104800	409647	sternberg_trial	n/a	n/a	144	0	0	144	1	1	1	1025.2709666666665	1027.2896333333333	0.0	0.0	0.0	0.0	1024.1210999999998	1027.2896333333333	1030.1051333333332	1031.2259	intervals/trials	100	1024.121100	1031.225900
1024.118600	0.000000	409647	ttl	11	n/a	n/a	n/a	n/a	n/a	n/a	n/a	n/a	n/a	n/a	n/a	n/a	n/a	n/a	n/a	n/a	n/a	n/a	n/a	n/a	1024.121100	n/a
1025.268467	0.000000	410107	stimulus_presentation	n/a	44	n/a	n/a	n/a	n/a	n/a	n/a	n/a	n/a	n/a	n/a	n/a	n/a	n/a	n/a	n/a	n/a	n/a	n/a	n/a	1025.270967	n/a
1025.268467	0.000000	410107	ttl	1	n/a	n/a	n/a	n/a	n/a	n/a	n/a	n/a	n/a	n/a	n/a	n/a	n/a	n/a	n/a	n/a	n/a	n/a	n/a	n/a	1025.270967	n/a
1025.278467	0.000000	410111	stimulus_presentation	n/a	0	n/a	n/a	n/a	n/a	n/a	n/a	n/a	n/a	n/a	n/a	n/a	n/a	n/a	n/a	n/a	n/a	n/a	n/a	n/a	1025.280967	n/a
1025.288467	0.000000	410115	stimulus_presentation	n/a	0	n/a	n/a	n/a	n/a	n/a	n/a	n/a	n/a	n/a	n/a	n/a	n/a	n/a	n/a	n/a	n/a	n/a	n/a	n/a	1025.290967	n/a
1027.287133	0.000000	410915	ttl	6	n/a	n/a	n/a	n/a	n/a	n/a	n/a	n/a	n/a	n/a	n/a	n/a	n/a	n/a	n/a	n/a	n/a	n/a	n/a	n/a	1027.289633	n/a
1030.102633	0.000000	412041	stimulus_presentation	n/a	44	n/a	n/a	n/a	n/a	n/a	n/a	n/a	n/a	n/a	n/a	n/a	n/a	n/a	n/a	n/a	n/a	n/a	n/a	n/a	1030.105133	n/a
1030.102633	0.000000	412041	ttl	7	n/a	n/a	n/a	n/a	n/a	n/a	n/a	n/a	n/a	n/a	n/a	n/a	n/a	n/a	n/a	n/a	n/a	n/a	n/a	n/a	1030.105133	n/a
1031.223400	0.000000	412489	ttl	8	n/a	n/a	n/a	n/a	n/a	n/a	n/a	n/a	n/a	n/a	n/a	n/a	n/a	n/a	n/a	n/a	n/a	n/a	n/a	n/a	1031.225900	n/a
1031.252533	12.284667	412501	sternberg_trial	n/a	n/a	241	541	340	434	3	0	1	1032.3890333333331	1034.4047	1034.6218	1036.6390999999999	1036.7562666666665	1038.7735	1031.2550333333331	1038.7735	1041.4878999999999	1043.5397	intervals/trials	101	1031.255033	1043.539700
1031.252533	0.000000	412501	ttl	11	n/a	n/a	n/a	n/a	n/a	n/a	n/a	n/a	n/a	n/a	n/a	n/a	n/a	n/a	n/a	n/a	n/a	n/a	n/a	n/a	1031.255033	n/a
1032.386533	0.000000	412955	stimulus_presentation	n/a	98	n/a	n/a	n/a	n/a	n/a	n/a	n/a	n/a	n/a	n/a	n/a	n/a	n/a	n/a	n/a	n/a	n/a	n/a	n/a	1032.389033	n/a
1032.386533	0.000000	412955	ttl	1	n/a	n/a	n/a	n/a	n/a	n/a	n/a	n/a	n/a	n/a	n/a	n/a	n/a	n/a	n/a	n/a	n/a	n/a	n/a	n/a	1032.389033	n/a
1034.402200	0.000000	413761	ttl	5	n/a	n/a	n/a	n/a	n/a	n/a	n/a	n/a	n/a	n/a	n/a	n/a	n/a	n/a	n/a	n/a	n/a	n/a	n/a	n/a	1034.404700	n/a
1034.619300	0.000000	413848	stimulus_presentation	n/a	266	n/a	n/a	n/a	n/a	n/a	n/a	n/a	n/a	n/a	n/a	n/a	n/a	n/a	n/a	n/a	n/a	n/a	n/a	n/a	1034.621800	n/a
1034.619300	0.000000	413848	ttl	2	n/a	n/a	n/a	n/a	n/a	n/a	n/a	n/a	n/a	n/a	n/a	n/a	n/a	n/a	n/a	n/a	n/a	n/a	n/a	n/a	1034.621800	n/a
1036.636600	0.000000	414655	ttl	5	n/a	n/a	n/a	n/a	n/a	n/a	n/a	n/a	n/a	n/a	n/a	n/a	n/a	n/a	n/a	n/a	n/a	n/a	n/a	n/a	1036.639100	n/a
1036.753767	0.000000	414702	stimulus_presentation	n/a	154	n/a	n/a	n/a	n/a	n/a	n/a	n/a	n/a	n/a	n/a	n/a	n/a	n/a	n/a	n/a	n/a	n/a	n/a	n/a	1036.756267	n/a
1036.753767	0.000000	414702	ttl	3	n/a	n/a	n/a	n/a	n/a	n/a	n/a	n/a	n/a	n/a	n/a	n/a	n/a	n/a	n/a	n/a	n/a	n/a	n/a	n/a	1036.756267	n/a
1038.771000	0.000000	415508	ttl	6	n/a	n/a	n/a	n/a	n/a	n/a	n/a	n/a	n/a	n/a	n/a	n/a	n/a	n/a	n/a	n/a	n/a	n/a	n/a	n/a	1038.773500	n/a
1041.485400	0.000000	416594	stimulus_presentation	n/a	204	n/a	n/a	n/a	n/a	n/a	n/a	n/a	n/a	n/a	n/a	n/a	n/a	n/a	n/a	n/a	n/a	n/a	n/a	n/a	1041.487900	n/a
1041.485400	0.000000	416594	ttl	7	n/a	n/a	n/a	n/a	n/a	n/a	n/a	n/a	n/a	n/a	n/a	n/a	n/a	n/a	n/a	n/a	n/a	n/a	n/a	n/a	1041.487900	n/a
1043.537200	0.000000	417415	ttl	8	n/a	n/a	n/a	n/a	n/a	n/a	n/a	n/a	n/a	n/a	n/a	n/a	n/a	n/a	n/a	n/a	n/a	n/a	n/a	n/a	1043.539700	n/a
1043.568700	6.892933	417427	sternberg_trial	n/a	n/a	441	0	0	441	1	1	0	1044.7209333333333	1046.7376	0.0	0.0	0.0	0.0	1043.5711999999999	1046.7376	1049.4714	1050.4641333333332	intervals/trials	102	1043.571200	1050.464133
1043.568700	0.000000	417427	ttl	11	n/a	n/a	n/a	n/a	n/a	n/a	n/a	n/a	n/a	n/a	n/a	n/a	n/a	n/a	n/a	n/a	n/a	n/a	n/a	n/a	1043.571200	n/a
1044.718433	0.000000	417887	stimulus_presentation	n/a	211	n/a	n/a	n/a	n/a	n/a	n/a	n/a	n/a	n/a	n/a	n/a	n/a	n/a	n/a	n/a	n/a	n/a	n/a	n/a	1044.720933	n/a
1044.718433	0.000000	417887	ttl	1	n/a	n/a	n/a	n/a	n/a	n/a	n/a	n/a	n/a	n/a	n/a	n/a	n/a	n/a	n/a	n/a	n/a	n/a	n/a	n/a	1044.720933	n/a
1044.728433	0.000000	417891	stimulus_presentation	n/a	0	n/a	n/a	n/a	n/a	n/a	n/a	n/a	n/a	n/a	n/a	n/a	n/a	n/a	n/a	n/a	n/a	n/a	n/a	n/a	1044.730933	n/a
1044.738433	0.000000	417895	stimulus_presentation	n/a	0	n/a	n/a	n/a	n/a	n/a	n/a	n/a	n/a	n/a	n/a	n/a	n/a	n/a	n/a	n/a	n/a	n/a	n/a	n/a	1044.740933	n/a
1046.735100	0.000000	418694	ttl	6	n/a	n/a	n/a	n/a	n/a	n/a	n/a	n/a	n/a	n/a	n/a	n/a	n/a	n/a	n/a	n/a	n/a	n/a	n/a	n/a	1046.737600	n/a
1049.468900	0.000000	419788	stimulus_presentation	n/a	211	n/a	n/a	n/a	n/a	n/a	n/a	n/a	n/a	n/a	n/a	n/a	n/a	n/a	n/a	n/a	n/a	n/a	n/a	n/a	1049.471400	n/a
1049.468900	0.000000	419788	ttl	7	n/a	n/a	n/a	n/a	n/a	n/a	n/a	n/a	n/a	n/a	n/a	n/a	n/a	n/a	n/a	n/a	n/a	n/a	n/a	n/a	1049.471400	n/a
1050.461633	0.000000	420185	ttl	8	n/a	n/a	n/a	n/a	n/a	n/a	n/a	n/a	n/a	n/a	n/a	n/a	n/a	n/a	n/a	n/a	n/a	n/a	n/a	n/a	1050.464133	n/a
1050.485033	11.458800	420194	sternberg_trial	n/a	n/a	542	341	442	206	3	0	1	1051.5219666666665	1053.5395666666664	1053.6876	1055.7059	1055.7374666666665	1057.7541999999999	1050.4875333333332	1057.7541999999999	1060.4884	1061.9463333333333	intervals/trials	103	1050.487533	1061.946333
1050.485033	0.000000	420194	ttl	11	n/a	n/a	n/a	n/a	n/a	n/a	n/a	n/a	n/a	n/a	n/a	n/a	n/a	n/a	n/a	n/a	n/a	n/a	n/a	n/a	1050.487533	n/a
1051.519467	0.000000	420608	stimulus_presentation	n/a	267	n/a	n/a	n/a	n/a	n/a	n/a	n/a	n/a	n/a	n/a	n/a	n/a	n/a	n/a	n/a	n/a	n/a	n/a	n/a	1051.521967	n/a
1051.519467	0.000000	420608	ttl	1	n/a	n/a	n/a	n/a	n/a	n/a	n/a	n/a	n/a	n/a	n/a	n/a	n/a	n/a	n/a	n/a	n/a	n/a	n/a	n/a	1051.521967	n/a
1053.537067	0.000000	421415	ttl	5	n/a	n/a	n/a	n/a	n/a	n/a	n/a	n/a	n/a	n/a	n/a	n/a	n/a	n/a	n/a	n/a	n/a	n/a	n/a	n/a	1053.539567	n/a
1053.685100	0.000000	421474	stimulus_presentation	n/a	155	n/a	n/a	n/a	n/a	n/a	n/a	n/a	n/a	n/a	n/a	n/a	n/a	n/a	n/a	n/a	n/a	n/a	n/a	n/a	1053.687600	n/a
1053.685100	0.000000	421474	ttl	2	n/a	n/a	n/a	n/a	n/a	n/a	n/a	n/a	n/a	n/a	n/a	n/a	n/a	n/a	n/a	n/a	n/a	n/a	n/a	n/a	1053.687600	n/a
1055.703400	0.000000	422281	ttl	5	n/a	n/a	n/a	n/a	n/a	n/a	n/a	n/a	n/a	n/a	n/a	n/a	n/a	n/a	n/a	n/a	n/a	n/a	n/a	n/a	1055.705900	n/a
1055.734967	0.000000	422294	stimulus_presentation	n/a	212	n/a	n/a	n/a	n/a	n/a	n/a	n/a	n/a	n/a	n/a	n/a	n/a	n/a	n/a	n/a	n/a	n/a	n/a	n/a	1055.737467	n/a
1055.734967	0.000000	422294	ttl	3	n/a	n/a	n/a	n/a	n/a	n/a	n/a	n/a	n/a	n/a	n/a	n/a	n/a	n/a	n/a	n/a	n/a	n/a	n/a	n/a	1055.737467	n/a
1057.751700	0.000000	423101	ttl	6	n/a	n/a	n/a	n/a	n/a	n/a	n/a	n/a	n/a	n/a	n/a	n/a	n/a	n/a	n/a	n/a	n/a	n/a	n/a	n/a	1057.754200	n/a
1060.485900	0.000000	424194	stimulus_presentation	n/a	63	n/a	n/a	n/a	n/a	n/a	n/a	n/a	n/a	n/a	n/a	n/a	n/a	n/a	n/a	n/a	n/a	n/a	n/a	n/a	1060.488400	n/a
1060.485900	0.000000	424194	ttl	7	n/a	n/a	n/a	n/a	n/a	n/a	n/a	n/a	n/a	n/a	n/a	n/a	n/a	n/a	n/a	n/a	n/a	n/a	n/a	n/a	1060.488400	n/a
1061.943833	0.000000	424778	ttl	8	n/a	n/a	n/a	n/a	n/a	n/a	n/a	n/a	n/a	n/a	n/a	n/a	n/a	n/a	n/a	n/a	n/a	n/a	n/a	n/a	1061.946333	n/a
1061.968733	13.520367	424787	sternberg_trial	n/a	n/a	543	145	443	318	3	0	1	1063.1708333333331	1065.189033333333	1065.3558666666665	1067.3713333333333	1067.5067666666664	1069.5206333333333	1061.9712333333332	1069.5206333333333	1072.2875666666664	1075.4916	intervals/trials	104	1061.971233	1075.491600
1061.968733	0.000000	424787	ttl	11	n/a	n/a	n/a	n/a	n/a	n/a	n/a	n/a	n/a	n/a	n/a	n/a	n/a	n/a	n/a	n/a	n/a	n/a	n/a	n/a	1061.971233	n/a
1063.168333	0.000000	425267	stimulus_presentation	n/a	268	n/a	n/a	n/a	n/a	n/a	n/a	n/a	n/a	n/a	n/a	n/a	n/a	n/a	n/a	n/a	n/a	n/a	n/a	n/a	1063.170833	n/a
1063.168333	0.000000	425267	ttl	1	n/a	n/a	n/a	n/a	n/a	n/a	n/a	n/a	n/a	n/a	n/a	n/a	n/a	n/a	n/a	n/a	n/a	n/a	n/a	n/a	1063.170833	n/a
1065.186533	0.000000	426075	ttl	5	n/a	n/a	n/a	n/a	n/a	n/a	n/a	n/a	n/a	n/a	n/a	n/a	n/a	n/a	n/a	n/a	n/a	n/a	n/a	n/a	1065.189033	n/a
1065.353367	0.000000	426141	stimulus_presentation	n/a	45	n/a	n/a	n/a	n/a	n/a	n/a	n/a	n/a	n/a	n/a	n/a	n/a	n/a	n/a	n/a	n/a	n/a	n/a	n/a	1065.355867	n/a
1065.353367	0.000000	426141	ttl	2	n/a	n/a	n/a	n/a	n/a	n/a	n/a	n/a	n/a	n/a	n/a	n/a	n/a	n/a	n/a	n/a	n/a	n/a	n/a	n/a	1065.355867	n/a
1067.368833	0.000000	426948	ttl	5	n/a	n/a	n/a	n/a	n/a	n/a	n/a	n/a	n/a	n/a	n/a	n/a	n/a	n/a	n/a	n/a	n/a	n/a	n/a	n/a	1067.371333	n/a
1067.504267	0.000000	427002	stimulus_presentation	n/a	213	n/a	n/a	n/a	n/a	n/a	n/a	n/a	n/a	n/a	n/a	n/a	n/a	n/a	n/a	n/a	n/a	n/a	n/a	n/a	1067.506767	n/a
1067.504267	0.000000	427002	ttl	3	n/a	n/a	n/a	n/a	n/a	n/a	n/a	n/a	n/a	n/a	n/a	n/a	n/a	n/a	n/a	n/a	n/a	n/a	n/a	n/a	1067.506767	n/a
1069.518133	0.000000	427807	ttl	6	n/a	n/a	n/a	n/a	n/a	n/a	n/a	n/a	n/a	n/a	n/a	n/a	n/a	n/a	n/a	n/a	n/a	n/a	n/a	n/a	1069.520633	n/a
1072.285067	0.000000	428914	stimulus_presentation	n/a	132	n/a	n/a	n/a	n/a	n/a	n/a	n/a	n/a	n/a	n/a	n/a	n/a	n/a	n/a	n/a	n/a	n/a	n/a	n/a	1072.287567	n/a
1072.285067	0.000000	428914	ttl	7	n/a	n/a	n/a	n/a	n/a	n/a	n/a	n/a	n/a	n/a	n/a	n/a	n/a	n/a	n/a	n/a	n/a	n/a	n/a	n/a	1072.287567	n/a
1075.489100	0.000000	430196	ttl	8	n/a	n/a	n/a	n/a	n/a	n/a	n/a	n/a	n/a	n/a	n/a	n/a	n/a	n/a	n/a	n/a	n/a	n/a	n/a	n/a	1075.491600	n/a
1075.518267	12.476433	430207	sternberg_trial	n/a	n/a	544	242	444	142	3	0	1	1076.6226	1078.6372666666664	1078.7555333333332	1080.7724	1080.9539	1082.9704	1075.5207666666665	1082.9704	1085.5874999999999	1087.9972	intervals/trials	105	1075.520767	1087.997200
1075.518267	0.000000	430207	ttl	11	n/a	n/a	n/a	n/a	n/a	n/a	n/a	n/a	n/a	n/a	n/a	n/a	n/a	n/a	n/a	n/a	n/a	n/a	n/a	n/a	1075.520767	n/a
1076.620100	0.000000	430648	stimulus_presentation	n/a	269	n/a	n/a	n/a	n/a	n/a	n/a	n/a	n/a	n/a	n/a	n/a	n/a	n/a	n/a	n/a	n/a	n/a	n/a	n/a	1076.622600	n/a
1076.620100	0.000000	430648	ttl	1	n/a	n/a	n/a	n/a	n/a	n/a	n/a	n/a	n/a	n/a	n/a	n/a	n/a	n/a	n/a	n/a	n/a	n/a	n/a	n/a	1076.622600	n/a
1078.634767	0.000000	431454	ttl	5	n/a	n/a	n/a	n/a	n/a	n/a	n/a	n/a	n/a	n/a	n/a	n/a	n/a	n/a	n/a	n/a	n/a	n/a	n/a	n/a	1078.637267	n/a
1078.753033	0.000000	431501	stimulus_presentation	n/a	99	n/a	n/a	n/a	n/a	n/a	n/a	n/a	n/a	n/a	n/a	n/a	n/a	n/a	n/a	n/a	n/a	n/a	n/a	n/a	1078.755533	n/a
1078.753033	0.000000	431501	ttl	2	n/a	n/a	n/a	n/a	n/a	n/a	n/a	n/a	n/a	n/a	n/a	n/a	n/a	n/a	n/a	n/a	n/a	n/a	n/a	n/a	1078.755533	n/a
1080.769900	0.000000	432308	ttl	5	n/a	n/a	n/a	n/a	n/a	n/a	n/a	n/a	n/a	n/a	n/a	n/a	n/a	n/a	n/a	n/a	n/a	n/a	n/a	n/a	1080.772400	n/a
1080.951400	0.000000	432381	stimulus_presentation	n/a	214	n/a	n/a	n/a	n/a	n/a	n/a	n/a	n/a	n/a	n/a	n/a	n/a	n/a	n/a	n/a	n/a	n/a	n/a	n/a	1080.953900	n/a
1080.951400	0.000000	432381	ttl	3	n/a	n/a	n/a	n/a	n/a	n/a	n/a	n/a	n/a	n/a	n/a	n/a	n/a	n/a	n/a	n/a	n/a	n/a	n/a	n/a	1080.953900	n/a
1082.967900	0.000000	433187	ttl	6	n/a	n/a	n/a	n/a	n/a	n/a	n/a	n/a	n/a	n/a	n/a	n/a	n/a	n/a	n/a	n/a	n/a	n/a	n/a	n/a	1082.970400	n/a
1085.585000	0.000000	434234	stimulus_presentation	n/a	42	n/a	n/a	n/a	n/a	n/a	n/a	n/a	n/a	n/a	n/a	n/a	n/a	n/a	n/a	n/a	n/a	n/a	n/a	n/a	1085.587500	n/a
1085.585000	0.000000	434234	ttl	7	n/a	n/a	n/a	n/a	n/a	n/a	n/a	n/a	n/a	n/a	n/a	n/a	n/a	n/a	n/a	n/a	n/a	n/a	n/a	n/a	1085.587500	n/a
1087.994700	0.000000	435198	ttl	8	n/a	n/a	n/a	n/a	n/a	n/a	n/a	n/a	n/a	n/a	n/a	n/a	n/a	n/a	n/a	n/a	n/a	n/a	n/a	n/a	1087.997200	n/a
1088.018267	8.196533	435207	sternberg_trial	n/a	n/a	243	0	0	316	1	0	1	1089.0729666666664	1091.087533333333	0.0	0.0	0.0	0.0	1088.0207666666665	1091.087533333333	1093.6891333333333	1096.2173	intervals/trials	106	1088.020767	1096.217300
1088.018267	0.000000	435207	ttl	11	n/a	n/a	n/a	n/a	n/a	n/a	n/a	n/a	n/a	n/a	n/a	n/a	n/a	n/a	n/a	n/a	n/a	n/a	n/a	n/a	1088.020767	n/a
1089.070467	0.000000	435628	stimulus_presentation	n/a	100	n/a	n/a	n/a	n/a	n/a	n/a	n/a	n/a	n/a	n/a	n/a	n/a	n/a	n/a	n/a	n/a	n/a	n/a	n/a	1089.072967	n/a
1089.070467	0.000000	435628	ttl	1	n/a	n/a	n/a	n/a	n/a	n/a	n/a	n/a	n/a	n/a	n/a	n/a	n/a	n/a	n/a	n/a	n/a	n/a	n/a	n/a	1089.072967	n/a
1089.080467	0.000000	435632	stimulus_presentation	n/a	0	n/a	n/a	n/a	n/a	n/a	n/a	n/a	n/a	n/a	n/a	n/a	n/a	n/a	n/a	n/a	n/a	n/a	n/a	n/a	1089.082967	n/a
1089.090467	0.000000	435636	stimulus_presentation	n/a	0	n/a	n/a	n/a	n/a	n/a	n/a	n/a	n/a	n/a	n/a	n/a	n/a	n/a	n/a	n/a	n/a	n/a	n/a	n/a	1089.092967	n/a
1091.085033	0.000000	436434	ttl	6	n/a	n/a	n/a	n/a	n/a	n/a	n/a	n/a	n/a	n/a	n/a	n/a	n/a	n/a	n/a	n/a	n/a	n/a	n/a	n/a	1091.087533	n/a
1093.686633	0.000000	437475	stimulus_presentation	n/a	130	n/a	n/a	n/a	n/a	n/a	n/a	n/a	n/a	n/a	n/a	n/a	n/a	n/a	n/a	n/a	n/a	n/a	n/a	n/a	1093.689133	n/a
1093.686633	0.000000	437475	ttl	7	n/a	n/a	n/a	n/a	n/a	n/a	n/a	n/a	n/a	n/a	n/a	n/a	n/a	n/a	n/a	n/a	n/a	n/a	n/a	n/a	1093.689133	n/a
1096.214800	0.000000	438486	ttl	8	n/a	n/a	n/a	n/a	n/a	n/a	n/a	n/a	n/a	n/a	n/a	n/a	n/a	n/a	n/a	n/a	n/a	n/a	n/a	n/a	1096.217300	n/a
1096.252167	11.812700	438501	sternberg_trial	n/a	n/a	244	146	342	146	3	1	1	1097.222	1099.2369333333331	1099.2878333333333	1101.3037	1101.3538999999998	1103.3715333333332	1096.2546666666665	1103.3715333333332	1105.9374333333333	1108.0673666666664	intervals/trials	107	1096.254667	1108.067367
1096.252167	0.000000	438501	ttl	11	n/a	n/a	n/a	n/a	n/a	n/a	n/a	n/a	n/a	n/a	n/a	n/a	n/a	n/a	n/a	n/a	n/a	n/a	n/a	n/a	1096.254667	n/a
1097.219500	0.000000	438888	stimulus_presentation	n/a	101	n/a	n/a	n/a	n/a	n/a	n/a	n/a	n/a	n/a	n/a	n/a	n/a	n/a	n/a	n/a	n/a	n/a	n/a	n/a	1097.222000	n/a
1097.219500	0.000000	438888	ttl	1	n/a	n/a	n/a	n/a	n/a	n/a	n/a	n/a	n/a	n/a	n/a	n/a	n/a	n/a	n/a	n/a	n/a	n/a	n/a	n/a	1097.222000	n/a
1099.234433	0.000000	439694	ttl	5	n/a	n/a	n/a	n/a	n/a	n/a	n/a	n/a	n/a	n/a	n/a	n/a	n/a	n/a	n/a	n/a	n/a	n/a	n/a	n/a	1099.236933	n/a
1099.285333	0.000000	439714	stimulus_presentation	n/a	46	n/a	n/a	n/a	n/a	n/a	n/a	n/a	n/a	n/a	n/a	n/a	n/a	n/a	n/a	n/a	n/a	n/a	n/a	n/a	1099.287833	n/a
1099.285333	0.000000	439714	ttl	2	n/a	n/a	n/a	n/a	n/a	n/a	n/a	n/a	n/a	n/a	n/a	n/a	n/a	n/a	n/a	n/a	n/a	n/a	n/a	n/a	1099.287833	n/a
1101.301200	0.000000	440520	ttl	5	n/a	n/a	n/a	n/a	n/a	n/a	n/a	n/a	n/a	n/a	n/a	n/a	n/a	n/a	n/a	n/a	n/a	n/a	n/a	n/a	1101.303700	n/a
1101.351400	0.000000	440541	stimulus_presentation	n/a	156	n/a	n/a	n/a	n/a	n/a	n/a	n/a	n/a	n/a	n/a	n/a	n/a	n/a	n/a	n/a	n/a	n/a	n/a	n/a	1101.353900	n/a
1101.351400	0.000000	440541	ttl	3	n/a	n/a	n/a	n/a	n/a	n/a	n/a	n/a	n/a	n/a	n/a	n/a	n/a	n/a	n/a	n/a	n/a	n/a	n/a	n/a	1101.353900	n/a
1103.369033	0.000000	441348	ttl	6	n/a	n/a	n/a	n/a	n/a	n/a	n/a	n/a	n/a	n/a	n/a	n/a	n/a	n/a	n/a	n/a	n/a	n/a	n/a	n/a	1103.371533	n/a
1105.934933	0.000000	442374	stimulus_presentation	n/a	46	n/a	n/a	n/a	n/a	n/a	n/a	n/a	n/a	n/a	n/a	n/a	n/a	n/a	n/a	n/a	n/a	n/a	n/a	n/a	1105.937433	n/a
1105.934933	0.000000	442374	ttl	7	n/a	n/a	n/a	n/a	n/a	n/a	n/a	n/a	n/a	n/a	n/a	n/a	n/a	n/a	n/a	n/a	n/a	n/a	n/a	n/a	1105.937433	n/a
1108.064867	0.000000	443226	ttl	8	n/a	n/a	n/a	n/a	n/a	n/a	n/a	n/a	n/a	n/a	n/a	n/a	n/a	n/a	n/a	n/a	n/a	n/a	n/a	n/a	1108.067367	n/a
1108.101200	6.408367	443240	sternberg_trial	n/a	n/a	343	0	0	343	1	1	1	1109.1553666666664	1111.1704666666665	0.0	0.0	0.0	0.0	1108.1037	1111.1704666666665	1113.8873333333331	1114.5120666666664	intervals/trials	108	1108.103700	1114.512067
1108.101200	0.000000	443240	ttl	11	n/a	n/a	n/a	n/a	n/a	n/a	n/a	n/a	n/a	n/a	n/a	n/a	n/a	n/a	n/a	n/a	n/a	n/a	n/a	n/a	1108.103700	n/a
1109.152867	0.000000	443661	stimulus_presentation	n/a	157	n/a	n/a	n/a	n/a	n/a	n/a	n/a	n/a	n/a	n/a	n/a	n/a	n/a	n/a	n/a	n/a	n/a	n/a	n/a	1109.155367	n/a
1109.152867	0.000000	443661	ttl	1	n/a	n/a	n/a	n/a	n/a	n/a	n/a	n/a	n/a	n/a	n/a	n/a	n/a	n/a	n/a	n/a	n/a	n/a	n/a	n/a	1109.155367	n/a
1109.162867	0.000000	443665	stimulus_presentation	n/a	0	n/a	n/a	n/a	n/a	n/a	n/a	n/a	n/a	n/a	n/a	n/a	n/a	n/a	n/a	n/a	n/a	n/a	n/a	n/a	1109.165367	n/a
1109.172867	0.000000	443669	stimulus_presentation	n/a	0	n/a	n/a	n/a	n/a	n/a	n/a	n/a	n/a	n/a	n/a	n/a	n/a	n/a	n/a	n/a	n/a	n/a	n/a	n/a	1109.175367	n/a
1111.167967	0.000000	444467	ttl	6	n/a	n/a	n/a	n/a	n/a	n/a	n/a	n/a	n/a	n/a	n/a	n/a	n/a	n/a	n/a	n/a	n/a	n/a	n/a	n/a	1111.170467	n/a
1113.884833	0.000000	445554	stimulus_presentation	n/a	157	n/a	n/a	n/a	n/a	n/a	n/a	n/a	n/a	n/a	n/a	n/a	n/a	n/a	n/a	n/a	n/a	n/a	n/a	n/a	1113.887333	n/a
1113.884833	0.000000	445554	ttl	7	n/a	n/a	n/a	n/a	n/a	n/a	n/a	n/a	n/a	n/a	n/a	n/a	n/a	n/a	n/a	n/a	n/a	n/a	n/a	n/a	1113.887333	n/a
1114.509567	0.000000	445804	ttl	8	n/a	n/a	n/a	n/a	n/a	n/a	n/a	n/a	n/a	n/a	n/a	n/a	n/a	n/a	n/a	n/a	n/a	n/a	n/a	n/a	1114.512067	n/a
1114.534500	11.457433	445814	sternberg_trial	n/a	n/a	445	344	245	127	3	0	1	1115.5202666666664	1117.5373333333332	1117.655533333333	1119.6705666666664	1119.8553666666664	1121.8704	1114.537	1121.8704	1124.6035333333332	1125.9944333333333	intervals/trials	109	1114.537000	1125.994433
1114.534500	0.000000	445814	ttl	11	n/a	n/a	n/a	n/a	n/a	n/a	n/a	n/a	n/a	n/a	n/a	n/a	n/a	n/a	n/a	n/a	n/a	n/a	n/a	n/a	1114.537000	n/a
1115.517767	0.000000	446207	stimulus_presentation	n/a	215	n/a	n/a	n/a	n/a	n/a	n/a	n/a	n/a	n/a	n/a	n/a	n/a	n/a	n/a	n/a	n/a	n/a	n/a	n/a	1115.520267	n/a
1115.517767	0.000000	446207	ttl	1	n/a	n/a	n/a	n/a	n/a	n/a	n/a	n/a	n/a	n/a	n/a	n/a	n/a	n/a	n/a	n/a	n/a	n/a	n/a	n/a	1115.520267	n/a
1117.534833	0.000000	447014	ttl	5	n/a	n/a	n/a	n/a	n/a	n/a	n/a	n/a	n/a	n/a	n/a	n/a	n/a	n/a	n/a	n/a	n/a	n/a	n/a	n/a	1117.537333	n/a
1117.653033	0.000000	447061	stimulus_presentation	n/a	158	n/a	n/a	n/a	n/a	n/a	n/a	n/a	n/a	n/a	n/a	n/a	n/a	n/a	n/a	n/a	n/a	n/a	n/a	n/a	1117.655533	n/a
1117.653033	0.000000	447061	ttl	2	n/a	n/a	n/a	n/a	n/a	n/a	n/a	n/a	n/a	n/a	n/a	n/a	n/a	n/a	n/a	n/a	n/a	n/a	n/a	n/a	1117.655533	n/a
1119.668067	0.000000	447867	ttl	5	n/a	n/a	n/a	n/a	n/a	n/a	n/a	n/a	n/a	n/a	n/a	n/a	n/a	n/a	n/a	n/a	n/a	n/a	n/a	n/a	1119.670567	n/a
1119.852867	0.000000	447941	stimulus_presentation	n/a	102	n/a	n/a	n/a	n/a	n/a	n/a	n/a	n/a	n/a	n/a	n/a	n/a	n/a	n/a	n/a	n/a	n/a	n/a	n/a	1119.855367	n/a
1119.852867	0.000000	447941	ttl	3	n/a	n/a	n/a	n/a	n/a	n/a	n/a	n/a	n/a	n/a	n/a	n/a	n/a	n/a	n/a	n/a	n/a	n/a	n/a	n/a	1119.855367	n/a
1121.867900	0.000000	448747	ttl	6	n/a	n/a	n/a	n/a	n/a	n/a	n/a	n/a	n/a	n/a	n/a	n/a	n/a	n/a	n/a	n/a	n/a	n/a	n/a	n/a	1121.870400	n/a
1124.601033	0.000000	449840	stimulus_presentation	n/a	27	n/a	n/a	n/a	n/a	n/a	n/a	n/a	n/a	n/a	n/a	n/a	n/a	n/a	n/a	n/a	n/a	n/a	n/a	n/a	1124.603533	n/a
1124.601033	0.000000	449840	ttl	7	n/a	n/a	n/a	n/a	n/a	n/a	n/a	n/a	n/a	n/a	n/a	n/a	n/a	n/a	n/a	n/a	n/a	n/a	n/a	n/a	1124.603533	n/a
1125.991933	0.000000	450397	ttl	8	n/a	n/a	n/a	n/a	n/a	n/a	n/a	n/a	n/a	n/a	n/a	n/a	n/a	n/a	n/a	n/a	n/a	n/a	n/a	n/a	1125.994433	n/a
1126.018633	12.031100	450407	sternberg_trial	n/a	n/a	147	246	545	545	3	1	1	1127.1203666666665	1129.1397	1129.2386999999999	1131.2552666666666	1131.3201333333332	1133.3384333333331	1126.0211333333332	1133.3384333333331	1136.0538666666664	1138.052233333333	intervals/trials	110	1126.021133	1138.052233
1126.018633	0.000000	450407	ttl	11	n/a	n/a	n/a	n/a	n/a	n/a	n/a	n/a	n/a	n/a	n/a	n/a	n/a	n/a	n/a	n/a	n/a	n/a	n/a	n/a	1126.021133	n/a
1127.117867	0.000000	450847	stimulus_presentation	n/a	47	n/a	n/a	n/a	n/a	n/a	n/a	n/a	n/a	n/a	n/a	n/a	n/a	n/a	n/a	n/a	n/a	n/a	n/a	n/a	1127.120367	n/a
1127.117867	0.000000	450847	ttl	1	n/a	n/a	n/a	n/a	n/a	n/a	n/a	n/a	n/a	n/a	n/a	n/a	n/a	n/a	n/a	n/a	n/a	n/a	n/a	n/a	1127.120367	n/a
1129.137200	0.000000	451655	ttl	5	n/a	n/a	n/a	n/a	n/a	n/a	n/a	n/a	n/a	n/a	n/a	n/a	n/a	n/a	n/a	n/a	n/a	n/a	n/a	n/a	1129.139700	n/a
1129.236200	0.000000	451694	stimulus_presentation	n/a	103	n/a	n/a	n/a	n/a	n/a	n/a	n/a	n/a	n/a	n/a	n/a	n/a	n/a	n/a	n/a	n/a	n/a	n/a	n/a	1129.238700	n/a
1129.236200	0.000000	451694	ttl	2	n/a	n/a	n/a	n/a	n/a	n/a	n/a	n/a	n/a	n/a	n/a	n/a	n/a	n/a	n/a	n/a	n/a	n/a	n/a	n/a	1129.238700	n/a
1131.252767	0.000000	452501	ttl	5	n/a	n/a	n/a	n/a	n/a	n/a	n/a	n/a	n/a	n/a	n/a	n/a	n/a	n/a	n/a	n/a	n/a	n/a	n/a	n/a	1131.255267	n/a
1131.317633	0.000000	452527	stimulus_presentation	n/a	270	n/a	n/a	n/a	n/a	n/a	n/a	n/a	n/a	n/a	n/a	n/a	n/a	n/a	n/a	n/a	n/a	n/a	n/a	n/a	1131.320133	n/a
1131.317633	0.000000	452527	ttl	3	n/a	n/a	n/a	n/a	n/a	n/a	n/a	n/a	n/a	n/a	n/a	n/a	n/a	n/a	n/a	n/a	n/a	n/a	n/a	n/a	1131.320133	n/a
1133.335933	0.000000	453334	ttl	6	n/a	n/a	n/a	n/a	n/a	n/a	n/a	n/a	n/a	n/a	n/a	n/a	n/a	n/a	n/a	n/a	n/a	n/a	n/a	n/a	1133.338433	n/a
1136.051367	0.000000	454421	stimulus_presentation	n/a	270	n/a	n/a	n/a	n/a	n/a	n/a	n/a	n/a	n/a	n/a	n/a	n/a	n/a	n/a	n/a	n/a	n/a	n/a	n/a	1136.053867	n/a
1136.051367	0.000000	454421	ttl	7	n/a	n/a	n/a	n/a	n/a	n/a	n/a	n/a	n/a	n/a	n/a	n/a	n/a	n/a	n/a	n/a	n/a	n/a	n/a	n/a	1136.053867	n/a
1138.049733	0.000000	455220	ttl	8	n/a	n/a	n/a	n/a	n/a	n/a	n/a	n/a	n/a	n/a	n/a	n/a	n/a	n/a	n/a	n/a	n/a	n/a	n/a	n/a	1138.052233	n/a
1138.084367	12.007200	455234	sternberg_trial	n/a	n/a	446	148	546	337	3	0	1	1139.0532666666666	1141.0699	1141.2052333333331	1143.22	1143.3533666666665	1145.370233333333	1138.0868666666665	1145.370233333333	1148.0034333333333	1150.0940666666665	intervals/trials	111	1138.086867	1150.094067
1138.084367	0.000000	455234	ttl	11	n/a	n/a	n/a	n/a	n/a	n/a	n/a	n/a	n/a	n/a	n/a	n/a	n/a	n/a	n/a	n/a	n/a	n/a	n/a	n/a	1138.086867	n/a
1139.050767	0.000000	455620	stimulus_presentation	n/a	216	n/a	n/a	n/a	n/a	n/a	n/a	n/a	n/a	n/a	n/a	n/a	n/a	n/a	n/a	n/a	n/a	n/a	n/a	n/a	1139.053267	n/a
1139.050767	0.000000	455620	ttl	1	n/a	n/a	n/a	n/a	n/a	n/a	n/a	n/a	n/a	n/a	n/a	n/a	n/a	n/a	n/a	n/a	n/a	n/a	n/a	n/a	1139.053267	n/a
1141.067400	0.000000	456427	ttl	5	n/a	n/a	n/a	n/a	n/a	n/a	n/a	n/a	n/a	n/a	n/a	n/a	n/a	n/a	n/a	n/a	n/a	n/a	n/a	n/a	1141.069900	n/a
1141.202733	0.000000	456481	stimulus_presentation	n/a	48	n/a	n/a	n/a	n/a	n/a	n/a	n/a	n/a	n/a	n/a	n/a	n/a	n/a	n/a	n/a	n/a	n/a	n/a	n/a	1141.205233	n/a
1141.202733	0.000000	456481	ttl	2	n/a	n/a	n/a	n/a	n/a	n/a	n/a	n/a	n/a	n/a	n/a	n/a	n/a	n/a	n/a	n/a	n/a	n/a	n/a	n/a	1141.205233	n/a
1143.217500	0.000000	457287	ttl	5	n/a	n/a	n/a	n/a	n/a	n/a	n/a	n/a	n/a	n/a	n/a	n/a	n/a	n/a	n/a	n/a	n/a	n/a	n/a	n/a	1143.220000	n/a
1143.350867	0.000000	457340	stimulus_presentation	n/a	271	n/a	n/a	n/a	n/a	n/a	n/a	n/a	n/a	n/a	n/a	n/a	n/a	n/a	n/a	n/a	n/a	n/a	n/a	n/a	1143.353367	n/a
1143.350867	0.000000	457340	ttl	3	n/a	n/a	n/a	n/a	n/a	n/a	n/a	n/a	n/a	n/a	n/a	n/a	n/a	n/a	n/a	n/a	n/a	n/a	n/a	n/a	1143.353367	n/a
1145.367733	0.000000	458147	ttl	6	n/a	n/a	n/a	n/a	n/a	n/a	n/a	n/a	n/a	n/a	n/a	n/a	n/a	n/a	n/a	n/a	n/a	n/a	n/a	n/a	1145.370233	n/a
1148.000933	0.000000	459200	stimulus_presentation	n/a	151	n/a	n/a	n/a	n/a	n/a	n/a	n/a	n/a	n/a	n/a	n/a	n/a	n/a	n/a	n/a	n/a	n/a	n/a	n/a	1148.003433	n/a
1148.000933	0.000000	459200	ttl	7	n/a	n/a	n/a	n/a	n/a	n/a	n/a	n/a	n/a	n/a	n/a	n/a	n/a	n/a	n/a	n/a	n/a	n/a	n/a	n/a	1148.003433	n/a
1150.091567	0.000000	460037	ttl	8	n/a	n/a	n/a	n/a	n/a	n/a	n/a	n/a	n/a	n/a	n/a	n/a	n/a	n/a	n/a	n/a	n/a	n/a	n/a	n/a	1150.094067	n/a
1150.117833	7.889800	460047	sternberg_trial	n/a	n/a	149	0	0	149	1	1	1	1151.1215666666665	1153.1382666666664	0.0	0.0	0.0	0.0	1150.1203333333333	1153.1382666666664	1155.9369666666664	1158.0101333333332	intervals/trials	112	1150.120333	1158.010133
1150.117833	0.000000	460047	ttl	11	n/a	n/a	n/a	n/a	n/a	n/a	n/a	n/a	n/a	n/a	n/a	n/a	n/a	n/a	n/a	n/a	n/a	n/a	n/a	n/a	1150.120333	n/a
1151.119067	0.000000	460448	stimulus_presentation	n/a	49	n/a	n/a	n/a	n/a	n/a	n/a	n/a	n/a	n/a	n/a	n/a	n/a	n/a	n/a	n/a	n/a	n/a	n/a	n/a	1151.121567	n/a
1151.119067	0.000000	460448	ttl	1	n/a	n/a	n/a	n/a	n/a	n/a	n/a	n/a	n/a	n/a	n/a	n/a	n/a	n/a	n/a	n/a	n/a	n/a	n/a	n/a	1151.121567	n/a
1151.129067	0.000000	460452	stimulus_presentation	n/a	0	n/a	n/a	n/a	n/a	n/a	n/a	n/a	n/a	n/a	n/a	n/a	n/a	n/a	n/a	n/a	n/a	n/a	n/a	n/a	1151.131567	n/a
1151.139067	0.000000	460456	stimulus_presentation	n/a	0	n/a	n/a	n/a	n/a	n/a	n/a	n/a	n/a	n/a	n/a	n/a	n/a	n/a	n/a	n/a	n/a	n/a	n/a	n/a	1151.141567	n/a
1153.135767	0.000000	461254	ttl	6	n/a	n/a	n/a	n/a	n/a	n/a	n/a	n/a	n/a	n/a	n/a	n/a	n/a	n/a	n/a	n/a	n/a	n/a	n/a	n/a	1153.138267	n/a
1155.934467	0.000000	462374	stimulus_presentation	n/a	49	n/a	n/a	n/a	n/a	n/a	n/a	n/a	n/a	n/a	n/a	n/a	n/a	n/a	n/a	n/a	n/a	n/a	n/a	n/a	1155.936967	n/a
1155.934467	0.000000	462374	ttl	7	n/a	n/a	n/a	n/a	n/a	n/a	n/a	n/a	n/a	n/a	n/a	n/a	n/a	n/a	n/a	n/a	n/a	n/a	n/a	n/a	1155.936967	n/a
1158.007633	0.000000	463203	ttl	8	n/a	n/a	n/a	n/a	n/a	n/a	n/a	n/a	n/a	n/a	n/a	n/a	n/a	n/a	n/a	n/a	n/a	n/a	n/a	n/a	1158.010133	n/a
1158.034200	11.935600	463214	sternberg_trial	n/a	n/a	150	547	345	444	3	0	1	1159.2032666666664	1161.2222	1161.3366999999998	1163.3531666666665	1163.4043	1165.4197	1158.0366999999999	1165.4197	1168.0549999999998	1169.9723	intervals/trials	113	1158.036700	1169.972300
1158.034200	0.000000	463214	ttl	11	n/a	n/a	n/a	n/a	n/a	n/a	n/a	n/a	n/a	n/a	n/a	n/a	n/a	n/a	n/a	n/a	n/a	n/a	n/a	n/a	1158.036700	n/a
1159.200767	0.000000	463680	stimulus_presentation	n/a	50	n/a	n/a	n/a	n/a	n/a	n/a	n/a	n/a	n/a	n/a	n/a	n/a	n/a	n/a	n/a	n/a	n/a	n/a	n/a	1159.203267	n/a
1159.200767	0.000000	463680	ttl	1	n/a	n/a	n/a	n/a	n/a	n/a	n/a	n/a	n/a	n/a	n/a	n/a	n/a	n/a	n/a	n/a	n/a	n/a	n/a	n/a	1159.203267	n/a
1161.219700	0.000000	464488	ttl	5	n/a	n/a	n/a	n/a	n/a	n/a	n/a	n/a	n/a	n/a	n/a	n/a	n/a	n/a	n/a	n/a	n/a	n/a	n/a	n/a	1161.222200	n/a
1161.334200	0.000000	464534	stimulus_presentation	n/a	272	n/a	n/a	n/a	n/a	n/a	n/a	n/a	n/a	n/a	n/a	n/a	n/a	n/a	n/a	n/a	n/a	n/a	n/a	n/a	1161.336700	n/a
1161.334200	0.000000	464534	ttl	2	n/a	n/a	n/a	n/a	n/a	n/a	n/a	n/a	n/a	n/a	n/a	n/a	n/a	n/a	n/a	n/a	n/a	n/a	n/a	n/a	1161.336700	n/a
1163.350667	0.000000	465340	ttl	5	n/a	n/a	n/a	n/a	n/a	n/a	n/a	n/a	n/a	n/a	n/a	n/a	n/a	n/a	n/a	n/a	n/a	n/a	n/a	n/a	1163.353167	n/a
1163.401800	0.000000	465361	stimulus_presentation	n/a	159	n/a	n/a	n/a	n/a	n/a	n/a	n/a	n/a	n/a	n/a	n/a	n/a	n/a	n/a	n/a	n/a	n/a	n/a	n/a	1163.404300	n/a
1163.401800	0.000000	465361	ttl	3	n/a	n/a	n/a	n/a	n/a	n/a	n/a	n/a	n/a	n/a	n/a	n/a	n/a	n/a	n/a	n/a	n/a	n/a	n/a	n/a	1163.404300	n/a
1165.417200	0.000000	466167	ttl	6	n/a	n/a	n/a	n/a	n/a	n/a	n/a	n/a	n/a	n/a	n/a	n/a	n/a	n/a	n/a	n/a	n/a	n/a	n/a	n/a	1165.419700	n/a
1168.052500	0.000000	467221	stimulus_presentation	n/a	214	n/a	n/a	n/a	n/a	n/a	n/a	n/a	n/a	n/a	n/a	n/a	n/a	n/a	n/a	n/a	n/a	n/a	n/a	n/a	1168.055000	n/a
1168.052500	0.000000	467221	ttl	7	n/a	n/a	n/a	n/a	n/a	n/a	n/a	n/a	n/a	n/a	n/a	n/a	n/a	n/a	n/a	n/a	n/a	n/a	n/a	n/a	1168.055000	n/a
1169.969800	0.000000	467988	ttl	8	n/a	n/a	n/a	n/a	n/a	n/a	n/a	n/a	n/a	n/a	n/a	n/a	n/a	n/a	n/a	n/a	n/a	n/a	n/a	n/a	1169.972300	n/a
1170.000567	12.091100	468000	sternberg_trial	n/a	n/a	151	346	548	446	3	0	1	1171.071233333333	1173.0865666666664	1173.1544999999999	1175.170033333333	1175.2550999999999	1177.2699666666665	1170.0030666666664	1177.2699666666665	1179.9709333333333	1182.0941666666665	intervals/trials	114	1170.003067	1182.094167
1170.000567	0.000000	468000	ttl	11	n/a	n/a	n/a	n/a	n/a	n/a	n/a	n/a	n/a	n/a	n/a	n/a	n/a	n/a	n/a	n/a	n/a	n/a	n/a	n/a	1170.003067	n/a
1171.068733	0.000000	468427	stimulus_presentation	n/a	51	n/a	n/a	n/a	n/a	n/a	n/a	n/a	n/a	n/a	n/a	n/a	n/a	n/a	n/a	n/a	n/a	n/a	n/a	n/a	1171.071233	n/a
1171.068733	0.000000	468427	ttl	1	n/a	n/a	n/a	n/a	n/a	n/a	n/a	n/a	n/a	n/a	n/a	n/a	n/a	n/a	n/a	n/a	n/a	n/a	n/a	n/a	1171.071233	n/a
1173.084067	0.000000	469234	ttl	5	n/a	n/a	n/a	n/a	n/a	n/a	n/a	n/a	n/a	n/a	n/a	n/a	n/a	n/a	n/a	n/a	n/a	n/a	n/a	n/a	1173.086567	n/a
1173.152000	0.000000	469261	stimulus_presentation	n/a	160	n/a	n/a	n/a	n/a	n/a	n/a	n/a	n/a	n/a	n/a	n/a	n/a	n/a	n/a	n/a	n/a	n/a	n/a	n/a	1173.154500	n/a
1173.152000	0.000000	469261	ttl	2	n/a	n/a	n/a	n/a	n/a	n/a	n/a	n/a	n/a	n/a	n/a	n/a	n/a	n/a	n/a	n/a	n/a	n/a	n/a	n/a	1173.154500	n/a
1175.167533	0.000000	470067	ttl	5	n/a	n/a	n/a	n/a	n/a	n/a	n/a	n/a	n/a	n/a	n/a	n/a	n/a	n/a	n/a	n/a	n/a	n/a	n/a	n/a	1175.170033	n/a
1175.252600	0.000000	470101	stimulus_presentation	n/a	273	n/a	n/a	n/a	n/a	n/a	n/a	n/a	n/a	n/a	n/a	n/a	n/a	n/a	n/a	n/a	n/a	n/a	n/a	n/a	1175.255100	n/a
1175.252600	0.000000	470101	ttl	3	n/a	n/a	n/a	n/a	n/a	n/a	n/a	n/a	n/a	n/a	n/a	n/a	n/a	n/a	n/a	n/a	n/a	n/a	n/a	n/a	1175.255100	n/a
1177.267467	0.000000	470907	ttl	6	n/a	n/a	n/a	n/a	n/a	n/a	n/a	n/a	n/a	n/a	n/a	n/a	n/a	n/a	n/a	n/a	n/a	n/a	n/a	n/a	1177.269967	n/a
1179.968433	0.000000	471987	stimulus_presentation	n/a	216	n/a	n/a	n/a	n/a	n/a	n/a	n/a	n/a	n/a	n/a	n/a	n/a	n/a	n/a	n/a	n/a	n/a	n/a	n/a	1179.970933	n/a
1179.968433	0.000000	471987	ttl	7	n/a	n/a	n/a	n/a	n/a	n/a	n/a	n/a	n/a	n/a	n/a	n/a	n/a	n/a	n/a	n/a	n/a	n/a	n/a	n/a	1179.970933	n/a
1182.091667	0.000000	472837	ttl	8	n/a	n/a	n/a	n/a	n/a	n/a	n/a	n/a	n/a	n/a	n/a	n/a	n/a	n/a	n/a	n/a	n/a	n/a	n/a	n/a	1182.094167	n/a
1182.118533	11.295700	472847	sternberg_trial	n/a	n/a	447	347	247	447	3	1	0	1183.2390666666665	1185.2532666666664	1185.4394	1187.4529333333332	1187.5383666666664	1189.5528333333332	1182.1210333333331	1189.5528333333332	1192.1699999999998	1193.4167333333332	intervals/trials	115	1182.121033	1193.416733
1182.118533	0.000000	472847	ttl	11	n/a	n/a	n/a	n/a	n/a	n/a	n/a	n/a	n/a	n/a	n/a	n/a	n/a	n/a	n/a	n/a	n/a	n/a	n/a	n/a	1182.121033	n/a
1183.236567	0.000000	473295	stimulus_presentation	n/a	217	n/a	n/a	n/a	n/a	n/a	n/a	n/a	n/a	n/a	n/a	n/a	n/a	n/a	n/a	n/a	n/a	n/a	n/a	n/a	1183.239067	n/a
1183.236567	0.000000	473295	ttl	1	n/a	n/a	n/a	n/a	n/a	n/a	n/a	n/a	n/a	n/a	n/a	n/a	n/a	n/a	n/a	n/a	n/a	n/a	n/a	n/a	1183.239067	n/a
1185.250767	0.000000	474100	ttl	5	n/a	n/a	n/a	n/a	n/a	n/a	n/a	n/a	n/a	n/a	n/a	n/a	n/a	n/a	n/a	n/a	n/a	n/a	n/a	n/a	1185.253267	n/a
1185.436900	0.000000	474175	stimulus_presentation	n/a	161	n/a	n/a	n/a	n/a	n/a	n/a	n/a	n/a	n/a	n/a	n/a	n/a	n/a	n/a	n/a	n/a	n/a	n/a	n/a	1185.439400	n/a
1185.436900	0.000000	474175	ttl	2	n/a	n/a	n/a	n/a	n/a	n/a	n/a	n/a	n/a	n/a	n/a	n/a	n/a	n/a	n/a	n/a	n/a	n/a	n/a	n/a	1185.439400	n/a
1187.450433	0.000000	474980	ttl	5	n/a	n/a	n/a	n/a	n/a	n/a	n/a	n/a	n/a	n/a	n/a	n/a	n/a	n/a	n/a	n/a	n/a	n/a	n/a	n/a	1187.452933	n/a
1187.535867	0.000000	475014	stimulus_presentation	n/a	104	n/a	n/a	n/a	n/a	n/a	n/a	n/a	n/a	n/a	n/a	n/a	n/a	n/a	n/a	n/a	n/a	n/a	n/a	n/a	1187.538367	n/a
1187.535867	0.000000	475014	ttl	3	n/a	n/a	n/a	n/a	n/a	n/a	n/a	n/a	n/a	n/a	n/a	n/a	n/a	n/a	n/a	n/a	n/a	n/a	n/a	n/a	1187.538367	n/a
1189.550333	0.000000	475820	ttl	6	n/a	n/a	n/a	n/a	n/a	n/a	n/a	n/a	n/a	n/a	n/a	n/a	n/a	n/a	n/a	n/a	n/a	n/a	n/a	n/a	1189.552833	n/a
1192.167500	0.000000	476867	stimulus_presentation	n/a	217	n/a	n/a	n/a	n/a	n/a	n/a	n/a	n/a	n/a	n/a	n/a	n/a	n/a	n/a	n/a	n/a	n/a	n/a	n/a	1192.170000	n/a
1192.167500	0.000000	476867	ttl	7	n/a	n/a	n/a	n/a	n/a	n/a	n/a	n/a	n/a	n/a	n/a	n/a	n/a	n/a	n/a	n/a	n/a	n/a	n/a	n/a	1192.170000	n/a
1193.414233	0.000000	477366	ttl	8	n/a	n/a	n/a	n/a	n/a	n/a	n/a	n/a	n/a	n/a	n/a	n/a	n/a	n/a	n/a	n/a	n/a	n/a	n/a	n/a	1193.416733	n/a
1193.450400	11.270200	477380	sternberg_trial	n/a	n/a	549	448	348	119	3	0	0	1194.5050333333331	1196.5213999999999	1196.7195	1198.7380333333333	1198.7693666666664	1200.7862333333333	1193.4529	1200.7862333333333	1203.5701	1204.7231	intervals/trials	116	1193.452900	1204.723100
1193.450400	0.000000	477380	ttl	11	n/a	n/a	n/a	n/a	n/a	n/a	n/a	n/a	n/a	n/a	n/a	n/a	n/a	n/a	n/a	n/a	n/a	n/a	n/a	n/a	1193.452900	n/a
1194.502533	0.000000	477801	stimulus_presentation	n/a	274	n/a	n/a	n/a	n/a	n/a	n/a	n/a	n/a	n/a	n/a	n/a	n/a	n/a	n/a	n/a	n/a	n/a	n/a	n/a	1194.505033	n/a
1194.502533	0.000000	477801	ttl	1	n/a	n/a	n/a	n/a	n/a	n/a	n/a	n/a	n/a	n/a	n/a	n/a	n/a	n/a	n/a	n/a	n/a	n/a	n/a	n/a	1194.505033	n/a
1196.518900	0.000000	478608	ttl	5	n/a	n/a	n/a	n/a	n/a	n/a	n/a	n/a	n/a	n/a	n/a	n/a	n/a	n/a	n/a	n/a	n/a	n/a	n/a	n/a	1196.521400	n/a
1196.717000	0.000000	478687	stimulus_presentation	n/a	218	n/a	n/a	n/a	n/a	n/a	n/a	n/a	n/a	n/a	n/a	n/a	n/a	n/a	n/a	n/a	n/a	n/a	n/a	n/a	1196.719500	n/a
1196.717000	0.000000	478687	ttl	2	n/a	n/a	n/a	n/a	n/a	n/a	n/a	n/a	n/a	n/a	n/a	n/a	n/a	n/a	n/a	n/a	n/a	n/a	n/a	n/a	1196.719500	n/a
1198.735533	0.000000	479494	ttl	5	n/a	n/a	n/a	n/a	n/a	n/a	n/a	n/a	n/a	n/a	n/a	n/a	n/a	n/a	n/a	n/a	n/a	n/a	n/a	n/a	1198.738033	n/a
1198.766867	0.000000	479507	stimulus_presentation	n/a	162	n/a	n/a	n/a	n/a	n/a	n/a	n/a	n/a	n/a	n/a	n/a	n/a	n/a	n/a	n/a	n/a	n/a	n/a	n/a	1198.769367	n/a
1198.766867	0.000000	479507	ttl	3	n/a	n/a	n/a	n/a	n/a	n/a	n/a	n/a	n/a	n/a	n/a	n/a	n/a	n/a	n/a	n/a	n/a	n/a	n/a	n/a	1198.769367	n/a
1200.783733	0.000000	480313	ttl	6	n/a	n/a	n/a	n/a	n/a	n/a	n/a	n/a	n/a	n/a	n/a	n/a	n/a	n/a	n/a	n/a	n/a	n/a	n/a	n/a	1200.786233	n/a
1203.567600	0.000000	481427	stimulus_presentation	n/a	19	n/a	n/a	n/a	n/a	n/a	n/a	n/a	n/a	n/a	n/a	n/a	n/a	n/a	n/a	n/a	n/a	n/a	n/a	n/a	1203.570100	n/a
1203.567600	0.000000	481427	ttl	7	n/a	n/a	n/a	n/a	n/a	n/a	n/a	n/a	n/a	n/a	n/a	n/a	n/a	n/a	n/a	n/a	n/a	n/a	n/a	n/a	1203.570100	n/a
1204.720600	0.000000	481888	ttl	8	n/a	n/a	n/a	n/a	n/a	n/a	n/a	n/a	n/a	n/a	n/a	n/a	n/a	n/a	n/a	n/a	n/a	n/a	n/a	n/a	1204.723100	n/a
1204.751400	10.971533	481901	sternberg_trial	n/a	n/a	248	0	0	248	1	1	0	1205.8377333333333	1207.8531	0.0	0.0	0.0	0.0	1204.7539	1207.8531	1210.5227666666665	1215.7254333333333	intervals/trials	117	1204.753900	1215.725433
1204.751400	0.000000	481901	ttl	11	n/a	n/a	n/a	n/a	n/a	n/a	n/a	n/a	n/a	n/a	n/a	n/a	n/a	n/a	n/a	n/a	n/a	n/a	n/a	n/a	1204.753900	n/a
1205.835233	0.000000	482334	stimulus_presentation	n/a	105	n/a	n/a	n/a	n/a	n/a	n/a	n/a	n/a	n/a	n/a	n/a	n/a	n/a	n/a	n/a	n/a	n/a	n/a	n/a	1205.837733	n/a
1205.835233	0.000000	482334	ttl	1	n/a	n/a	n/a	n/a	n/a	n/a	n/a	n/a	n/a	n/a	n/a	n/a	n/a	n/a	n/a	n/a	n/a	n/a	n/a	n/a	1205.837733	n/a
1205.845233	0.000000	482338	stimulus_presentation	n/a	0	n/a	n/a	n/a	n/a	n/a	n/a	n/a	n/a	n/a	n/a	n/a	n/a	n/a	n/a	n/a	n/a	n/a	n/a	n/a	1205.847733	n/a
1205.855233	0.000000	482342	stimulus_presentation	n/a	0	n/a	n/a	n/a	n/a	n/a	n/a	n/a	n/a	n/a	n/a	n/a	n/a	n/a	n/a	n/a	n/a	n/a	n/a	n/a	1205.857733	n/a
1207.850600	0.000000	483140	ttl	6	n/a	n/a	n/a	n/a	n/a	n/a	n/a	n/a	n/a	n/a	n/a	n/a	n/a	n/a	n/a	n/a	n/a	n/a	n/a	n/a	1207.853100	n/a
1210.520267	0.000000	484208	stimulus_presentation	n/a	105	n/a	n/a	n/a	n/a	n/a	n/a	n/a	n/a	n/a	n/a	n/a	n/a	n/a	n/a	n/a	n/a	n/a	n/a	n/a	1210.522767	n/a
1210.520267	0.000000	484208	ttl	7	n/a	n/a	n/a	n/a	n/a	n/a	n/a	n/a	n/a	n/a	n/a	n/a	n/a	n/a	n/a	n/a	n/a	n/a	n/a	n/a	1210.522767	n/a
1215.722933	0.000000	486289	ttl	8	n/a	n/a	n/a	n/a	n/a	n/a	n/a	n/a	n/a	n/a	n/a	n/a	n/a	n/a	n/a	n/a	n/a	n/a	n/a	n/a	1215.725433	n/a
1215.750300	8.032700	486300	sternberg_trial	n/a	n/a	550	0	0	245	1	0	1	1216.7707333333333	1218.7862666666665	0.0	0.0	0.0	0.0	1215.7528	1218.7862666666665	1221.386533333333	1223.7855	intervals/trials	118	1215.752800	1223.785500
1215.750300	0.000000	486300	ttl	11	n/a	n/a	n/a	n/a	n/a	n/a	n/a	n/a	n/a	n/a	n/a	n/a	n/a	n/a	n/a	n/a	n/a	n/a	n/a	n/a	1215.752800	n/a
1216.768233	0.000000	486707	stimulus_presentation	n/a	275	n/a	n/a	n/a	n/a	n/a	n/a	n/a	n/a	n/a	n/a	n/a	n/a	n/a	n/a	n/a	n/a	n/a	n/a	n/a	1216.770733	n/a
1216.768233	0.000000	486707	ttl	1	n/a	n/a	n/a	n/a	n/a	n/a	n/a	n/a	n/a	n/a	n/a	n/a	n/a	n/a	n/a	n/a	n/a	n/a	n/a	n/a	1216.770733	n/a
1216.778233	0.000000	486711	stimulus_presentation	n/a	0	n/a	n/a	n/a	n/a	n/a	n/a	n/a	n/a	n/a	n/a	n/a	n/a	n/a	n/a	n/a	n/a	n/a	n/a	n/a	1216.780733	n/a
1216.788233	0.000000	486715	stimulus_presentation	n/a	0	n/a	n/a	n/a	n/a	n/a	n/a	n/a	n/a	n/a	n/a	n/a	n/a	n/a	n/a	n/a	n/a	n/a	n/a	n/a	1216.790733	n/a
1218.783767	0.000000	487514	ttl	6	n/a	n/a	n/a	n/a	n/a	n/a	n/a	n/a	n/a	n/a	n/a	n/a	n/a	n/a	n/a	n/a	n/a	n/a	n/a	n/a	1218.786267	n/a
1221.384033	0.000000	488554	stimulus_presentation	n/a	102	n/a	n/a	n/a	n/a	n/a	n/a	n/a	n/a	n/a	n/a	n/a	n/a	n/a	n/a	n/a	n/a	n/a	n/a	n/a	1221.386533	n/a
1221.384033	0.000000	488554	ttl	7	n/a	n/a	n/a	n/a	n/a	n/a	n/a	n/a	n/a	n/a	n/a	n/a	n/a	n/a	n/a	n/a	n/a	n/a	n/a	n/a	1221.386533	n/a
1223.783000	0.000000	489513	ttl	8	n/a	n/a	n/a	n/a	n/a	n/a	n/a	n/a	n/a	n/a	n/a	n/a	n/a	n/a	n/a	n/a	n/a	n/a	n/a	n/a	1223.785500	n/a
1223.816767	12.983467	489527	sternberg_trial	n/a	n/a	249	551	152	249	3	1	0	1224.8531666666665	1226.8709666666664	1226.9198	1228.9359333333332	1228.9859333333332	1231.0025	1223.8192666666664	1231.0025	1233.7867999999999	1236.8027333333332	intervals/trials	119	1223.819267	1236.802733
1223.816767	0.000000	489527	ttl	11	n/a	n/a	n/a	n/a	n/a	n/a	n/a	n/a	n/a	n/a	n/a	n/a	n/a	n/a	n/a	n/a	n/a	n/a	n/a	n/a	1223.819267	n/a
1224.850667	0.000000	489940	stimulus_presentation	n/a	106	n/a	n/a	n/a	n/a	n/a	n/a	n/a	n/a	n/a	n/a	n/a	n/a	n/a	n/a	n/a	n/a	n/a	n/a	n/a	1224.853167	n/a
1224.850667	0.000000	489940	ttl	1	n/a	n/a	n/a	n/a	n/a	n/a	n/a	n/a	n/a	n/a	n/a	n/a	n/a	n/a	n/a	n/a	n/a	n/a	n/a	n/a	1224.853167	n/a
1226.868467	0.000000	490747	ttl	5	n/a	n/a	n/a	n/a	n/a	n/a	n/a	n/a	n/a	n/a	n/a	n/a	n/a	n/a	n/a	n/a	n/a	n/a	n/a	n/a	1226.870967	n/a
1226.917300	0.000000	490767	stimulus_presentation	n/a	276	n/a	n/a	n/a	n/a	n/a	n/a	n/a	n/a	n/a	n/a	n/a	n/a	n/a	n/a	n/a	n/a	n/a	n/a	n/a	1226.919800	n/a
1226.917300	0.000000	490767	ttl	2	n/a	n/a	n/a	n/a	n/a	n/a	n/a	n/a	n/a	n/a	n/a	n/a	n/a	n/a	n/a	n/a	n/a	n/a	n/a	n/a	1226.919800	n/a
1228.933433	0.000000	491573	ttl	5	n/a	n/a	n/a	n/a	n/a	n/a	n/a	n/a	n/a	n/a	n/a	n/a	n/a	n/a	n/a	n/a	n/a	n/a	n/a	n/a	1228.935933	n/a
1228.983433	0.000000	491593	stimulus_presentation	n/a	52	n/a	n/a	n/a	n/a	n/a	n/a	n/a	n/a	n/a	n/a	n/a	n/a	n/a	n/a	n/a	n/a	n/a	n/a	n/a	1228.985933	n/a
1228.983433	0.000000	491593	ttl	3	n/a	n/a	n/a	n/a	n/a	n/a	n/a	n/a	n/a	n/a	n/a	n/a	n/a	n/a	n/a	n/a	n/a	n/a	n/a	n/a	1228.985933	n/a
1231.000000	0.000000	492400	ttl	6	n/a	n/a	n/a	n/a	n/a	n/a	n/a	n/a	n/a	n/a	n/a	n/a	n/a	n/a	n/a	n/a	n/a	n/a	n/a	n/a	1231.002500	n/a
1233.784300	0.000000	493514	stimulus_presentation	n/a	106	n/a	n/a	n/a	n/a	n/a	n/a	n/a	n/a	n/a	n/a	n/a	n/a	n/a	n/a	n/a	n/a	n/a	n/a	n/a	1233.786800	n/a
1233.784300	0.000000	493514	ttl	7	n/a	n/a	n/a	n/a	n/a	n/a	n/a	n/a	n/a	n/a	n/a	n/a	n/a	n/a	n/a	n/a	n/a	n/a	n/a	n/a	1233.786800	n/a
1236.800233	0.000000	494720	ttl	8	n/a	n/a	n/a	n/a	n/a	n/a	n/a	n/a	n/a	n/a	n/a	n/a	n/a	n/a	n/a	n/a	n/a	n/a	n/a	n/a	1236.802733	n/a
1236.834200	10.169100	494734	sternberg_trial	n/a	n/a	449	0	0	449	1	1	0	1237.8701666666664	1239.8893333333333	0.0	0.0	0.0	0.0	1236.8366999999998	1239.8893333333333	1242.6362	1247.0058	intervals/trials	120	1236.836700	1247.005800
1236.834200	0.000000	494734	ttl	11	n/a	n/a	n/a	n/a	n/a	n/a	n/a	n/a	n/a	n/a	n/a	n/a	n/a	n/a	n/a	n/a	n/a	n/a	n/a	n/a	1236.836700	n/a
1237.867667	0.000000	495147	stimulus_presentation	n/a	219	n/a	n/a	n/a	n/a	n/a	n/a	n/a	n/a	n/a	n/a	n/a	n/a	n/a	n/a	n/a	n/a	n/a	n/a	n/a	1237.870167	n/a
1237.867667	0.000000	495147	ttl	1	n/a	n/a	n/a	n/a	n/a	n/a	n/a	n/a	n/a	n/a	n/a	n/a	n/a	n/a	n/a	n/a	n/a	n/a	n/a	n/a	1237.870167	n/a
1237.877667	0.000000	495151	stimulus_presentation	n/a	0	n/a	n/a	n/a	n/a	n/a	n/a	n/a	n/a	n/a	n/a	n/a	n/a	n/a	n/a	n/a	n/a	n/a	n/a	n/a	1237.880167	n/a
1237.887667	0.000000	495155	stimulus_presentation	n/a	0	n/a	n/a	n/a	n/a	n/a	n/a	n/a	n/a	n/a	n/a	n/a	n/a	n/a	n/a	n/a	n/a	n/a	n/a	n/a	1237.890167	n/a
1239.886833	0.000000	495955	ttl	6	n/a	n/a	n/a	n/a	n/a	n/a	n/a	n/a	n/a	n/a	n/a	n/a	n/a	n/a	n/a	n/a	n/a	n/a	n/a	n/a	1239.889333	n/a
1242.633700	0.000000	497053	stimulus_presentation	n/a	219	n/a	n/a	n/a	n/a	n/a	n/a	n/a	n/a	n/a	n/a	n/a	n/a	n/a	n/a	n/a	n/a	n/a	n/a	n/a	1242.636200	n/a
1242.633700	0.000000	497053	ttl	7	n/a	n/a	n/a	n/a	n/a	n/a	n/a	n/a	n/a	n/a	n/a	n/a	n/a	n/a	n/a	n/a	n/a	n/a	n/a	n/a	1242.636200	n/a
1247.003300	0.000000	498801	ttl	8	n/a	n/a	n/a	n/a	n/a	n/a	n/a	n/a	n/a	n/a	n/a	n/a	n/a	n/a	n/a	n/a	n/a	n/a	n/a	n/a	1247.005800	n/a
1247.033300	8.157800	498813	sternberg_trial	n/a	n/a	450	0	0	450	1	1	1	1248.0856999999999	1250.1023666666665	0.0	0.0	0.0	0.0	1247.0357999999999	1250.1023666666665	1252.7194333333332	1255.1935999999998	intervals/trials	121	1247.035800	1255.193600
1247.033300	0.000000	498813	ttl	11	n/a	n/a	n/a	n/a	n/a	n/a	n/a	n/a	n/a	n/a	n/a	n/a	n/a	n/a	n/a	n/a	n/a	n/a	n/a	n/a	1247.035800	n/a
1248.083200	0.000000	499233	stimulus_presentation	n/a	220	n/a	n/a	n/a	n/a	n/a	n/a	n/a	n/a	n/a	n/a	n/a	n/a	n/a	n/a	n/a	n/a	n/a	n/a	n/a	1248.085700	n/a
1248.083200	0.000000	499233	ttl	1	n/a	n/a	n/a	n/a	n/a	n/a	n/a	n/a	n/a	n/a	n/a	n/a	n/a	n/a	n/a	n/a	n/a	n/a	n/a	n/a	1248.085700	n/a
1248.093200	0.000000	499237	stimulus_presentation	n/a	0	n/a	n/a	n/a	n/a	n/a	n/a	n/a	n/a	n/a	n/a	n/a	n/a	n/a	n/a	n/a	n/a	n/a	n/a	n/a	1248.095700	n/a
1248.103200	0.000000	499241	stimulus_presentation	n/a	0	n/a	n/a	n/a	n/a	n/a	n/a	n/a	n/a	n/a	n/a	n/a	n/a	n/a	n/a	n/a	n/a	n/a	n/a	n/a	1248.105700	n/a
1250.099867	0.000000	500040	ttl	6	n/a	n/a	n/a	n/a	n/a	n/a	n/a	n/a	n/a	n/a	n/a	n/a	n/a	n/a	n/a	n/a	n/a	n/a	n/a	n/a	1250.102367	n/a
1252.716933	0.000000	501087	stimulus_presentation	n/a	220	n/a	n/a	n/a	n/a	n/a	n/a	n/a	n/a	n/a	n/a	n/a	n/a	n/a	n/a	n/a	n/a	n/a	n/a	n/a	1252.719433	n/a
1252.716933	0.000000	501087	ttl	7	n/a	n/a	n/a	n/a	n/a	n/a	n/a	n/a	n/a	n/a	n/a	n/a	n/a	n/a	n/a	n/a	n/a	n/a	n/a	n/a	1252.719433	n/a
1255.191100	0.000000	502076	ttl	8	n/a	n/a	n/a	n/a	n/a	n/a	n/a	n/a	n/a	n/a	n/a	n/a	n/a	n/a	n/a	n/a	n/a	n/a	n/a	n/a	1255.193600	n/a
1255.216433	11.345000	502087	sternberg_trial	n/a	n/a	153	349	451	153	3	1	1	1256.2372666666665	1258.2523333333331	1258.3200666666664	1260.3358666666666	1260.3519333333331	1262.3690666666664	1255.218933333333	1262.3690666666664	1264.9863666666665	1266.5639333333331	intervals/trials	122	1255.218933	1266.563933
1255.216433	0.000000	502087	ttl	11	n/a	n/a	n/a	n/a	n/a	n/a	n/a	n/a	n/a	n/a	n/a	n/a	n/a	n/a	n/a	n/a	n/a	n/a	n/a	n/a	1255.218933	n/a
1256.234767	0.000000	502494	stimulus_presentation	n/a	53	n/a	n/a	n/a	n/a	n/a	n/a	n/a	n/a	n/a	n/a	n/a	n/a	n/a	n/a	n/a	n/a	n/a	n/a	n/a	1256.237267	n/a
1256.234767	0.000000	502494	ttl	1	n/a	n/a	n/a	n/a	n/a	n/a	n/a	n/a	n/a	n/a	n/a	n/a	n/a	n/a	n/a	n/a	n/a	n/a	n/a	n/a	1256.237267	n/a
1258.249833	0.000000	503300	ttl	5	n/a	n/a	n/a	n/a	n/a	n/a	n/a	n/a	n/a	n/a	n/a	n/a	n/a	n/a	n/a	n/a	n/a	n/a	n/a	n/a	1258.252333	n/a
1258.317567	0.000000	503327	stimulus_presentation	n/a	163	n/a	n/a	n/a	n/a	n/a	n/a	n/a	n/a	n/a	n/a	n/a	n/a	n/a	n/a	n/a	n/a	n/a	n/a	n/a	1258.320067	n/a
1258.317567	0.000000	503327	ttl	2	n/a	n/a	n/a	n/a	n/a	n/a	n/a	n/a	n/a	n/a	n/a	n/a	n/a	n/a	n/a	n/a	n/a	n/a	n/a	n/a	1258.320067	n/a
1260.333367	0.000000	504133	ttl	5	n/a	n/a	n/a	n/a	n/a	n/a	n/a	n/a	n/a	n/a	n/a	n/a	n/a	n/a	n/a	n/a	n/a	n/a	n/a	n/a	1260.335867	n/a
1260.349433	0.000000	504140	stimulus_presentation	n/a	221	n/a	n/a	n/a	n/a	n/a	n/a	n/a	n/a	n/a	n/a	n/a	n/a	n/a	n/a	n/a	n/a	n/a	n/a	n/a	1260.351933	n/a
1260.349433	0.000000	504140	ttl	3	n/a	n/a	n/a	n/a	n/a	n/a	n/a	n/a	n/a	n/a	n/a	n/a	n/a	n/a	n/a	n/a	n/a	n/a	n/a	n/a	1260.351933	n/a
1262.366567	0.000000	504947	ttl	6	n/a	n/a	n/a	n/a	n/a	n/a	n/a	n/a	n/a	n/a	n/a	n/a	n/a	n/a	n/a	n/a	n/a	n/a	n/a	n/a	1262.369067	n/a
1264.983867	0.000000	505994	stimulus_presentation	n/a	53	n/a	n/a	n/a	n/a	n/a	n/a	n/a	n/a	n/a	n/a	n/a	n/a	n/a	n/a	n/a	n/a	n/a	n/a	n/a	1264.986367	n/a
1264.983867	0.000000	505994	ttl	7	n/a	n/a	n/a	n/a	n/a	n/a	n/a	n/a	n/a	n/a	n/a	n/a	n/a	n/a	n/a	n/a	n/a	n/a	n/a	n/a	1264.986367	n/a
1266.561433	0.000000	506625	ttl	8	n/a	n/a	n/a	n/a	n/a	n/a	n/a	n/a	n/a	n/a	n/a	n/a	n/a	n/a	n/a	n/a	n/a	n/a	n/a	n/a	1266.563933	n/a
1266.583567	6.886400	506633	sternberg_trial	n/a	n/a	452	0	0	242	1	0	0	1267.5524666666665	1269.5700666666664	0.0	0.0	0.0	0.0	1266.5860666666665	1269.5700666666664	1272.2192666666665	1273.4724666666664	intervals/trials	123	1266.586067	1273.472467
1266.583567	0.000000	506633	ttl	11	n/a	n/a	n/a	n/a	n/a	n/a	n/a	n/a	n/a	n/a	n/a	n/a	n/a	n/a	n/a	n/a	n/a	n/a	n/a	n/a	1266.586067	n/a
1267.549967	0.000000	507020	stimulus_presentation	n/a	222	n/a	n/a	n/a	n/a	n/a	n/a	n/a	n/a	n/a	n/a	n/a	n/a	n/a	n/a	n/a	n/a	n/a	n/a	n/a	1267.552467	n/a
1267.549967	0.000000	507020	ttl	1	n/a	n/a	n/a	n/a	n/a	n/a	n/a	n/a	n/a	n/a	n/a	n/a	n/a	n/a	n/a	n/a	n/a	n/a	n/a	n/a	1267.552467	n/a
1267.559967	0.000000	507024	stimulus_presentation	n/a	0	n/a	n/a	n/a	n/a	n/a	n/a	n/a	n/a	n/a	n/a	n/a	n/a	n/a	n/a	n/a	n/a	n/a	n/a	n/a	1267.562467	n/a
1267.569967	0.000000	507028	stimulus_presentation	n/a	0	n/a	n/a	n/a	n/a	n/a	n/a	n/a	n/a	n/a	n/a	n/a	n/a	n/a	n/a	n/a	n/a	n/a	n/a	n/a	1267.572467	n/a
1269.567567	0.000000	507827	ttl	6	n/a	n/a	n/a	n/a	n/a	n/a	n/a	n/a	n/a	n/a	n/a	n/a	n/a	n/a	n/a	n/a	n/a	n/a	n/a	n/a	1269.570067	n/a
1272.216767	0.000000	508887	stimulus_presentation	n/a	99	n/a	n/a	n/a	n/a	n/a	n/a	n/a	n/a	n/a	n/a	n/a	n/a	n/a	n/a	n/a	n/a	n/a	n/a	n/a	1272.219267	n/a
1272.216767	0.000000	508887	ttl	7	n/a	n/a	n/a	n/a	n/a	n/a	n/a	n/a	n/a	n/a	n/a	n/a	n/a	n/a	n/a	n/a	n/a	n/a	n/a	n/a	1272.219267	n/a
1273.469967	0.000000	509388	ttl	8	n/a	n/a	n/a	n/a	n/a	n/a	n/a	n/a	n/a	n/a	n/a	n/a	n/a	n/a	n/a	n/a	n/a	n/a	n/a	n/a	1273.472467	n/a
1273.499733	8.733867	509400	sternberg_trial	n/a	n/a	154	0	0	528	1	0	1	1274.5868	1276.602033333333	0.0	0.0	0.0	0.0	1273.5022333333332	1276.602033333333	1279.2024333333331	1282.2360999999999	intervals/trials	124	1273.502233	1282.236100
1273.499733	0.000000	509400	ttl	11	n/a	n/a	n/a	n/a	n/a	n/a	n/a	n/a	n/a	n/a	n/a	n/a	n/a	n/a	n/a	n/a	n/a	n/a	n/a	n/a	1273.502233	n/a
1274.584300	0.000000	509834	stimulus_presentation	n/a	54	n/a	n/a	n/a	n/a	n/a	n/a	n/a	n/a	n/a	n/a	n/a	n/a	n/a	n/a	n/a	n/a	n/a	n/a	n/a	1274.586800	n/a
1274.584300	0.000000	509834	ttl	1	n/a	n/a	n/a	n/a	n/a	n/a	n/a	n/a	n/a	n/a	n/a	n/a	n/a	n/a	n/a	n/a	n/a	n/a	n/a	n/a	1274.586800	n/a
1274.594300	0.000000	509838	stimulus_presentation	n/a	0	n/a	n/a	n/a	n/a	n/a	n/a	n/a	n/a	n/a	n/a	n/a	n/a	n/a	n/a	n/a	n/a	n/a	n/a	n/a	1274.596800	n/a
1274.604300	0.000000	509842	stimulus_presentation	n/a	0	n/a	n/a	n/a	n/a	n/a	n/a	n/a	n/a	n/a	n/a	n/a	n/a	n/a	n/a	n/a	n/a	n/a	n/a	n/a	1274.606800	n/a
1276.599533	0.000000	510640	ttl	6	n/a	n/a	n/a	n/a	n/a	n/a	n/a	n/a	n/a	n/a	n/a	n/a	n/a	n/a	n/a	n/a	n/a	n/a	n/a	n/a	1276.602033	n/a
1279.199933	0.000000	511680	stimulus_presentation	n/a	253	n/a	n/a	n/a	n/a	n/a	n/a	n/a	n/a	n/a	n/a	n/a	n/a	n/a	n/a	n/a	n/a	n/a	n/a	n/a	1279.202433	n/a
1279.199933	0.000000	511680	ttl	7	n/a	n/a	n/a	n/a	n/a	n/a	n/a	n/a	n/a	n/a	n/a	n/a	n/a	n/a	n/a	n/a	n/a	n/a	n/a	n/a	1279.202433	n/a
1282.233600	0.000000	512893	ttl	8	n/a	n/a	n/a	n/a	n/a	n/a	n/a	n/a	n/a	n/a	n/a	n/a	n/a	n/a	n/a	n/a	n/a	n/a	n/a	n/a	1282.236100	n/a
1282.266100	7.339767	512906	sternberg_trial	n/a	n/a	350	0	0	350	1	1	1	1283.3042	1285.3187333333333	0.0	0.0	0.0	0.0	1282.2685999999999	1285.3187333333333	1288.0690666666665	1289.6083666666664	intervals/trials	125	1282.268600	1289.608367
1282.266100	0.000000	512906	ttl	11	n/a	n/a	n/a	n/a	n/a	n/a	n/a	n/a	n/a	n/a	n/a	n/a	n/a	n/a	n/a	n/a	n/a	n/a	n/a	n/a	1282.268600	n/a
1283.301700	0.000000	513321	stimulus_presentation	n/a	164	n/a	n/a	n/a	n/a	n/a	n/a	n/a	n/a	n/a	n/a	n/a	n/a	n/a	n/a	n/a	n/a	n/a	n/a	n/a	1283.304200	n/a
1283.301700	0.000000	513321	ttl	1	n/a	n/a	n/a	n/a	n/a	n/a	n/a	n/a	n/a	n/a	n/a	n/a	n/a	n/a	n/a	n/a	n/a	n/a	n/a	n/a	1283.304200	n/a
1283.311700	0.000000	513325	stimulus_presentation	n/a	0	n/a	n/a	n/a	n/a	n/a	n/a	n/a	n/a	n/a	n/a	n/a	n/a	n/a	n/a	n/a	n/a	n/a	n/a	n/a	1283.314200	n/a
1283.321700	0.000000	513329	stimulus_presentation	n/a	0	n/a	n/a	n/a	n/a	n/a	n/a	n/a	n/a	n/a	n/a	n/a	n/a	n/a	n/a	n/a	n/a	n/a	n/a	n/a	1283.324200	n/a
1285.316233	0.000000	514126	ttl	6	n/a	n/a	n/a	n/a	n/a	n/a	n/a	n/a	n/a	n/a	n/a	n/a	n/a	n/a	n/a	n/a	n/a	n/a	n/a	n/a	1285.318733	n/a
1288.066567	0.000000	515227	stimulus_presentation	n/a	164	n/a	n/a	n/a	n/a	n/a	n/a	n/a	n/a	n/a	n/a	n/a	n/a	n/a	n/a	n/a	n/a	n/a	n/a	n/a	1288.069067	n/a
1288.066567	0.000000	515227	ttl	7	n/a	n/a	n/a	n/a	n/a	n/a	n/a	n/a	n/a	n/a	n/a	n/a	n/a	n/a	n/a	n/a	n/a	n/a	n/a	n/a	1288.069067	n/a
1289.605867	0.000000	515842	ttl	8	n/a	n/a	n/a	n/a	n/a	n/a	n/a	n/a	n/a	n/a	n/a	n/a	n/a	n/a	n/a	n/a	n/a	n/a	n/a	n/a	1289.608367	n/a
1289.632900	7.601200	515853	sternberg_trial	n/a	n/a	351	0	0	351	1	1	1	1290.7205333333332	1292.7360999999999	0.0	0.0	0.0	0.0	1289.6354	1292.7360999999999	1295.5033666666664	1297.2366	intervals/trials	126	1289.635400	1297.236600
1289.632900	0.000000	515853	ttl	11	n/a	n/a	n/a	n/a	n/a	n/a	n/a	n/a	n/a	n/a	n/a	n/a	n/a	n/a	n/a	n/a	n/a	n/a	n/a	n/a	1289.635400	n/a
1290.718033	0.000000	516287	stimulus_presentation	n/a	165	n/a	n/a	n/a	n/a	n/a	n/a	n/a	n/a	n/a	n/a	n/a	n/a	n/a	n/a	n/a	n/a	n/a	n/a	n/a	1290.720533	n/a
1290.718033	0.000000	516287	ttl	1	n/a	n/a	n/a	n/a	n/a	n/a	n/a	n/a	n/a	n/a	n/a	n/a	n/a	n/a	n/a	n/a	n/a	n/a	n/a	n/a	1290.720533	n/a
1290.728033	0.000000	516291	stimulus_presentation	n/a	0	n/a	n/a	n/a	n/a	n/a	n/a	n/a	n/a	n/a	n/a	n/a	n/a	n/a	n/a	n/a	n/a	n/a	n/a	n/a	1290.730533	n/a
1290.738033	0.000000	516295	stimulus_presentation	n/a	0	n/a	n/a	n/a	n/a	n/a	n/a	n/a	n/a	n/a	n/a	n/a	n/a	n/a	n/a	n/a	n/a	n/a	n/a	n/a	1290.740533	n/a
1292.733600	0.000000	517093	ttl	6	n/a	n/a	n/a	n/a	n/a	n/a	n/a	n/a	n/a	n/a	n/a	n/a	n/a	n/a	n/a	n/a	n/a	n/a	n/a	n/a	1292.736100	n/a
1295.500867	0.000000	518200	stimulus_presentation	n/a	165	n/a	n/a	n/a	n/a	n/a	n/a	n/a	n/a	n/a	n/a	n/a	n/a	n/a	n/a	n/a	n/a	n/a	n/a	n/a	1295.503367	n/a
1295.500867	0.000000	518200	ttl	7	n/a	n/a	n/a	n/a	n/a	n/a	n/a	n/a	n/a	n/a	n/a	n/a	n/a	n/a	n/a	n/a	n/a	n/a	n/a	n/a	1295.503367	n/a
1297.234100	0.000000	518894	ttl	8	n/a	n/a	n/a	n/a	n/a	n/a	n/a	n/a	n/a	n/a	n/a	n/a	n/a	n/a	n/a	n/a	n/a	n/a	n/a	n/a	1297.236600	n/a
1297.267533	8.218333	518907	sternberg_trial	n/a	n/a	155	0	0	551	1	0	1	1298.3371	1300.3537666666664	0.0	0.0	0.0	0.0	1297.2700333333332	1300.3537666666664	1303.0355666666665	1305.4883666666665	intervals/trials	127	1297.270033	1305.488367
1297.267533	0.000000	518907	ttl	11	n/a	n/a	n/a	n/a	n/a	n/a	n/a	n/a	n/a	n/a	n/a	n/a	n/a	n/a	n/a	n/a	n/a	n/a	n/a	n/a	1297.270033	n/a
1298.334600	0.000000	519334	stimulus_presentation	n/a	55	n/a	n/a	n/a	n/a	n/a	n/a	n/a	n/a	n/a	n/a	n/a	n/a	n/a	n/a	n/a	n/a	n/a	n/a	n/a	1298.337100	n/a
1298.334600	0.000000	519334	ttl	1	n/a	n/a	n/a	n/a	n/a	n/a	n/a	n/a	n/a	n/a	n/a	n/a	n/a	n/a	n/a	n/a	n/a	n/a	n/a	n/a	1298.337100	n/a
1298.344600	0.000000	519338	stimulus_presentation	n/a	0	n/a	n/a	n/a	n/a	n/a	n/a	n/a	n/a	n/a	n/a	n/a	n/a	n/a	n/a	n/a	n/a	n/a	n/a	n/a	1298.347100	n/a
1298.354600	0.000000	519342	stimulus_presentation	n/a	0	n/a	n/a	n/a	n/a	n/a	n/a	n/a	n/a	n/a	n/a	n/a	n/a	n/a	n/a	n/a	n/a	n/a	n/a	n/a	1298.357100	n/a
1300.351267	0.000000	520141	ttl	6	n/a	n/a	n/a	n/a	n/a	n/a	n/a	n/a	n/a	n/a	n/a	n/a	n/a	n/a	n/a	n/a	n/a	n/a	n/a	n/a	1300.353767	n/a
1303.033067	0.000000	521213	stimulus_presentation	n/a	276	n/a	n/a	n/a	n/a	n/a	n/a	n/a	n/a	n/a	n/a	n/a	n/a	n/a	n/a	n/a	n/a	n/a	n/a	n/a	1303.035567	n/a
1303.033067	0.000000	521213	ttl	7	n/a	n/a	n/a	n/a	n/a	n/a	n/a	n/a	n/a	n/a	n/a	n/a	n/a	n/a	n/a	n/a	n/a	n/a	n/a	n/a	1303.035567	n/a
1305.485867	0.000000	522194	ttl	8	n/a	n/a	n/a	n/a	n/a	n/a	n/a	n/a	n/a	n/a	n/a	n/a	n/a	n/a	n/a	n/a	n/a	n/a	n/a	n/a	1305.488367	n/a
1305.516167	12.379567	522206	sternberg_trial	n/a	n/a	250	552	453	335	3	0	1	1306.5690666666665	1308.5851333333333	1308.7203333333332	1310.7350333333331	1310.8537	1312.8686	1305.5186666666664	1312.8686	1315.6188333333332	1317.898233333333	intervals/trials	128	1305.518667	1317.898233
1305.516167	0.000000	522206	ttl	11	n/a	n/a	n/a	n/a	n/a	n/a	n/a	n/a	n/a	n/a	n/a	n/a	n/a	n/a	n/a	n/a	n/a	n/a	n/a	n/a	1305.518667	n/a
1306.566567	0.000000	522627	stimulus_presentation	n/a	107	n/a	n/a	n/a	n/a	n/a	n/a	n/a	n/a	n/a	n/a	n/a	n/a	n/a	n/a	n/a	n/a	n/a	n/a	n/a	1306.569067	n/a
1306.566567	0.000000	522627	ttl	1	n/a	n/a	n/a	n/a	n/a	n/a	n/a	n/a	n/a	n/a	n/a	n/a	n/a	n/a	n/a	n/a	n/a	n/a	n/a	n/a	1306.569067	n/a
1308.582633	0.000000	523433	ttl	5	n/a	n/a	n/a	n/a	n/a	n/a	n/a	n/a	n/a	n/a	n/a	n/a	n/a	n/a	n/a	n/a	n/a	n/a	n/a	n/a	1308.585133	n/a
1308.717833	0.000000	523487	stimulus_presentation	n/a	277	n/a	n/a	n/a	n/a	n/a	n/a	n/a	n/a	n/a	n/a	n/a	n/a	n/a	n/a	n/a	n/a	n/a	n/a	n/a	1308.720333	n/a
1308.717833	0.000000	523487	ttl	2	n/a	n/a	n/a	n/a	n/a	n/a	n/a	n/a	n/a	n/a	n/a	n/a	n/a	n/a	n/a	n/a	n/a	n/a	n/a	n/a	1308.720333	n/a
1310.732533	0.000000	524293	ttl	5	n/a	n/a	n/a	n/a	n/a	n/a	n/a	n/a	n/a	n/a	n/a	n/a	n/a	n/a	n/a	n/a	n/a	n/a	n/a	n/a	1310.735033	n/a
1310.851200	0.000000	524340	stimulus_presentation	n/a	223	n/a	n/a	n/a	n/a	n/a	n/a	n/a	n/a	n/a	n/a	n/a	n/a	n/a	n/a	n/a	n/a	n/a	n/a	n/a	1310.853700	n/a
1310.851200	0.000000	524340	ttl	3	n/a	n/a	n/a	n/a	n/a	n/a	n/a	n/a	n/a	n/a	n/a	n/a	n/a	n/a	n/a	n/a	n/a	n/a	n/a	n/a	1310.853700	n/a
1312.866100	0.000000	525146	ttl	6	n/a	n/a	n/a	n/a	n/a	n/a	n/a	n/a	n/a	n/a	n/a	n/a	n/a	n/a	n/a	n/a	n/a	n/a	n/a	n/a	1312.868600	n/a
1315.616333	0.000000	526247	stimulus_presentation	n/a	149	n/a	n/a	n/a	n/a	n/a	n/a	n/a	n/a	n/a	n/a	n/a	n/a	n/a	n/a	n/a	n/a	n/a	n/a	n/a	1315.618833	n/a
1315.616333	0.000000	526247	ttl	7	n/a	n/a	n/a	n/a	n/a	n/a	n/a	n/a	n/a	n/a	n/a	n/a	n/a	n/a	n/a	n/a	n/a	n/a	n/a	n/a	1315.618833	n/a
1317.895733	0.000000	527158	ttl	8	n/a	n/a	n/a	n/a	n/a	n/a	n/a	n/a	n/a	n/a	n/a	n/a	n/a	n/a	n/a	n/a	n/a	n/a	n/a	n/a	1317.898233	n/a
1317.932367	8.279333	527173	sternberg_trial	n/a	n/a	352	0	0	352	1	1	1	1319.0193	1321.0359999999998	0.0	0.0	0.0	0.0	1317.9348666666665	1321.0359999999998	1323.7195333333332	1326.2142	intervals/trials	129	1317.934867	1326.214200
1317.932367	0.000000	527173	ttl	11	n/a	n/a	n/a	n/a	n/a	n/a	n/a	n/a	n/a	n/a	n/a	n/a	n/a	n/a	n/a	n/a	n/a	n/a	n/a	n/a	1317.934867	n/a
1319.016800	0.000000	527607	stimulus_presentation	n/a	166	n/a	n/a	n/a	n/a	n/a	n/a	n/a	n/a	n/a	n/a	n/a	n/a	n/a	n/a	n/a	n/a	n/a	n/a	n/a	1319.019300	n/a
1319.016800	0.000000	527607	ttl	1	n/a	n/a	n/a	n/a	n/a	n/a	n/a	n/a	n/a	n/a	n/a	n/a	n/a	n/a	n/a	n/a	n/a	n/a	n/a	n/a	1319.019300	n/a
1319.026800	0.000000	527611	stimulus_presentation	n/a	0	n/a	n/a	n/a	n/a	n/a	n/a	n/a	n/a	n/a	n/a	n/a	n/a	n/a	n/a	n/a	n/a	n/a	n/a	n/a	1319.029300	n/a
1319.036800	0.000000	527615	stimulus_presentation	n/a	0	n/a	n/a	n/a	n/a	n/a	n/a	n/a	n/a	n/a	n/a	n/a	n/a	n/a	n/a	n/a	n/a	n/a	n/a	n/a	1319.039300	n/a
1321.033500	0.000000	528413	ttl	6	n/a	n/a	n/a	n/a	n/a	n/a	n/a	n/a	n/a	n/a	n/a	n/a	n/a	n/a	n/a	n/a	n/a	n/a	n/a	n/a	1321.036000	n/a
1323.717033	0.000000	529487	stimulus_presentation	n/a	166	n/a	n/a	n/a	n/a	n/a	n/a	n/a	n/a	n/a	n/a	n/a	n/a	n/a	n/a	n/a	n/a	n/a	n/a	n/a	1323.719533	n/a
1323.717033	0.000000	529487	ttl	7	n/a	n/a	n/a	n/a	n/a	n/a	n/a	n/a	n/a	n/a	n/a	n/a	n/a	n/a	n/a	n/a	n/a	n/a	n/a	n/a	1323.719533	n/a
1326.211700	0.000000	530485	ttl	8	n/a	n/a	n/a	n/a	n/a	n/a	n/a	n/a	n/a	n/a	n/a	n/a	n/a	n/a	n/a	n/a	n/a	n/a	n/a	n/a	1326.214200	n/a
1326.234000	8.581300	530494	sternberg_trial	n/a	n/a	251	0	0	428	1	0	1	1327.3036666666665	1329.3211666666664	0.0	0.0	0.0	0.0	1326.2365	1329.3211666666664	1332.0353333333333	1334.8178	intervals/trials	130	1326.236500	1334.817800
1326.234000	0.000000	530494	ttl	11	n/a	n/a	n/a	n/a	n/a	n/a	n/a	n/a	n/a	n/a	n/a	n/a	n/a	n/a	n/a	n/a	n/a	n/a	n/a	n/a	1326.236500	n/a
1327.301167	0.000000	530920	stimulus_presentation	n/a	108	n/a	n/a	n/a	n/a	n/a	n/a	n/a	n/a	n/a	n/a	n/a	n/a	n/a	n/a	n/a	n/a	n/a	n/a	n/a	1327.303667	n/a
1327.301167	0.000000	530920	ttl	1	n/a	n/a	n/a	n/a	n/a	n/a	n/a	n/a	n/a	n/a	n/a	n/a	n/a	n/a	n/a	n/a	n/a	n/a	n/a	n/a	1327.303667	n/a
1327.311167	0.000000	530924	stimulus_presentation	n/a	0	n/a	n/a	n/a	n/a	n/a	n/a	n/a	n/a	n/a	n/a	n/a	n/a	n/a	n/a	n/a	n/a	n/a	n/a	n/a	1327.313667	n/a
1327.321167	0.000000	530928	stimulus_presentation	n/a	0	n/a	n/a	n/a	n/a	n/a	n/a	n/a	n/a	n/a	n/a	n/a	n/a	n/a	n/a	n/a	n/a	n/a	n/a	n/a	1327.323667	n/a
1329.318667	0.000000	531727	ttl	6	n/a	n/a	n/a	n/a	n/a	n/a	n/a	n/a	n/a	n/a	n/a	n/a	n/a	n/a	n/a	n/a	n/a	n/a	n/a	n/a	1329.321167	n/a
1332.032833	0.000000	532813	stimulus_presentation	n/a	198	n/a	n/a	n/a	n/a	n/a	n/a	n/a	n/a	n/a	n/a	n/a	n/a	n/a	n/a	n/a	n/a	n/a	n/a	n/a	1332.035333	n/a
1332.032833	0.000000	532813	ttl	7	n/a	n/a	n/a	n/a	n/a	n/a	n/a	n/a	n/a	n/a	n/a	n/a	n/a	n/a	n/a	n/a	n/a	n/a	n/a	n/a	1332.035333	n/a
1334.815300	0.000000	533926	ttl	8	n/a	n/a	n/a	n/a	n/a	n/a	n/a	n/a	n/a	n/a	n/a	n/a	n/a	n/a	n/a	n/a	n/a	n/a	n/a	n/a	1334.817800	n/a
1334.849067	13.447200	533940	sternberg_trial	n/a	n/a	454	252	353	538	3	0	1	1335.9017666666664	1337.918	1338.0366666666664	1340.0535	1340.2515666666663	1342.2682333333332	1334.8515666666665	1342.2682333333332	1345.0351333333333	1348.2987666666666	intervals/trials	131	1334.851567	1348.298767
1334.849067	0.000000	533940	ttl	11	n/a	n/a	n/a	n/a	n/a	n/a	n/a	n/a	n/a	n/a	n/a	n/a	n/a	n/a	n/a	n/a	n/a	n/a	n/a	n/a	1334.851567	n/a
1335.899267	0.000000	534360	stimulus_presentation	n/a	224	n/a	n/a	n/a	n/a	n/a	n/a	n/a	n/a	n/a	n/a	n/a	n/a	n/a	n/a	n/a	n/a	n/a	n/a	n/a	1335.901767	n/a
1335.899267	0.000000	534360	ttl	1	n/a	n/a	n/a	n/a	n/a	n/a	n/a	n/a	n/a	n/a	n/a	n/a	n/a	n/a	n/a	n/a	n/a	n/a	n/a	n/a	1335.901767	n/a
1337.915500	0.000000	535166	ttl	5	n/a	n/a	n/a	n/a	n/a	n/a	n/a	n/a	n/a	n/a	n/a	n/a	n/a	n/a	n/a	n/a	n/a	n/a	n/a	n/a	1337.918000	n/a
1338.034167	0.000000	535214	stimulus_presentation	n/a	109	n/a	n/a	n/a	n/a	n/a	n/a	n/a	n/a	n/a	n/a	n/a	n/a	n/a	n/a	n/a	n/a	n/a	n/a	n/a	1338.036667	n/a
1338.034167	0.000000	535214	ttl	2	n/a	n/a	n/a	n/a	n/a	n/a	n/a	n/a	n/a	n/a	n/a	n/a	n/a	n/a	n/a	n/a	n/a	n/a	n/a	n/a	1338.036667	n/a
1340.051000	0.000000	536020	ttl	5	n/a	n/a	n/a	n/a	n/a	n/a	n/a	n/a	n/a	n/a	n/a	n/a	n/a	n/a	n/a	n/a	n/a	n/a	n/a	n/a	1340.053500	n/a
1340.249067	0.000000	536100	stimulus_presentation	n/a	167	n/a	n/a	n/a	n/a	n/a	n/a	n/a	n/a	n/a	n/a	n/a	n/a	n/a	n/a	n/a	n/a	n/a	n/a	n/a	1340.251567	n/a
1340.249067	0.000000	536100	ttl	3	n/a	n/a	n/a	n/a	n/a	n/a	n/a	n/a	n/a	n/a	n/a	n/a	n/a	n/a	n/a	n/a	n/a	n/a	n/a	n/a	1340.251567	n/a
1342.265733	0.000000	536906	ttl	6	n/a	n/a	n/a	n/a	n/a	n/a	n/a	n/a	n/a	n/a	n/a	n/a	n/a	n/a	n/a	n/a	n/a	n/a	n/a	n/a	1342.268233	n/a
1345.032633	0.000000	538013	stimulus_presentation	n/a	263	n/a	n/a	n/a	n/a	n/a	n/a	n/a	n/a	n/a	n/a	n/a	n/a	n/a	n/a	n/a	n/a	n/a	n/a	n/a	1345.035133	n/a
1345.032633	0.000000	538013	ttl	7	n/a	n/a	n/a	n/a	n/a	n/a	n/a	n/a	n/a	n/a	n/a	n/a	n/a	n/a	n/a	n/a	n/a	n/a	n/a	n/a	1345.035133	n/a
1348.296267	0.000000	539319	ttl	8	n/a	n/a	n/a	n/a	n/a	n/a	n/a	n/a	n/a	n/a	n/a	n/a	n/a	n/a	n/a	n/a	n/a	n/a	n/a	n/a	1348.298767	n/a
1348.332433	6.776433	539333	sternberg_trial	n/a	n/a	354	0	0	536	1	0	1	1349.2853	1351.3018333333332	0.0	0.0	0.0	0.0	1348.334933333333	1351.3018333333332	1354.102933333333	1355.1113666666665	intervals/trials	132	1348.334933	1355.111367
1348.332433	0.000000	539333	ttl	11	n/a	n/a	n/a	n/a	n/a	n/a	n/a	n/a	n/a	n/a	n/a	n/a	n/a	n/a	n/a	n/a	n/a	n/a	n/a	n/a	1348.334933	n/a
1349.282800	0.000000	539713	stimulus_presentation	n/a	168	n/a	n/a	n/a	n/a	n/a	n/a	n/a	n/a	n/a	n/a	n/a	n/a	n/a	n/a	n/a	n/a	n/a	n/a	n/a	1349.285300	n/a
1349.282800	0.000000	539713	ttl	1	n/a	n/a	n/a	n/a	n/a	n/a	n/a	n/a	n/a	n/a	n/a	n/a	n/a	n/a	n/a	n/a	n/a	n/a	n/a	n/a	1349.285300	n/a
1349.292800	0.000000	539717	stimulus_presentation	n/a	0	n/a	n/a	n/a	n/a	n/a	n/a	n/a	n/a	n/a	n/a	n/a	n/a	n/a	n/a	n/a	n/a	n/a	n/a	n/a	1349.295300	n/a
1349.302800	0.000000	539721	stimulus_presentation	n/a	0	n/a	n/a	n/a	n/a	n/a	n/a	n/a	n/a	n/a	n/a	n/a	n/a	n/a	n/a	n/a	n/a	n/a	n/a	n/a	1349.305300	n/a
1351.299333	0.000000	540520	ttl	6	n/a	n/a	n/a	n/a	n/a	n/a	n/a	n/a	n/a	n/a	n/a	n/a	n/a	n/a	n/a	n/a	n/a	n/a	n/a	n/a	1351.301833	n/a
1354.100433	0.000000	541640	stimulus_presentation	n/a	261	n/a	n/a	n/a	n/a	n/a	n/a	n/a	n/a	n/a	n/a	n/a	n/a	n/a	n/a	n/a	n/a	n/a	n/a	n/a	1354.102933	n/a
1354.100433	0.000000	541640	ttl	7	n/a	n/a	n/a	n/a	n/a	n/a	n/a	n/a	n/a	n/a	n/a	n/a	n/a	n/a	n/a	n/a	n/a	n/a	n/a	n/a	1354.102933	n/a
1355.108867	0.000000	542044	ttl	8	n/a	n/a	n/a	n/a	n/a	n/a	n/a	n/a	n/a	n/a	n/a	n/a	n/a	n/a	n/a	n/a	n/a	n/a	n/a	n/a	1355.111367	n/a
1355.133767	7.731267	542054	sternberg_trial	n/a	n/a	355	0	0	216	1	0	1	1356.2198666666663	1358.2355	0.0	0.0	0.0	0.0	1355.1362666666664	1358.2355	1360.8016	1362.867533333333	intervals/trials	133	1355.136267	1362.867533
1355.133767	0.000000	542054	ttl	11	n/a	n/a	n/a	n/a	n/a	n/a	n/a	n/a	n/a	n/a	n/a	n/a	n/a	n/a	n/a	n/a	n/a	n/a	n/a	n/a	1355.136267	n/a
1356.217367	0.000000	542487	stimulus_presentation	n/a	169	n/a	n/a	n/a	n/a	n/a	n/a	n/a	n/a	n/a	n/a	n/a	n/a	n/a	n/a	n/a	n/a	n/a	n/a	n/a	1356.219867	n/a
1356.217367	0.000000	542487	ttl	1	n/a	n/a	n/a	n/a	n/a	n/a	n/a	n/a	n/a	n/a	n/a	n/a	n/a	n/a	n/a	n/a	n/a	n/a	n/a	n/a	1356.219867	n/a
1356.227367	0.000000	542491	stimulus_presentation	n/a	0	n/a	n/a	n/a	n/a	n/a	n/a	n/a	n/a	n/a	n/a	n/a	n/a	n/a	n/a	n/a	n/a	n/a	n/a	n/a	1356.229867	n/a
1356.237367	0.000000	542495	stimulus_presentation	n/a	0	n/a	n/a	n/a	n/a	n/a	n/a	n/a	n/a	n/a	n/a	n/a	n/a	n/a	n/a	n/a	n/a	n/a	n/a	n/a	1356.239867	n/a
1358.233000	0.000000	543293	ttl	6	n/a	n/a	n/a	n/a	n/a	n/a	n/a	n/a	n/a	n/a	n/a	n/a	n/a	n/a	n/a	n/a	n/a	n/a	n/a	n/a	1358.235500	n/a
1360.799100	0.000000	544320	stimulus_presentation	n/a	73	n/a	n/a	n/a	n/a	n/a	n/a	n/a	n/a	n/a	n/a	n/a	n/a	n/a	n/a	n/a	n/a	n/a	n/a	n/a	1360.801600	n/a
1360.799100	0.000000	544320	ttl	7	n/a	n/a	n/a	n/a	n/a	n/a	n/a	n/a	n/a	n/a	n/a	n/a	n/a	n/a	n/a	n/a	n/a	n/a	n/a	n/a	1360.801600	n/a
1362.865033	0.000000	545146	ttl	8	n/a	n/a	n/a	n/a	n/a	n/a	n/a	n/a	n/a	n/a	n/a	n/a	n/a	n/a	n/a	n/a	n/a	n/a	n/a	n/a	1362.867533	n/a
1362.898900	12.008133	545160	sternberg_trial	n/a	n/a	156	553	253	156	3	1	0	1363.9847666666665	1366.0012	1366.1680999999999	1368.1849	1368.3198333333332	1370.3346333333332	1362.9014	1370.3346333333332	1373.035033333333	1374.9095333333332	intervals/trials	134	1362.901400	1374.909533
1362.898900	0.000000	545160	ttl	11	n/a	n/a	n/a	n/a	n/a	n/a	n/a	n/a	n/a	n/a	n/a	n/a	n/a	n/a	n/a	n/a	n/a	n/a	n/a	n/a	1362.901400	n/a
1363.982267	0.000000	545593	stimulus_presentation	n/a	56	n/a	n/a	n/a	n/a	n/a	n/a	n/a	n/a	n/a	n/a	n/a	n/a	n/a	n/a	n/a	n/a	n/a	n/a	n/a	1363.984767	n/a
1363.982267	0.000000	545593	ttl	1	n/a	n/a	n/a	n/a	n/a	n/a	n/a	n/a	n/a	n/a	n/a	n/a	n/a	n/a	n/a	n/a	n/a	n/a	n/a	n/a	1363.984767	n/a
1365.998700	0.000000	546399	ttl	5	n/a	n/a	n/a	n/a	n/a	n/a	n/a	n/a	n/a	n/a	n/a	n/a	n/a	n/a	n/a	n/a	n/a	n/a	n/a	n/a	1366.001200	n/a
1366.165600	0.000000	546466	stimulus_presentation	n/a	278	n/a	n/a	n/a	n/a	n/a	n/a	n/a	n/a	n/a	n/a	n/a	n/a	n/a	n/a	n/a	n/a	n/a	n/a	n/a	1366.168100	n/a
1366.165600	0.000000	546466	ttl	2	n/a	n/a	n/a	n/a	n/a	n/a	n/a	n/a	n/a	n/a	n/a	n/a	n/a	n/a	n/a	n/a	n/a	n/a	n/a	n/a	1366.168100	n/a
1368.182400	0.000000	547273	ttl	5	n/a	n/a	n/a	n/a	n/a	n/a	n/a	n/a	n/a	n/a	n/a	n/a	n/a	n/a	n/a	n/a	n/a	n/a	n/a	n/a	1368.184900	n/a
1368.317333	0.000000	547327	stimulus_presentation	n/a	110	n/a	n/a	n/a	n/a	n/a	n/a	n/a	n/a	n/a	n/a	n/a	n/a	n/a	n/a	n/a	n/a	n/a	n/a	n/a	1368.319833	n/a
1368.317333	0.000000	547327	ttl	3	n/a	n/a	n/a	n/a	n/a	n/a	n/a	n/a	n/a	n/a	n/a	n/a	n/a	n/a	n/a	n/a	n/a	n/a	n/a	n/a	1368.319833	n/a
1370.332133	0.000000	548133	ttl	6	n/a	n/a	n/a	n/a	n/a	n/a	n/a	n/a	n/a	n/a	n/a	n/a	n/a	n/a	n/a	n/a	n/a	n/a	n/a	n/a	1370.334633	n/a
1373.032533	0.000000	549213	stimulus_presentation	n/a	56	n/a	n/a	n/a	n/a	n/a	n/a	n/a	n/a	n/a	n/a	n/a	n/a	n/a	n/a	n/a	n/a	n/a	n/a	n/a	1373.035033	n/a
1373.032533	0.000000	549213	ttl	7	n/a	n/a	n/a	n/a	n/a	n/a	n/a	n/a	n/a	n/a	n/a	n/a	n/a	n/a	n/a	n/a	n/a	n/a	n/a	n/a	1373.035033	n/a
1374.907033	0.000000	549963	ttl	8	n/a	n/a	n/a	n/a	n/a	n/a	n/a	n/a	n/a	n/a	n/a	n/a	n/a	n/a	n/a	n/a	n/a	n/a	n/a	n/a	1374.909533	n/a
1374.932167	7.682933	549973	sternberg_trial	n/a	n/a	554	0	0	554	1	1	0	1376.1345666666664	1378.1517333333331	0.0	0.0	0.0	0.0	1374.9346666666665	1378.1517333333331	1380.7354666666665	1382.6176	intervals/trials	135	1374.934667	1382.617600
1374.932167	0.000000	549973	ttl	11	n/a	n/a	n/a	n/a	n/a	n/a	n/a	n/a	n/a	n/a	n/a	n/a	n/a	n/a	n/a	n/a	n/a	n/a	n/a	n/a	1374.934667	n/a
1376.132067	0.000000	550453	stimulus_presentation	n/a	279	n/a	n/a	n/a	n/a	n/a	n/a	n/a	n/a	n/a	n/a	n/a	n/a	n/a	n/a	n/a	n/a	n/a	n/a	n/a	1376.134567	n/a
1376.132067	0.000000	550453	ttl	1	n/a	n/a	n/a	n/a	n/a	n/a	n/a	n/a	n/a	n/a	n/a	n/a	n/a	n/a	n/a	n/a	n/a	n/a	n/a	n/a	1376.134567	n/a
1376.142067	0.000000	550457	stimulus_presentation	n/a	0	n/a	n/a	n/a	n/a	n/a	n/a	n/a	n/a	n/a	n/a	n/a	n/a	n/a	n/a	n/a	n/a	n/a	n/a	n/a	1376.144567	n/a
1376.152067	0.000000	550461	stimulus_presentation	n/a	0	n/a	n/a	n/a	n/a	n/a	n/a	n/a	n/a	n/a	n/a	n/a	n/a	n/a	n/a	n/a	n/a	n/a	n/a	n/a	1376.154567	n/a
1378.149233	0.000000	551260	ttl	6	n/a	n/a	n/a	n/a	n/a	n/a	n/a	n/a	n/a	n/a	n/a	n/a	n/a	n/a	n/a	n/a	n/a	n/a	n/a	n/a	1378.151733	n/a
1380.732967	0.000000	552293	stimulus_presentation	n/a	279	n/a	n/a	n/a	n/a	n/a	n/a	n/a	n/a	n/a	n/a	n/a	n/a	n/a	n/a	n/a	n/a	n/a	n/a	n/a	1380.735467	n/a
1380.732967	0.000000	552293	ttl	7	n/a	n/a	n/a	n/a	n/a	n/a	n/a	n/a	n/a	n/a	n/a	n/a	n/a	n/a	n/a	n/a	n/a	n/a	n/a	n/a	1380.735467	n/a
1382.615100	0.000000	553046	ttl	8	n/a	n/a	n/a	n/a	n/a	n/a	n/a	n/a	n/a	n/a	n/a	n/a	n/a	n/a	n/a	n/a	n/a	n/a	n/a	n/a	1382.617600	n/a
1382.649233	7.354233	553060	sternberg_trial	n/a	n/a	254	0	0	254	1	1	0	1383.7692666666665	1385.7854666666665	0.0	0.0	0.0	0.0	1382.6517333333331	1385.7854666666665	1388.5012666666664	1390.0059666666664	intervals/trials	136	1382.651733	1390.005967
1382.649233	0.000000	553060	ttl	11	n/a	n/a	n/a	n/a	n/a	n/a	n/a	n/a	n/a	n/a	n/a	n/a	n/a	n/a	n/a	n/a	n/a	n/a	n/a	n/a	1382.651733	n/a
1383.766767	0.000000	553507	stimulus_presentation	n/a	111	n/a	n/a	n/a	n/a	n/a	n/a	n/a	n/a	n/a	n/a	n/a	n/a	n/a	n/a	n/a	n/a	n/a	n/a	n/a	1383.769267	n/a
1383.766767	0.000000	553507	ttl	1	n/a	n/a	n/a	n/a	n/a	n/a	n/a	n/a	n/a	n/a	n/a	n/a	n/a	n/a	n/a	n/a	n/a	n/a	n/a	n/a	1383.769267	n/a
1383.776767	0.000000	553511	stimulus_presentation	n/a	0	n/a	n/a	n/a	n/a	n/a	n/a	n/a	n/a	n/a	n/a	n/a	n/a	n/a	n/a	n/a	n/a	n/a	n/a	n/a	1383.779267	n/a
1383.786767	0.000000	553515	stimulus_presentation	n/a	0	n/a	n/a	n/a	n/a	n/a	n/a	n/a	n/a	n/a	n/a	n/a	n/a	n/a	n/a	n/a	n/a	n/a	n/a	n/a	1383.789267	n/a
1385.782967	0.000000	554313	ttl	6	n/a	n/a	n/a	n/a	n/a	n/a	n/a	n/a	n/a	n/a	n/a	n/a	n/a	n/a	n/a	n/a	n/a	n/a	n/a	n/a	1385.785467	n/a
1388.498767	0.000000	555400	stimulus_presentation	n/a	111	n/a	n/a	n/a	n/a	n/a	n/a	n/a	n/a	n/a	n/a	n/a	n/a	n/a	n/a	n/a	n/a	n/a	n/a	n/a	1388.501267	n/a
1388.498767	0.000000	555400	ttl	7	n/a	n/a	n/a	n/a	n/a	n/a	n/a	n/a	n/a	n/a	n/a	n/a	n/a	n/a	n/a	n/a	n/a	n/a	n/a	n/a	1388.501267	n/a
1390.003467	0.000000	556001	ttl	8	n/a	n/a	n/a	n/a	n/a	n/a	n/a	n/a	n/a	n/a	n/a	n/a	n/a	n/a	n/a	n/a	n/a	n/a	n/a	n/a	1390.005967	n/a
1390.031900	14.844033	556013	sternberg_trial	n/a	n/a	555	356	255	143	3	0	1	1391.1195666666665	1393.1344333333332	1393.1849	1395.2010333333333	1395.3028666666664	1397.3176999999998	1390.0344	1397.3176999999998	1399.9847666666665	1404.878433333333	intervals/trials	137	1390.034400	1404.878433
1390.031900	0.000000	556013	ttl	11	n/a	n/a	n/a	n/a	n/a	n/a	n/a	n/a	n/a	n/a	n/a	n/a	n/a	n/a	n/a	n/a	n/a	n/a	n/a	n/a	1390.034400	n/a
1391.117067	0.000000	556447	stimulus_presentation	n/a	280	n/a	n/a	n/a	n/a	n/a	n/a	n/a	n/a	n/a	n/a	n/a	n/a	n/a	n/a	n/a	n/a	n/a	n/a	n/a	1391.119567	n/a
1391.117067	0.000000	556447	ttl	1	n/a	n/a	n/a	n/a	n/a	n/a	n/a	n/a	n/a	n/a	n/a	n/a	n/a	n/a	n/a	n/a	n/a	n/a	n/a	n/a	1391.119567	n/a
1393.131933	0.000000	557253	ttl	5	n/a	n/a	n/a	n/a	n/a	n/a	n/a	n/a	n/a	n/a	n/a	n/a	n/a	n/a	n/a	n/a	n/a	n/a	n/a	n/a	1393.134433	n/a
1393.182400	0.000000	557273	stimulus_presentation	n/a	170	n/a	n/a	n/a	n/a	n/a	n/a	n/a	n/a	n/a	n/a	n/a	n/a	n/a	n/a	n/a	n/a	n/a	n/a	n/a	1393.184900	n/a
1393.182400	0.000000	557273	ttl	2	n/a	n/a	n/a	n/a	n/a	n/a	n/a	n/a	n/a	n/a	n/a	n/a	n/a	n/a	n/a	n/a	n/a	n/a	n/a	n/a	1393.184900	n/a
1395.198533	0.000000	558079	ttl	5	n/a	n/a	n/a	n/a	n/a	n/a	n/a	n/a	n/a	n/a	n/a	n/a	n/a	n/a	n/a	n/a	n/a	n/a	n/a	n/a	1395.201033	n/a
1395.300367	0.000000	558120	stimulus_presentation	n/a	112	n/a	n/a	n/a	n/a	n/a	n/a	n/a	n/a	n/a	n/a	n/a	n/a	n/a	n/a	n/a	n/a	n/a	n/a	n/a	1395.302867	n/a
1395.300367	0.000000	558120	ttl	3	n/a	n/a	n/a	n/a	n/a	n/a	n/a	n/a	n/a	n/a	n/a	n/a	n/a	n/a	n/a	n/a	n/a	n/a	n/a	n/a	1395.302867	n/a
1397.315200	0.000000	558926	ttl	6	n/a	n/a	n/a	n/a	n/a	n/a	n/a	n/a	n/a	n/a	n/a	n/a	n/a	n/a	n/a	n/a	n/a	n/a	n/a	n/a	1397.317700	n/a
1399.982267	0.000000	559993	stimulus_presentation	n/a	43	n/a	n/a	n/a	n/a	n/a	n/a	n/a	n/a	n/a	n/a	n/a	n/a	n/a	n/a	n/a	n/a	n/a	n/a	n/a	1399.984767	n/a
1399.982267	0.000000	559993	ttl	7	n/a	n/a	n/a	n/a	n/a	n/a	n/a	n/a	n/a	n/a	n/a	n/a	n/a	n/a	n/a	n/a	n/a	n/a	n/a	n/a	1399.984767	n/a
1404.875933	0.000000	561950	ttl	8	n/a	n/a	n/a	n/a	n/a	n/a	n/a	n/a	n/a	n/a	n/a	n/a	n/a	n/a	n/a	n/a	n/a	n/a	n/a	n/a	1404.878433	n/a
1404.898533	11.651567	561959	sternberg_trial	n/a	n/a	157	256	455	157	3	1	0	1405.9012333333333	1407.9186666666665	1408.0863	1410.1014333333333	1410.1345	1412.1527999999998	1404.901033333333	1412.1527999999998	1414.7681	1416.5526	intervals/trials	138	1404.901033	1416.552600
1404.898533	0.000000	561959	ttl	11	n/a	n/a	n/a	n/a	n/a	n/a	n/a	n/a	n/a	n/a	n/a	n/a	n/a	n/a	n/a	n/a	n/a	n/a	n/a	n/a	1404.901033	n/a
1405.898733	0.000000	562359	stimulus_presentation	n/a	57	n/a	n/a	n/a	n/a	n/a	n/a	n/a	n/a	n/a	n/a	n/a	n/a	n/a	n/a	n/a	n/a	n/a	n/a	n/a	1405.901233	n/a
1405.898733	0.000000	562359	ttl	1	n/a	n/a	n/a	n/a	n/a	n/a	n/a	n/a	n/a	n/a	n/a	n/a	n/a	n/a	n/a	n/a	n/a	n/a	n/a	n/a	1405.901233	n/a
1407.916167	0.000000	563166	ttl	5	n/a	n/a	n/a	n/a	n/a	n/a	n/a	n/a	n/a	n/a	n/a	n/a	n/a	n/a	n/a	n/a	n/a	n/a	n/a	n/a	1407.918667	n/a
1408.083800	0.000000	563234	stimulus_presentation	n/a	113	n/a	n/a	n/a	n/a	n/a	n/a	n/a	n/a	n/a	n/a	n/a	n/a	n/a	n/a	n/a	n/a	n/a	n/a	n/a	1408.086300	n/a
1408.083800	0.000000	563234	ttl	2	n/a	n/a	n/a	n/a	n/a	n/a	n/a	n/a	n/a	n/a	n/a	n/a	n/a	n/a	n/a	n/a	n/a	n/a	n/a	n/a	1408.086300	n/a
1410.098933	0.000000	564040	ttl	5	n/a	n/a	n/a	n/a	n/a	n/a	n/a	n/a	n/a	n/a	n/a	n/a	n/a	n/a	n/a	n/a	n/a	n/a	n/a	n/a	1410.101433	n/a
1410.132000	0.000000	564053	stimulus_presentation	n/a	225	n/a	n/a	n/a	n/a	n/a	n/a	n/a	n/a	n/a	n/a	n/a	n/a	n/a	n/a	n/a	n/a	n/a	n/a	n/a	1410.134500	n/a
1410.132000	0.000000	564053	ttl	3	n/a	n/a	n/a	n/a	n/a	n/a	n/a	n/a	n/a	n/a	n/a	n/a	n/a	n/a	n/a	n/a	n/a	n/a	n/a	n/a	1410.134500	n/a
1412.150300	0.000000	564860	ttl	6	n/a	n/a	n/a	n/a	n/a	n/a	n/a	n/a	n/a	n/a	n/a	n/a	n/a	n/a	n/a	n/a	n/a	n/a	n/a	n/a	1412.152800	n/a
1414.765600	0.000000	565906	stimulus_presentation	n/a	57	n/a	n/a	n/a	n/a	n/a	n/a	n/a	n/a	n/a	n/a	n/a	n/a	n/a	n/a	n/a	n/a	n/a	n/a	n/a	1414.768100	n/a
1414.765600	0.000000	565906	ttl	7	n/a	n/a	n/a	n/a	n/a	n/a	n/a	n/a	n/a	n/a	n/a	n/a	n/a	n/a	n/a	n/a	n/a	n/a	n/a	n/a	1414.768100	n/a
1416.550100	0.000000	566620	ttl	8	n/a	n/a	n/a	n/a	n/a	n/a	n/a	n/a	n/a	n/a	n/a	n/a	n/a	n/a	n/a	n/a	n/a	n/a	n/a	n/a	1416.552600	n/a
1416.582133	6.764467	566633	sternberg_trial	n/a	n/a	257	0	0	327	1	0	1	1417.6019333333331	1419.6174666666664	0.0	0.0	0.0	0.0	1416.5846333333332	1419.6174666666664	1422.1675666666665	1423.3491	intervals/trials	139	1416.584633	1423.349100
1416.582133	0.000000	566633	ttl	11	n/a	n/a	n/a	n/a	n/a	n/a	n/a	n/a	n/a	n/a	n/a	n/a	n/a	n/a	n/a	n/a	n/a	n/a	n/a	n/a	1416.584633	n/a
1417.599433	0.000000	567040	stimulus_presentation	n/a	114	n/a	n/a	n/a	n/a	n/a	n/a	n/a	n/a	n/a	n/a	n/a	n/a	n/a	n/a	n/a	n/a	n/a	n/a	n/a	1417.601933	n/a
1417.599433	0.000000	567040	ttl	1	n/a	n/a	n/a	n/a	n/a	n/a	n/a	n/a	n/a	n/a	n/a	n/a	n/a	n/a	n/a	n/a	n/a	n/a	n/a	n/a	1417.601933	n/a
1417.609433	0.000000	567044	stimulus_presentation	n/a	0	n/a	n/a	n/a	n/a	n/a	n/a	n/a	n/a	n/a	n/a	n/a	n/a	n/a	n/a	n/a	n/a	n/a	n/a	n/a	1417.611933	n/a
1417.619433	0.000000	567048	stimulus_presentation	n/a	0	n/a	n/a	n/a	n/a	n/a	n/a	n/a	n/a	n/a	n/a	n/a	n/a	n/a	n/a	n/a	n/a	n/a	n/a	n/a	1417.621933	n/a
1419.614967	0.000000	567846	ttl	6	n/a	n/a	n/a	n/a	n/a	n/a	n/a	n/a	n/a	n/a	n/a	n/a	n/a	n/a	n/a	n/a	n/a	n/a	n/a	n/a	1419.617467	n/a
1422.165067	0.000000	568866	stimulus_presentation	n/a	141	n/a	n/a	n/a	n/a	n/a	n/a	n/a	n/a	n/a	n/a	n/a	n/a	n/a	n/a	n/a	n/a	n/a	n/a	n/a	1422.167567	n/a
1422.165067	0.000000	568866	ttl	7	n/a	n/a	n/a	n/a	n/a	n/a	n/a	n/a	n/a	n/a	n/a	n/a	n/a	n/a	n/a	n/a	n/a	n/a	n/a	n/a	1422.167567	n/a
1423.346600	0.000000	569339	ttl	8	n/a	n/a	n/a	n/a	n/a	n/a	n/a	n/a	n/a	n/a	n/a	n/a	n/a	n/a	n/a	n/a	n/a	n/a	n/a	n/a	1423.349100	n/a
1433.748467	0.000000	573499	ttl	60	n/a	n/a	n/a	n/a	n/a	n/a	n/a	n/a	n/a	n/a	n/a	n/a	n/a	n/a	n/a	n/a	n/a	n/a	n/a	n/a	1433.750967	n/a
