onset	duration	sample	trial_type	value	stimulus_index	PicIDs_Encoding1	PicIDs_Encoding2	PicIDs_Encoding3	PicIDs_Probe	loads	probe_in_out	response_accuracy	timestamps_Encoding1	timestamps_Encoding1_end	timestamps_Encoding2	timestamps_Encoding2_end	timestamps_Encoding3	timestamps_Encoding3_end	timestamps_FixationCross	timestamps_Maintenance	timestamps_Probe	timestamps_Response	source_table	source_row_id	source_start_time	source_stop_time
-0.002485	0.000000	-1	ttl	61	n/a	n/a	n/a	n/a	n/a	n/a	n/a	n/a	n/a	n/a	n/a	n/a	n/a	n/a	n/a	n/a	n/a	n/a	n/a	n/a	0.000000	n/a
0.029328	11.150495	12	sternberg_trial	n/a	n/a	201	101	501	501	3	1	1	1.115718	3.131718	3.148155	5.164778999999999	5.233842	7.247591	0.031813	7.247591	9.865777	11.182307999999999	intervals/trials	0	0.031813	11.182308
0.029328	0.000000	12	ttl	11	n/a	n/a	n/a	n/a	n/a	n/a	n/a	n/a	n/a	n/a	n/a	n/a	n/a	n/a	n/a	n/a	n/a	n/a	n/a	n/a	0.031813	n/a
1.113233	0.000000	445	stimulus_presentation	n/a	58	n/a	n/a	n/a	n/a	n/a	n/a	n/a	n/a	n/a	n/a	n/a	n/a	n/a	n/a	n/a	n/a	n/a	n/a	n/a	1.115718	n/a
1.113233	0.000000	445	ttl	1	n/a	n/a	n/a	n/a	n/a	n/a	n/a	n/a	n/a	n/a	n/a	n/a	n/a	n/a	n/a	n/a	n/a	n/a	n/a	n/a	1.115718	n/a
3.129233	0.000000	1252	ttl	5	n/a	n/a	n/a	n/a	n/a	n/a	n/a	n/a	n/a	n/a	n/a	n/a	n/a	n/a	n/a	n/a	n/a	n/a	n/a	n/a	3.131718	n/a
3.145670	0.000000	1258	stimulus_presentation	n/a	1	n/a	n/a	n/a	n/a	n/a	n/a	n/a	n/a	n/a	n/a	n/a	n/a	n/a	n/a	n/a	n/a	n/a	n/a	n/a	3.148155	n/a
3.145670	0.000000	1258	ttl	2	n/a	n/a	n/a	n/a	n/a	n/a	n/a	n/a	n/a	n/a	n/a	n/a	n/a	n/a	n/a	n/a	n/a	n/a	n/a	n/a	3.148155	n/a
5.162294	0.000000	2065	ttl	5	n/a	n/a	n/a	n/a	n/a	n/a	n/a	n/a	n/a	n/a	n/a	n/a	n/a	n/a	n/a	n/a	n/a	n/a	n/a	n/a	5.164779	n/a
5.231357	0.000000	2093	stimulus_presentation	n/a	226	n/a	n/a	n/a	n/a	n/a	n/a	n/a	n/a	n/a	n/a	n/a	n/a	n/a	n/a	n/a	n/a	n/a	n/a	n/a	5.233842	n/a
5.231357	0.000000	2093	ttl	3	n/a	n/a	n/a	n/a	n/a	n/a	n/a	n/a	n/a	n/a	n/a	n/a	n/a	n/a	n/a	n/a	n/a	n/a	n/a	n/a	5.233842	n/a
7.245106	0.000000	2898	ttl	6	n/a	n/a	n/a	n/a	n/a	n/a	n/a	n/a	n/a	n/a	n/a	n/a	n/a	n/a	n/a	n/a	n/a	n/a	n/a	n/a	7.247591	n/a
9.863292	0.000000	3945	stimulus_presentation	n/a	226	n/a	n/a	n/a	n/a	n/a	n/a	n/a	n/a	n/a	n/a	n/a	n/a	n/a	n/a	n/a	n/a	n/a	n/a	n/a	9.865777	n/a
9.863292	0.000000	3945	ttl	7	n/a	n/a	n/a	n/a	n/a	n/a	n/a	n/a	n/a	n/a	n/a	n/a	n/a	n/a	n/a	n/a	n/a	n/a	n/a	n/a	9.865777	n/a
11.179823	0.000000	4472	ttl	8	n/a	n/a	n/a	n/a	n/a	n/a	n/a	n/a	n/a	n/a	n/a	n/a	n/a	n/a	n/a	n/a	n/a	n/a	n/a	n/a	11.182308	n/a
11.226854	11.198152	4491	sternberg_trial	n/a	n/a	202	102	502	502	3	1	1	12.29712	14.313151	14.529776	16.546212	16.579368	18.595774	11.229339	18.595774	21.279678999999998	22.427491	intervals/trials	1	11.229339	22.427491
11.226854	0.000000	4491	ttl	11	n/a	n/a	n/a	n/a	n/a	n/a	n/a	n/a	n/a	n/a	n/a	n/a	n/a	n/a	n/a	n/a	n/a	n/a	n/a	n/a	11.229339	n/a
12.294635	0.000000	4918	stimulus_presentation	n/a	59	n/a	n/a	n/a	n/a	n/a	n/a	n/a	n/a	n/a	n/a	n/a	n/a	n/a	n/a	n/a	n/a	n/a	n/a	n/a	12.297120	n/a
12.294635	0.000000	4918	ttl	1	n/a	n/a	n/a	n/a	n/a	n/a	n/a	n/a	n/a	n/a	n/a	n/a	n/a	n/a	n/a	n/a	n/a	n/a	n/a	n/a	12.297120	n/a
14.310666	0.000000	5724	ttl	5	n/a	n/a	n/a	n/a	n/a	n/a	n/a	n/a	n/a	n/a	n/a	n/a	n/a	n/a	n/a	n/a	n/a	n/a	n/a	n/a	14.313151	n/a
14.527291	0.000000	5811	stimulus_presentation	n/a	2	n/a	n/a	n/a	n/a	n/a	n/a	n/a	n/a	n/a	n/a	n/a	n/a	n/a	n/a	n/a	n/a	n/a	n/a	n/a	14.529776	n/a
14.527291	0.000000	5811	ttl	2	n/a	n/a	n/a	n/a	n/a	n/a	n/a	n/a	n/a	n/a	n/a	n/a	n/a	n/a	n/a	n/a	n/a	n/a	n/a	n/a	14.529776	n/a
16.543727	0.000000	6617	ttl	5	n/a	n/a	n/a	n/a	n/a	n/a	n/a	n/a	n/a	n/a	n/a	n/a	n/a	n/a	n/a	n/a	n/a	n/a	n/a	n/a	16.546212	n/a
16.576883	0.000000	6631	stimulus_presentation	n/a	227	n/a	n/a	n/a	n/a	n/a	n/a	n/a	n/a	n/a	n/a	n/a	n/a	n/a	n/a	n/a	n/a	n/a	n/a	n/a	16.579368	n/a
16.576883	0.000000	6631	ttl	3	n/a	n/a	n/a	n/a	n/a	n/a	n/a	n/a	n/a	n/a	n/a	n/a	n/a	n/a	n/a	n/a	n/a	n/a	n/a	n/a	16.579368	n/a
18.593289	0.000000	7437	ttl	6	n/a	n/a	n/a	n/a	n/a	n/a	n/a	n/a	n/a	n/a	n/a	n/a	n/a	n/a	n/a	n/a	n/a	n/a	n/a	n/a	18.595774	n/a
21.277194	0.000000	8511	stimulus_presentation	n/a	227	n/a	n/a	n/a	n/a	n/a	n/a	n/a	n/a	n/a	n/a	n/a	n/a	n/a	n/a	n/a	n/a	n/a	n/a	n/a	21.279679	n/a
21.277194	0.000000	8511	ttl	7	n/a	n/a	n/a	n/a	n/a	n/a	n/a	n/a	n/a	n/a	n/a	n/a	n/a	n/a	n/a	n/a	n/a	n/a	n/a	n/a	21.279679	n/a
22.425006	0.000000	8970	ttl	8	n/a	n/a	n/a	n/a	n/a	n/a	n/a	n/a	n/a	n/a	n/a	n/a	n/a	n/a	n/a	n/a	n/a	n/a	n/a	n/a	22.427491	n/a
22.474787	11.099558	8990	sternberg_trial	n/a	n/a	301	401	103	301	3	1	1	23.510928	25.52749	25.644209	27.660645	27.760208	29.776863	22.477272	29.776863	32.544893	33.57683	intervals/trials	2	22.477272	33.576830
22.474787	0.000000	8990	ttl	11	n/a	n/a	n/a	n/a	n/a	n/a	n/a	n/a	n/a	n/a	n/a	n/a	n/a	n/a	n/a	n/a	n/a	n/a	n/a	n/a	22.477272	n/a
23.508443	0.000000	9403	stimulus_presentation	n/a	115	n/a	n/a	n/a	n/a	n/a	n/a	n/a	n/a	n/a	n/a	n/a	n/a	n/a	n/a	n/a	n/a	n/a	n/a	n/a	23.510928	n/a
23.508443	0.000000	9403	ttl	1	n/a	n/a	n/a	n/a	n/a	n/a	n/a	n/a	n/a	n/a	n/a	n/a	n/a	n/a	n/a	n/a	n/a	n/a	n/a	n/a	23.510928	n/a
25.525005	0.000000	10210	ttl	5	n/a	n/a	n/a	n/a	n/a	n/a	n/a	n/a	n/a	n/a	n/a	n/a	n/a	n/a	n/a	n/a	n/a	n/a	n/a	n/a	25.527490	n/a
25.641724	0.000000	10257	stimulus_presentation	n/a	171	n/a	n/a	n/a	n/a	n/a	n/a	n/a	n/a	n/a	n/a	n/a	n/a	n/a	n/a	n/a	n/a	n/a	n/a	n/a	25.644209	n/a
25.641724	0.000000	10257	ttl	2	n/a	n/a	n/a	n/a	n/a	n/a	n/a	n/a	n/a	n/a	n/a	n/a	n/a	n/a	n/a	n/a	n/a	n/a	n/a	n/a	25.644209	n/a
27.658160	0.000000	11063	ttl	5	n/a	n/a	n/a	n/a	n/a	n/a	n/a	n/a	n/a	n/a	n/a	n/a	n/a	n/a	n/a	n/a	n/a	n/a	n/a	n/a	27.660645	n/a
27.757723	0.000000	11103	stimulus_presentation	n/a	3	n/a	n/a	n/a	n/a	n/a	n/a	n/a	n/a	n/a	n/a	n/a	n/a	n/a	n/a	n/a	n/a	n/a	n/a	n/a	27.760208	n/a
27.757723	0.000000	11103	ttl	3	n/a	n/a	n/a	n/a	n/a	n/a	n/a	n/a	n/a	n/a	n/a	n/a	n/a	n/a	n/a	n/a	n/a	n/a	n/a	n/a	27.760208	n/a
29.774378	0.000000	11910	ttl	6	n/a	n/a	n/a	n/a	n/a	n/a	n/a	n/a	n/a	n/a	n/a	n/a	n/a	n/a	n/a	n/a	n/a	n/a	n/a	n/a	29.776863	n/a
32.542408	0.000000	13017	stimulus_presentation	n/a	115	n/a	n/a	n/a	n/a	n/a	n/a	n/a	n/a	n/a	n/a	n/a	n/a	n/a	n/a	n/a	n/a	n/a	n/a	n/a	32.544893	n/a
32.542408	0.000000	13017	ttl	7	n/a	n/a	n/a	n/a	n/a	n/a	n/a	n/a	n/a	n/a	n/a	n/a	n/a	n/a	n/a	n/a	n/a	n/a	n/a	n/a	32.544893	n/a
33.574345	0.000000	13430	ttl	8	n/a	n/a	n/a	n/a	n/a	n/a	n/a	n/a	n/a	n/a	n/a	n/a	n/a	n/a	n/a	n/a	n/a	n/a	n/a	n/a	33.576830	n/a
33.622658	6.909966	13449	sternberg_trial	n/a	n/a	503	0	0	503	1	1	1	34.975986	36.991828999999996	0.0	0.0	0.0	0.0	33.625143	36.991828999999996	39.710077999999996	40.535109	intervals/trials	3	33.625143	40.535109
33.622658	0.000000	13449	ttl	11	n/a	n/a	n/a	n/a	n/a	n/a	n/a	n/a	n/a	n/a	n/a	n/a	n/a	n/a	n/a	n/a	n/a	n/a	n/a	n/a	33.625143	n/a
34.973501	0.000000	13989	stimulus_presentation	n/a	228	n/a	n/a	n/a	n/a	n/a	n/a	n/a	n/a	n/a	n/a	n/a	n/a	n/a	n/a	n/a	n/a	n/a	n/a	n/a	34.975986	n/a
34.973501	0.000000	13989	ttl	1	n/a	n/a	n/a	n/a	n/a	n/a	n/a	n/a	n/a	n/a	n/a	n/a	n/a	n/a	n/a	n/a	n/a	n/a	n/a	n/a	34.975986	n/a
34.983501	0.000000	13993	stimulus_presentation	n/a	0	n/a	n/a	n/a	n/a	n/a	n/a	n/a	n/a	n/a	n/a	n/a	n/a	n/a	n/a	n/a	n/a	n/a	n/a	n/a	34.985986	n/a
34.993501	0.000000	13997	stimulus_presentation	n/a	0	n/a	n/a	n/a	n/a	n/a	n/a	n/a	n/a	n/a	n/a	n/a	n/a	n/a	n/a	n/a	n/a	n/a	n/a	n/a	34.995986	n/a
36.989344	0.000000	14796	ttl	6	n/a	n/a	n/a	n/a	n/a	n/a	n/a	n/a	n/a	n/a	n/a	n/a	n/a	n/a	n/a	n/a	n/a	n/a	n/a	n/a	36.991829	n/a
39.707593	0.000000	15883	stimulus_presentation	n/a	228	n/a	n/a	n/a	n/a	n/a	n/a	n/a	n/a	n/a	n/a	n/a	n/a	n/a	n/a	n/a	n/a	n/a	n/a	n/a	39.710078	n/a
39.707593	0.000000	15883	ttl	7	n/a	n/a	n/a	n/a	n/a	n/a	n/a	n/a	n/a	n/a	n/a	n/a	n/a	n/a	n/a	n/a	n/a	n/a	n/a	n/a	39.710078	n/a
40.532624	0.000000	16213	ttl	8	n/a	n/a	n/a	n/a	n/a	n/a	n/a	n/a	n/a	n/a	n/a	n/a	n/a	n/a	n/a	n/a	n/a	n/a	n/a	n/a	40.535109	n/a
40.571436	11.206558	16229	sternberg_trial	n/a	n/a	402	203	504	103	3	0	1	41.741671	43.757483	43.840733	45.8572	45.989607	48.00645	40.573921	48.00645	50.70798	51.780479	intervals/trials	4	40.573921	51.780479
40.571436	0.000000	16229	ttl	11	n/a	n/a	n/a	n/a	n/a	n/a	n/a	n/a	n/a	n/a	n/a	n/a	n/a	n/a	n/a	n/a	n/a	n/a	n/a	n/a	40.573921	n/a
41.739186	0.000000	16696	stimulus_presentation	n/a	172	n/a	n/a	n/a	n/a	n/a	n/a	n/a	n/a	n/a	n/a	n/a	n/a	n/a	n/a	n/a	n/a	n/a	n/a	n/a	41.741671	n/a
41.739186	0.000000	16696	ttl	1	n/a	n/a	n/a	n/a	n/a	n/a	n/a	n/a	n/a	n/a	n/a	n/a	n/a	n/a	n/a	n/a	n/a	n/a	n/a	n/a	41.741671	n/a
43.754998	0.000000	17502	ttl	5	n/a	n/a	n/a	n/a	n/a	n/a	n/a	n/a	n/a	n/a	n/a	n/a	n/a	n/a	n/a	n/a	n/a	n/a	n/a	n/a	43.757483	n/a
43.838248	0.000000	17535	stimulus_presentation	n/a	60	n/a	n/a	n/a	n/a	n/a	n/a	n/a	n/a	n/a	n/a	n/a	n/a	n/a	n/a	n/a	n/a	n/a	n/a	n/a	43.840733	n/a
43.838248	0.000000	17535	ttl	2	n/a	n/a	n/a	n/a	n/a	n/a	n/a	n/a	n/a	n/a	n/a	n/a	n/a	n/a	n/a	n/a	n/a	n/a	n/a	n/a	43.840733	n/a
45.854715	0.000000	18342	ttl	5	n/a	n/a	n/a	n/a	n/a	n/a	n/a	n/a	n/a	n/a	n/a	n/a	n/a	n/a	n/a	n/a	n/a	n/a	n/a	n/a	45.857200	n/a
45.987122	0.000000	18395	stimulus_presentation	n/a	229	n/a	n/a	n/a	n/a	n/a	n/a	n/a	n/a	n/a	n/a	n/a	n/a	n/a	n/a	n/a	n/a	n/a	n/a	n/a	45.989607	n/a
45.987122	0.000000	18395	ttl	3	n/a	n/a	n/a	n/a	n/a	n/a	n/a	n/a	n/a	n/a	n/a	n/a	n/a	n/a	n/a	n/a	n/a	n/a	n/a	n/a	45.989607	n/a
48.003965	0.000000	19202	ttl	6	n/a	n/a	n/a	n/a	n/a	n/a	n/a	n/a	n/a	n/a	n/a	n/a	n/a	n/a	n/a	n/a	n/a	n/a	n/a	n/a	48.006450	n/a
50.705495	0.000000	20282	stimulus_presentation	n/a	3	n/a	n/a	n/a	n/a	n/a	n/a	n/a	n/a	n/a	n/a	n/a	n/a	n/a	n/a	n/a	n/a	n/a	n/a	n/a	50.707980	n/a
50.705495	0.000000	20282	ttl	7	n/a	n/a	n/a	n/a	n/a	n/a	n/a	n/a	n/a	n/a	n/a	n/a	n/a	n/a	n/a	n/a	n/a	n/a	n/a	n/a	50.707980	n/a
51.777994	0.000000	20711	ttl	8	n/a	n/a	n/a	n/a	n/a	n/a	n/a	n/a	n/a	n/a	n/a	n/a	n/a	n/a	n/a	n/a	n/a	n/a	n/a	n/a	51.780479	n/a
51.819119	11.076277	20728	sternberg_trial	n/a	n/a	302	403	505	201	3	0	1	52.938759999999995	54.955352999999995	55.15504	57.171633	57.388165	59.404444999999996	51.821604	59.404444999999996	62.105630999999995	62.897881	intervals/trials	5	51.821604	62.897881
51.819119	0.000000	20728	ttl	11	n/a	n/a	n/a	n/a	n/a	n/a	n/a	n/a	n/a	n/a	n/a	n/a	n/a	n/a	n/a	n/a	n/a	n/a	n/a	n/a	51.821604	n/a
52.936275	0.000000	21175	stimulus_presentation	n/a	116	n/a	n/a	n/a	n/a	n/a	n/a	n/a	n/a	n/a	n/a	n/a	n/a	n/a	n/a	n/a	n/a	n/a	n/a	n/a	52.938760	n/a
52.936275	0.000000	21175	ttl	1	n/a	n/a	n/a	n/a	n/a	n/a	n/a	n/a	n/a	n/a	n/a	n/a	n/a	n/a	n/a	n/a	n/a	n/a	n/a	n/a	52.938760	n/a
54.952868	0.000000	21981	ttl	5	n/a	n/a	n/a	n/a	n/a	n/a	n/a	n/a	n/a	n/a	n/a	n/a	n/a	n/a	n/a	n/a	n/a	n/a	n/a	n/a	54.955353	n/a
55.152555	0.000000	22061	stimulus_presentation	n/a	173	n/a	n/a	n/a	n/a	n/a	n/a	n/a	n/a	n/a	n/a	n/a	n/a	n/a	n/a	n/a	n/a	n/a	n/a	n/a	55.155040	n/a
55.152555	0.000000	22061	ttl	2	n/a	n/a	n/a	n/a	n/a	n/a	n/a	n/a	n/a	n/a	n/a	n/a	n/a	n/a	n/a	n/a	n/a	n/a	n/a	n/a	55.155040	n/a
57.169148	0.000000	22868	ttl	5	n/a	n/a	n/a	n/a	n/a	n/a	n/a	n/a	n/a	n/a	n/a	n/a	n/a	n/a	n/a	n/a	n/a	n/a	n/a	n/a	57.171633	n/a
57.385680	0.000000	22954	stimulus_presentation	n/a	230	n/a	n/a	n/a	n/a	n/a	n/a	n/a	n/a	n/a	n/a	n/a	n/a	n/a	n/a	n/a	n/a	n/a	n/a	n/a	57.388165	n/a
57.385680	0.000000	22954	ttl	3	n/a	n/a	n/a	n/a	n/a	n/a	n/a	n/a	n/a	n/a	n/a	n/a	n/a	n/a	n/a	n/a	n/a	n/a	n/a	n/a	57.388165	n/a
59.401960	0.000000	23761	ttl	6	n/a	n/a	n/a	n/a	n/a	n/a	n/a	n/a	n/a	n/a	n/a	n/a	n/a	n/a	n/a	n/a	n/a	n/a	n/a	n/a	59.404445	n/a
62.103146	0.000000	24841	stimulus_presentation	n/a	58	n/a	n/a	n/a	n/a	n/a	n/a	n/a	n/a	n/a	n/a	n/a	n/a	n/a	n/a	n/a	n/a	n/a	n/a	n/a	62.105631	n/a
62.103146	0.000000	24841	ttl	7	n/a	n/a	n/a	n/a	n/a	n/a	n/a	n/a	n/a	n/a	n/a	n/a	n/a	n/a	n/a	n/a	n/a	n/a	n/a	n/a	62.105631	n/a
62.895396	0.000000	25158	ttl	8	n/a	n/a	n/a	n/a	n/a	n/a	n/a	n/a	n/a	n/a	n/a	n/a	n/a	n/a	n/a	n/a	n/a	n/a	n/a	n/a	62.897881	n/a
62.933740	11.030964	25173	sternberg_trial	n/a	n/a	404	303	506	203	3	0	1	64.053443	66.069599	66.136442	68.152879	68.336379	70.352503	62.936225	70.352503	73.07015799999999	73.96718899999999	intervals/trials	6	62.936225	73.967189
62.933740	0.000000	25173	ttl	11	n/a	n/a	n/a	n/a	n/a	n/a	n/a	n/a	n/a	n/a	n/a	n/a	n/a	n/a	n/a	n/a	n/a	n/a	n/a	n/a	62.936225	n/a
64.050958	0.000000	25620	stimulus_presentation	n/a	174	n/a	n/a	n/a	n/a	n/a	n/a	n/a	n/a	n/a	n/a	n/a	n/a	n/a	n/a	n/a	n/a	n/a	n/a	n/a	64.053443	n/a
64.050958	0.000000	25620	ttl	1	n/a	n/a	n/a	n/a	n/a	n/a	n/a	n/a	n/a	n/a	n/a	n/a	n/a	n/a	n/a	n/a	n/a	n/a	n/a	n/a	64.053443	n/a
66.067114	0.000000	26427	ttl	5	n/a	n/a	n/a	n/a	n/a	n/a	n/a	n/a	n/a	n/a	n/a	n/a	n/a	n/a	n/a	n/a	n/a	n/a	n/a	n/a	66.069599	n/a
66.133957	0.000000	26454	stimulus_presentation	n/a	117	n/a	n/a	n/a	n/a	n/a	n/a	n/a	n/a	n/a	n/a	n/a	n/a	n/a	n/a	n/a	n/a	n/a	n/a	n/a	66.136442	n/a
66.133957	0.000000	26454	ttl	2	n/a	n/a	n/a	n/a	n/a	n/a	n/a	n/a	n/a	n/a	n/a	n/a	n/a	n/a	n/a	n/a	n/a	n/a	n/a	n/a	66.136442	n/a
68.150394	0.000000	27260	ttl	5	n/a	n/a	n/a	n/a	n/a	n/a	n/a	n/a	n/a	n/a	n/a	n/a	n/a	n/a	n/a	n/a	n/a	n/a	n/a	n/a	68.152879	n/a
68.333894	0.000000	27334	stimulus_presentation	n/a	231	n/a	n/a	n/a	n/a	n/a	n/a	n/a	n/a	n/a	n/a	n/a	n/a	n/a	n/a	n/a	n/a	n/a	n/a	n/a	68.336379	n/a
68.333894	0.000000	27334	ttl	3	n/a	n/a	n/a	n/a	n/a	n/a	n/a	n/a	n/a	n/a	n/a	n/a	n/a	n/a	n/a	n/a	n/a	n/a	n/a	n/a	68.336379	n/a
70.350018	0.000000	28140	ttl	6	n/a	n/a	n/a	n/a	n/a	n/a	n/a	n/a	n/a	n/a	n/a	n/a	n/a	n/a	n/a	n/a	n/a	n/a	n/a	n/a	70.352503	n/a
73.067673	0.000000	29227	stimulus_presentation	n/a	60	n/a	n/a	n/a	n/a	n/a	n/a	n/a	n/a	n/a	n/a	n/a	n/a	n/a	n/a	n/a	n/a	n/a	n/a	n/a	73.070158	n/a
73.067673	0.000000	29227	ttl	7	n/a	n/a	n/a	n/a	n/a	n/a	n/a	n/a	n/a	n/a	n/a	n/a	n/a	n/a	n/a	n/a	n/a	n/a	n/a	n/a	73.070158	n/a
73.964704	0.000000	29586	ttl	8	n/a	n/a	n/a	n/a	n/a	n/a	n/a	n/a	n/a	n/a	n/a	n/a	n/a	n/a	n/a	n/a	n/a	n/a	n/a	n/a	73.967189	n/a
74.015517	11.386370	29606	sternberg_trial	n/a	n/a	104	204	304	304	3	1	1	75.018126	77.03434399999999	77.167282	79.183843	79.3	81.31696699999999	74.018002	81.31696699999999	84.01624799999999	85.404372	intervals/trials	7	74.018002	85.404372
74.015517	0.000000	29606	ttl	11	n/a	n/a	n/a	n/a	n/a	n/a	n/a	n/a	n/a	n/a	n/a	n/a	n/a	n/a	n/a	n/a	n/a	n/a	n/a	n/a	74.018002	n/a
75.015641	0.000000	30006	stimulus_presentation	n/a	4	n/a	n/a	n/a	n/a	n/a	n/a	n/a	n/a	n/a	n/a	n/a	n/a	n/a	n/a	n/a	n/a	n/a	n/a	n/a	75.018126	n/a
75.015641	0.000000	30006	ttl	1	n/a	n/a	n/a	n/a	n/a	n/a	n/a	n/a	n/a	n/a	n/a	n/a	n/a	n/a	n/a	n/a	n/a	n/a	n/a	n/a	75.018126	n/a
77.031859	0.000000	30813	ttl	5	n/a	n/a	n/a	n/a	n/a	n/a	n/a	n/a	n/a	n/a	n/a	n/a	n/a	n/a	n/a	n/a	n/a	n/a	n/a	n/a	77.034344	n/a
77.164797	0.000000	30866	stimulus_presentation	n/a	61	n/a	n/a	n/a	n/a	n/a	n/a	n/a	n/a	n/a	n/a	n/a	n/a	n/a	n/a	n/a	n/a	n/a	n/a	n/a	77.167282	n/a
77.164797	0.000000	30866	ttl	2	n/a	n/a	n/a	n/a	n/a	n/a	n/a	n/a	n/a	n/a	n/a	n/a	n/a	n/a	n/a	n/a	n/a	n/a	n/a	n/a	77.167282	n/a
79.181358	0.000000	31673	ttl	5	n/a	n/a	n/a	n/a	n/a	n/a	n/a	n/a	n/a	n/a	n/a	n/a	n/a	n/a	n/a	n/a	n/a	n/a	n/a	n/a	79.183843	n/a
79.297515	0.000000	31719	stimulus_presentation	n/a	118	n/a	n/a	n/a	n/a	n/a	n/a	n/a	n/a	n/a	n/a	n/a	n/a	n/a	n/a	n/a	n/a	n/a	n/a	n/a	79.300000	n/a
79.297515	0.000000	31719	ttl	3	n/a	n/a	n/a	n/a	n/a	n/a	n/a	n/a	n/a	n/a	n/a	n/a	n/a	n/a	n/a	n/a	n/a	n/a	n/a	n/a	79.300000	n/a
81.314482	0.000000	32526	ttl	6	n/a	n/a	n/a	n/a	n/a	n/a	n/a	n/a	n/a	n/a	n/a	n/a	n/a	n/a	n/a	n/a	n/a	n/a	n/a	n/a	81.316967	n/a
84.013763	0.000000	33606	stimulus_presentation	n/a	118	n/a	n/a	n/a	n/a	n/a	n/a	n/a	n/a	n/a	n/a	n/a	n/a	n/a	n/a	n/a	n/a	n/a	n/a	n/a	84.016248	n/a
84.013763	0.000000	33606	ttl	7	n/a	n/a	n/a	n/a	n/a	n/a	n/a	n/a	n/a	n/a	n/a	n/a	n/a	n/a	n/a	n/a	n/a	n/a	n/a	n/a	84.016248	n/a
85.401887	0.000000	34161	ttl	8	n/a	n/a	n/a	n/a	n/a	n/a	n/a	n/a	n/a	n/a	n/a	n/a	n/a	n/a	n/a	n/a	n/a	n/a	n/a	n/a	85.404372	n/a
85.445981	11.313308	34178	sternberg_trial	n/a	n/a	507	405	205	405	3	1	1	86.615903	88.63215199999999	88.715621	90.731839	90.89837	92.913994	85.448466	92.913994	95.665962	96.761774	intervals/trials	8	85.448466	96.761774
85.445981	0.000000	34178	ttl	11	n/a	n/a	n/a	n/a	n/a	n/a	n/a	n/a	n/a	n/a	n/a	n/a	n/a	n/a	n/a	n/a	n/a	n/a	n/a	n/a	85.448466	n/a
86.613418	0.000000	34645	stimulus_presentation	n/a	232	n/a	n/a	n/a	n/a	n/a	n/a	n/a	n/a	n/a	n/a	n/a	n/a	n/a	n/a	n/a	n/a	n/a	n/a	n/a	86.615903	n/a
86.613418	0.000000	34645	ttl	1	n/a	n/a	n/a	n/a	n/a	n/a	n/a	n/a	n/a	n/a	n/a	n/a	n/a	n/a	n/a	n/a	n/a	n/a	n/a	n/a	86.615903	n/a
88.629667	0.000000	35452	ttl	5	n/a	n/a	n/a	n/a	n/a	n/a	n/a	n/a	n/a	n/a	n/a	n/a	n/a	n/a	n/a	n/a	n/a	n/a	n/a	n/a	88.632152	n/a
88.713136	0.000000	35485	stimulus_presentation	n/a	175	n/a	n/a	n/a	n/a	n/a	n/a	n/a	n/a	n/a	n/a	n/a	n/a	n/a	n/a	n/a	n/a	n/a	n/a	n/a	88.715621	n/a
88.713136	0.000000	35485	ttl	2	n/a	n/a	n/a	n/a	n/a	n/a	n/a	n/a	n/a	n/a	n/a	n/a	n/a	n/a	n/a	n/a	n/a	n/a	n/a	n/a	88.715621	n/a
90.729354	0.000000	36292	ttl	5	n/a	n/a	n/a	n/a	n/a	n/a	n/a	n/a	n/a	n/a	n/a	n/a	n/a	n/a	n/a	n/a	n/a	n/a	n/a	n/a	90.731839	n/a
90.895885	0.000000	36358	stimulus_presentation	n/a	62	n/a	n/a	n/a	n/a	n/a	n/a	n/a	n/a	n/a	n/a	n/a	n/a	n/a	n/a	n/a	n/a	n/a	n/a	n/a	90.898370	n/a
90.895885	0.000000	36358	ttl	3	n/a	n/a	n/a	n/a	n/a	n/a	n/a	n/a	n/a	n/a	n/a	n/a	n/a	n/a	n/a	n/a	n/a	n/a	n/a	n/a	90.898370	n/a
92.911509	0.000000	37165	ttl	6	n/a	n/a	n/a	n/a	n/a	n/a	n/a	n/a	n/a	n/a	n/a	n/a	n/a	n/a	n/a	n/a	n/a	n/a	n/a	n/a	92.913994	n/a
95.663477	0.000000	38265	stimulus_presentation	n/a	175	n/a	n/a	n/a	n/a	n/a	n/a	n/a	n/a	n/a	n/a	n/a	n/a	n/a	n/a	n/a	n/a	n/a	n/a	n/a	95.665962	n/a
95.663477	0.000000	38265	ttl	7	n/a	n/a	n/a	n/a	n/a	n/a	n/a	n/a	n/a	n/a	n/a	n/a	n/a	n/a	n/a	n/a	n/a	n/a	n/a	n/a	95.665962	n/a
96.759289	0.000000	38704	ttl	8	n/a	n/a	n/a	n/a	n/a	n/a	n/a	n/a	n/a	n/a	n/a	n/a	n/a	n/a	n/a	n/a	n/a	n/a	n/a	n/a	96.761774	n/a
96.811007	6.202748	38724	sternberg_trial	n/a	n/a	305	0	0	402	1	0	1	97.763305	99.78024099999999	0.0	0.0	0.0	0.0	96.813492	99.78024099999999	102.53108399999999	103.01624	intervals/trials	9	96.813492	103.016240
96.811007	0.000000	38724	ttl	11	n/a	n/a	n/a	n/a	n/a	n/a	n/a	n/a	n/a	n/a	n/a	n/a	n/a	n/a	n/a	n/a	n/a	n/a	n/a	n/a	96.813492	n/a
97.760820	0.000000	39104	stimulus_presentation	n/a	119	n/a	n/a	n/a	n/a	n/a	n/a	n/a	n/a	n/a	n/a	n/a	n/a	n/a	n/a	n/a	n/a	n/a	n/a	n/a	97.763305	n/a
97.760820	0.000000	39104	ttl	1	n/a	n/a	n/a	n/a	n/a	n/a	n/a	n/a	n/a	n/a	n/a	n/a	n/a	n/a	n/a	n/a	n/a	n/a	n/a	n/a	97.763305	n/a
97.770820	0.000000	39108	stimulus_presentation	n/a	0	n/a	n/a	n/a	n/a	n/a	n/a	n/a	n/a	n/a	n/a	n/a	n/a	n/a	n/a	n/a	n/a	n/a	n/a	n/a	97.773305	n/a
97.780820	0.000000	39112	stimulus_presentation	n/a	0	n/a	n/a	n/a	n/a	n/a	n/a	n/a	n/a	n/a	n/a	n/a	n/a	n/a	n/a	n/a	n/a	n/a	n/a	n/a	97.783305	n/a
99.777756	0.000000	39911	ttl	6	n/a	n/a	n/a	n/a	n/a	n/a	n/a	n/a	n/a	n/a	n/a	n/a	n/a	n/a	n/a	n/a	n/a	n/a	n/a	n/a	99.780241	n/a
102.528599	0.000000	41011	stimulus_presentation	n/a	172	n/a	n/a	n/a	n/a	n/a	n/a	n/a	n/a	n/a	n/a	n/a	n/a	n/a	n/a	n/a	n/a	n/a	n/a	n/a	102.531084	n/a
102.528599	0.000000	41011	ttl	7	n/a	n/a	n/a	n/a	n/a	n/a	n/a	n/a	n/a	n/a	n/a	n/a	n/a	n/a	n/a	n/a	n/a	n/a	n/a	n/a	102.531084	n/a
103.013755	0.000000	41206	ttl	8	n/a	n/a	n/a	n/a	n/a	n/a	n/a	n/a	n/a	n/a	n/a	n/a	n/a	n/a	n/a	n/a	n/a	n/a	n/a	n/a	103.016240	n/a
103.042317	6.385935	41217	sternberg_trial	n/a	n/a	306	0	0	306	1	1	1	104.09580199999999	106.11301999999999	0.0	0.0	0.0	0.0	103.04480199999999	106.11301999999999	108.77992499999999	109.430737	intervals/trials	10	103.044802	109.430737
103.042317	0.000000	41217	ttl	11	n/a	n/a	n/a	n/a	n/a	n/a	n/a	n/a	n/a	n/a	n/a	n/a	n/a	n/a	n/a	n/a	n/a	n/a	n/a	n/a	103.044802	n/a
104.093317	0.000000	41637	stimulus_presentation	n/a	120	n/a	n/a	n/a	n/a	n/a	n/a	n/a	n/a	n/a	n/a	n/a	n/a	n/a	n/a	n/a	n/a	n/a	n/a	n/a	104.095802	n/a
104.093317	0.000000	41637	ttl	1	n/a	n/a	n/a	n/a	n/a	n/a	n/a	n/a	n/a	n/a	n/a	n/a	n/a	n/a	n/a	n/a	n/a	n/a	n/a	n/a	104.095802	n/a
104.103317	0.000000	41641	stimulus_presentation	n/a	0	n/a	n/a	n/a	n/a	n/a	n/a	n/a	n/a	n/a	n/a	n/a	n/a	n/a	n/a	n/a	n/a	n/a	n/a	n/a	104.105802	n/a
104.113317	0.000000	41645	stimulus_presentation	n/a	0	n/a	n/a	n/a	n/a	n/a	n/a	n/a	n/a	n/a	n/a	n/a	n/a	n/a	n/a	n/a	n/a	n/a	n/a	n/a	104.115802	n/a
106.110535	0.000000	42444	ttl	6	n/a	n/a	n/a	n/a	n/a	n/a	n/a	n/a	n/a	n/a	n/a	n/a	n/a	n/a	n/a	n/a	n/a	n/a	n/a	n/a	106.113020	n/a
108.777440	0.000000	43511	stimulus_presentation	n/a	120	n/a	n/a	n/a	n/a	n/a	n/a	n/a	n/a	n/a	n/a	n/a	n/a	n/a	n/a	n/a	n/a	n/a	n/a	n/a	108.779925	n/a
108.777440	0.000000	43511	ttl	7	n/a	n/a	n/a	n/a	n/a	n/a	n/a	n/a	n/a	n/a	n/a	n/a	n/a	n/a	n/a	n/a	n/a	n/a	n/a	n/a	108.779925	n/a
109.428252	0.000000	43771	ttl	8	n/a	n/a	n/a	n/a	n/a	n/a	n/a	n/a	n/a	n/a	n/a	n/a	n/a	n/a	n/a	n/a	n/a	n/a	n/a	n/a	109.430737	n/a
109.457596	10.927965	43783	sternberg_trial	n/a	n/a	206	406	307	507	3	0	1	110.561612	112.577767	112.66054899999999	114.67782899999999	114.79370399999999	116.80973399999999	109.46008099999999	116.80973399999999	119.478202	120.38804599999999	intervals/trials	11	109.460081	120.388046
109.457596	0.000000	43783	ttl	11	n/a	n/a	n/a	n/a	n/a	n/a	n/a	n/a	n/a	n/a	n/a	n/a	n/a	n/a	n/a	n/a	n/a	n/a	n/a	n/a	109.460081	n/a
110.559127	0.000000	44224	stimulus_presentation	n/a	63	n/a	n/a	n/a	n/a	n/a	n/a	n/a	n/a	n/a	n/a	n/a	n/a	n/a	n/a	n/a	n/a	n/a	n/a	n/a	110.561612	n/a
110.559127	0.000000	44224	ttl	1	n/a	n/a	n/a	n/a	n/a	n/a	n/a	n/a	n/a	n/a	n/a	n/a	n/a	n/a	n/a	n/a	n/a	n/a	n/a	n/a	110.561612	n/a
112.575282	0.000000	45030	ttl	5	n/a	n/a	n/a	n/a	n/a	n/a	n/a	n/a	n/a	n/a	n/a	n/a	n/a	n/a	n/a	n/a	n/a	n/a	n/a	n/a	112.577767	n/a
112.658064	0.000000	45063	stimulus_presentation	n/a	176	n/a	n/a	n/a	n/a	n/a	n/a	n/a	n/a	n/a	n/a	n/a	n/a	n/a	n/a	n/a	n/a	n/a	n/a	n/a	112.660549	n/a
112.658064	0.000000	45063	ttl	2	n/a	n/a	n/a	n/a	n/a	n/a	n/a	n/a	n/a	n/a	n/a	n/a	n/a	n/a	n/a	n/a	n/a	n/a	n/a	n/a	112.660549	n/a
114.675344	0.000000	45870	ttl	5	n/a	n/a	n/a	n/a	n/a	n/a	n/a	n/a	n/a	n/a	n/a	n/a	n/a	n/a	n/a	n/a	n/a	n/a	n/a	n/a	114.677829	n/a
114.791219	0.000000	45916	stimulus_presentation	n/a	121	n/a	n/a	n/a	n/a	n/a	n/a	n/a	n/a	n/a	n/a	n/a	n/a	n/a	n/a	n/a	n/a	n/a	n/a	n/a	114.793704	n/a
114.791219	0.000000	45916	ttl	3	n/a	n/a	n/a	n/a	n/a	n/a	n/a	n/a	n/a	n/a	n/a	n/a	n/a	n/a	n/a	n/a	n/a	n/a	n/a	n/a	114.793704	n/a
116.807249	0.000000	46723	ttl	6	n/a	n/a	n/a	n/a	n/a	n/a	n/a	n/a	n/a	n/a	n/a	n/a	n/a	n/a	n/a	n/a	n/a	n/a	n/a	n/a	116.809734	n/a
119.475717	0.000000	47790	stimulus_presentation	n/a	232	n/a	n/a	n/a	n/a	n/a	n/a	n/a	n/a	n/a	n/a	n/a	n/a	n/a	n/a	n/a	n/a	n/a	n/a	n/a	119.478202	n/a
119.475717	0.000000	47790	ttl	7	n/a	n/a	n/a	n/a	n/a	n/a	n/a	n/a	n/a	n/a	n/a	n/a	n/a	n/a	n/a	n/a	n/a	n/a	n/a	n/a	119.478202	n/a
120.385561	0.000000	48154	ttl	8	n/a	n/a	n/a	n/a	n/a	n/a	n/a	n/a	n/a	n/a	n/a	n/a	n/a	n/a	n/a	n/a	n/a	n/a	n/a	n/a	120.388046	n/a
120.422654	11.528152	48169	sternberg_trial	n/a	n/a	105	407	207	407	3	1	1	121.55941999999999	123.576388	123.74210699999999	125.75845	125.875356	127.89141799999999	120.425139	127.89141799999999	130.492135	131.953291	intervals/trials	12	120.425139	131.953291
120.422654	0.000000	48169	ttl	11	n/a	n/a	n/a	n/a	n/a	n/a	n/a	n/a	n/a	n/a	n/a	n/a	n/a	n/a	n/a	n/a	n/a	n/a	n/a	n/a	120.425139	n/a
121.556935	0.000000	48623	stimulus_presentation	n/a	5	n/a	n/a	n/a	n/a	n/a	n/a	n/a	n/a	n/a	n/a	n/a	n/a	n/a	n/a	n/a	n/a	n/a	n/a	n/a	121.559420	n/a
121.556935	0.000000	48623	ttl	1	n/a	n/a	n/a	n/a	n/a	n/a	n/a	n/a	n/a	n/a	n/a	n/a	n/a	n/a	n/a	n/a	n/a	n/a	n/a	n/a	121.559420	n/a
123.573903	0.000000	49430	ttl	5	n/a	n/a	n/a	n/a	n/a	n/a	n/a	n/a	n/a	n/a	n/a	n/a	n/a	n/a	n/a	n/a	n/a	n/a	n/a	n/a	123.576388	n/a
123.739622	0.000000	49496	stimulus_presentation	n/a	177	n/a	n/a	n/a	n/a	n/a	n/a	n/a	n/a	n/a	n/a	n/a	n/a	n/a	n/a	n/a	n/a	n/a	n/a	n/a	123.742107	n/a
123.739622	0.000000	49496	ttl	2	n/a	n/a	n/a	n/a	n/a	n/a	n/a	n/a	n/a	n/a	n/a	n/a	n/a	n/a	n/a	n/a	n/a	n/a	n/a	n/a	123.742107	n/a
125.755965	0.000000	50302	ttl	5	n/a	n/a	n/a	n/a	n/a	n/a	n/a	n/a	n/a	n/a	n/a	n/a	n/a	n/a	n/a	n/a	n/a	n/a	n/a	n/a	125.758450	n/a
125.872871	0.000000	50349	stimulus_presentation	n/a	64	n/a	n/a	n/a	n/a	n/a	n/a	n/a	n/a	n/a	n/a	n/a	n/a	n/a	n/a	n/a	n/a	n/a	n/a	n/a	125.875356	n/a
125.872871	0.000000	50349	ttl	3	n/a	n/a	n/a	n/a	n/a	n/a	n/a	n/a	n/a	n/a	n/a	n/a	n/a	n/a	n/a	n/a	n/a	n/a	n/a	n/a	125.875356	n/a
127.888933	0.000000	51156	ttl	6	n/a	n/a	n/a	n/a	n/a	n/a	n/a	n/a	n/a	n/a	n/a	n/a	n/a	n/a	n/a	n/a	n/a	n/a	n/a	n/a	127.891418	n/a
130.489650	0.000000	52196	stimulus_presentation	n/a	177	n/a	n/a	n/a	n/a	n/a	n/a	n/a	n/a	n/a	n/a	n/a	n/a	n/a	n/a	n/a	n/a	n/a	n/a	n/a	130.492135	n/a
130.489650	0.000000	52196	ttl	7	n/a	n/a	n/a	n/a	n/a	n/a	n/a	n/a	n/a	n/a	n/a	n/a	n/a	n/a	n/a	n/a	n/a	n/a	n/a	n/a	130.492135	n/a
131.950806	0.000000	52780	ttl	8	n/a	n/a	n/a	n/a	n/a	n/a	n/a	n/a	n/a	n/a	n/a	n/a	n/a	n/a	n/a	n/a	n/a	n/a	n/a	n/a	131.953291	n/a
132.004587	6.568622	52802	sternberg_trial	n/a	n/a	208	0	0	208	1	1	1	133.12378999999999	135.13994599999998	0.0	0.0	0.0	0.0	132.007072	135.13994599999998	137.907882	138.575694	intervals/trials	13	132.007072	138.575694
132.004587	0.000000	52802	ttl	11	n/a	n/a	n/a	n/a	n/a	n/a	n/a	n/a	n/a	n/a	n/a	n/a	n/a	n/a	n/a	n/a	n/a	n/a	n/a	n/a	132.007072	n/a
133.121305	0.000000	53249	stimulus_presentation	n/a	65	n/a	n/a	n/a	n/a	n/a	n/a	n/a	n/a	n/a	n/a	n/a	n/a	n/a	n/a	n/a	n/a	n/a	n/a	n/a	133.123790	n/a
133.121305	0.000000	53249	ttl	1	n/a	n/a	n/a	n/a	n/a	n/a	n/a	n/a	n/a	n/a	n/a	n/a	n/a	n/a	n/a	n/a	n/a	n/a	n/a	n/a	133.123790	n/a
133.131305	0.000000	53253	stimulus_presentation	n/a	0	n/a	n/a	n/a	n/a	n/a	n/a	n/a	n/a	n/a	n/a	n/a	n/a	n/a	n/a	n/a	n/a	n/a	n/a	n/a	133.133790	n/a
133.141305	0.000000	53257	stimulus_presentation	n/a	0	n/a	n/a	n/a	n/a	n/a	n/a	n/a	n/a	n/a	n/a	n/a	n/a	n/a	n/a	n/a	n/a	n/a	n/a	n/a	133.143790	n/a
135.137461	0.000000	54055	ttl	6	n/a	n/a	n/a	n/a	n/a	n/a	n/a	n/a	n/a	n/a	n/a	n/a	n/a	n/a	n/a	n/a	n/a	n/a	n/a	n/a	135.139946	n/a
137.905397	0.000000	55162	stimulus_presentation	n/a	65	n/a	n/a	n/a	n/a	n/a	n/a	n/a	n/a	n/a	n/a	n/a	n/a	n/a	n/a	n/a	n/a	n/a	n/a	n/a	137.907882	n/a
137.905397	0.000000	55162	ttl	7	n/a	n/a	n/a	n/a	n/a	n/a	n/a	n/a	n/a	n/a	n/a	n/a	n/a	n/a	n/a	n/a	n/a	n/a	n/a	n/a	137.907882	n/a
138.573209	0.000000	55429	ttl	8	n/a	n/a	n/a	n/a	n/a	n/a	n/a	n/a	n/a	n/a	n/a	n/a	n/a	n/a	n/a	n/a	n/a	n/a	n/a	n/a	138.575694	n/a
138.619241	10.911370	55448	sternberg_trial	n/a	n/a	508	408	209	307	3	0	1	139.605413	141.622787	141.839068	143.854505	143.87094199999999	145.888004	138.621726	145.888004	148.689378	149.533096	intervals/trials	14	138.621726	149.533096
138.619241	0.000000	55448	ttl	11	n/a	n/a	n/a	n/a	n/a	n/a	n/a	n/a	n/a	n/a	n/a	n/a	n/a	n/a	n/a	n/a	n/a	n/a	n/a	n/a	138.621726	n/a
139.602928	0.000000	55841	stimulus_presentation	n/a	233	n/a	n/a	n/a	n/a	n/a	n/a	n/a	n/a	n/a	n/a	n/a	n/a	n/a	n/a	n/a	n/a	n/a	n/a	n/a	139.605413	n/a
139.602928	0.000000	55841	ttl	1	n/a	n/a	n/a	n/a	n/a	n/a	n/a	n/a	n/a	n/a	n/a	n/a	n/a	n/a	n/a	n/a	n/a	n/a	n/a	n/a	139.605413	n/a
141.620302	0.000000	56648	ttl	5	n/a	n/a	n/a	n/a	n/a	n/a	n/a	n/a	n/a	n/a	n/a	n/a	n/a	n/a	n/a	n/a	n/a	n/a	n/a	n/a	141.622787	n/a
141.836583	0.000000	56735	stimulus_presentation	n/a	178	n/a	n/a	n/a	n/a	n/a	n/a	n/a	n/a	n/a	n/a	n/a	n/a	n/a	n/a	n/a	n/a	n/a	n/a	n/a	141.839068	n/a
141.836583	0.000000	56735	ttl	2	n/a	n/a	n/a	n/a	n/a	n/a	n/a	n/a	n/a	n/a	n/a	n/a	n/a	n/a	n/a	n/a	n/a	n/a	n/a	n/a	141.839068	n/a
143.852020	0.000000	57541	ttl	5	n/a	n/a	n/a	n/a	n/a	n/a	n/a	n/a	n/a	n/a	n/a	n/a	n/a	n/a	n/a	n/a	n/a	n/a	n/a	n/a	143.854505	n/a
143.868457	0.000000	57547	stimulus_presentation	n/a	66	n/a	n/a	n/a	n/a	n/a	n/a	n/a	n/a	n/a	n/a	n/a	n/a	n/a	n/a	n/a	n/a	n/a	n/a	n/a	143.870942	n/a
143.868457	0.000000	57547	ttl	3	n/a	n/a	n/a	n/a	n/a	n/a	n/a	n/a	n/a	n/a	n/a	n/a	n/a	n/a	n/a	n/a	n/a	n/a	n/a	n/a	143.870942	n/a
145.885519	0.000000	58354	ttl	6	n/a	n/a	n/a	n/a	n/a	n/a	n/a	n/a	n/a	n/a	n/a	n/a	n/a	n/a	n/a	n/a	n/a	n/a	n/a	n/a	145.888004	n/a
148.686893	0.000000	59475	stimulus_presentation	n/a	121	n/a	n/a	n/a	n/a	n/a	n/a	n/a	n/a	n/a	n/a	n/a	n/a	n/a	n/a	n/a	n/a	n/a	n/a	n/a	148.689378	n/a
148.686893	0.000000	59475	ttl	7	n/a	n/a	n/a	n/a	n/a	n/a	n/a	n/a	n/a	n/a	n/a	n/a	n/a	n/a	n/a	n/a	n/a	n/a	n/a	n/a	148.689378	n/a
149.530611	0.000000	59812	ttl	8	n/a	n/a	n/a	n/a	n/a	n/a	n/a	n/a	n/a	n/a	n/a	n/a	n/a	n/a	n/a	n/a	n/a	n/a	n/a	n/a	149.533096	n/a
149.583768	6.233341	59834	sternberg_trial	n/a	n/a	409	0	0	205	1	0	1	150.604252	152.620376	0.0	0.0	0.0	0.0	149.586253	152.620376	155.321313	155.819594	intervals/trials	15	149.586253	155.819594
149.583768	0.000000	59834	ttl	11	n/a	n/a	n/a	n/a	n/a	n/a	n/a	n/a	n/a	n/a	n/a	n/a	n/a	n/a	n/a	n/a	n/a	n/a	n/a	n/a	149.586253	n/a
150.601767	0.000000	60241	stimulus_presentation	n/a	179	n/a	n/a	n/a	n/a	n/a	n/a	n/a	n/a	n/a	n/a	n/a	n/a	n/a	n/a	n/a	n/a	n/a	n/a	n/a	150.604252	n/a
150.601767	0.000000	60241	ttl	1	n/a	n/a	n/a	n/a	n/a	n/a	n/a	n/a	n/a	n/a	n/a	n/a	n/a	n/a	n/a	n/a	n/a	n/a	n/a	n/a	150.604252	n/a
150.611767	0.000000	60245	stimulus_presentation	n/a	0	n/a	n/a	n/a	n/a	n/a	n/a	n/a	n/a	n/a	n/a	n/a	n/a	n/a	n/a	n/a	n/a	n/a	n/a	n/a	150.614252	n/a
150.621767	0.000000	60249	stimulus_presentation	n/a	0	n/a	n/a	n/a	n/a	n/a	n/a	n/a	n/a	n/a	n/a	n/a	n/a	n/a	n/a	n/a	n/a	n/a	n/a	n/a	150.624252	n/a
152.617891	0.000000	61047	ttl	6	n/a	n/a	n/a	n/a	n/a	n/a	n/a	n/a	n/a	n/a	n/a	n/a	n/a	n/a	n/a	n/a	n/a	n/a	n/a	n/a	152.620376	n/a
155.318828	0.000000	62128	stimulus_presentation	n/a	62	n/a	n/a	n/a	n/a	n/a	n/a	n/a	n/a	n/a	n/a	n/a	n/a	n/a	n/a	n/a	n/a	n/a	n/a	n/a	155.321313	n/a
155.318828	0.000000	62128	ttl	7	n/a	n/a	n/a	n/a	n/a	n/a	n/a	n/a	n/a	n/a	n/a	n/a	n/a	n/a	n/a	n/a	n/a	n/a	n/a	n/a	155.321313	n/a
155.817109	0.000000	62327	ttl	8	n/a	n/a	n/a	n/a	n/a	n/a	n/a	n/a	n/a	n/a	n/a	n/a	n/a	n/a	n/a	n/a	n/a	n/a	n/a	n/a	155.819594	n/a
155.865828	10.540777	62346	sternberg_trial	n/a	n/a	308	210	410	506	3	0	1	156.919062	158.93587399999998	159.00227999999998	161.018498	161.068185	163.08468499999998	155.868313	163.08468499999998	165.769152	166.40909	intervals/trials	16	155.868313	166.409090
155.865828	0.000000	62346	ttl	11	n/a	n/a	n/a	n/a	n/a	n/a	n/a	n/a	n/a	n/a	n/a	n/a	n/a	n/a	n/a	n/a	n/a	n/a	n/a	n/a	155.868313	n/a
156.916577	0.000000	62767	stimulus_presentation	n/a	122	n/a	n/a	n/a	n/a	n/a	n/a	n/a	n/a	n/a	n/a	n/a	n/a	n/a	n/a	n/a	n/a	n/a	n/a	n/a	156.919062	n/a
156.916577	0.000000	62767	ttl	1	n/a	n/a	n/a	n/a	n/a	n/a	n/a	n/a	n/a	n/a	n/a	n/a	n/a	n/a	n/a	n/a	n/a	n/a	n/a	n/a	156.919062	n/a
158.933389	0.000000	63573	ttl	5	n/a	n/a	n/a	n/a	n/a	n/a	n/a	n/a	n/a	n/a	n/a	n/a	n/a	n/a	n/a	n/a	n/a	n/a	n/a	n/a	158.935874	n/a
158.999795	0.000000	63600	stimulus_presentation	n/a	67	n/a	n/a	n/a	n/a	n/a	n/a	n/a	n/a	n/a	n/a	n/a	n/a	n/a	n/a	n/a	n/a	n/a	n/a	n/a	159.002280	n/a
158.999795	0.000000	63600	ttl	2	n/a	n/a	n/a	n/a	n/a	n/a	n/a	n/a	n/a	n/a	n/a	n/a	n/a	n/a	n/a	n/a	n/a	n/a	n/a	n/a	159.002280	n/a
161.016013	0.000000	64406	ttl	5	n/a	n/a	n/a	n/a	n/a	n/a	n/a	n/a	n/a	n/a	n/a	n/a	n/a	n/a	n/a	n/a	n/a	n/a	n/a	n/a	161.018498	n/a
161.065700	0.000000	64426	stimulus_presentation	n/a	180	n/a	n/a	n/a	n/a	n/a	n/a	n/a	n/a	n/a	n/a	n/a	n/a	n/a	n/a	n/a	n/a	n/a	n/a	n/a	161.068185	n/a
161.065700	0.000000	64426	ttl	3	n/a	n/a	n/a	n/a	n/a	n/a	n/a	n/a	n/a	n/a	n/a	n/a	n/a	n/a	n/a	n/a	n/a	n/a	n/a	n/a	161.068185	n/a
163.082200	0.000000	65233	ttl	6	n/a	n/a	n/a	n/a	n/a	n/a	n/a	n/a	n/a	n/a	n/a	n/a	n/a	n/a	n/a	n/a	n/a	n/a	n/a	n/a	163.084685	n/a
165.766667	0.000000	66307	stimulus_presentation	n/a	231	n/a	n/a	n/a	n/a	n/a	n/a	n/a	n/a	n/a	n/a	n/a	n/a	n/a	n/a	n/a	n/a	n/a	n/a	n/a	165.769152	n/a
165.766667	0.000000	66307	ttl	7	n/a	n/a	n/a	n/a	n/a	n/a	n/a	n/a	n/a	n/a	n/a	n/a	n/a	n/a	n/a	n/a	n/a	n/a	n/a	n/a	165.769152	n/a
166.406605	0.000000	66563	ttl	8	n/a	n/a	n/a	n/a	n/a	n/a	n/a	n/a	n/a	n/a	n/a	n/a	n/a	n/a	n/a	n/a	n/a	n/a	n/a	n/a	166.409090	n/a
166.447198	10.692871	66579	sternberg_trial	n/a	n/a	106	411	309	309	3	1	1	167.45033899999999	169.467026	169.64993199999998	171.666619	171.816494	173.83296199999998	166.449683	173.83296199999998	176.517054	177.142554	intervals/trials	17	166.449683	177.142554
166.447198	0.000000	66579	ttl	11	n/a	n/a	n/a	n/a	n/a	n/a	n/a	n/a	n/a	n/a	n/a	n/a	n/a	n/a	n/a	n/a	n/a	n/a	n/a	n/a	166.449683	n/a
167.447854	0.000000	66979	stimulus_presentation	n/a	6	n/a	n/a	n/a	n/a	n/a	n/a	n/a	n/a	n/a	n/a	n/a	n/a	n/a	n/a	n/a	n/a	n/a	n/a	n/a	167.450339	n/a
167.447854	0.000000	66979	ttl	1	n/a	n/a	n/a	n/a	n/a	n/a	n/a	n/a	n/a	n/a	n/a	n/a	n/a	n/a	n/a	n/a	n/a	n/a	n/a	n/a	167.450339	n/a
169.464541	0.000000	67786	ttl	5	n/a	n/a	n/a	n/a	n/a	n/a	n/a	n/a	n/a	n/a	n/a	n/a	n/a	n/a	n/a	n/a	n/a	n/a	n/a	n/a	169.467026	n/a
169.647447	0.000000	67859	stimulus_presentation	n/a	181	n/a	n/a	n/a	n/a	n/a	n/a	n/a	n/a	n/a	n/a	n/a	n/a	n/a	n/a	n/a	n/a	n/a	n/a	n/a	169.649932	n/a
169.647447	0.000000	67859	ttl	2	n/a	n/a	n/a	n/a	n/a	n/a	n/a	n/a	n/a	n/a	n/a	n/a	n/a	n/a	n/a	n/a	n/a	n/a	n/a	n/a	169.649932	n/a
171.664134	0.000000	68666	ttl	5	n/a	n/a	n/a	n/a	n/a	n/a	n/a	n/a	n/a	n/a	n/a	n/a	n/a	n/a	n/a	n/a	n/a	n/a	n/a	n/a	171.666619	n/a
171.814009	0.000000	68726	stimulus_presentation	n/a	123	n/a	n/a	n/a	n/a	n/a	n/a	n/a	n/a	n/a	n/a	n/a	n/a	n/a	n/a	n/a	n/a	n/a	n/a	n/a	171.816494	n/a
171.814009	0.000000	68726	ttl	3	n/a	n/a	n/a	n/a	n/a	n/a	n/a	n/a	n/a	n/a	n/a	n/a	n/a	n/a	n/a	n/a	n/a	n/a	n/a	n/a	171.816494	n/a
173.830477	0.000000	69532	ttl	6	n/a	n/a	n/a	n/a	n/a	n/a	n/a	n/a	n/a	n/a	n/a	n/a	n/a	n/a	n/a	n/a	n/a	n/a	n/a	n/a	173.832962	n/a
176.514569	0.000000	70606	stimulus_presentation	n/a	123	n/a	n/a	n/a	n/a	n/a	n/a	n/a	n/a	n/a	n/a	n/a	n/a	n/a	n/a	n/a	n/a	n/a	n/a	n/a	176.517054	n/a
176.514569	0.000000	70606	ttl	7	n/a	n/a	n/a	n/a	n/a	n/a	n/a	n/a	n/a	n/a	n/a	n/a	n/a	n/a	n/a	n/a	n/a	n/a	n/a	n/a	176.517054	n/a
177.140069	0.000000	70856	ttl	8	n/a	n/a	n/a	n/a	n/a	n/a	n/a	n/a	n/a	n/a	n/a	n/a	n/a	n/a	n/a	n/a	n/a	n/a	n/a	n/a	177.142554	n/a
177.178506	6.328029	70871	sternberg_trial	n/a	n/a	211	0	0	211	1	1	1	178.16495999999998	180.18149	0.0	0.0	0.0	0.0	177.180991	180.18149	182.782489	183.50902	intervals/trials	18	177.180991	183.509020
177.178506	0.000000	70871	ttl	11	n/a	n/a	n/a	n/a	n/a	n/a	n/a	n/a	n/a	n/a	n/a	n/a	n/a	n/a	n/a	n/a	n/a	n/a	n/a	n/a	177.180991	n/a
178.162475	0.000000	71265	stimulus_presentation	n/a	68	n/a	n/a	n/a	n/a	n/a	n/a	n/a	n/a	n/a	n/a	n/a	n/a	n/a	n/a	n/a	n/a	n/a	n/a	n/a	178.164960	n/a
178.162475	0.000000	71265	ttl	1	n/a	n/a	n/a	n/a	n/a	n/a	n/a	n/a	n/a	n/a	n/a	n/a	n/a	n/a	n/a	n/a	n/a	n/a	n/a	n/a	178.164960	n/a
178.172475	0.000000	71269	stimulus_presentation	n/a	0	n/a	n/a	n/a	n/a	n/a	n/a	n/a	n/a	n/a	n/a	n/a	n/a	n/a	n/a	n/a	n/a	n/a	n/a	n/a	178.174960	n/a
178.182475	0.000000	71273	stimulus_presentation	n/a	0	n/a	n/a	n/a	n/a	n/a	n/a	n/a	n/a	n/a	n/a	n/a	n/a	n/a	n/a	n/a	n/a	n/a	n/a	n/a	178.184960	n/a
180.179005	0.000000	72072	ttl	6	n/a	n/a	n/a	n/a	n/a	n/a	n/a	n/a	n/a	n/a	n/a	n/a	n/a	n/a	n/a	n/a	n/a	n/a	n/a	n/a	180.181490	n/a
182.780004	0.000000	73112	stimulus_presentation	n/a	68	n/a	n/a	n/a	n/a	n/a	n/a	n/a	n/a	n/a	n/a	n/a	n/a	n/a	n/a	n/a	n/a	n/a	n/a	n/a	182.782489	n/a
182.780004	0.000000	73112	ttl	7	n/a	n/a	n/a	n/a	n/a	n/a	n/a	n/a	n/a	n/a	n/a	n/a	n/a	n/a	n/a	n/a	n/a	n/a	n/a	n/a	182.782489	n/a
183.506535	0.000000	73403	ttl	8	n/a	n/a	n/a	n/a	n/a	n/a	n/a	n/a	n/a	n/a	n/a	n/a	n/a	n/a	n/a	n/a	n/a	n/a	n/a	n/a	183.509020	n/a
183.527098	11.224745	73411	sternberg_trial	n/a	n/a	310	107	212	310	3	1	1	184.513645	186.530925	186.730269	188.746424	188.94670499999998	190.96183	183.529583	190.96183	193.66235999999998	194.754328	intervals/trials	19	183.529583	194.754328
183.527098	0.000000	73411	ttl	11	n/a	n/a	n/a	n/a	n/a	n/a	n/a	n/a	n/a	n/a	n/a	n/a	n/a	n/a	n/a	n/a	n/a	n/a	n/a	n/a	183.529583	n/a
184.511160	0.000000	73804	stimulus_presentation	n/a	124	n/a	n/a	n/a	n/a	n/a	n/a	n/a	n/a	n/a	n/a	n/a	n/a	n/a	n/a	n/a	n/a	n/a	n/a	n/a	184.513645	n/a
184.511160	0.000000	73804	ttl	1	n/a	n/a	n/a	n/a	n/a	n/a	n/a	n/a	n/a	n/a	n/a	n/a	n/a	n/a	n/a	n/a	n/a	n/a	n/a	n/a	184.513645	n/a
186.528440	0.000000	74611	ttl	5	n/a	n/a	n/a	n/a	n/a	n/a	n/a	n/a	n/a	n/a	n/a	n/a	n/a	n/a	n/a	n/a	n/a	n/a	n/a	n/a	186.530925	n/a
186.727784	0.000000	74691	stimulus_presentation	n/a	7	n/a	n/a	n/a	n/a	n/a	n/a	n/a	n/a	n/a	n/a	n/a	n/a	n/a	n/a	n/a	n/a	n/a	n/a	n/a	186.730269	n/a
186.727784	0.000000	74691	ttl	2	n/a	n/a	n/a	n/a	n/a	n/a	n/a	n/a	n/a	n/a	n/a	n/a	n/a	n/a	n/a	n/a	n/a	n/a	n/a	n/a	186.730269	n/a
188.743939	0.000000	75498	ttl	5	n/a	n/a	n/a	n/a	n/a	n/a	n/a	n/a	n/a	n/a	n/a	n/a	n/a	n/a	n/a	n/a	n/a	n/a	n/a	n/a	188.746424	n/a
188.944220	0.000000	75578	stimulus_presentation	n/a	69	n/a	n/a	n/a	n/a	n/a	n/a	n/a	n/a	n/a	n/a	n/a	n/a	n/a	n/a	n/a	n/a	n/a	n/a	n/a	188.946705	n/a
188.944220	0.000000	75578	ttl	3	n/a	n/a	n/a	n/a	n/a	n/a	n/a	n/a	n/a	n/a	n/a	n/a	n/a	n/a	n/a	n/a	n/a	n/a	n/a	n/a	188.946705	n/a
190.959345	0.000000	76384	ttl	6	n/a	n/a	n/a	n/a	n/a	n/a	n/a	n/a	n/a	n/a	n/a	n/a	n/a	n/a	n/a	n/a	n/a	n/a	n/a	n/a	190.961830	n/a
193.659875	0.000000	77464	stimulus_presentation	n/a	124	n/a	n/a	n/a	n/a	n/a	n/a	n/a	n/a	n/a	n/a	n/a	n/a	n/a	n/a	n/a	n/a	n/a	n/a	n/a	193.662360	n/a
193.659875	0.000000	77464	ttl	7	n/a	n/a	n/a	n/a	n/a	n/a	n/a	n/a	n/a	n/a	n/a	n/a	n/a	n/a	n/a	n/a	n/a	n/a	n/a	n/a	193.662360	n/a
194.751843	0.000000	77901	ttl	8	n/a	n/a	n/a	n/a	n/a	n/a	n/a	n/a	n/a	n/a	n/a	n/a	n/a	n/a	n/a	n/a	n/a	n/a	n/a	n/a	194.754328	n/a
194.792031	10.581339	77917	sternberg_trial	n/a	n/a	311	108	412	311	3	1	1	195.877703	197.894858	197.927921	199.944107	200.110514	202.12688799999998	194.794516	202.12688799999998	204.776824	205.375855	intervals/trials	20	194.794516	205.375855
194.792031	0.000000	77917	ttl	11	n/a	n/a	n/a	n/a	n/a	n/a	n/a	n/a	n/a	n/a	n/a	n/a	n/a	n/a	n/a	n/a	n/a	n/a	n/a	n/a	194.794516	n/a
195.875218	0.000000	78350	stimulus_presentation	n/a	125	n/a	n/a	n/a	n/a	n/a	n/a	n/a	n/a	n/a	n/a	n/a	n/a	n/a	n/a	n/a	n/a	n/a	n/a	n/a	195.877703	n/a
195.875218	0.000000	78350	ttl	1	n/a	n/a	n/a	n/a	n/a	n/a	n/a	n/a	n/a	n/a	n/a	n/a	n/a	n/a	n/a	n/a	n/a	n/a	n/a	n/a	195.877703	n/a
197.892373	0.000000	79157	ttl	5	n/a	n/a	n/a	n/a	n/a	n/a	n/a	n/a	n/a	n/a	n/a	n/a	n/a	n/a	n/a	n/a	n/a	n/a	n/a	n/a	197.894858	n/a
197.925436	0.000000	79170	stimulus_presentation	n/a	8	n/a	n/a	n/a	n/a	n/a	n/a	n/a	n/a	n/a	n/a	n/a	n/a	n/a	n/a	n/a	n/a	n/a	n/a	n/a	197.927921	n/a
197.925436	0.000000	79170	ttl	2	n/a	n/a	n/a	n/a	n/a	n/a	n/a	n/a	n/a	n/a	n/a	n/a	n/a	n/a	n/a	n/a	n/a	n/a	n/a	n/a	197.927921	n/a
199.941622	0.000000	79977	ttl	5	n/a	n/a	n/a	n/a	n/a	n/a	n/a	n/a	n/a	n/a	n/a	n/a	n/a	n/a	n/a	n/a	n/a	n/a	n/a	n/a	199.944107	n/a
200.108029	0.000000	80043	stimulus_presentation	n/a	182	n/a	n/a	n/a	n/a	n/a	n/a	n/a	n/a	n/a	n/a	n/a	n/a	n/a	n/a	n/a	n/a	n/a	n/a	n/a	200.110514	n/a
200.108029	0.000000	80043	ttl	3	n/a	n/a	n/a	n/a	n/a	n/a	n/a	n/a	n/a	n/a	n/a	n/a	n/a	n/a	n/a	n/a	n/a	n/a	n/a	n/a	200.110514	n/a
202.124403	0.000000	80850	ttl	6	n/a	n/a	n/a	n/a	n/a	n/a	n/a	n/a	n/a	n/a	n/a	n/a	n/a	n/a	n/a	n/a	n/a	n/a	n/a	n/a	202.126888	n/a
204.774339	0.000000	81910	stimulus_presentation	n/a	125	n/a	n/a	n/a	n/a	n/a	n/a	n/a	n/a	n/a	n/a	n/a	n/a	n/a	n/a	n/a	n/a	n/a	n/a	n/a	204.776824	n/a
204.774339	0.000000	81910	ttl	7	n/a	n/a	n/a	n/a	n/a	n/a	n/a	n/a	n/a	n/a	n/a	n/a	n/a	n/a	n/a	n/a	n/a	n/a	n/a	n/a	204.776824	n/a
205.373370	0.000000	82149	ttl	8	n/a	n/a	n/a	n/a	n/a	n/a	n/a	n/a	n/a	n/a	n/a	n/a	n/a	n/a	n/a	n/a	n/a	n/a	n/a	n/a	205.375855	n/a
205.423120	6.332685	82169	sternberg_trial	n/a	n/a	213	0	0	305	1	0	1	206.39247999999998	208.409135	0.0	0.0	0.0	0.0	205.425605	208.409135	211.260603	211.75829	intervals/trials	21	205.425605	211.758290
205.423120	0.000000	82169	ttl	11	n/a	n/a	n/a	n/a	n/a	n/a	n/a	n/a	n/a	n/a	n/a	n/a	n/a	n/a	n/a	n/a	n/a	n/a	n/a	n/a	205.425605	n/a
206.389995	0.000000	82556	stimulus_presentation	n/a	70	n/a	n/a	n/a	n/a	n/a	n/a	n/a	n/a	n/a	n/a	n/a	n/a	n/a	n/a	n/a	n/a	n/a	n/a	n/a	206.392480	n/a
206.389995	0.000000	82556	ttl	1	n/a	n/a	n/a	n/a	n/a	n/a	n/a	n/a	n/a	n/a	n/a	n/a	n/a	n/a	n/a	n/a	n/a	n/a	n/a	n/a	206.392480	n/a
206.399995	0.000000	82560	stimulus_presentation	n/a	0	n/a	n/a	n/a	n/a	n/a	n/a	n/a	n/a	n/a	n/a	n/a	n/a	n/a	n/a	n/a	n/a	n/a	n/a	n/a	206.402480	n/a
206.409995	0.000000	82564	stimulus_presentation	n/a	0	n/a	n/a	n/a	n/a	n/a	n/a	n/a	n/a	n/a	n/a	n/a	n/a	n/a	n/a	n/a	n/a	n/a	n/a	n/a	206.412480	n/a
208.406650	0.000000	83363	ttl	6	n/a	n/a	n/a	n/a	n/a	n/a	n/a	n/a	n/a	n/a	n/a	n/a	n/a	n/a	n/a	n/a	n/a	n/a	n/a	n/a	208.409135	n/a
211.258118	0.000000	84503	stimulus_presentation	n/a	119	n/a	n/a	n/a	n/a	n/a	n/a	n/a	n/a	n/a	n/a	n/a	n/a	n/a	n/a	n/a	n/a	n/a	n/a	n/a	211.260603	n/a
211.258118	0.000000	84503	ttl	7	n/a	n/a	n/a	n/a	n/a	n/a	n/a	n/a	n/a	n/a	n/a	n/a	n/a	n/a	n/a	n/a	n/a	n/a	n/a	n/a	211.260603	n/a
211.755805	0.000000	84702	ttl	8	n/a	n/a	n/a	n/a	n/a	n/a	n/a	n/a	n/a	n/a	n/a	n/a	n/a	n/a	n/a	n/a	n/a	n/a	n/a	n/a	211.758290	n/a
211.805399	11.035777	84722	sternberg_trial	n/a	n/a	214	413	109	109	3	1	1	212.791821	214.80882	214.891414	216.907882	217.091132	219.107443	211.807884	219.107443	221.67538	222.843661	intervals/trials	22	211.807884	222.843661
211.805399	0.000000	84722	ttl	11	n/a	n/a	n/a	n/a	n/a	n/a	n/a	n/a	n/a	n/a	n/a	n/a	n/a	n/a	n/a	n/a	n/a	n/a	n/a	n/a	211.807884	n/a
212.789336	0.000000	85116	stimulus_presentation	n/a	71	n/a	n/a	n/a	n/a	n/a	n/a	n/a	n/a	n/a	n/a	n/a	n/a	n/a	n/a	n/a	n/a	n/a	n/a	n/a	212.791821	n/a
212.789336	0.000000	85116	ttl	1	n/a	n/a	n/a	n/a	n/a	n/a	n/a	n/a	n/a	n/a	n/a	n/a	n/a	n/a	n/a	n/a	n/a	n/a	n/a	n/a	212.791821	n/a
214.806335	0.000000	85923	ttl	5	n/a	n/a	n/a	n/a	n/a	n/a	n/a	n/a	n/a	n/a	n/a	n/a	n/a	n/a	n/a	n/a	n/a	n/a	n/a	n/a	214.808820	n/a
214.888929	0.000000	85956	stimulus_presentation	n/a	183	n/a	n/a	n/a	n/a	n/a	n/a	n/a	n/a	n/a	n/a	n/a	n/a	n/a	n/a	n/a	n/a	n/a	n/a	n/a	214.891414	n/a
214.888929	0.000000	85956	ttl	2	n/a	n/a	n/a	n/a	n/a	n/a	n/a	n/a	n/a	n/a	n/a	n/a	n/a	n/a	n/a	n/a	n/a	n/a	n/a	n/a	214.891414	n/a
216.905397	0.000000	86762	ttl	5	n/a	n/a	n/a	n/a	n/a	n/a	n/a	n/a	n/a	n/a	n/a	n/a	n/a	n/a	n/a	n/a	n/a	n/a	n/a	n/a	216.907882	n/a
217.088647	0.000000	86835	stimulus_presentation	n/a	9	n/a	n/a	n/a	n/a	n/a	n/a	n/a	n/a	n/a	n/a	n/a	n/a	n/a	n/a	n/a	n/a	n/a	n/a	n/a	217.091132	n/a
217.088647	0.000000	86835	ttl	3	n/a	n/a	n/a	n/a	n/a	n/a	n/a	n/a	n/a	n/a	n/a	n/a	n/a	n/a	n/a	n/a	n/a	n/a	n/a	n/a	217.091132	n/a
219.104958	0.000000	87642	ttl	6	n/a	n/a	n/a	n/a	n/a	n/a	n/a	n/a	n/a	n/a	n/a	n/a	n/a	n/a	n/a	n/a	n/a	n/a	n/a	n/a	219.107443	n/a
221.672895	0.000000	88669	stimulus_presentation	n/a	9	n/a	n/a	n/a	n/a	n/a	n/a	n/a	n/a	n/a	n/a	n/a	n/a	n/a	n/a	n/a	n/a	n/a	n/a	n/a	221.675380	n/a
221.672895	0.000000	88669	ttl	7	n/a	n/a	n/a	n/a	n/a	n/a	n/a	n/a	n/a	n/a	n/a	n/a	n/a	n/a	n/a	n/a	n/a	n/a	n/a	n/a	221.675380	n/a
222.841176	0.000000	89136	ttl	8	n/a	n/a	n/a	n/a	n/a	n/a	n/a	n/a	n/a	n/a	n/a	n/a	n/a	n/a	n/a	n/a	n/a	n/a	n/a	n/a	222.843661	n/a
222.886457	11.263933	89155	sternberg_trial	n/a	n/a	215	110	414	215	3	1	1	224.02266	226.039659	226.189441	228.205658	228.322315	230.33837599999998	222.888942	230.33837599999998	233.05575	234.152875	intervals/trials	23	222.888942	234.152875
222.886457	0.000000	89155	ttl	11	n/a	n/a	n/a	n/a	n/a	n/a	n/a	n/a	n/a	n/a	n/a	n/a	n/a	n/a	n/a	n/a	n/a	n/a	n/a	n/a	222.888942	n/a
224.020175	0.000000	89608	stimulus_presentation	n/a	72	n/a	n/a	n/a	n/a	n/a	n/a	n/a	n/a	n/a	n/a	n/a	n/a	n/a	n/a	n/a	n/a	n/a	n/a	n/a	224.022660	n/a
224.020175	0.000000	89608	ttl	1	n/a	n/a	n/a	n/a	n/a	n/a	n/a	n/a	n/a	n/a	n/a	n/a	n/a	n/a	n/a	n/a	n/a	n/a	n/a	n/a	224.022660	n/a
226.037174	0.000000	90415	ttl	5	n/a	n/a	n/a	n/a	n/a	n/a	n/a	n/a	n/a	n/a	n/a	n/a	n/a	n/a	n/a	n/a	n/a	n/a	n/a	n/a	226.039659	n/a
226.186956	0.000000	90475	stimulus_presentation	n/a	10	n/a	n/a	n/a	n/a	n/a	n/a	n/a	n/a	n/a	n/a	n/a	n/a	n/a	n/a	n/a	n/a	n/a	n/a	n/a	226.189441	n/a
226.186956	0.000000	90475	ttl	2	n/a	n/a	n/a	n/a	n/a	n/a	n/a	n/a	n/a	n/a	n/a	n/a	n/a	n/a	n/a	n/a	n/a	n/a	n/a	n/a	226.189441	n/a
228.203173	0.000000	91281	ttl	5	n/a	n/a	n/a	n/a	n/a	n/a	n/a	n/a	n/a	n/a	n/a	n/a	n/a	n/a	n/a	n/a	n/a	n/a	n/a	n/a	228.205658	n/a
228.319830	0.000000	91328	stimulus_presentation	n/a	184	n/a	n/a	n/a	n/a	n/a	n/a	n/a	n/a	n/a	n/a	n/a	n/a	n/a	n/a	n/a	n/a	n/a	n/a	n/a	228.322315	n/a
228.319830	0.000000	91328	ttl	3	n/a	n/a	n/a	n/a	n/a	n/a	n/a	n/a	n/a	n/a	n/a	n/a	n/a	n/a	n/a	n/a	n/a	n/a	n/a	n/a	228.322315	n/a
230.335891	0.000000	92134	ttl	6	n/a	n/a	n/a	n/a	n/a	n/a	n/a	n/a	n/a	n/a	n/a	n/a	n/a	n/a	n/a	n/a	n/a	n/a	n/a	n/a	230.338376	n/a
233.053265	0.000000	93221	stimulus_presentation	n/a	72	n/a	n/a	n/a	n/a	n/a	n/a	n/a	n/a	n/a	n/a	n/a	n/a	n/a	n/a	n/a	n/a	n/a	n/a	n/a	233.055750	n/a
233.053265	0.000000	93221	ttl	7	n/a	n/a	n/a	n/a	n/a	n/a	n/a	n/a	n/a	n/a	n/a	n/a	n/a	n/a	n/a	n/a	n/a	n/a	n/a	n/a	233.055750	n/a
234.150390	0.000000	93660	ttl	8	n/a	n/a	n/a	n/a	n/a	n/a	n/a	n/a	n/a	n/a	n/a	n/a	n/a	n/a	n/a	n/a	n/a	n/a	n/a	n/a	234.152875	n/a
234.200952	11.482777	93680	sternberg_trial	n/a	n/a	111	509	415	308	3	0	1	235.28768699999998	237.303967	237.35409199999998	239.37015399999999	239.452935	241.469934	234.20343699999998	241.469934	244.23743299999998	245.68621399999998	intervals/trials	24	234.203437	245.686214
234.200952	0.000000	93680	ttl	11	n/a	n/a	n/a	n/a	n/a	n/a	n/a	n/a	n/a	n/a	n/a	n/a	n/a	n/a	n/a	n/a	n/a	n/a	n/a	n/a	234.203437	n/a
235.285202	0.000000	94114	stimulus_presentation	n/a	11	n/a	n/a	n/a	n/a	n/a	n/a	n/a	n/a	n/a	n/a	n/a	n/a	n/a	n/a	n/a	n/a	n/a	n/a	n/a	235.287687	n/a
235.285202	0.000000	94114	ttl	1	n/a	n/a	n/a	n/a	n/a	n/a	n/a	n/a	n/a	n/a	n/a	n/a	n/a	n/a	n/a	n/a	n/a	n/a	n/a	n/a	235.287687	n/a
237.301482	0.000000	94921	ttl	5	n/a	n/a	n/a	n/a	n/a	n/a	n/a	n/a	n/a	n/a	n/a	n/a	n/a	n/a	n/a	n/a	n/a	n/a	n/a	n/a	237.303967	n/a
237.351607	0.000000	94941	stimulus_presentation	n/a	234	n/a	n/a	n/a	n/a	n/a	n/a	n/a	n/a	n/a	n/a	n/a	n/a	n/a	n/a	n/a	n/a	n/a	n/a	n/a	237.354092	n/a
237.351607	0.000000	94941	ttl	2	n/a	n/a	n/a	n/a	n/a	n/a	n/a	n/a	n/a	n/a	n/a	n/a	n/a	n/a	n/a	n/a	n/a	n/a	n/a	n/a	237.354092	n/a
239.367669	0.000000	95747	ttl	5	n/a	n/a	n/a	n/a	n/a	n/a	n/a	n/a	n/a	n/a	n/a	n/a	n/a	n/a	n/a	n/a	n/a	n/a	n/a	n/a	239.370154	n/a
239.450450	0.000000	95780	stimulus_presentation	n/a	185	n/a	n/a	n/a	n/a	n/a	n/a	n/a	n/a	n/a	n/a	n/a	n/a	n/a	n/a	n/a	n/a	n/a	n/a	n/a	239.452935	n/a
239.450450	0.000000	95780	ttl	3	n/a	n/a	n/a	n/a	n/a	n/a	n/a	n/a	n/a	n/a	n/a	n/a	n/a	n/a	n/a	n/a	n/a	n/a	n/a	n/a	239.452935	n/a
241.467449	0.000000	96587	ttl	6	n/a	n/a	n/a	n/a	n/a	n/a	n/a	n/a	n/a	n/a	n/a	n/a	n/a	n/a	n/a	n/a	n/a	n/a	n/a	n/a	241.469934	n/a
244.234948	0.000000	97694	stimulus_presentation	n/a	122	n/a	n/a	n/a	n/a	n/a	n/a	n/a	n/a	n/a	n/a	n/a	n/a	n/a	n/a	n/a	n/a	n/a	n/a	n/a	244.237433	n/a
244.234948	0.000000	97694	ttl	7	n/a	n/a	n/a	n/a	n/a	n/a	n/a	n/a	n/a	n/a	n/a	n/a	n/a	n/a	n/a	n/a	n/a	n/a	n/a	n/a	244.237433	n/a
245.683729	0.000000	98273	ttl	8	n/a	n/a	n/a	n/a	n/a	n/a	n/a	n/a	n/a	n/a	n/a	n/a	n/a	n/a	n/a	n/a	n/a	n/a	n/a	n/a	245.686214	n/a
245.731916	10.909184	98293	sternberg_trial	n/a	n/a	312	416	216	101	3	0	1	246.90187	248.91833799999998	249.035056	251.05086799999998	251.15033699999998	253.167523	245.734401	253.167523	255.851866	256.643585	intervals/trials	25	245.734401	256.643585
245.731916	0.000000	98293	ttl	11	n/a	n/a	n/a	n/a	n/a	n/a	n/a	n/a	n/a	n/a	n/a	n/a	n/a	n/a	n/a	n/a	n/a	n/a	n/a	n/a	245.734401	n/a
246.899385	0.000000	98760	stimulus_presentation	n/a	126	n/a	n/a	n/a	n/a	n/a	n/a	n/a	n/a	n/a	n/a	n/a	n/a	n/a	n/a	n/a	n/a	n/a	n/a	n/a	246.901870	n/a
246.899385	0.000000	98760	ttl	1	n/a	n/a	n/a	n/a	n/a	n/a	n/a	n/a	n/a	n/a	n/a	n/a	n/a	n/a	n/a	n/a	n/a	n/a	n/a	n/a	246.901870	n/a
248.915853	0.000000	99566	ttl	5	n/a	n/a	n/a	n/a	n/a	n/a	n/a	n/a	n/a	n/a	n/a	n/a	n/a	n/a	n/a	n/a	n/a	n/a	n/a	n/a	248.918338	n/a
249.032571	0.000000	99613	stimulus_presentation	n/a	186	n/a	n/a	n/a	n/a	n/a	n/a	n/a	n/a	n/a	n/a	n/a	n/a	n/a	n/a	n/a	n/a	n/a	n/a	n/a	249.035056	n/a
249.032571	0.000000	99613	ttl	2	n/a	n/a	n/a	n/a	n/a	n/a	n/a	n/a	n/a	n/a	n/a	n/a	n/a	n/a	n/a	n/a	n/a	n/a	n/a	n/a	249.035056	n/a
251.048383	0.000000	100419	ttl	5	n/a	n/a	n/a	n/a	n/a	n/a	n/a	n/a	n/a	n/a	n/a	n/a	n/a	n/a	n/a	n/a	n/a	n/a	n/a	n/a	251.050868	n/a
251.147852	0.000000	100459	stimulus_presentation	n/a	73	n/a	n/a	n/a	n/a	n/a	n/a	n/a	n/a	n/a	n/a	n/a	n/a	n/a	n/a	n/a	n/a	n/a	n/a	n/a	251.150337	n/a
251.147852	0.000000	100459	ttl	3	n/a	n/a	n/a	n/a	n/a	n/a	n/a	n/a	n/a	n/a	n/a	n/a	n/a	n/a	n/a	n/a	n/a	n/a	n/a	n/a	251.150337	n/a
253.165038	0.000000	101266	ttl	6	n/a	n/a	n/a	n/a	n/a	n/a	n/a	n/a	n/a	n/a	n/a	n/a	n/a	n/a	n/a	n/a	n/a	n/a	n/a	n/a	253.167523	n/a
255.849381	0.000000	102340	stimulus_presentation	n/a	1	n/a	n/a	n/a	n/a	n/a	n/a	n/a	n/a	n/a	n/a	n/a	n/a	n/a	n/a	n/a	n/a	n/a	n/a	n/a	255.851866	n/a
255.849381	0.000000	102340	ttl	7	n/a	n/a	n/a	n/a	n/a	n/a	n/a	n/a	n/a	n/a	n/a	n/a	n/a	n/a	n/a	n/a	n/a	n/a	n/a	n/a	255.851866	n/a
256.641100	0.000000	102656	ttl	8	n/a	n/a	n/a	n/a	n/a	n/a	n/a	n/a	n/a	n/a	n/a	n/a	n/a	n/a	n/a	n/a	n/a	n/a	n/a	n/a	256.643585	n/a
256.679975	10.950933	102672	sternberg_trial	n/a	n/a	417	313	510	510	3	1	0	257.81636499999996	259.83239599999996	260.01617699999997	262.03252	262.18242599999996	264.19861299999997	256.68246	264.19861299999997	266.89811199999997	267.633393	intervals/trials	26	256.682460	267.633393
256.679975	0.000000	102672	ttl	11	n/a	n/a	n/a	n/a	n/a	n/a	n/a	n/a	n/a	n/a	n/a	n/a	n/a	n/a	n/a	n/a	n/a	n/a	n/a	n/a	256.682460	n/a
257.813880	0.000000	103126	stimulus_presentation	n/a	187	n/a	n/a	n/a	n/a	n/a	n/a	n/a	n/a	n/a	n/a	n/a	n/a	n/a	n/a	n/a	n/a	n/a	n/a	n/a	257.816365	n/a
257.813880	0.000000	103126	ttl	1	n/a	n/a	n/a	n/a	n/a	n/a	n/a	n/a	n/a	n/a	n/a	n/a	n/a	n/a	n/a	n/a	n/a	n/a	n/a	n/a	257.816365	n/a
259.829911	0.000000	103932	ttl	5	n/a	n/a	n/a	n/a	n/a	n/a	n/a	n/a	n/a	n/a	n/a	n/a	n/a	n/a	n/a	n/a	n/a	n/a	n/a	n/a	259.832396	n/a
260.013692	0.000000	104005	stimulus_presentation	n/a	127	n/a	n/a	n/a	n/a	n/a	n/a	n/a	n/a	n/a	n/a	n/a	n/a	n/a	n/a	n/a	n/a	n/a	n/a	n/a	260.016177	n/a
260.013692	0.000000	104005	ttl	2	n/a	n/a	n/a	n/a	n/a	n/a	n/a	n/a	n/a	n/a	n/a	n/a	n/a	n/a	n/a	n/a	n/a	n/a	n/a	n/a	260.016177	n/a
262.030035	0.000000	104812	ttl	5	n/a	n/a	n/a	n/a	n/a	n/a	n/a	n/a	n/a	n/a	n/a	n/a	n/a	n/a	n/a	n/a	n/a	n/a	n/a	n/a	262.032520	n/a
262.179941	0.000000	104872	stimulus_presentation	n/a	235	n/a	n/a	n/a	n/a	n/a	n/a	n/a	n/a	n/a	n/a	n/a	n/a	n/a	n/a	n/a	n/a	n/a	n/a	n/a	262.182426	n/a
262.179941	0.000000	104872	ttl	3	n/a	n/a	n/a	n/a	n/a	n/a	n/a	n/a	n/a	n/a	n/a	n/a	n/a	n/a	n/a	n/a	n/a	n/a	n/a	n/a	262.182426	n/a
264.196128	0.000000	105678	ttl	6	n/a	n/a	n/a	n/a	n/a	n/a	n/a	n/a	n/a	n/a	n/a	n/a	n/a	n/a	n/a	n/a	n/a	n/a	n/a	n/a	264.198613	n/a
266.895627	0.000000	106758	stimulus_presentation	n/a	235	n/a	n/a	n/a	n/a	n/a	n/a	n/a	n/a	n/a	n/a	n/a	n/a	n/a	n/a	n/a	n/a	n/a	n/a	n/a	266.898112	n/a
266.895627	0.000000	106758	ttl	7	n/a	n/a	n/a	n/a	n/a	n/a	n/a	n/a	n/a	n/a	n/a	n/a	n/a	n/a	n/a	n/a	n/a	n/a	n/a	n/a	266.898112	n/a
267.630908	0.000000	107052	ttl	8	n/a	n/a	n/a	n/a	n/a	n/a	n/a	n/a	n/a	n/a	n/a	n/a	n/a	n/a	n/a	n/a	n/a	n/a	n/a	n/a	267.633393	n/a
267.677939	10.941870	107071	sternberg_trial	n/a	n/a	217	314	418	509	3	0	1	268.83054799999996	270.847516	271.047266	273.063265	273.19701499999996	275.213515	267.68042399999996	275.213515	277.964482	278.622294	intervals/trials	27	267.680424	278.622294
267.677939	0.000000	107071	ttl	11	n/a	n/a	n/a	n/a	n/a	n/a	n/a	n/a	n/a	n/a	n/a	n/a	n/a	n/a	n/a	n/a	n/a	n/a	n/a	n/a	267.680424	n/a
268.828063	0.000000	107531	stimulus_presentation	n/a	74	n/a	n/a	n/a	n/a	n/a	n/a	n/a	n/a	n/a	n/a	n/a	n/a	n/a	n/a	n/a	n/a	n/a	n/a	n/a	268.830548	n/a
268.828063	0.000000	107531	ttl	1	n/a	n/a	n/a	n/a	n/a	n/a	n/a	n/a	n/a	n/a	n/a	n/a	n/a	n/a	n/a	n/a	n/a	n/a	n/a	n/a	268.830548	n/a
270.845031	0.000000	108338	ttl	5	n/a	n/a	n/a	n/a	n/a	n/a	n/a	n/a	n/a	n/a	n/a	n/a	n/a	n/a	n/a	n/a	n/a	n/a	n/a	n/a	270.847516	n/a
271.044781	0.000000	108418	stimulus_presentation	n/a	128	n/a	n/a	n/a	n/a	n/a	n/a	n/a	n/a	n/a	n/a	n/a	n/a	n/a	n/a	n/a	n/a	n/a	n/a	n/a	271.047266	n/a
271.044781	0.000000	108418	ttl	2	n/a	n/a	n/a	n/a	n/a	n/a	n/a	n/a	n/a	n/a	n/a	n/a	n/a	n/a	n/a	n/a	n/a	n/a	n/a	n/a	271.047266	n/a
273.060780	0.000000	109224	ttl	5	n/a	n/a	n/a	n/a	n/a	n/a	n/a	n/a	n/a	n/a	n/a	n/a	n/a	n/a	n/a	n/a	n/a	n/a	n/a	n/a	273.063265	n/a
273.194530	0.000000	109278	stimulus_presentation	n/a	188	n/a	n/a	n/a	n/a	n/a	n/a	n/a	n/a	n/a	n/a	n/a	n/a	n/a	n/a	n/a	n/a	n/a	n/a	n/a	273.197015	n/a
273.194530	0.000000	109278	ttl	3	n/a	n/a	n/a	n/a	n/a	n/a	n/a	n/a	n/a	n/a	n/a	n/a	n/a	n/a	n/a	n/a	n/a	n/a	n/a	n/a	273.197015	n/a
275.211030	0.000000	110084	ttl	6	n/a	n/a	n/a	n/a	n/a	n/a	n/a	n/a	n/a	n/a	n/a	n/a	n/a	n/a	n/a	n/a	n/a	n/a	n/a	n/a	275.213515	n/a
277.961997	0.000000	111185	stimulus_presentation	n/a	234	n/a	n/a	n/a	n/a	n/a	n/a	n/a	n/a	n/a	n/a	n/a	n/a	n/a	n/a	n/a	n/a	n/a	n/a	n/a	277.964482	n/a
277.961997	0.000000	111185	ttl	7	n/a	n/a	n/a	n/a	n/a	n/a	n/a	n/a	n/a	n/a	n/a	n/a	n/a	n/a	n/a	n/a	n/a	n/a	n/a	n/a	277.964482	n/a
278.619809	0.000000	111448	ttl	8	n/a	n/a	n/a	n/a	n/a	n/a	n/a	n/a	n/a	n/a	n/a	n/a	n/a	n/a	n/a	n/a	n/a	n/a	n/a	n/a	278.622294	n/a
278.659122	6.295404	111464	sternberg_trial	n/a	n/a	218	0	0	508	1	0	0	279.712263	281.72794899999997	0.0	0.0	0.0	0.0	278.661607	281.72794899999997	284.39451099999997	284.95701099999997	intervals/trials	28	278.661607	284.957011
278.659122	0.000000	111464	ttl	11	n/a	n/a	n/a	n/a	n/a	n/a	n/a	n/a	n/a	n/a	n/a	n/a	n/a	n/a	n/a	n/a	n/a	n/a	n/a	n/a	278.661607	n/a
279.709778	0.000000	111884	stimulus_presentation	n/a	75	n/a	n/a	n/a	n/a	n/a	n/a	n/a	n/a	n/a	n/a	n/a	n/a	n/a	n/a	n/a	n/a	n/a	n/a	n/a	279.712263	n/a
279.709778	0.000000	111884	ttl	1	n/a	n/a	n/a	n/a	n/a	n/a	n/a	n/a	n/a	n/a	n/a	n/a	n/a	n/a	n/a	n/a	n/a	n/a	n/a	n/a	279.712263	n/a
279.719778	0.000000	111888	stimulus_presentation	n/a	0	n/a	n/a	n/a	n/a	n/a	n/a	n/a	n/a	n/a	n/a	n/a	n/a	n/a	n/a	n/a	n/a	n/a	n/a	n/a	279.722263	n/a
279.729778	0.000000	111892	stimulus_presentation	n/a	0	n/a	n/a	n/a	n/a	n/a	n/a	n/a	n/a	n/a	n/a	n/a	n/a	n/a	n/a	n/a	n/a	n/a	n/a	n/a	279.732263	n/a
281.725464	0.000000	112690	ttl	6	n/a	n/a	n/a	n/a	n/a	n/a	n/a	n/a	n/a	n/a	n/a	n/a	n/a	n/a	n/a	n/a	n/a	n/a	n/a	n/a	281.727949	n/a
284.392026	0.000000	113757	stimulus_presentation	n/a	233	n/a	n/a	n/a	n/a	n/a	n/a	n/a	n/a	n/a	n/a	n/a	n/a	n/a	n/a	n/a	n/a	n/a	n/a	n/a	284.394511	n/a
284.392026	0.000000	113757	ttl	7	n/a	n/a	n/a	n/a	n/a	n/a	n/a	n/a	n/a	n/a	n/a	n/a	n/a	n/a	n/a	n/a	n/a	n/a	n/a	n/a	284.394511	n/a
284.954526	0.000000	113982	ttl	8	n/a	n/a	n/a	n/a	n/a	n/a	n/a	n/a	n/a	n/a	n/a	n/a	n/a	n/a	n/a	n/a	n/a	n/a	n/a	n/a	284.957011	n/a
285.008119	6.904873	114003	sternberg_trial	n/a	n/a	419	0	0	419	1	1	1	285.976854	287.99350899999996	0.0	0.0	0.0	0.0	285.010604	287.99350899999996	290.826727	291.915477	intervals/trials	29	285.010604	291.915477
285.008119	0.000000	114003	ttl	11	n/a	n/a	n/a	n/a	n/a	n/a	n/a	n/a	n/a	n/a	n/a	n/a	n/a	n/a	n/a	n/a	n/a	n/a	n/a	n/a	285.010604	n/a
285.974369	0.000000	114390	stimulus_presentation	n/a	189	n/a	n/a	n/a	n/a	n/a	n/a	n/a	n/a	n/a	n/a	n/a	n/a	n/a	n/a	n/a	n/a	n/a	n/a	n/a	285.976854	n/a
285.974369	0.000000	114390	ttl	1	n/a	n/a	n/a	n/a	n/a	n/a	n/a	n/a	n/a	n/a	n/a	n/a	n/a	n/a	n/a	n/a	n/a	n/a	n/a	n/a	285.976854	n/a
285.984369	0.000000	114394	stimulus_presentation	n/a	0	n/a	n/a	n/a	n/a	n/a	n/a	n/a	n/a	n/a	n/a	n/a	n/a	n/a	n/a	n/a	n/a	n/a	n/a	n/a	285.986854	n/a
285.994369	0.000000	114398	stimulus_presentation	n/a	0	n/a	n/a	n/a	n/a	n/a	n/a	n/a	n/a	n/a	n/a	n/a	n/a	n/a	n/a	n/a	n/a	n/a	n/a	n/a	285.996854	n/a
287.991024	0.000000	115196	ttl	6	n/a	n/a	n/a	n/a	n/a	n/a	n/a	n/a	n/a	n/a	n/a	n/a	n/a	n/a	n/a	n/a	n/a	n/a	n/a	n/a	287.993509	n/a
290.824242	0.000000	116330	stimulus_presentation	n/a	189	n/a	n/a	n/a	n/a	n/a	n/a	n/a	n/a	n/a	n/a	n/a	n/a	n/a	n/a	n/a	n/a	n/a	n/a	n/a	290.826727	n/a
290.824242	0.000000	116330	ttl	7	n/a	n/a	n/a	n/a	n/a	n/a	n/a	n/a	n/a	n/a	n/a	n/a	n/a	n/a	n/a	n/a	n/a	n/a	n/a	n/a	290.826727	n/a
291.912992	0.000000	116765	ttl	8	n/a	n/a	n/a	n/a	n/a	n/a	n/a	n/a	n/a	n/a	n/a	n/a	n/a	n/a	n/a	n/a	n/a	n/a	n/a	n/a	291.915477	n/a
291.956742	6.882278	116783	sternberg_trial	n/a	n/a	511	0	0	415	1	0	1	293.060882	295.07585	0.0	0.0	0.0	0.0	291.959227	295.07585	297.777037	298.841505	intervals/trials	30	291.959227	298.841505
291.956742	0.000000	116783	ttl	11	n/a	n/a	n/a	n/a	n/a	n/a	n/a	n/a	n/a	n/a	n/a	n/a	n/a	n/a	n/a	n/a	n/a	n/a	n/a	n/a	291.959227	n/a
293.058397	0.000000	117223	stimulus_presentation	n/a	236	n/a	n/a	n/a	n/a	n/a	n/a	n/a	n/a	n/a	n/a	n/a	n/a	n/a	n/a	n/a	n/a	n/a	n/a	n/a	293.060882	n/a
293.058397	0.000000	117223	ttl	1	n/a	n/a	n/a	n/a	n/a	n/a	n/a	n/a	n/a	n/a	n/a	n/a	n/a	n/a	n/a	n/a	n/a	n/a	n/a	n/a	293.060882	n/a
293.068397	0.000000	117227	stimulus_presentation	n/a	0	n/a	n/a	n/a	n/a	n/a	n/a	n/a	n/a	n/a	n/a	n/a	n/a	n/a	n/a	n/a	n/a	n/a	n/a	n/a	293.070882	n/a
293.078397	0.000000	117231	stimulus_presentation	n/a	0	n/a	n/a	n/a	n/a	n/a	n/a	n/a	n/a	n/a	n/a	n/a	n/a	n/a	n/a	n/a	n/a	n/a	n/a	n/a	293.080882	n/a
295.073365	0.000000	118029	ttl	6	n/a	n/a	n/a	n/a	n/a	n/a	n/a	n/a	n/a	n/a	n/a	n/a	n/a	n/a	n/a	n/a	n/a	n/a	n/a	n/a	295.075850	n/a
297.774552	0.000000	119110	stimulus_presentation	n/a	185	n/a	n/a	n/a	n/a	n/a	n/a	n/a	n/a	n/a	n/a	n/a	n/a	n/a	n/a	n/a	n/a	n/a	n/a	n/a	297.777037	n/a
297.774552	0.000000	119110	ttl	7	n/a	n/a	n/a	n/a	n/a	n/a	n/a	n/a	n/a	n/a	n/a	n/a	n/a	n/a	n/a	n/a	n/a	n/a	n/a	n/a	297.777037	n/a
298.839020	0.000000	119536	ttl	8	n/a	n/a	n/a	n/a	n/a	n/a	n/a	n/a	n/a	n/a	n/a	n/a	n/a	n/a	n/a	n/a	n/a	n/a	n/a	n/a	298.841505	n/a
298.889270	6.300216	119556	sternberg_trial	n/a	n/a	420	0	0	505	1	0	1	299.89188	301.908035	0.0	0.0	0.0	0.0	298.891755	301.908035	304.557534	305.19197099999997	intervals/trials	31	298.891755	305.191971
298.889270	0.000000	119556	ttl	11	n/a	n/a	n/a	n/a	n/a	n/a	n/a	n/a	n/a	n/a	n/a	n/a	n/a	n/a	n/a	n/a	n/a	n/a	n/a	n/a	298.891755	n/a
299.889395	0.000000	119956	stimulus_presentation	n/a	190	n/a	n/a	n/a	n/a	n/a	n/a	n/a	n/a	n/a	n/a	n/a	n/a	n/a	n/a	n/a	n/a	n/a	n/a	n/a	299.891880	n/a
299.889395	0.000000	119956	ttl	1	n/a	n/a	n/a	n/a	n/a	n/a	n/a	n/a	n/a	n/a	n/a	n/a	n/a	n/a	n/a	n/a	n/a	n/a	n/a	n/a	299.891880	n/a
299.899395	0.000000	119960	stimulus_presentation	n/a	0	n/a	n/a	n/a	n/a	n/a	n/a	n/a	n/a	n/a	n/a	n/a	n/a	n/a	n/a	n/a	n/a	n/a	n/a	n/a	299.901880	n/a
299.909395	0.000000	119964	stimulus_presentation	n/a	0	n/a	n/a	n/a	n/a	n/a	n/a	n/a	n/a	n/a	n/a	n/a	n/a	n/a	n/a	n/a	n/a	n/a	n/a	n/a	299.911880	n/a
301.905550	0.000000	120762	ttl	6	n/a	n/a	n/a	n/a	n/a	n/a	n/a	n/a	n/a	n/a	n/a	n/a	n/a	n/a	n/a	n/a	n/a	n/a	n/a	n/a	301.908035	n/a
304.555049	0.000000	121822	stimulus_presentation	n/a	230	n/a	n/a	n/a	n/a	n/a	n/a	n/a	n/a	n/a	n/a	n/a	n/a	n/a	n/a	n/a	n/a	n/a	n/a	n/a	304.557534	n/a
304.555049	0.000000	121822	ttl	7	n/a	n/a	n/a	n/a	n/a	n/a	n/a	n/a	n/a	n/a	n/a	n/a	n/a	n/a	n/a	n/a	n/a	n/a	n/a	n/a	304.557534	n/a
305.189486	0.000000	122076	ttl	8	n/a	n/a	n/a	n/a	n/a	n/a	n/a	n/a	n/a	n/a	n/a	n/a	n/a	n/a	n/a	n/a	n/a	n/a	n/a	n/a	305.191971	n/a
305.237580	6.510560	122095	sternberg_trial	n/a	n/a	112	0	0	112	1	1	1	306.307408	308.323876	0.0	0.0	0.0	0.0	305.24006499999996	308.323876	311.074781	311.750625	intervals/trials	32	305.240065	311.750625
305.237580	0.000000	122095	ttl	11	n/a	n/a	n/a	n/a	n/a	n/a	n/a	n/a	n/a	n/a	n/a	n/a	n/a	n/a	n/a	n/a	n/a	n/a	n/a	n/a	305.240065	n/a
306.304923	0.000000	122522	stimulus_presentation	n/a	12	n/a	n/a	n/a	n/a	n/a	n/a	n/a	n/a	n/a	n/a	n/a	n/a	n/a	n/a	n/a	n/a	n/a	n/a	n/a	306.307408	n/a
306.304923	0.000000	122522	ttl	1	n/a	n/a	n/a	n/a	n/a	n/a	n/a	n/a	n/a	n/a	n/a	n/a	n/a	n/a	n/a	n/a	n/a	n/a	n/a	n/a	306.307408	n/a
306.314923	0.000000	122526	stimulus_presentation	n/a	0	n/a	n/a	n/a	n/a	n/a	n/a	n/a	n/a	n/a	n/a	n/a	n/a	n/a	n/a	n/a	n/a	n/a	n/a	n/a	306.317408	n/a
306.324923	0.000000	122530	stimulus_presentation	n/a	0	n/a	n/a	n/a	n/a	n/a	n/a	n/a	n/a	n/a	n/a	n/a	n/a	n/a	n/a	n/a	n/a	n/a	n/a	n/a	306.327408	n/a
308.321391	0.000000	123329	ttl	6	n/a	n/a	n/a	n/a	n/a	n/a	n/a	n/a	n/a	n/a	n/a	n/a	n/a	n/a	n/a	n/a	n/a	n/a	n/a	n/a	308.323876	n/a
311.072296	0.000000	124429	stimulus_presentation	n/a	12	n/a	n/a	n/a	n/a	n/a	n/a	n/a	n/a	n/a	n/a	n/a	n/a	n/a	n/a	n/a	n/a	n/a	n/a	n/a	311.074781	n/a
311.072296	0.000000	124429	ttl	7	n/a	n/a	n/a	n/a	n/a	n/a	n/a	n/a	n/a	n/a	n/a	n/a	n/a	n/a	n/a	n/a	n/a	n/a	n/a	n/a	311.074781	n/a
311.748140	0.000000	124699	ttl	8	n/a	n/a	n/a	n/a	n/a	n/a	n/a	n/a	n/a	n/a	n/a	n/a	n/a	n/a	n/a	n/a	n/a	n/a	n/a	n/a	311.750625	n/a
311.786734	10.694808	124715	sternberg_trial	n/a	n/a	512	421	113	213	3	0	1	312.806093	314.821561	314.922186	316.93787299999997	317.054373	319.070747	311.789219	319.070747	321.653996	322.48402699999997	intervals/trials	33	311.789219	322.484027
311.786734	0.000000	124715	ttl	11	n/a	n/a	n/a	n/a	n/a	n/a	n/a	n/a	n/a	n/a	n/a	n/a	n/a	n/a	n/a	n/a	n/a	n/a	n/a	n/a	311.789219	n/a
312.803608	0.000000	125121	stimulus_presentation	n/a	237	n/a	n/a	n/a	n/a	n/a	n/a	n/a	n/a	n/a	n/a	n/a	n/a	n/a	n/a	n/a	n/a	n/a	n/a	n/a	312.806093	n/a
312.803608	0.000000	125121	ttl	1	n/a	n/a	n/a	n/a	n/a	n/a	n/a	n/a	n/a	n/a	n/a	n/a	n/a	n/a	n/a	n/a	n/a	n/a	n/a	n/a	312.806093	n/a
314.819076	0.000000	125928	ttl	5	n/a	n/a	n/a	n/a	n/a	n/a	n/a	n/a	n/a	n/a	n/a	n/a	n/a	n/a	n/a	n/a	n/a	n/a	n/a	n/a	314.821561	n/a
314.919701	0.000000	125968	stimulus_presentation	n/a	191	n/a	n/a	n/a	n/a	n/a	n/a	n/a	n/a	n/a	n/a	n/a	n/a	n/a	n/a	n/a	n/a	n/a	n/a	n/a	314.922186	n/a
314.919701	0.000000	125968	ttl	2	n/a	n/a	n/a	n/a	n/a	n/a	n/a	n/a	n/a	n/a	n/a	n/a	n/a	n/a	n/a	n/a	n/a	n/a	n/a	n/a	314.922186	n/a
316.935388	0.000000	126774	ttl	5	n/a	n/a	n/a	n/a	n/a	n/a	n/a	n/a	n/a	n/a	n/a	n/a	n/a	n/a	n/a	n/a	n/a	n/a	n/a	n/a	316.937873	n/a
317.051888	0.000000	126821	stimulus_presentation	n/a	13	n/a	n/a	n/a	n/a	n/a	n/a	n/a	n/a	n/a	n/a	n/a	n/a	n/a	n/a	n/a	n/a	n/a	n/a	n/a	317.054373	n/a
317.051888	0.000000	126821	ttl	3	n/a	n/a	n/a	n/a	n/a	n/a	n/a	n/a	n/a	n/a	n/a	n/a	n/a	n/a	n/a	n/a	n/a	n/a	n/a	n/a	317.054373	n/a
319.068262	0.000000	127627	ttl	6	n/a	n/a	n/a	n/a	n/a	n/a	n/a	n/a	n/a	n/a	n/a	n/a	n/a	n/a	n/a	n/a	n/a	n/a	n/a	n/a	319.070747	n/a
321.651511	0.000000	128661	stimulus_presentation	n/a	70	n/a	n/a	n/a	n/a	n/a	n/a	n/a	n/a	n/a	n/a	n/a	n/a	n/a	n/a	n/a	n/a	n/a	n/a	n/a	321.653996	n/a
321.651511	0.000000	128661	ttl	7	n/a	n/a	n/a	n/a	n/a	n/a	n/a	n/a	n/a	n/a	n/a	n/a	n/a	n/a	n/a	n/a	n/a	n/a	n/a	n/a	321.653996	n/a
322.481542	0.000000	128993	ttl	8	n/a	n/a	n/a	n/a	n/a	n/a	n/a	n/a	n/a	n/a	n/a	n/a	n/a	n/a	n/a	n/a	n/a	n/a	n/a	n/a	322.484027	n/a
322.534136	6.505809	129014	sternberg_trial	n/a	n/a	513	0	0	303	1	0	1	323.654339	325.669557	0.0	0.0	0.0	0.0	322.53662099999997	325.669557	328.432462	329.04242999999997	intervals/trials	34	322.536621	329.042430
322.534136	0.000000	129014	ttl	11	n/a	n/a	n/a	n/a	n/a	n/a	n/a	n/a	n/a	n/a	n/a	n/a	n/a	n/a	n/a	n/a	n/a	n/a	n/a	n/a	322.536621	n/a
323.651854	0.000000	129461	stimulus_presentation	n/a	238	n/a	n/a	n/a	n/a	n/a	n/a	n/a	n/a	n/a	n/a	n/a	n/a	n/a	n/a	n/a	n/a	n/a	n/a	n/a	323.654339	n/a
323.651854	0.000000	129461	ttl	1	n/a	n/a	n/a	n/a	n/a	n/a	n/a	n/a	n/a	n/a	n/a	n/a	n/a	n/a	n/a	n/a	n/a	n/a	n/a	n/a	323.654339	n/a
323.661854	0.000000	129465	stimulus_presentation	n/a	0	n/a	n/a	n/a	n/a	n/a	n/a	n/a	n/a	n/a	n/a	n/a	n/a	n/a	n/a	n/a	n/a	n/a	n/a	n/a	323.664339	n/a
323.671854	0.000000	129469	stimulus_presentation	n/a	0	n/a	n/a	n/a	n/a	n/a	n/a	n/a	n/a	n/a	n/a	n/a	n/a	n/a	n/a	n/a	n/a	n/a	n/a	n/a	323.674339	n/a
325.667072	0.000000	130267	ttl	6	n/a	n/a	n/a	n/a	n/a	n/a	n/a	n/a	n/a	n/a	n/a	n/a	n/a	n/a	n/a	n/a	n/a	n/a	n/a	n/a	325.669557	n/a
328.429977	0.000000	131372	stimulus_presentation	n/a	117	n/a	n/a	n/a	n/a	n/a	n/a	n/a	n/a	n/a	n/a	n/a	n/a	n/a	n/a	n/a	n/a	n/a	n/a	n/a	328.432462	n/a
328.429977	0.000000	131372	ttl	7	n/a	n/a	n/a	n/a	n/a	n/a	n/a	n/a	n/a	n/a	n/a	n/a	n/a	n/a	n/a	n/a	n/a	n/a	n/a	n/a	328.432462	n/a
329.039945	0.000000	131616	ttl	8	n/a	n/a	n/a	n/a	n/a	n/a	n/a	n/a	n/a	n/a	n/a	n/a	n/a	n/a	n/a	n/a	n/a	n/a	n/a	n/a	329.042430	n/a
329.082789	6.611591	131633	sternberg_trial	n/a	n/a	422	0	0	422	1	1	1	330.120774	332.13474199999996	0.0	0.0	0.0	0.0	329.08527399999997	332.13474199999996	334.918022	335.696865	intervals/trials	35	329.085274	335.696865
329.082789	0.000000	131633	ttl	11	n/a	n/a	n/a	n/a	n/a	n/a	n/a	n/a	n/a	n/a	n/a	n/a	n/a	n/a	n/a	n/a	n/a	n/a	n/a	n/a	329.085274	n/a
330.118289	0.000000	132047	stimulus_presentation	n/a	192	n/a	n/a	n/a	n/a	n/a	n/a	n/a	n/a	n/a	n/a	n/a	n/a	n/a	n/a	n/a	n/a	n/a	n/a	n/a	330.120774	n/a
330.118289	0.000000	132047	ttl	1	n/a	n/a	n/a	n/a	n/a	n/a	n/a	n/a	n/a	n/a	n/a	n/a	n/a	n/a	n/a	n/a	n/a	n/a	n/a	n/a	330.120774	n/a
330.128289	0.000000	132051	stimulus_presentation	n/a	0	n/a	n/a	n/a	n/a	n/a	n/a	n/a	n/a	n/a	n/a	n/a	n/a	n/a	n/a	n/a	n/a	n/a	n/a	n/a	330.130774	n/a
330.138289	0.000000	132055	stimulus_presentation	n/a	0	n/a	n/a	n/a	n/a	n/a	n/a	n/a	n/a	n/a	n/a	n/a	n/a	n/a	n/a	n/a	n/a	n/a	n/a	n/a	330.140774	n/a
332.132257	0.000000	132853	ttl	6	n/a	n/a	n/a	n/a	n/a	n/a	n/a	n/a	n/a	n/a	n/a	n/a	n/a	n/a	n/a	n/a	n/a	n/a	n/a	n/a	332.134742	n/a
334.915537	0.000000	133966	stimulus_presentation	n/a	192	n/a	n/a	n/a	n/a	n/a	n/a	n/a	n/a	n/a	n/a	n/a	n/a	n/a	n/a	n/a	n/a	n/a	n/a	n/a	334.918022	n/a
334.915537	0.000000	133966	ttl	7	n/a	n/a	n/a	n/a	n/a	n/a	n/a	n/a	n/a	n/a	n/a	n/a	n/a	n/a	n/a	n/a	n/a	n/a	n/a	n/a	334.918022	n/a
335.694380	0.000000	134278	ttl	8	n/a	n/a	n/a	n/a	n/a	n/a	n/a	n/a	n/a	n/a	n/a	n/a	n/a	n/a	n/a	n/a	n/a	n/a	n/a	n/a	335.696865	n/a
335.731568	6.473247	134293	sternberg_trial	n/a	n/a	219	0	0	219	1	1	1	336.76749	338.783645	0.0	0.0	0.0	0.0	335.73405299999996	338.783645	341.500144	342.2073	intervals/trials	36	335.734053	342.207300
335.731568	0.000000	134293	ttl	11	n/a	n/a	n/a	n/a	n/a	n/a	n/a	n/a	n/a	n/a	n/a	n/a	n/a	n/a	n/a	n/a	n/a	n/a	n/a	n/a	335.734053	n/a
336.765005	0.000000	134706	stimulus_presentation	n/a	76	n/a	n/a	n/a	n/a	n/a	n/a	n/a	n/a	n/a	n/a	n/a	n/a	n/a	n/a	n/a	n/a	n/a	n/a	n/a	336.767490	n/a
336.765005	0.000000	134706	ttl	1	n/a	n/a	n/a	n/a	n/a	n/a	n/a	n/a	n/a	n/a	n/a	n/a	n/a	n/a	n/a	n/a	n/a	n/a	n/a	n/a	336.767490	n/a
336.775005	0.000000	134710	stimulus_presentation	n/a	0	n/a	n/a	n/a	n/a	n/a	n/a	n/a	n/a	n/a	n/a	n/a	n/a	n/a	n/a	n/a	n/a	n/a	n/a	n/a	336.777490	n/a
336.785005	0.000000	134714	stimulus_presentation	n/a	0	n/a	n/a	n/a	n/a	n/a	n/a	n/a	n/a	n/a	n/a	n/a	n/a	n/a	n/a	n/a	n/a	n/a	n/a	n/a	336.787490	n/a
338.781160	0.000000	135512	ttl	6	n/a	n/a	n/a	n/a	n/a	n/a	n/a	n/a	n/a	n/a	n/a	n/a	n/a	n/a	n/a	n/a	n/a	n/a	n/a	n/a	338.783645	n/a
341.497659	0.000000	136599	stimulus_presentation	n/a	76	n/a	n/a	n/a	n/a	n/a	n/a	n/a	n/a	n/a	n/a	n/a	n/a	n/a	n/a	n/a	n/a	n/a	n/a	n/a	341.500144	n/a
341.497659	0.000000	136599	ttl	7	n/a	n/a	n/a	n/a	n/a	n/a	n/a	n/a	n/a	n/a	n/a	n/a	n/a	n/a	n/a	n/a	n/a	n/a	n/a	n/a	341.500144	n/a
342.204815	0.000000	136882	ttl	8	n/a	n/a	n/a	n/a	n/a	n/a	n/a	n/a	n/a	n/a	n/a	n/a	n/a	n/a	n/a	n/a	n/a	n/a	n/a	n/a	342.207300	n/a
342.247034	24.399990	136899	sternberg_trial	n/a	n/a	315	0	0	512	1	0	1	343.399581	345.415861	0.0	0.0	0.0	0.0	342.24951899999996	345.415861	348.03211	366.64950899999997	intervals/trials	37	342.249519	366.649509
342.247034	0.000000	136899	ttl	11	n/a	n/a	n/a	n/a	n/a	n/a	n/a	n/a	n/a	n/a	n/a	n/a	n/a	n/a	n/a	n/a	n/a	n/a	n/a	n/a	342.249519	n/a
343.397096	0.000000	137359	stimulus_presentation	n/a	129	n/a	n/a	n/a	n/a	n/a	n/a	n/a	n/a	n/a	n/a	n/a	n/a	n/a	n/a	n/a	n/a	n/a	n/a	n/a	343.399581	n/a
343.397096	0.000000	137359	ttl	1	n/a	n/a	n/a	n/a	n/a	n/a	n/a	n/a	n/a	n/a	n/a	n/a	n/a	n/a	n/a	n/a	n/a	n/a	n/a	n/a	343.399581	n/a
343.407096	0.000000	137363	stimulus_presentation	n/a	0	n/a	n/a	n/a	n/a	n/a	n/a	n/a	n/a	n/a	n/a	n/a	n/a	n/a	n/a	n/a	n/a	n/a	n/a	n/a	343.409581	n/a
343.417096	0.000000	137367	stimulus_presentation	n/a	0	n/a	n/a	n/a	n/a	n/a	n/a	n/a	n/a	n/a	n/a	n/a	n/a	n/a	n/a	n/a	n/a	n/a	n/a	n/a	343.419581	n/a
345.413376	0.000000	138165	ttl	6	n/a	n/a	n/a	n/a	n/a	n/a	n/a	n/a	n/a	n/a	n/a	n/a	n/a	n/a	n/a	n/a	n/a	n/a	n/a	n/a	345.415861	n/a
348.029625	0.000000	139212	stimulus_presentation	n/a	237	n/a	n/a	n/a	n/a	n/a	n/a	n/a	n/a	n/a	n/a	n/a	n/a	n/a	n/a	n/a	n/a	n/a	n/a	n/a	348.032110	n/a
348.029625	0.000000	139212	ttl	7	n/a	n/a	n/a	n/a	n/a	n/a	n/a	n/a	n/a	n/a	n/a	n/a	n/a	n/a	n/a	n/a	n/a	n/a	n/a	n/a	348.032110	n/a
366.647024	0.000000	146659	ttl	8	n/a	n/a	n/a	n/a	n/a	n/a	n/a	n/a	n/a	n/a	n/a	n/a	n/a	n/a	n/a	n/a	n/a	n/a	n/a	n/a	366.649509	n/a
366.692243	8.752684	146677	sternberg_trial	n/a	n/a	114	0	0	209	1	0	1	367.71179	369.727664	0.0	0.0	0.0	0.0	366.694728	369.727664	372.344288	375.447412	intervals/trials	38	366.694728	375.447412
366.692243	0.000000	146677	ttl	11	n/a	n/a	n/a	n/a	n/a	n/a	n/a	n/a	n/a	n/a	n/a	n/a	n/a	n/a	n/a	n/a	n/a	n/a	n/a	n/a	366.694728	n/a
367.709305	0.000000	147084	stimulus_presentation	n/a	14	n/a	n/a	n/a	n/a	n/a	n/a	n/a	n/a	n/a	n/a	n/a	n/a	n/a	n/a	n/a	n/a	n/a	n/a	n/a	367.711790	n/a
367.709305	0.000000	147084	ttl	1	n/a	n/a	n/a	n/a	n/a	n/a	n/a	n/a	n/a	n/a	n/a	n/a	n/a	n/a	n/a	n/a	n/a	n/a	n/a	n/a	367.711790	n/a
367.719305	0.000000	147088	stimulus_presentation	n/a	0	n/a	n/a	n/a	n/a	n/a	n/a	n/a	n/a	n/a	n/a	n/a	n/a	n/a	n/a	n/a	n/a	n/a	n/a	n/a	367.721790	n/a
367.729305	0.000000	147092	stimulus_presentation	n/a	0	n/a	n/a	n/a	n/a	n/a	n/a	n/a	n/a	n/a	n/a	n/a	n/a	n/a	n/a	n/a	n/a	n/a	n/a	n/a	367.731790	n/a
369.725179	0.000000	147890	ttl	6	n/a	n/a	n/a	n/a	n/a	n/a	n/a	n/a	n/a	n/a	n/a	n/a	n/a	n/a	n/a	n/a	n/a	n/a	n/a	n/a	369.727664	n/a
372.341803	0.000000	148937	stimulus_presentation	n/a	66	n/a	n/a	n/a	n/a	n/a	n/a	n/a	n/a	n/a	n/a	n/a	n/a	n/a	n/a	n/a	n/a	n/a	n/a	n/a	372.344288	n/a
372.341803	0.000000	148937	ttl	7	n/a	n/a	n/a	n/a	n/a	n/a	n/a	n/a	n/a	n/a	n/a	n/a	n/a	n/a	n/a	n/a	n/a	n/a	n/a	n/a	372.344288	n/a
375.444927	0.000000	150178	ttl	8	n/a	n/a	n/a	n/a	n/a	n/a	n/a	n/a	n/a	n/a	n/a	n/a	n/a	n/a	n/a	n/a	n/a	n/a	n/a	n/a	375.447412	n/a
375.490646	6.832716	150196	sternberg_trial	n/a	n/a	423	0	0	423	1	1	1	376.576568	378.59250399999996	0.0	0.0	0.0	0.0	375.493131	378.59250399999996	381.20966	382.325847	intervals/trials	39	375.493131	382.325847
375.490646	0.000000	150196	ttl	11	n/a	n/a	n/a	n/a	n/a	n/a	n/a	n/a	n/a	n/a	n/a	n/a	n/a	n/a	n/a	n/a	n/a	n/a	n/a	n/a	375.493131	n/a
376.574083	0.000000	150630	stimulus_presentation	n/a	193	n/a	n/a	n/a	n/a	n/a	n/a	n/a	n/a	n/a	n/a	n/a	n/a	n/a	n/a	n/a	n/a	n/a	n/a	n/a	376.576568	n/a
376.574083	0.000000	150630	ttl	1	n/a	n/a	n/a	n/a	n/a	n/a	n/a	n/a	n/a	n/a	n/a	n/a	n/a	n/a	n/a	n/a	n/a	n/a	n/a	n/a	376.576568	n/a
376.584083	0.000000	150634	stimulus_presentation	n/a	0	n/a	n/a	n/a	n/a	n/a	n/a	n/a	n/a	n/a	n/a	n/a	n/a	n/a	n/a	n/a	n/a	n/a	n/a	n/a	376.586568	n/a
376.594083	0.000000	150638	stimulus_presentation	n/a	0	n/a	n/a	n/a	n/a	n/a	n/a	n/a	n/a	n/a	n/a	n/a	n/a	n/a	n/a	n/a	n/a	n/a	n/a	n/a	376.596568	n/a
378.590019	0.000000	151436	ttl	6	n/a	n/a	n/a	n/a	n/a	n/a	n/a	n/a	n/a	n/a	n/a	n/a	n/a	n/a	n/a	n/a	n/a	n/a	n/a	n/a	378.592504	n/a
381.207175	0.000000	152483	stimulus_presentation	n/a	193	n/a	n/a	n/a	n/a	n/a	n/a	n/a	n/a	n/a	n/a	n/a	n/a	n/a	n/a	n/a	n/a	n/a	n/a	n/a	381.209660	n/a
381.207175	0.000000	152483	ttl	7	n/a	n/a	n/a	n/a	n/a	n/a	n/a	n/a	n/a	n/a	n/a	n/a	n/a	n/a	n/a	n/a	n/a	n/a	n/a	n/a	381.209660	n/a
382.323362	0.000000	152929	ttl	8	n/a	n/a	n/a	n/a	n/a	n/a	n/a	n/a	n/a	n/a	n/a	n/a	n/a	n/a	n/a	n/a	n/a	n/a	n/a	n/a	382.325847	n/a
382.372737	7.036934	152949	sternberg_trial	n/a	n/a	115	0	0	115	1	1	1	383.50875199999996	385.52468899999997	0.0	0.0	0.0	0.0	382.375222	385.52468899999997	388.341344	389.412156	intervals/trials	40	382.375222	389.412156
382.372737	0.000000	152949	ttl	11	n/a	n/a	n/a	n/a	n/a	n/a	n/a	n/a	n/a	n/a	n/a	n/a	n/a	n/a	n/a	n/a	n/a	n/a	n/a	n/a	382.375222	n/a
383.506267	0.000000	153403	stimulus_presentation	n/a	15	n/a	n/a	n/a	n/a	n/a	n/a	n/a	n/a	n/a	n/a	n/a	n/a	n/a	n/a	n/a	n/a	n/a	n/a	n/a	383.508752	n/a
383.506267	0.000000	153403	ttl	1	n/a	n/a	n/a	n/a	n/a	n/a	n/a	n/a	n/a	n/a	n/a	n/a	n/a	n/a	n/a	n/a	n/a	n/a	n/a	n/a	383.508752	n/a
383.516267	0.000000	153407	stimulus_presentation	n/a	0	n/a	n/a	n/a	n/a	n/a	n/a	n/a	n/a	n/a	n/a	n/a	n/a	n/a	n/a	n/a	n/a	n/a	n/a	n/a	383.518752	n/a
383.526267	0.000000	153411	stimulus_presentation	n/a	0	n/a	n/a	n/a	n/a	n/a	n/a	n/a	n/a	n/a	n/a	n/a	n/a	n/a	n/a	n/a	n/a	n/a	n/a	n/a	383.528752	n/a
385.522204	0.000000	154209	ttl	6	n/a	n/a	n/a	n/a	n/a	n/a	n/a	n/a	n/a	n/a	n/a	n/a	n/a	n/a	n/a	n/a	n/a	n/a	n/a	n/a	385.524689	n/a
388.338859	0.000000	155336	stimulus_presentation	n/a	15	n/a	n/a	n/a	n/a	n/a	n/a	n/a	n/a	n/a	n/a	n/a	n/a	n/a	n/a	n/a	n/a	n/a	n/a	n/a	388.341344	n/a
388.338859	0.000000	155336	ttl	7	n/a	n/a	n/a	n/a	n/a	n/a	n/a	n/a	n/a	n/a	n/a	n/a	n/a	n/a	n/a	n/a	n/a	n/a	n/a	n/a	388.341344	n/a
389.409671	0.000000	155764	ttl	8	n/a	n/a	n/a	n/a	n/a	n/a	n/a	n/a	n/a	n/a	n/a	n/a	n/a	n/a	n/a	n/a	n/a	n/a	n/a	n/a	389.412156	n/a
389.454827	6.577248	155782	sternberg_trial	n/a	n/a	514	0	0	514	1	1	1	390.4905	392.506843	0.0	0.0	0.0	0.0	389.457312	392.506843	395.123404	396.03456	intervals/trials	41	389.457312	396.034560
389.454827	0.000000	155782	ttl	11	n/a	n/a	n/a	n/a	n/a	n/a	n/a	n/a	n/a	n/a	n/a	n/a	n/a	n/a	n/a	n/a	n/a	n/a	n/a	n/a	389.457312	n/a
390.488015	0.000000	156195	stimulus_presentation	n/a	239	n/a	n/a	n/a	n/a	n/a	n/a	n/a	n/a	n/a	n/a	n/a	n/a	n/a	n/a	n/a	n/a	n/a	n/a	n/a	390.490500	n/a
390.488015	0.000000	156195	ttl	1	n/a	n/a	n/a	n/a	n/a	n/a	n/a	n/a	n/a	n/a	n/a	n/a	n/a	n/a	n/a	n/a	n/a	n/a	n/a	n/a	390.490500	n/a
390.498015	0.000000	156199	stimulus_presentation	n/a	0	n/a	n/a	n/a	n/a	n/a	n/a	n/a	n/a	n/a	n/a	n/a	n/a	n/a	n/a	n/a	n/a	n/a	n/a	n/a	390.500500	n/a
390.508015	0.000000	156203	stimulus_presentation	n/a	0	n/a	n/a	n/a	n/a	n/a	n/a	n/a	n/a	n/a	n/a	n/a	n/a	n/a	n/a	n/a	n/a	n/a	n/a	n/a	390.510500	n/a
392.504358	0.000000	157002	ttl	6	n/a	n/a	n/a	n/a	n/a	n/a	n/a	n/a	n/a	n/a	n/a	n/a	n/a	n/a	n/a	n/a	n/a	n/a	n/a	n/a	392.506843	n/a
395.120919	0.000000	158048	stimulus_presentation	n/a	239	n/a	n/a	n/a	n/a	n/a	n/a	n/a	n/a	n/a	n/a	n/a	n/a	n/a	n/a	n/a	n/a	n/a	n/a	n/a	395.123404	n/a
395.120919	0.000000	158048	ttl	7	n/a	n/a	n/a	n/a	n/a	n/a	n/a	n/a	n/a	n/a	n/a	n/a	n/a	n/a	n/a	n/a	n/a	n/a	n/a	n/a	395.123404	n/a
396.032075	0.000000	158413	ttl	8	n/a	n/a	n/a	n/a	n/a	n/a	n/a	n/a	n/a	n/a	n/a	n/a	n/a	n/a	n/a	n/a	n/a	n/a	n/a	n/a	396.034560	n/a
396.070075	11.287339	158428	sternberg_trial	n/a	n/a	515	220	316	110	3	0	1	397.222716	399.238684	399.371871	401.38852599999996	401.52155799999997	403.537776	396.07256	403.537776	406.321306	407.359899	intervals/trials	42	396.072560	407.359899
396.070075	0.000000	158428	ttl	11	n/a	n/a	n/a	n/a	n/a	n/a	n/a	n/a	n/a	n/a	n/a	n/a	n/a	n/a	n/a	n/a	n/a	n/a	n/a	n/a	396.072560	n/a
397.220231	0.000000	158888	stimulus_presentation	n/a	240	n/a	n/a	n/a	n/a	n/a	n/a	n/a	n/a	n/a	n/a	n/a	n/a	n/a	n/a	n/a	n/a	n/a	n/a	n/a	397.222716	n/a
397.220231	0.000000	158888	ttl	1	n/a	n/a	n/a	n/a	n/a	n/a	n/a	n/a	n/a	n/a	n/a	n/a	n/a	n/a	n/a	n/a	n/a	n/a	n/a	n/a	397.222716	n/a
399.236199	0.000000	159694	ttl	5	n/a	n/a	n/a	n/a	n/a	n/a	n/a	n/a	n/a	n/a	n/a	n/a	n/a	n/a	n/a	n/a	n/a	n/a	n/a	n/a	399.238684	n/a
399.369386	0.000000	159748	stimulus_presentation	n/a	77	n/a	n/a	n/a	n/a	n/a	n/a	n/a	n/a	n/a	n/a	n/a	n/a	n/a	n/a	n/a	n/a	n/a	n/a	n/a	399.371871	n/a
399.369386	0.000000	159748	ttl	2	n/a	n/a	n/a	n/a	n/a	n/a	n/a	n/a	n/a	n/a	n/a	n/a	n/a	n/a	n/a	n/a	n/a	n/a	n/a	n/a	399.371871	n/a
401.386041	0.000000	160554	ttl	5	n/a	n/a	n/a	n/a	n/a	n/a	n/a	n/a	n/a	n/a	n/a	n/a	n/a	n/a	n/a	n/a	n/a	n/a	n/a	n/a	401.388526	n/a
401.519073	0.000000	160608	stimulus_presentation	n/a	130	n/a	n/a	n/a	n/a	n/a	n/a	n/a	n/a	n/a	n/a	n/a	n/a	n/a	n/a	n/a	n/a	n/a	n/a	n/a	401.521558	n/a
401.519073	0.000000	160608	ttl	3	n/a	n/a	n/a	n/a	n/a	n/a	n/a	n/a	n/a	n/a	n/a	n/a	n/a	n/a	n/a	n/a	n/a	n/a	n/a	n/a	401.521558	n/a
403.535291	0.000000	161414	ttl	6	n/a	n/a	n/a	n/a	n/a	n/a	n/a	n/a	n/a	n/a	n/a	n/a	n/a	n/a	n/a	n/a	n/a	n/a	n/a	n/a	403.537776	n/a
406.318821	0.000000	162528	stimulus_presentation	n/a	10	n/a	n/a	n/a	n/a	n/a	n/a	n/a	n/a	n/a	n/a	n/a	n/a	n/a	n/a	n/a	n/a	n/a	n/a	n/a	406.321306	n/a
406.318821	0.000000	162528	ttl	7	n/a	n/a	n/a	n/a	n/a	n/a	n/a	n/a	n/a	n/a	n/a	n/a	n/a	n/a	n/a	n/a	n/a	n/a	n/a	n/a	406.321306	n/a
407.357414	0.000000	162943	ttl	8	n/a	n/a	n/a	n/a	n/a	n/a	n/a	n/a	n/a	n/a	n/a	n/a	n/a	n/a	n/a	n/a	n/a	n/a	n/a	n/a	407.359899	n/a
407.401227	10.769651	162960	sternberg_trial	n/a	n/a	317	516	221	412	3	0	1	408.38714899999997	410.403617	410.58658499999996	412.602834	412.61977199999995	414.636396	407.403712	414.636396	417.303426	418.173363	intervals/trials	43	407.403712	418.173363
407.401227	0.000000	162960	ttl	11	n/a	n/a	n/a	n/a	n/a	n/a	n/a	n/a	n/a	n/a	n/a	n/a	n/a	n/a	n/a	n/a	n/a	n/a	n/a	n/a	407.403712	n/a
408.384664	0.000000	163354	stimulus_presentation	n/a	131	n/a	n/a	n/a	n/a	n/a	n/a	n/a	n/a	n/a	n/a	n/a	n/a	n/a	n/a	n/a	n/a	n/a	n/a	n/a	408.387149	n/a
408.384664	0.000000	163354	ttl	1	n/a	n/a	n/a	n/a	n/a	n/a	n/a	n/a	n/a	n/a	n/a	n/a	n/a	n/a	n/a	n/a	n/a	n/a	n/a	n/a	408.387149	n/a
410.401132	0.000000	164160	ttl	5	n/a	n/a	n/a	n/a	n/a	n/a	n/a	n/a	n/a	n/a	n/a	n/a	n/a	n/a	n/a	n/a	n/a	n/a	n/a	n/a	410.403617	n/a
410.584100	0.000000	164234	stimulus_presentation	n/a	241	n/a	n/a	n/a	n/a	n/a	n/a	n/a	n/a	n/a	n/a	n/a	n/a	n/a	n/a	n/a	n/a	n/a	n/a	n/a	410.586585	n/a
410.584100	0.000000	164234	ttl	2	n/a	n/a	n/a	n/a	n/a	n/a	n/a	n/a	n/a	n/a	n/a	n/a	n/a	n/a	n/a	n/a	n/a	n/a	n/a	n/a	410.586585	n/a
412.600349	0.000000	165040	ttl	5	n/a	n/a	n/a	n/a	n/a	n/a	n/a	n/a	n/a	n/a	n/a	n/a	n/a	n/a	n/a	n/a	n/a	n/a	n/a	n/a	412.602834	n/a
412.617287	0.000000	165047	stimulus_presentation	n/a	78	n/a	n/a	n/a	n/a	n/a	n/a	n/a	n/a	n/a	n/a	n/a	n/a	n/a	n/a	n/a	n/a	n/a	n/a	n/a	412.619772	n/a
412.617287	0.000000	165047	ttl	3	n/a	n/a	n/a	n/a	n/a	n/a	n/a	n/a	n/a	n/a	n/a	n/a	n/a	n/a	n/a	n/a	n/a	n/a	n/a	n/a	412.619772	n/a
414.633911	0.000000	165854	ttl	6	n/a	n/a	n/a	n/a	n/a	n/a	n/a	n/a	n/a	n/a	n/a	n/a	n/a	n/a	n/a	n/a	n/a	n/a	n/a	n/a	414.636396	n/a
417.300941	0.000000	166920	stimulus_presentation	n/a	182	n/a	n/a	n/a	n/a	n/a	n/a	n/a	n/a	n/a	n/a	n/a	n/a	n/a	n/a	n/a	n/a	n/a	n/a	n/a	417.303426	n/a
417.300941	0.000000	166920	ttl	7	n/a	n/a	n/a	n/a	n/a	n/a	n/a	n/a	n/a	n/a	n/a	n/a	n/a	n/a	n/a	n/a	n/a	n/a	n/a	n/a	417.303426	n/a
418.170878	0.000000	167268	ttl	8	n/a	n/a	n/a	n/a	n/a	n/a	n/a	n/a	n/a	n/a	n/a	n/a	n/a	n/a	n/a	n/a	n/a	n/a	n/a	n/a	418.173363	n/a
418.215785	10.752527	167286	sternberg_trial	n/a	n/a	424	517	222	111	3	0	1	419.319144	421.335425	421.45208099999996	423.467518	423.484174	425.501173	418.21826999999996	425.501173	428.183609	428.970797	intervals/trials	44	418.218270	428.970797
418.215785	0.000000	167286	ttl	11	n/a	n/a	n/a	n/a	n/a	n/a	n/a	n/a	n/a	n/a	n/a	n/a	n/a	n/a	n/a	n/a	n/a	n/a	n/a	n/a	418.218270	n/a
419.316659	0.000000	167727	stimulus_presentation	n/a	194	n/a	n/a	n/a	n/a	n/a	n/a	n/a	n/a	n/a	n/a	n/a	n/a	n/a	n/a	n/a	n/a	n/a	n/a	n/a	419.319144	n/a
419.316659	0.000000	167727	ttl	1	n/a	n/a	n/a	n/a	n/a	n/a	n/a	n/a	n/a	n/a	n/a	n/a	n/a	n/a	n/a	n/a	n/a	n/a	n/a	n/a	419.319144	n/a
421.332940	0.000000	168533	ttl	5	n/a	n/a	n/a	n/a	n/a	n/a	n/a	n/a	n/a	n/a	n/a	n/a	n/a	n/a	n/a	n/a	n/a	n/a	n/a	n/a	421.335425	n/a
421.449596	0.000000	168580	stimulus_presentation	n/a	242	n/a	n/a	n/a	n/a	n/a	n/a	n/a	n/a	n/a	n/a	n/a	n/a	n/a	n/a	n/a	n/a	n/a	n/a	n/a	421.452081	n/a
421.449596	0.000000	168580	ttl	2	n/a	n/a	n/a	n/a	n/a	n/a	n/a	n/a	n/a	n/a	n/a	n/a	n/a	n/a	n/a	n/a	n/a	n/a	n/a	n/a	421.452081	n/a
423.465033	0.000000	169386	ttl	5	n/a	n/a	n/a	n/a	n/a	n/a	n/a	n/a	n/a	n/a	n/a	n/a	n/a	n/a	n/a	n/a	n/a	n/a	n/a	n/a	423.467518	n/a
423.481689	0.000000	169393	stimulus_presentation	n/a	79	n/a	n/a	n/a	n/a	n/a	n/a	n/a	n/a	n/a	n/a	n/a	n/a	n/a	n/a	n/a	n/a	n/a	n/a	n/a	423.484174	n/a
423.481689	0.000000	169393	ttl	3	n/a	n/a	n/a	n/a	n/a	n/a	n/a	n/a	n/a	n/a	n/a	n/a	n/a	n/a	n/a	n/a	n/a	n/a	n/a	n/a	423.484174	n/a
425.498688	0.000000	170199	ttl	6	n/a	n/a	n/a	n/a	n/a	n/a	n/a	n/a	n/a	n/a	n/a	n/a	n/a	n/a	n/a	n/a	n/a	n/a	n/a	n/a	425.501173	n/a
428.181124	0.000000	171272	stimulus_presentation	n/a	11	n/a	n/a	n/a	n/a	n/a	n/a	n/a	n/a	n/a	n/a	n/a	n/a	n/a	n/a	n/a	n/a	n/a	n/a	n/a	428.183609	n/a
428.181124	0.000000	171272	ttl	7	n/a	n/a	n/a	n/a	n/a	n/a	n/a	n/a	n/a	n/a	n/a	n/a	n/a	n/a	n/a	n/a	n/a	n/a	n/a	n/a	428.183609	n/a
428.968312	0.000000	171587	ttl	8	n/a	n/a	n/a	n/a	n/a	n/a	n/a	n/a	n/a	n/a	n/a	n/a	n/a	n/a	n/a	n/a	n/a	n/a	n/a	n/a	428.970797	n/a
429.013843	10.816183	171606	sternberg_trial	n/a	n/a	223	425	518	104	3	0	1	429.99954599999995	432.015764	432.19917	434.215482	434.398763	436.415481	429.016328	436.415481	439.15038599999997	439.83251099999995	intervals/trials	45	429.016328	439.832511
429.013843	0.000000	171606	ttl	11	n/a	n/a	n/a	n/a	n/a	n/a	n/a	n/a	n/a	n/a	n/a	n/a	n/a	n/a	n/a	n/a	n/a	n/a	n/a	n/a	429.016328	n/a
429.997061	0.000000	171999	stimulus_presentation	n/a	80	n/a	n/a	n/a	n/a	n/a	n/a	n/a	n/a	n/a	n/a	n/a	n/a	n/a	n/a	n/a	n/a	n/a	n/a	n/a	429.999546	n/a
429.997061	0.000000	171999	ttl	1	n/a	n/a	n/a	n/a	n/a	n/a	n/a	n/a	n/a	n/a	n/a	n/a	n/a	n/a	n/a	n/a	n/a	n/a	n/a	n/a	429.999546	n/a
432.013279	0.000000	172805	ttl	5	n/a	n/a	n/a	n/a	n/a	n/a	n/a	n/a	n/a	n/a	n/a	n/a	n/a	n/a	n/a	n/a	n/a	n/a	n/a	n/a	432.015764	n/a
432.196685	0.000000	172879	stimulus_presentation	n/a	195	n/a	n/a	n/a	n/a	n/a	n/a	n/a	n/a	n/a	n/a	n/a	n/a	n/a	n/a	n/a	n/a	n/a	n/a	n/a	432.199170	n/a
432.196685	0.000000	172879	ttl	2	n/a	n/a	n/a	n/a	n/a	n/a	n/a	n/a	n/a	n/a	n/a	n/a	n/a	n/a	n/a	n/a	n/a	n/a	n/a	n/a	432.199170	n/a
434.212997	0.000000	173685	ttl	5	n/a	n/a	n/a	n/a	n/a	n/a	n/a	n/a	n/a	n/a	n/a	n/a	n/a	n/a	n/a	n/a	n/a	n/a	n/a	n/a	434.215482	n/a
434.396278	0.000000	173759	stimulus_presentation	n/a	243	n/a	n/a	n/a	n/a	n/a	n/a	n/a	n/a	n/a	n/a	n/a	n/a	n/a	n/a	n/a	n/a	n/a	n/a	n/a	434.398763	n/a
434.396278	0.000000	173759	ttl	3	n/a	n/a	n/a	n/a	n/a	n/a	n/a	n/a	n/a	n/a	n/a	n/a	n/a	n/a	n/a	n/a	n/a	n/a	n/a	n/a	434.398763	n/a
436.412996	0.000000	174565	ttl	6	n/a	n/a	n/a	n/a	n/a	n/a	n/a	n/a	n/a	n/a	n/a	n/a	n/a	n/a	n/a	n/a	n/a	n/a	n/a	n/a	436.415481	n/a
439.147901	0.000000	175659	stimulus_presentation	n/a	4	n/a	n/a	n/a	n/a	n/a	n/a	n/a	n/a	n/a	n/a	n/a	n/a	n/a	n/a	n/a	n/a	n/a	n/a	n/a	439.150386	n/a
439.147901	0.000000	175659	ttl	7	n/a	n/a	n/a	n/a	n/a	n/a	n/a	n/a	n/a	n/a	n/a	n/a	n/a	n/a	n/a	n/a	n/a	n/a	n/a	n/a	439.150386	n/a
439.830026	0.000000	175932	ttl	8	n/a	n/a	n/a	n/a	n/a	n/a	n/a	n/a	n/a	n/a	n/a	n/a	n/a	n/a	n/a	n/a	n/a	n/a	n/a	n/a	439.832511	n/a
439.878307	7.341622	175951	sternberg_trial	n/a	n/a	116	0	0	116	1	1	1	441.04819799999996	443.06438499999996	0.0	0.0	0.0	0.0	439.880792	443.06438499999996	445.84885199999997	447.22241399999996	intervals/trials	46	439.880792	447.222414
439.878307	0.000000	175951	ttl	11	n/a	n/a	n/a	n/a	n/a	n/a	n/a	n/a	n/a	n/a	n/a	n/a	n/a	n/a	n/a	n/a	n/a	n/a	n/a	n/a	439.880792	n/a
441.045713	0.000000	176418	stimulus_presentation	n/a	16	n/a	n/a	n/a	n/a	n/a	n/a	n/a	n/a	n/a	n/a	n/a	n/a	n/a	n/a	n/a	n/a	n/a	n/a	n/a	441.048198	n/a
441.045713	0.000000	176418	ttl	1	n/a	n/a	n/a	n/a	n/a	n/a	n/a	n/a	n/a	n/a	n/a	n/a	n/a	n/a	n/a	n/a	n/a	n/a	n/a	n/a	441.048198	n/a
441.055713	0.000000	176422	stimulus_presentation	n/a	0	n/a	n/a	n/a	n/a	n/a	n/a	n/a	n/a	n/a	n/a	n/a	n/a	n/a	n/a	n/a	n/a	n/a	n/a	n/a	441.058198	n/a
441.065713	0.000000	176426	stimulus_presentation	n/a	0	n/a	n/a	n/a	n/a	n/a	n/a	n/a	n/a	n/a	n/a	n/a	n/a	n/a	n/a	n/a	n/a	n/a	n/a	n/a	441.068198	n/a
443.061900	0.000000	177225	ttl	6	n/a	n/a	n/a	n/a	n/a	n/a	n/a	n/a	n/a	n/a	n/a	n/a	n/a	n/a	n/a	n/a	n/a	n/a	n/a	n/a	443.064385	n/a
445.846367	0.000000	178339	stimulus_presentation	n/a	16	n/a	n/a	n/a	n/a	n/a	n/a	n/a	n/a	n/a	n/a	n/a	n/a	n/a	n/a	n/a	n/a	n/a	n/a	n/a	445.848852	n/a
445.846367	0.000000	178339	ttl	7	n/a	n/a	n/a	n/a	n/a	n/a	n/a	n/a	n/a	n/a	n/a	n/a	n/a	n/a	n/a	n/a	n/a	n/a	n/a	n/a	445.848852	n/a
447.219929	0.000000	178888	ttl	8	n/a	n/a	n/a	n/a	n/a	n/a	n/a	n/a	n/a	n/a	n/a	n/a	n/a	n/a	n/a	n/a	n/a	n/a	n/a	n/a	447.222414	n/a
447.260211	6.358278	178904	sternberg_trial	n/a	n/a	318	0	0	504	1	0	1	448.397289	450.413319	0.0	0.0	0.0	0.0	447.262696	450.413319	453.014349	453.620974	intervals/trials	47	447.262696	453.620974
447.260211	0.000000	178904	ttl	11	n/a	n/a	n/a	n/a	n/a	n/a	n/a	n/a	n/a	n/a	n/a	n/a	n/a	n/a	n/a	n/a	n/a	n/a	n/a	n/a	447.262696	n/a
448.394804	0.000000	179358	stimulus_presentation	n/a	132	n/a	n/a	n/a	n/a	n/a	n/a	n/a	n/a	n/a	n/a	n/a	n/a	n/a	n/a	n/a	n/a	n/a	n/a	n/a	448.397289	n/a
448.394804	0.000000	179358	ttl	1	n/a	n/a	n/a	n/a	n/a	n/a	n/a	n/a	n/a	n/a	n/a	n/a	n/a	n/a	n/a	n/a	n/a	n/a	n/a	n/a	448.397289	n/a
448.404804	0.000000	179362	stimulus_presentation	n/a	0	n/a	n/a	n/a	n/a	n/a	n/a	n/a	n/a	n/a	n/a	n/a	n/a	n/a	n/a	n/a	n/a	n/a	n/a	n/a	448.407289	n/a
448.414804	0.000000	179366	stimulus_presentation	n/a	0	n/a	n/a	n/a	n/a	n/a	n/a	n/a	n/a	n/a	n/a	n/a	n/a	n/a	n/a	n/a	n/a	n/a	n/a	n/a	448.417289	n/a
450.410834	0.000000	180164	ttl	6	n/a	n/a	n/a	n/a	n/a	n/a	n/a	n/a	n/a	n/a	n/a	n/a	n/a	n/a	n/a	n/a	n/a	n/a	n/a	n/a	450.413319	n/a
453.011864	0.000000	181205	stimulus_presentation	n/a	229	n/a	n/a	n/a	n/a	n/a	n/a	n/a	n/a	n/a	n/a	n/a	n/a	n/a	n/a	n/a	n/a	n/a	n/a	n/a	453.014349	n/a
453.011864	0.000000	181205	ttl	7	n/a	n/a	n/a	n/a	n/a	n/a	n/a	n/a	n/a	n/a	n/a	n/a	n/a	n/a	n/a	n/a	n/a	n/a	n/a	n/a	453.014349	n/a
453.618489	0.000000	181447	ttl	8	n/a	n/a	n/a	n/a	n/a	n/a	n/a	n/a	n/a	n/a	n/a	n/a	n/a	n/a	n/a	n/a	n/a	n/a	n/a	n/a	453.620974	n/a
453.659270	6.741560	181464	sternberg_trial	n/a	n/a	224	0	0	224	1	1	1	454.795505	456.812317	0.0	0.0	0.0	0.0	453.66175499999997	456.812317	459.546159	460.40331499999996	intervals/trials	48	453.661755	460.403315
453.659270	0.000000	181464	ttl	11	n/a	n/a	n/a	n/a	n/a	n/a	n/a	n/a	n/a	n/a	n/a	n/a	n/a	n/a	n/a	n/a	n/a	n/a	n/a	n/a	453.661755	n/a
454.793020	0.000000	181917	stimulus_presentation	n/a	81	n/a	n/a	n/a	n/a	n/a	n/a	n/a	n/a	n/a	n/a	n/a	n/a	n/a	n/a	n/a	n/a	n/a	n/a	n/a	454.795505	n/a
454.793020	0.000000	181917	ttl	1	n/a	n/a	n/a	n/a	n/a	n/a	n/a	n/a	n/a	n/a	n/a	n/a	n/a	n/a	n/a	n/a	n/a	n/a	n/a	n/a	454.795505	n/a
454.803020	0.000000	181921	stimulus_presentation	n/a	0	n/a	n/a	n/a	n/a	n/a	n/a	n/a	n/a	n/a	n/a	n/a	n/a	n/a	n/a	n/a	n/a	n/a	n/a	n/a	454.805505	n/a
454.813020	0.000000	181925	stimulus_presentation	n/a	0	n/a	n/a	n/a	n/a	n/a	n/a	n/a	n/a	n/a	n/a	n/a	n/a	n/a	n/a	n/a	n/a	n/a	n/a	n/a	454.815505	n/a
456.809832	0.000000	182724	ttl	6	n/a	n/a	n/a	n/a	n/a	n/a	n/a	n/a	n/a	n/a	n/a	n/a	n/a	n/a	n/a	n/a	n/a	n/a	n/a	n/a	456.812317	n/a
459.543674	0.000000	183817	stimulus_presentation	n/a	81	n/a	n/a	n/a	n/a	n/a	n/a	n/a	n/a	n/a	n/a	n/a	n/a	n/a	n/a	n/a	n/a	n/a	n/a	n/a	459.546159	n/a
459.543674	0.000000	183817	ttl	7	n/a	n/a	n/a	n/a	n/a	n/a	n/a	n/a	n/a	n/a	n/a	n/a	n/a	n/a	n/a	n/a	n/a	n/a	n/a	n/a	459.546159	n/a
460.400830	0.000000	184160	ttl	8	n/a	n/a	n/a	n/a	n/a	n/a	n/a	n/a	n/a	n/a	n/a	n/a	n/a	n/a	n/a	n/a	n/a	n/a	n/a	n/a	460.403315	n/a
460.424049	6.695247	184170	sternberg_trial	n/a	n/a	225	0	0	225	1	1	1	461.494534	463.510564	0.0	0.0	0.0	0.0	460.426534	463.510564	466.278344	467.121781	intervals/trials	49	460.426534	467.121781
460.424049	0.000000	184170	ttl	11	n/a	n/a	n/a	n/a	n/a	n/a	n/a	n/a	n/a	n/a	n/a	n/a	n/a	n/a	n/a	n/a	n/a	n/a	n/a	n/a	460.426534	n/a
461.492049	0.000000	184597	stimulus_presentation	n/a	82	n/a	n/a	n/a	n/a	n/a	n/a	n/a	n/a	n/a	n/a	n/a	n/a	n/a	n/a	n/a	n/a	n/a	n/a	n/a	461.494534	n/a
461.492049	0.000000	184597	ttl	1	n/a	n/a	n/a	n/a	n/a	n/a	n/a	n/a	n/a	n/a	n/a	n/a	n/a	n/a	n/a	n/a	n/a	n/a	n/a	n/a	461.494534	n/a
461.502049	0.000000	184601	stimulus_presentation	n/a	0	n/a	n/a	n/a	n/a	n/a	n/a	n/a	n/a	n/a	n/a	n/a	n/a	n/a	n/a	n/a	n/a	n/a	n/a	n/a	461.504534	n/a
461.512049	0.000000	184605	stimulus_presentation	n/a	0	n/a	n/a	n/a	n/a	n/a	n/a	n/a	n/a	n/a	n/a	n/a	n/a	n/a	n/a	n/a	n/a	n/a	n/a	n/a	461.514534	n/a
463.508079	0.000000	185403	ttl	6	n/a	n/a	n/a	n/a	n/a	n/a	n/a	n/a	n/a	n/a	n/a	n/a	n/a	n/a	n/a	n/a	n/a	n/a	n/a	n/a	463.510564	n/a
466.275859	0.000000	186510	stimulus_presentation	n/a	82	n/a	n/a	n/a	n/a	n/a	n/a	n/a	n/a	n/a	n/a	n/a	n/a	n/a	n/a	n/a	n/a	n/a	n/a	n/a	466.278344	n/a
466.275859	0.000000	186510	ttl	7	n/a	n/a	n/a	n/a	n/a	n/a	n/a	n/a	n/a	n/a	n/a	n/a	n/a	n/a	n/a	n/a	n/a	n/a	n/a	n/a	466.278344	n/a
467.119296	0.000000	186848	ttl	8	n/a	n/a	n/a	n/a	n/a	n/a	n/a	n/a	n/a	n/a	n/a	n/a	n/a	n/a	n/a	n/a	n/a	n/a	n/a	n/a	467.121781	n/a
467.156671	10.728027	186863	sternberg_trial	n/a	n/a	319	519	426	222	3	0	1	468.12568699999997	470.14206099999996	470.35943599999996	472.37593499999997	472.42571699999996	474.442028	467.159156	474.442028	477.05949599999997	477.887183	intervals/trials	50	467.159156	477.887183
467.156671	0.000000	186863	ttl	11	n/a	n/a	n/a	n/a	n/a	n/a	n/a	n/a	n/a	n/a	n/a	n/a	n/a	n/a	n/a	n/a	n/a	n/a	n/a	n/a	467.159156	n/a
468.123202	0.000000	187249	stimulus_presentation	n/a	133	n/a	n/a	n/a	n/a	n/a	n/a	n/a	n/a	n/a	n/a	n/a	n/a	n/a	n/a	n/a	n/a	n/a	n/a	n/a	468.125687	n/a
468.123202	0.000000	187249	ttl	1	n/a	n/a	n/a	n/a	n/a	n/a	n/a	n/a	n/a	n/a	n/a	n/a	n/a	n/a	n/a	n/a	n/a	n/a	n/a	n/a	468.125687	n/a
470.139576	0.000000	188056	ttl	5	n/a	n/a	n/a	n/a	n/a	n/a	n/a	n/a	n/a	n/a	n/a	n/a	n/a	n/a	n/a	n/a	n/a	n/a	n/a	n/a	470.142061	n/a
470.356951	0.000000	188143	stimulus_presentation	n/a	244	n/a	n/a	n/a	n/a	n/a	n/a	n/a	n/a	n/a	n/a	n/a	n/a	n/a	n/a	n/a	n/a	n/a	n/a	n/a	470.359436	n/a
470.356951	0.000000	188143	ttl	2	n/a	n/a	n/a	n/a	n/a	n/a	n/a	n/a	n/a	n/a	n/a	n/a	n/a	n/a	n/a	n/a	n/a	n/a	n/a	n/a	470.359436	n/a
472.373450	0.000000	188949	ttl	5	n/a	n/a	n/a	n/a	n/a	n/a	n/a	n/a	n/a	n/a	n/a	n/a	n/a	n/a	n/a	n/a	n/a	n/a	n/a	n/a	472.375935	n/a
472.423232	0.000000	188969	stimulus_presentation	n/a	196	n/a	n/a	n/a	n/a	n/a	n/a	n/a	n/a	n/a	n/a	n/a	n/a	n/a	n/a	n/a	n/a	n/a	n/a	n/a	472.425717	n/a
472.423232	0.000000	188969	ttl	3	n/a	n/a	n/a	n/a	n/a	n/a	n/a	n/a	n/a	n/a	n/a	n/a	n/a	n/a	n/a	n/a	n/a	n/a	n/a	n/a	472.425717	n/a
474.439543	0.000000	189776	ttl	6	n/a	n/a	n/a	n/a	n/a	n/a	n/a	n/a	n/a	n/a	n/a	n/a	n/a	n/a	n/a	n/a	n/a	n/a	n/a	n/a	474.442028	n/a
477.057011	0.000000	190823	stimulus_presentation	n/a	79	n/a	n/a	n/a	n/a	n/a	n/a	n/a	n/a	n/a	n/a	n/a	n/a	n/a	n/a	n/a	n/a	n/a	n/a	n/a	477.059496	n/a
477.057011	0.000000	190823	ttl	7	n/a	n/a	n/a	n/a	n/a	n/a	n/a	n/a	n/a	n/a	n/a	n/a	n/a	n/a	n/a	n/a	n/a	n/a	n/a	n/a	477.059496	n/a
477.884698	0.000000	191154	ttl	8	n/a	n/a	n/a	n/a	n/a	n/a	n/a	n/a	n/a	n/a	n/a	n/a	n/a	n/a	n/a	n/a	n/a	n/a	n/a	n/a	477.887183	n/a
477.920823	6.666279	191168	sternberg_trial	n/a	n/a	520	0	0	420	1	0	1	478.97493299999996	480.990744	0.0	0.0	0.0	0.0	477.92330799999996	480.990744	483.841868	484.589587	intervals/trials	51	477.923308	484.589587
477.920823	0.000000	191168	ttl	11	n/a	n/a	n/a	n/a	n/a	n/a	n/a	n/a	n/a	n/a	n/a	n/a	n/a	n/a	n/a	n/a	n/a	n/a	n/a	n/a	477.923308	n/a
478.972448	0.000000	191589	stimulus_presentation	n/a	245	n/a	n/a	n/a	n/a	n/a	n/a	n/a	n/a	n/a	n/a	n/a	n/a	n/a	n/a	n/a	n/a	n/a	n/a	n/a	478.974933	n/a
478.972448	0.000000	191589	ttl	1	n/a	n/a	n/a	n/a	n/a	n/a	n/a	n/a	n/a	n/a	n/a	n/a	n/a	n/a	n/a	n/a	n/a	n/a	n/a	n/a	478.974933	n/a
478.982448	0.000000	191593	stimulus_presentation	n/a	0	n/a	n/a	n/a	n/a	n/a	n/a	n/a	n/a	n/a	n/a	n/a	n/a	n/a	n/a	n/a	n/a	n/a	n/a	n/a	478.984933	n/a
478.992448	0.000000	191597	stimulus_presentation	n/a	0	n/a	n/a	n/a	n/a	n/a	n/a	n/a	n/a	n/a	n/a	n/a	n/a	n/a	n/a	n/a	n/a	n/a	n/a	n/a	478.994933	n/a
480.988259	0.000000	192395	ttl	6	n/a	n/a	n/a	n/a	n/a	n/a	n/a	n/a	n/a	n/a	n/a	n/a	n/a	n/a	n/a	n/a	n/a	n/a	n/a	n/a	480.990744	n/a
483.839383	0.000000	193536	stimulus_presentation	n/a	190	n/a	n/a	n/a	n/a	n/a	n/a	n/a	n/a	n/a	n/a	n/a	n/a	n/a	n/a	n/a	n/a	n/a	n/a	n/a	483.841868	n/a
483.839383	0.000000	193536	ttl	7	n/a	n/a	n/a	n/a	n/a	n/a	n/a	n/a	n/a	n/a	n/a	n/a	n/a	n/a	n/a	n/a	n/a	n/a	n/a	n/a	483.841868	n/a
484.587102	0.000000	193835	ttl	8	n/a	n/a	n/a	n/a	n/a	n/a	n/a	n/a	n/a	n/a	n/a	n/a	n/a	n/a	n/a	n/a	n/a	n/a	n/a	n/a	484.589587	n/a
484.636508	6.317185	193855	sternberg_trial	n/a	n/a	521	0	0	521	1	1	1	485.689555	487.706461	0.0	0.0	0.0	0.0	484.63899299999997	487.706461	490.38845899999995	490.95617799999997	intervals/trials	52	484.638993	490.956178
484.636508	0.000000	193855	ttl	11	n/a	n/a	n/a	n/a	n/a	n/a	n/a	n/a	n/a	n/a	n/a	n/a	n/a	n/a	n/a	n/a	n/a	n/a	n/a	n/a	484.638993	n/a
485.687070	0.000000	194275	stimulus_presentation	n/a	246	n/a	n/a	n/a	n/a	n/a	n/a	n/a	n/a	n/a	n/a	n/a	n/a	n/a	n/a	n/a	n/a	n/a	n/a	n/a	485.689555	n/a
485.687070	0.000000	194275	ttl	1	n/a	n/a	n/a	n/a	n/a	n/a	n/a	n/a	n/a	n/a	n/a	n/a	n/a	n/a	n/a	n/a	n/a	n/a	n/a	n/a	485.689555	n/a
485.697070	0.000000	194279	stimulus_presentation	n/a	0	n/a	n/a	n/a	n/a	n/a	n/a	n/a	n/a	n/a	n/a	n/a	n/a	n/a	n/a	n/a	n/a	n/a	n/a	n/a	485.699555	n/a
485.707070	0.000000	194283	stimulus_presentation	n/a	0	n/a	n/a	n/a	n/a	n/a	n/a	n/a	n/a	n/a	n/a	n/a	n/a	n/a	n/a	n/a	n/a	n/a	n/a	n/a	485.709555	n/a
487.703976	0.000000	195082	ttl	6	n/a	n/a	n/a	n/a	n/a	n/a	n/a	n/a	n/a	n/a	n/a	n/a	n/a	n/a	n/a	n/a	n/a	n/a	n/a	n/a	487.706461	n/a
490.385974	0.000000	196154	stimulus_presentation	n/a	246	n/a	n/a	n/a	n/a	n/a	n/a	n/a	n/a	n/a	n/a	n/a	n/a	n/a	n/a	n/a	n/a	n/a	n/a	n/a	490.388459	n/a
490.385974	0.000000	196154	ttl	7	n/a	n/a	n/a	n/a	n/a	n/a	n/a	n/a	n/a	n/a	n/a	n/a	n/a	n/a	n/a	n/a	n/a	n/a	n/a	n/a	490.388459	n/a
490.953693	0.000000	196381	ttl	8	n/a	n/a	n/a	n/a	n/a	n/a	n/a	n/a	n/a	n/a	n/a	n/a	n/a	n/a	n/a	n/a	n/a	n/a	n/a	n/a	490.956178	n/a
490.985130	10.893996	196394	sternberg_trial	n/a	n/a	320	522	117	409	3	0	1	492.155396	494.17051999999995	494.23726999999997	496.254051	496.404113	498.420862	490.987615	498.420862	501.171705	501.88161099999996	intervals/trials	53	490.987615	501.881611
490.985130	0.000000	196394	ttl	11	n/a	n/a	n/a	n/a	n/a	n/a	n/a	n/a	n/a	n/a	n/a	n/a	n/a	n/a	n/a	n/a	n/a	n/a	n/a	n/a	490.987615	n/a
492.152911	0.000000	196861	stimulus_presentation	n/a	134	n/a	n/a	n/a	n/a	n/a	n/a	n/a	n/a	n/a	n/a	n/a	n/a	n/a	n/a	n/a	n/a	n/a	n/a	n/a	492.155396	n/a
492.152911	0.000000	196861	ttl	1	n/a	n/a	n/a	n/a	n/a	n/a	n/a	n/a	n/a	n/a	n/a	n/a	n/a	n/a	n/a	n/a	n/a	n/a	n/a	n/a	492.155396	n/a
494.168035	0.000000	197667	ttl	5	n/a	n/a	n/a	n/a	n/a	n/a	n/a	n/a	n/a	n/a	n/a	n/a	n/a	n/a	n/a	n/a	n/a	n/a	n/a	n/a	494.170520	n/a
494.234785	0.000000	197694	stimulus_presentation	n/a	247	n/a	n/a	n/a	n/a	n/a	n/a	n/a	n/a	n/a	n/a	n/a	n/a	n/a	n/a	n/a	n/a	n/a	n/a	n/a	494.237270	n/a
494.234785	0.000000	197694	ttl	2	n/a	n/a	n/a	n/a	n/a	n/a	n/a	n/a	n/a	n/a	n/a	n/a	n/a	n/a	n/a	n/a	n/a	n/a	n/a	n/a	494.237270	n/a
496.251566	0.000000	198501	ttl	5	n/a	n/a	n/a	n/a	n/a	n/a	n/a	n/a	n/a	n/a	n/a	n/a	n/a	n/a	n/a	n/a	n/a	n/a	n/a	n/a	496.254051	n/a
496.401628	0.000000	198561	stimulus_presentation	n/a	17	n/a	n/a	n/a	n/a	n/a	n/a	n/a	n/a	n/a	n/a	n/a	n/a	n/a	n/a	n/a	n/a	n/a	n/a	n/a	496.404113	n/a
496.401628	0.000000	198561	ttl	3	n/a	n/a	n/a	n/a	n/a	n/a	n/a	n/a	n/a	n/a	n/a	n/a	n/a	n/a	n/a	n/a	n/a	n/a	n/a	n/a	496.404113	n/a
498.418377	0.000000	199367	ttl	6	n/a	n/a	n/a	n/a	n/a	n/a	n/a	n/a	n/a	n/a	n/a	n/a	n/a	n/a	n/a	n/a	n/a	n/a	n/a	n/a	498.420862	n/a
501.169220	0.000000	200468	stimulus_presentation	n/a	179	n/a	n/a	n/a	n/a	n/a	n/a	n/a	n/a	n/a	n/a	n/a	n/a	n/a	n/a	n/a	n/a	n/a	n/a	n/a	501.171705	n/a
501.169220	0.000000	200468	ttl	7	n/a	n/a	n/a	n/a	n/a	n/a	n/a	n/a	n/a	n/a	n/a	n/a	n/a	n/a	n/a	n/a	n/a	n/a	n/a	n/a	501.171705	n/a
501.879126	0.000000	200752	ttl	8	n/a	n/a	n/a	n/a	n/a	n/a	n/a	n/a	n/a	n/a	n/a	n/a	n/a	n/a	n/a	n/a	n/a	n/a	n/a	n/a	501.881611	n/a
501.899595	6.377841	200760	sternberg_trial	n/a	n/a	523	0	0	102	1	0	1	502.936173	504.95320399999997	0.0	0.0	0.0	0.0	501.90207999999996	504.95320399999997	507.65414	508.279921	intervals/trials	54	501.902080	508.279921
501.899595	0.000000	200760	ttl	11	n/a	n/a	n/a	n/a	n/a	n/a	n/a	n/a	n/a	n/a	n/a	n/a	n/a	n/a	n/a	n/a	n/a	n/a	n/a	n/a	501.902080	n/a
502.933688	0.000000	201173	stimulus_presentation	n/a	248	n/a	n/a	n/a	n/a	n/a	n/a	n/a	n/a	n/a	n/a	n/a	n/a	n/a	n/a	n/a	n/a	n/a	n/a	n/a	502.936173	n/a
502.933688	0.000000	201173	ttl	1	n/a	n/a	n/a	n/a	n/a	n/a	n/a	n/a	n/a	n/a	n/a	n/a	n/a	n/a	n/a	n/a	n/a	n/a	n/a	n/a	502.936173	n/a
502.943688	0.000000	201177	stimulus_presentation	n/a	0	n/a	n/a	n/a	n/a	n/a	n/a	n/a	n/a	n/a	n/a	n/a	n/a	n/a	n/a	n/a	n/a	n/a	n/a	n/a	502.946173	n/a
502.953688	0.000000	201181	stimulus_presentation	n/a	0	n/a	n/a	n/a	n/a	n/a	n/a	n/a	n/a	n/a	n/a	n/a	n/a	n/a	n/a	n/a	n/a	n/a	n/a	n/a	502.956173	n/a
504.950719	0.000000	201980	ttl	6	n/a	n/a	n/a	n/a	n/a	n/a	n/a	n/a	n/a	n/a	n/a	n/a	n/a	n/a	n/a	n/a	n/a	n/a	n/a	n/a	504.953204	n/a
507.651655	0.000000	203061	stimulus_presentation	n/a	2	n/a	n/a	n/a	n/a	n/a	n/a	n/a	n/a	n/a	n/a	n/a	n/a	n/a	n/a	n/a	n/a	n/a	n/a	n/a	507.654140	n/a
507.651655	0.000000	203061	ttl	7	n/a	n/a	n/a	n/a	n/a	n/a	n/a	n/a	n/a	n/a	n/a	n/a	n/a	n/a	n/a	n/a	n/a	n/a	n/a	n/a	507.654140	n/a
508.277436	0.000000	203311	ttl	8	n/a	n/a	n/a	n/a	n/a	n/a	n/a	n/a	n/a	n/a	n/a	n/a	n/a	n/a	n/a	n/a	n/a	n/a	n/a	n/a	508.279921	n/a
508.315249	6.632591	203326	sternberg_trial	n/a	n/a	321	0	0	321	1	1	1	509.350889	511.368076	0.0	0.0	0.0	0.0	508.317734	511.368076	514.169356	514.950325	intervals/trials	55	508.317734	514.950325
508.315249	0.000000	203326	ttl	11	n/a	n/a	n/a	n/a	n/a	n/a	n/a	n/a	n/a	n/a	n/a	n/a	n/a	n/a	n/a	n/a	n/a	n/a	n/a	n/a	508.317734	n/a
509.348404	0.000000	203739	stimulus_presentation	n/a	135	n/a	n/a	n/a	n/a	n/a	n/a	n/a	n/a	n/a	n/a	n/a	n/a	n/a	n/a	n/a	n/a	n/a	n/a	n/a	509.350889	n/a
509.348404	0.000000	203739	ttl	1	n/a	n/a	n/a	n/a	n/a	n/a	n/a	n/a	n/a	n/a	n/a	n/a	n/a	n/a	n/a	n/a	n/a	n/a	n/a	n/a	509.350889	n/a
509.358404	0.000000	203743	stimulus_presentation	n/a	0	n/a	n/a	n/a	n/a	n/a	n/a	n/a	n/a	n/a	n/a	n/a	n/a	n/a	n/a	n/a	n/a	n/a	n/a	n/a	509.360889	n/a
509.368404	0.000000	203747	stimulus_presentation	n/a	0	n/a	n/a	n/a	n/a	n/a	n/a	n/a	n/a	n/a	n/a	n/a	n/a	n/a	n/a	n/a	n/a	n/a	n/a	n/a	509.370889	n/a
511.365591	0.000000	204546	ttl	6	n/a	n/a	n/a	n/a	n/a	n/a	n/a	n/a	n/a	n/a	n/a	n/a	n/a	n/a	n/a	n/a	n/a	n/a	n/a	n/a	511.368076	n/a
514.166871	0.000000	205667	stimulus_presentation	n/a	135	n/a	n/a	n/a	n/a	n/a	n/a	n/a	n/a	n/a	n/a	n/a	n/a	n/a	n/a	n/a	n/a	n/a	n/a	n/a	514.169356	n/a
514.166871	0.000000	205667	ttl	7	n/a	n/a	n/a	n/a	n/a	n/a	n/a	n/a	n/a	n/a	n/a	n/a	n/a	n/a	n/a	n/a	n/a	n/a	n/a	n/a	514.169356	n/a
514.947840	0.000000	205979	ttl	8	n/a	n/a	n/a	n/a	n/a	n/a	n/a	n/a	n/a	n/a	n/a	n/a	n/a	n/a	n/a	n/a	n/a	n/a	n/a	n/a	514.950325	n/a
514.997340	6.524997	205999	sternberg_trial	n/a	n/a	524	0	0	524	1	1	1	516.05048	518.066823	0.0	0.0	0.0	0.0	514.999825	518.066823	520.851416	521.524822	intervals/trials	56	514.999825	521.524822
514.997340	0.000000	205999	ttl	11	n/a	n/a	n/a	n/a	n/a	n/a	n/a	n/a	n/a	n/a	n/a	n/a	n/a	n/a	n/a	n/a	n/a	n/a	n/a	n/a	514.999825	n/a
516.047995	0.000000	206419	stimulus_presentation	n/a	249	n/a	n/a	n/a	n/a	n/a	n/a	n/a	n/a	n/a	n/a	n/a	n/a	n/a	n/a	n/a	n/a	n/a	n/a	n/a	516.050480	n/a
516.047995	0.000000	206419	ttl	1	n/a	n/a	n/a	n/a	n/a	n/a	n/a	n/a	n/a	n/a	n/a	n/a	n/a	n/a	n/a	n/a	n/a	n/a	n/a	n/a	516.050480	n/a
516.057995	0.000000	206423	stimulus_presentation	n/a	0	n/a	n/a	n/a	n/a	n/a	n/a	n/a	n/a	n/a	n/a	n/a	n/a	n/a	n/a	n/a	n/a	n/a	n/a	n/a	516.060480	n/a
516.067995	0.000000	206427	stimulus_presentation	n/a	0	n/a	n/a	n/a	n/a	n/a	n/a	n/a	n/a	n/a	n/a	n/a	n/a	n/a	n/a	n/a	n/a	n/a	n/a	n/a	516.070480	n/a
518.064338	0.000000	207226	ttl	6	n/a	n/a	n/a	n/a	n/a	n/a	n/a	n/a	n/a	n/a	n/a	n/a	n/a	n/a	n/a	n/a	n/a	n/a	n/a	n/a	518.066823	n/a
520.848931	0.000000	208340	stimulus_presentation	n/a	249	n/a	n/a	n/a	n/a	n/a	n/a	n/a	n/a	n/a	n/a	n/a	n/a	n/a	n/a	n/a	n/a	n/a	n/a	n/a	520.851416	n/a
520.848931	0.000000	208340	ttl	7	n/a	n/a	n/a	n/a	n/a	n/a	n/a	n/a	n/a	n/a	n/a	n/a	n/a	n/a	n/a	n/a	n/a	n/a	n/a	n/a	520.851416	n/a
521.522337	0.000000	208609	ttl	8	n/a	n/a	n/a	n/a	n/a	n/a	n/a	n/a	n/a	n/a	n/a	n/a	n/a	n/a	n/a	n/a	n/a	n/a	n/a	n/a	521.524822	n/a
521.545681	10.630089	208618	sternberg_trial	n/a	n/a	322	118	525	218	3	0	1	522.616165	524.6330389999999	524.682071	526.698726	526.798757	528.8151	521.5481659999999	528.8151	531.4989429999999	532.1782549999999	intervals/trials	57	521.548166	532.178255
521.545681	0.000000	208618	ttl	11	n/a	n/a	n/a	n/a	n/a	n/a	n/a	n/a	n/a	n/a	n/a	n/a	n/a	n/a	n/a	n/a	n/a	n/a	n/a	n/a	521.548166	n/a
522.613680	0.000000	209045	stimulus_presentation	n/a	136	n/a	n/a	n/a	n/a	n/a	n/a	n/a	n/a	n/a	n/a	n/a	n/a	n/a	n/a	n/a	n/a	n/a	n/a	n/a	522.616165	n/a
522.613680	0.000000	209045	ttl	1	n/a	n/a	n/a	n/a	n/a	n/a	n/a	n/a	n/a	n/a	n/a	n/a	n/a	n/a	n/a	n/a	n/a	n/a	n/a	n/a	522.616165	n/a
524.630554	0.000000	209852	ttl	5	n/a	n/a	n/a	n/a	n/a	n/a	n/a	n/a	n/a	n/a	n/a	n/a	n/a	n/a	n/a	n/a	n/a	n/a	n/a	n/a	524.633039	n/a
524.679586	0.000000	209872	stimulus_presentation	n/a	18	n/a	n/a	n/a	n/a	n/a	n/a	n/a	n/a	n/a	n/a	n/a	n/a	n/a	n/a	n/a	n/a	n/a	n/a	n/a	524.682071	n/a
524.679586	0.000000	209872	ttl	2	n/a	n/a	n/a	n/a	n/a	n/a	n/a	n/a	n/a	n/a	n/a	n/a	n/a	n/a	n/a	n/a	n/a	n/a	n/a	n/a	524.682071	n/a
526.696241	0.000000	210678	ttl	5	n/a	n/a	n/a	n/a	n/a	n/a	n/a	n/a	n/a	n/a	n/a	n/a	n/a	n/a	n/a	n/a	n/a	n/a	n/a	n/a	526.698726	n/a
526.796272	0.000000	210719	stimulus_presentation	n/a	250	n/a	n/a	n/a	n/a	n/a	n/a	n/a	n/a	n/a	n/a	n/a	n/a	n/a	n/a	n/a	n/a	n/a	n/a	n/a	526.798757	n/a
526.796272	0.000000	210719	ttl	3	n/a	n/a	n/a	n/a	n/a	n/a	n/a	n/a	n/a	n/a	n/a	n/a	n/a	n/a	n/a	n/a	n/a	n/a	n/a	n/a	526.798757	n/a
528.812615	0.000000	211525	ttl	6	n/a	n/a	n/a	n/a	n/a	n/a	n/a	n/a	n/a	n/a	n/a	n/a	n/a	n/a	n/a	n/a	n/a	n/a	n/a	n/a	528.815100	n/a
531.496458	0.000000	212599	stimulus_presentation	n/a	75	n/a	n/a	n/a	n/a	n/a	n/a	n/a	n/a	n/a	n/a	n/a	n/a	n/a	n/a	n/a	n/a	n/a	n/a	n/a	531.498943	n/a
531.496458	0.000000	212599	ttl	7	n/a	n/a	n/a	n/a	n/a	n/a	n/a	n/a	n/a	n/a	n/a	n/a	n/a	n/a	n/a	n/a	n/a	n/a	n/a	n/a	531.498943	n/a
532.175770	0.000000	212870	ttl	8	n/a	n/a	n/a	n/a	n/a	n/a	n/a	n/a	n/a	n/a	n/a	n/a	n/a	n/a	n/a	n/a	n/a	n/a	n/a	n/a	532.178255	n/a
532.210770	6.315529	212884	sternberg_trial	n/a	n/a	427	0	0	313	1	0	1	533.247442	535.263191	0.0	0.0	0.0	0.0	532.213255	535.263191	537.981347	538.528784	intervals/trials	58	532.213255	538.528784
532.210770	0.000000	212884	ttl	11	n/a	n/a	n/a	n/a	n/a	n/a	n/a	n/a	n/a	n/a	n/a	n/a	n/a	n/a	n/a	n/a	n/a	n/a	n/a	n/a	532.213255	n/a
533.244957	0.000000	213298	stimulus_presentation	n/a	197	n/a	n/a	n/a	n/a	n/a	n/a	n/a	n/a	n/a	n/a	n/a	n/a	n/a	n/a	n/a	n/a	n/a	n/a	n/a	533.247442	n/a
533.244957	0.000000	213298	ttl	1	n/a	n/a	n/a	n/a	n/a	n/a	n/a	n/a	n/a	n/a	n/a	n/a	n/a	n/a	n/a	n/a	n/a	n/a	n/a	n/a	533.247442	n/a
533.254957	0.000000	213302	stimulus_presentation	n/a	0	n/a	n/a	n/a	n/a	n/a	n/a	n/a	n/a	n/a	n/a	n/a	n/a	n/a	n/a	n/a	n/a	n/a	n/a	n/a	533.257442	n/a
533.264957	0.000000	213306	stimulus_presentation	n/a	0	n/a	n/a	n/a	n/a	n/a	n/a	n/a	n/a	n/a	n/a	n/a	n/a	n/a	n/a	n/a	n/a	n/a	n/a	n/a	533.267442	n/a
535.260706	0.000000	214104	ttl	6	n/a	n/a	n/a	n/a	n/a	n/a	n/a	n/a	n/a	n/a	n/a	n/a	n/a	n/a	n/a	n/a	n/a	n/a	n/a	n/a	535.263191	n/a
537.978862	0.000000	215192	stimulus_presentation	n/a	127	n/a	n/a	n/a	n/a	n/a	n/a	n/a	n/a	n/a	n/a	n/a	n/a	n/a	n/a	n/a	n/a	n/a	n/a	n/a	537.981347	n/a
537.978862	0.000000	215192	ttl	7	n/a	n/a	n/a	n/a	n/a	n/a	n/a	n/a	n/a	n/a	n/a	n/a	n/a	n/a	n/a	n/a	n/a	n/a	n/a	n/a	537.981347	n/a
538.526299	0.000000	215411	ttl	8	n/a	n/a	n/a	n/a	n/a	n/a	n/a	n/a	n/a	n/a	n/a	n/a	n/a	n/a	n/a	n/a	n/a	n/a	n/a	n/a	538.528784	n/a
538.576205	11.867214	215430	sternberg_trial	n/a	n/a	428	323	119	323	3	1	1	539.6294399999999	541.646533	541.829158	543.84525	544.0619379999999	546.078281	538.5786899999999	546.078281	548.8291859999999	550.4459039999999	intervals/trials	59	538.578690	550.445904
538.576205	0.000000	215430	ttl	11	n/a	n/a	n/a	n/a	n/a	n/a	n/a	n/a	n/a	n/a	n/a	n/a	n/a	n/a	n/a	n/a	n/a	n/a	n/a	n/a	538.578690	n/a
539.626955	0.000000	215851	stimulus_presentation	n/a	198	n/a	n/a	n/a	n/a	n/a	n/a	n/a	n/a	n/a	n/a	n/a	n/a	n/a	n/a	n/a	n/a	n/a	n/a	n/a	539.629440	n/a
539.626955	0.000000	215851	ttl	1	n/a	n/a	n/a	n/a	n/a	n/a	n/a	n/a	n/a	n/a	n/a	n/a	n/a	n/a	n/a	n/a	n/a	n/a	n/a	n/a	539.629440	n/a
541.644048	0.000000	216658	ttl	5	n/a	n/a	n/a	n/a	n/a	n/a	n/a	n/a	n/a	n/a	n/a	n/a	n/a	n/a	n/a	n/a	n/a	n/a	n/a	n/a	541.646533	n/a
541.826673	0.000000	216731	stimulus_presentation	n/a	137	n/a	n/a	n/a	n/a	n/a	n/a	n/a	n/a	n/a	n/a	n/a	n/a	n/a	n/a	n/a	n/a	n/a	n/a	n/a	541.829158	n/a
541.826673	0.000000	216731	ttl	2	n/a	n/a	n/a	n/a	n/a	n/a	n/a	n/a	n/a	n/a	n/a	n/a	n/a	n/a	n/a	n/a	n/a	n/a	n/a	n/a	541.829158	n/a
543.842765	0.000000	217537	ttl	5	n/a	n/a	n/a	n/a	n/a	n/a	n/a	n/a	n/a	n/a	n/a	n/a	n/a	n/a	n/a	n/a	n/a	n/a	n/a	n/a	543.845250	n/a
544.059453	0.000000	217624	stimulus_presentation	n/a	19	n/a	n/a	n/a	n/a	n/a	n/a	n/a	n/a	n/a	n/a	n/a	n/a	n/a	n/a	n/a	n/a	n/a	n/a	n/a	544.061938	n/a
544.059453	0.000000	217624	ttl	3	n/a	n/a	n/a	n/a	n/a	n/a	n/a	n/a	n/a	n/a	n/a	n/a	n/a	n/a	n/a	n/a	n/a	n/a	n/a	n/a	544.061938	n/a
546.075796	0.000000	218430	ttl	6	n/a	n/a	n/a	n/a	n/a	n/a	n/a	n/a	n/a	n/a	n/a	n/a	n/a	n/a	n/a	n/a	n/a	n/a	n/a	n/a	546.078281	n/a
548.826701	0.000000	219531	stimulus_presentation	n/a	137	n/a	n/a	n/a	n/a	n/a	n/a	n/a	n/a	n/a	n/a	n/a	n/a	n/a	n/a	n/a	n/a	n/a	n/a	n/a	548.829186	n/a
548.826701	0.000000	219531	ttl	7	n/a	n/a	n/a	n/a	n/a	n/a	n/a	n/a	n/a	n/a	n/a	n/a	n/a	n/a	n/a	n/a	n/a	n/a	n/a	n/a	548.829186	n/a
550.443419	0.000000	220177	ttl	8	n/a	n/a	n/a	n/a	n/a	n/a	n/a	n/a	n/a	n/a	n/a	n/a	n/a	n/a	n/a	n/a	n/a	n/a	n/a	n/a	550.445904	n/a
550.473513	6.528435	220189	sternberg_trial	n/a	n/a	526	0	0	317	1	0	1	551.593622	553.6100279999999	0.0	0.0	0.0	0.0	550.475998	553.6100279999999	556.4277139999999	557.004433	intervals/trials	60	550.475998	557.004433
550.473513	0.000000	220189	ttl	11	n/a	n/a	n/a	n/a	n/a	n/a	n/a	n/a	n/a	n/a	n/a	n/a	n/a	n/a	n/a	n/a	n/a	n/a	n/a	n/a	550.475998	n/a
551.591137	0.000000	220636	stimulus_presentation	n/a	251	n/a	n/a	n/a	n/a	n/a	n/a	n/a	n/a	n/a	n/a	n/a	n/a	n/a	n/a	n/a	n/a	n/a	n/a	n/a	551.593622	n/a
551.591137	0.000000	220636	ttl	1	n/a	n/a	n/a	n/a	n/a	n/a	n/a	n/a	n/a	n/a	n/a	n/a	n/a	n/a	n/a	n/a	n/a	n/a	n/a	n/a	551.593622	n/a
551.601137	0.000000	220640	stimulus_presentation	n/a	0	n/a	n/a	n/a	n/a	n/a	n/a	n/a	n/a	n/a	n/a	n/a	n/a	n/a	n/a	n/a	n/a	n/a	n/a	n/a	551.603622	n/a
551.611137	0.000000	220644	stimulus_presentation	n/a	0	n/a	n/a	n/a	n/a	n/a	n/a	n/a	n/a	n/a	n/a	n/a	n/a	n/a	n/a	n/a	n/a	n/a	n/a	n/a	551.613622	n/a
553.607543	0.000000	221443	ttl	6	n/a	n/a	n/a	n/a	n/a	n/a	n/a	n/a	n/a	n/a	n/a	n/a	n/a	n/a	n/a	n/a	n/a	n/a	n/a	n/a	553.610028	n/a
556.425229	0.000000	222570	stimulus_presentation	n/a	131	n/a	n/a	n/a	n/a	n/a	n/a	n/a	n/a	n/a	n/a	n/a	n/a	n/a	n/a	n/a	n/a	n/a	n/a	n/a	556.427714	n/a
556.425229	0.000000	222570	ttl	7	n/a	n/a	n/a	n/a	n/a	n/a	n/a	n/a	n/a	n/a	n/a	n/a	n/a	n/a	n/a	n/a	n/a	n/a	n/a	n/a	556.427714	n/a
557.001948	0.000000	222801	ttl	8	n/a	n/a	n/a	n/a	n/a	n/a	n/a	n/a	n/a	n/a	n/a	n/a	n/a	n/a	n/a	n/a	n/a	n/a	n/a	n/a	557.004433	n/a
557.023104	10.536433	222809	sternberg_trial	n/a	n/a	429	527	120	221	3	0	1	558.026495	560.0428059999999	560.14265	562.158774	562.241962	564.258055	557.025589	564.258055	566.876085	567.562022	intervals/trials	61	557.025589	567.562022
557.023104	0.000000	222809	ttl	11	n/a	n/a	n/a	n/a	n/a	n/a	n/a	n/a	n/a	n/a	n/a	n/a	n/a	n/a	n/a	n/a	n/a	n/a	n/a	n/a	557.025589	n/a
558.024010	0.000000	223210	stimulus_presentation	n/a	199	n/a	n/a	n/a	n/a	n/a	n/a	n/a	n/a	n/a	n/a	n/a	n/a	n/a	n/a	n/a	n/a	n/a	n/a	n/a	558.026495	n/a
558.024010	0.000000	223210	ttl	1	n/a	n/a	n/a	n/a	n/a	n/a	n/a	n/a	n/a	n/a	n/a	n/a	n/a	n/a	n/a	n/a	n/a	n/a	n/a	n/a	558.026495	n/a
560.040321	0.000000	224016	ttl	5	n/a	n/a	n/a	n/a	n/a	n/a	n/a	n/a	n/a	n/a	n/a	n/a	n/a	n/a	n/a	n/a	n/a	n/a	n/a	n/a	560.042806	n/a
560.140165	0.000000	224056	stimulus_presentation	n/a	252	n/a	n/a	n/a	n/a	n/a	n/a	n/a	n/a	n/a	n/a	n/a	n/a	n/a	n/a	n/a	n/a	n/a	n/a	n/a	560.142650	n/a
560.140165	0.000000	224056	ttl	2	n/a	n/a	n/a	n/a	n/a	n/a	n/a	n/a	n/a	n/a	n/a	n/a	n/a	n/a	n/a	n/a	n/a	n/a	n/a	n/a	560.142650	n/a
562.156289	0.000000	224863	ttl	5	n/a	n/a	n/a	n/a	n/a	n/a	n/a	n/a	n/a	n/a	n/a	n/a	n/a	n/a	n/a	n/a	n/a	n/a	n/a	n/a	562.158774	n/a
562.239477	0.000000	224896	stimulus_presentation	n/a	20	n/a	n/a	n/a	n/a	n/a	n/a	n/a	n/a	n/a	n/a	n/a	n/a	n/a	n/a	n/a	n/a	n/a	n/a	n/a	562.241962	n/a
562.239477	0.000000	224896	ttl	3	n/a	n/a	n/a	n/a	n/a	n/a	n/a	n/a	n/a	n/a	n/a	n/a	n/a	n/a	n/a	n/a	n/a	n/a	n/a	n/a	562.241962	n/a
564.255570	0.000000	225702	ttl	6	n/a	n/a	n/a	n/a	n/a	n/a	n/a	n/a	n/a	n/a	n/a	n/a	n/a	n/a	n/a	n/a	n/a	n/a	n/a	n/a	564.258055	n/a
566.873600	0.000000	226749	stimulus_presentation	n/a	78	n/a	n/a	n/a	n/a	n/a	n/a	n/a	n/a	n/a	n/a	n/a	n/a	n/a	n/a	n/a	n/a	n/a	n/a	n/a	566.876085	n/a
566.873600	0.000000	226749	ttl	7	n/a	n/a	n/a	n/a	n/a	n/a	n/a	n/a	n/a	n/a	n/a	n/a	n/a	n/a	n/a	n/a	n/a	n/a	n/a	n/a	566.876085	n/a
567.559537	0.000000	227024	ttl	8	n/a	n/a	n/a	n/a	n/a	n/a	n/a	n/a	n/a	n/a	n/a	n/a	n/a	n/a	n/a	n/a	n/a	n/a	n/a	n/a	567.562022	n/a
567.604631	11.296527	227042	sternberg_trial	n/a	n/a	226	324	121	324	3	1	1	568.656803	570.672865	570.772865	572.789801	572.939489	574.9560819999999	567.607116	574.9560819999999	577.723612	578.903643	intervals/trials	62	567.607116	578.903643
567.604631	0.000000	227042	ttl	11	n/a	n/a	n/a	n/a	n/a	n/a	n/a	n/a	n/a	n/a	n/a	n/a	n/a	n/a	n/a	n/a	n/a	n/a	n/a	n/a	567.607116	n/a
568.654318	0.000000	227462	stimulus_presentation	n/a	83	n/a	n/a	n/a	n/a	n/a	n/a	n/a	n/a	n/a	n/a	n/a	n/a	n/a	n/a	n/a	n/a	n/a	n/a	n/a	568.656803	n/a
568.654318	0.000000	227462	ttl	1	n/a	n/a	n/a	n/a	n/a	n/a	n/a	n/a	n/a	n/a	n/a	n/a	n/a	n/a	n/a	n/a	n/a	n/a	n/a	n/a	568.656803	n/a
570.670380	0.000000	228268	ttl	5	n/a	n/a	n/a	n/a	n/a	n/a	n/a	n/a	n/a	n/a	n/a	n/a	n/a	n/a	n/a	n/a	n/a	n/a	n/a	n/a	570.672865	n/a
570.770380	0.000000	228308	stimulus_presentation	n/a	138	n/a	n/a	n/a	n/a	n/a	n/a	n/a	n/a	n/a	n/a	n/a	n/a	n/a	n/a	n/a	n/a	n/a	n/a	n/a	570.772865	n/a
570.770380	0.000000	228308	ttl	2	n/a	n/a	n/a	n/a	n/a	n/a	n/a	n/a	n/a	n/a	n/a	n/a	n/a	n/a	n/a	n/a	n/a	n/a	n/a	n/a	570.772865	n/a
572.787316	0.000000	229115	ttl	5	n/a	n/a	n/a	n/a	n/a	n/a	n/a	n/a	n/a	n/a	n/a	n/a	n/a	n/a	n/a	n/a	n/a	n/a	n/a	n/a	572.789801	n/a
572.937004	0.000000	229175	stimulus_presentation	n/a	21	n/a	n/a	n/a	n/a	n/a	n/a	n/a	n/a	n/a	n/a	n/a	n/a	n/a	n/a	n/a	n/a	n/a	n/a	n/a	572.939489	n/a
572.937004	0.000000	229175	ttl	3	n/a	n/a	n/a	n/a	n/a	n/a	n/a	n/a	n/a	n/a	n/a	n/a	n/a	n/a	n/a	n/a	n/a	n/a	n/a	n/a	572.939489	n/a
574.953597	0.000000	229981	ttl	6	n/a	n/a	n/a	n/a	n/a	n/a	n/a	n/a	n/a	n/a	n/a	n/a	n/a	n/a	n/a	n/a	n/a	n/a	n/a	n/a	574.956082	n/a
577.721127	0.000000	231088	stimulus_presentation	n/a	138	n/a	n/a	n/a	n/a	n/a	n/a	n/a	n/a	n/a	n/a	n/a	n/a	n/a	n/a	n/a	n/a	n/a	n/a	n/a	577.723612	n/a
577.721127	0.000000	231088	ttl	7	n/a	n/a	n/a	n/a	n/a	n/a	n/a	n/a	n/a	n/a	n/a	n/a	n/a	n/a	n/a	n/a	n/a	n/a	n/a	n/a	577.723612	n/a
578.901158	0.000000	231560	ttl	8	n/a	n/a	n/a	n/a	n/a	n/a	n/a	n/a	n/a	n/a	n/a	n/a	n/a	n/a	n/a	n/a	n/a	n/a	n/a	n/a	578.903643	n/a
578.985314	10.808902	231594	sternberg_trial	n/a	n/a	528	227	122	122	3	1	1	579.987986	582.003735	582.120516	584.136703	584.286891	586.303108	578.987799	586.303108	589.002982	589.796701	intervals/trials	63	578.987799	589.796701
578.985314	0.000000	231594	ttl	11	n/a	n/a	n/a	n/a	n/a	n/a	n/a	n/a	n/a	n/a	n/a	n/a	n/a	n/a	n/a	n/a	n/a	n/a	n/a	n/a	578.987799	n/a
579.985501	0.000000	231994	stimulus_presentation	n/a	253	n/a	n/a	n/a	n/a	n/a	n/a	n/a	n/a	n/a	n/a	n/a	n/a	n/a	n/a	n/a	n/a	n/a	n/a	n/a	579.987986	n/a
579.985501	0.000000	231994	ttl	1	n/a	n/a	n/a	n/a	n/a	n/a	n/a	n/a	n/a	n/a	n/a	n/a	n/a	n/a	n/a	n/a	n/a	n/a	n/a	n/a	579.987986	n/a
582.001250	0.000000	232800	ttl	5	n/a	n/a	n/a	n/a	n/a	n/a	n/a	n/a	n/a	n/a	n/a	n/a	n/a	n/a	n/a	n/a	n/a	n/a	n/a	n/a	582.003735	n/a
582.118031	0.000000	232847	stimulus_presentation	n/a	84	n/a	n/a	n/a	n/a	n/a	n/a	n/a	n/a	n/a	n/a	n/a	n/a	n/a	n/a	n/a	n/a	n/a	n/a	n/a	582.120516	n/a
582.118031	0.000000	232847	ttl	2	n/a	n/a	n/a	n/a	n/a	n/a	n/a	n/a	n/a	n/a	n/a	n/a	n/a	n/a	n/a	n/a	n/a	n/a	n/a	n/a	582.120516	n/a
584.134218	0.000000	233654	ttl	5	n/a	n/a	n/a	n/a	n/a	n/a	n/a	n/a	n/a	n/a	n/a	n/a	n/a	n/a	n/a	n/a	n/a	n/a	n/a	n/a	584.136703	n/a
584.284406	0.000000	233714	stimulus_presentation	n/a	22	n/a	n/a	n/a	n/a	n/a	n/a	n/a	n/a	n/a	n/a	n/a	n/a	n/a	n/a	n/a	n/a	n/a	n/a	n/a	584.286891	n/a
584.284406	0.000000	233714	ttl	3	n/a	n/a	n/a	n/a	n/a	n/a	n/a	n/a	n/a	n/a	n/a	n/a	n/a	n/a	n/a	n/a	n/a	n/a	n/a	n/a	584.286891	n/a
586.300623	0.000000	234520	ttl	6	n/a	n/a	n/a	n/a	n/a	n/a	n/a	n/a	n/a	n/a	n/a	n/a	n/a	n/a	n/a	n/a	n/a	n/a	n/a	n/a	586.303108	n/a
589.000497	0.000000	235600	stimulus_presentation	n/a	22	n/a	n/a	n/a	n/a	n/a	n/a	n/a	n/a	n/a	n/a	n/a	n/a	n/a	n/a	n/a	n/a	n/a	n/a	n/a	589.002982	n/a
589.000497	0.000000	235600	ttl	7	n/a	n/a	n/a	n/a	n/a	n/a	n/a	n/a	n/a	n/a	n/a	n/a	n/a	n/a	n/a	n/a	n/a	n/a	n/a	n/a	589.002982	n/a
589.794216	0.000000	235918	ttl	8	n/a	n/a	n/a	n/a	n/a	n/a	n/a	n/a	n/a	n/a	n/a	n/a	n/a	n/a	n/a	n/a	n/a	n/a	n/a	n/a	589.796701	n/a
589.833060	6.359716	235933	sternberg_trial	n/a	n/a	529	0	0	529	1	1	1	590.9522939999999	592.968387	0.0	0.0	0.0	0.0	589.835545	592.968387	595.5850419999999	596.195261	intervals/trials	64	589.835545	596.195261
589.833060	0.000000	235933	ttl	11	n/a	n/a	n/a	n/a	n/a	n/a	n/a	n/a	n/a	n/a	n/a	n/a	n/a	n/a	n/a	n/a	n/a	n/a	n/a	n/a	589.835545	n/a
590.949809	0.000000	236380	stimulus_presentation	n/a	254	n/a	n/a	n/a	n/a	n/a	n/a	n/a	n/a	n/a	n/a	n/a	n/a	n/a	n/a	n/a	n/a	n/a	n/a	n/a	590.952294	n/a
590.949809	0.000000	236380	ttl	1	n/a	n/a	n/a	n/a	n/a	n/a	n/a	n/a	n/a	n/a	n/a	n/a	n/a	n/a	n/a	n/a	n/a	n/a	n/a	n/a	590.952294	n/a
590.959809	0.000000	236384	stimulus_presentation	n/a	0	n/a	n/a	n/a	n/a	n/a	n/a	n/a	n/a	n/a	n/a	n/a	n/a	n/a	n/a	n/a	n/a	n/a	n/a	n/a	590.962294	n/a
590.969809	0.000000	236388	stimulus_presentation	n/a	0	n/a	n/a	n/a	n/a	n/a	n/a	n/a	n/a	n/a	n/a	n/a	n/a	n/a	n/a	n/a	n/a	n/a	n/a	n/a	590.972294	n/a
592.965902	0.000000	237186	ttl	6	n/a	n/a	n/a	n/a	n/a	n/a	n/a	n/a	n/a	n/a	n/a	n/a	n/a	n/a	n/a	n/a	n/a	n/a	n/a	n/a	592.968387	n/a
595.582557	0.000000	238233	stimulus_presentation	n/a	254	n/a	n/a	n/a	n/a	n/a	n/a	n/a	n/a	n/a	n/a	n/a	n/a	n/a	n/a	n/a	n/a	n/a	n/a	n/a	595.585042	n/a
595.582557	0.000000	238233	ttl	7	n/a	n/a	n/a	n/a	n/a	n/a	n/a	n/a	n/a	n/a	n/a	n/a	n/a	n/a	n/a	n/a	n/a	n/a	n/a	n/a	595.585042	n/a
596.192776	0.000000	238477	ttl	8	n/a	n/a	n/a	n/a	n/a	n/a	n/a	n/a	n/a	n/a	n/a	n/a	n/a	n/a	n/a	n/a	n/a	n/a	n/a	n/a	596.195261	n/a
596.231838	17.988555	238493	sternberg_trial	n/a	n/a	228	0	0	413	1	0	1	597.31751	599.334072	0.0	0.0	0.0	0.0	596.234323	599.334072	601.9174459999999	614.2228779999999	intervals/trials	65	596.234323	614.222878
596.231838	0.000000	238493	ttl	11	n/a	n/a	n/a	n/a	n/a	n/a	n/a	n/a	n/a	n/a	n/a	n/a	n/a	n/a	n/a	n/a	n/a	n/a	n/a	n/a	596.234323	n/a
597.315025	0.000000	238926	stimulus_presentation	n/a	85	n/a	n/a	n/a	n/a	n/a	n/a	n/a	n/a	n/a	n/a	n/a	n/a	n/a	n/a	n/a	n/a	n/a	n/a	n/a	597.317510	n/a
597.315025	0.000000	238926	ttl	1	n/a	n/a	n/a	n/a	n/a	n/a	n/a	n/a	n/a	n/a	n/a	n/a	n/a	n/a	n/a	n/a	n/a	n/a	n/a	n/a	597.317510	n/a
597.325025	0.000000	238930	stimulus_presentation	n/a	0	n/a	n/a	n/a	n/a	n/a	n/a	n/a	n/a	n/a	n/a	n/a	n/a	n/a	n/a	n/a	n/a	n/a	n/a	n/a	597.327510	n/a
597.335025	0.000000	238934	stimulus_presentation	n/a	0	n/a	n/a	n/a	n/a	n/a	n/a	n/a	n/a	n/a	n/a	n/a	n/a	n/a	n/a	n/a	n/a	n/a	n/a	n/a	597.337510	n/a
599.331587	0.000000	239733	ttl	6	n/a	n/a	n/a	n/a	n/a	n/a	n/a	n/a	n/a	n/a	n/a	n/a	n/a	n/a	n/a	n/a	n/a	n/a	n/a	n/a	599.334072	n/a
601.914961	0.000000	240766	stimulus_presentation	n/a	183	n/a	n/a	n/a	n/a	n/a	n/a	n/a	n/a	n/a	n/a	n/a	n/a	n/a	n/a	n/a	n/a	n/a	n/a	n/a	601.917446	n/a
601.914961	0.000000	240766	ttl	7	n/a	n/a	n/a	n/a	n/a	n/a	n/a	n/a	n/a	n/a	n/a	n/a	n/a	n/a	n/a	n/a	n/a	n/a	n/a	n/a	601.917446	n/a
614.220393	0.000000	245688	ttl	8	n/a	n/a	n/a	n/a	n/a	n/a	n/a	n/a	n/a	n/a	n/a	n/a	n/a	n/a	n/a	n/a	n/a	n/a	n/a	n/a	614.222878	n/a
614.261831	11.267933	245705	sternberg_trial	n/a	n/a	123	325	430	430	3	1	1	615.297472	617.313752	617.43044	619.446814	619.546658	621.562813	614.264316	621.562813	624.329624	625.532249	intervals/trials	66	614.264316	625.532249
614.261831	0.000000	245705	ttl	11	n/a	n/a	n/a	n/a	n/a	n/a	n/a	n/a	n/a	n/a	n/a	n/a	n/a	n/a	n/a	n/a	n/a	n/a	n/a	n/a	614.264316	n/a
615.294987	0.000000	246118	stimulus_presentation	n/a	23	n/a	n/a	n/a	n/a	n/a	n/a	n/a	n/a	n/a	n/a	n/a	n/a	n/a	n/a	n/a	n/a	n/a	n/a	n/a	615.297472	n/a
615.294987	0.000000	246118	ttl	1	n/a	n/a	n/a	n/a	n/a	n/a	n/a	n/a	n/a	n/a	n/a	n/a	n/a	n/a	n/a	n/a	n/a	n/a	n/a	n/a	615.297472	n/a
617.311267	0.000000	246925	ttl	5	n/a	n/a	n/a	n/a	n/a	n/a	n/a	n/a	n/a	n/a	n/a	n/a	n/a	n/a	n/a	n/a	n/a	n/a	n/a	n/a	617.313752	n/a
617.427955	0.000000	246971	stimulus_presentation	n/a	139	n/a	n/a	n/a	n/a	n/a	n/a	n/a	n/a	n/a	n/a	n/a	n/a	n/a	n/a	n/a	n/a	n/a	n/a	n/a	617.430440	n/a
617.427955	0.000000	246971	ttl	2	n/a	n/a	n/a	n/a	n/a	n/a	n/a	n/a	n/a	n/a	n/a	n/a	n/a	n/a	n/a	n/a	n/a	n/a	n/a	n/a	617.430440	n/a
619.444329	0.000000	247778	ttl	5	n/a	n/a	n/a	n/a	n/a	n/a	n/a	n/a	n/a	n/a	n/a	n/a	n/a	n/a	n/a	n/a	n/a	n/a	n/a	n/a	619.446814	n/a
619.544173	0.000000	247818	stimulus_presentation	n/a	200	n/a	n/a	n/a	n/a	n/a	n/a	n/a	n/a	n/a	n/a	n/a	n/a	n/a	n/a	n/a	n/a	n/a	n/a	n/a	619.546658	n/a
619.544173	0.000000	247818	ttl	3	n/a	n/a	n/a	n/a	n/a	n/a	n/a	n/a	n/a	n/a	n/a	n/a	n/a	n/a	n/a	n/a	n/a	n/a	n/a	n/a	619.546658	n/a
621.560328	0.000000	248624	ttl	6	n/a	n/a	n/a	n/a	n/a	n/a	n/a	n/a	n/a	n/a	n/a	n/a	n/a	n/a	n/a	n/a	n/a	n/a	n/a	n/a	621.562813	n/a
624.327139	0.000000	249731	stimulus_presentation	n/a	200	n/a	n/a	n/a	n/a	n/a	n/a	n/a	n/a	n/a	n/a	n/a	n/a	n/a	n/a	n/a	n/a	n/a	n/a	n/a	624.329624	n/a
624.327139	0.000000	249731	ttl	7	n/a	n/a	n/a	n/a	n/a	n/a	n/a	n/a	n/a	n/a	n/a	n/a	n/a	n/a	n/a	n/a	n/a	n/a	n/a	n/a	624.329624	n/a
625.529764	0.000000	250212	ttl	8	n/a	n/a	n/a	n/a	n/a	n/a	n/a	n/a	n/a	n/a	n/a	n/a	n/a	n/a	n/a	n/a	n/a	n/a	n/a	n/a	625.532249	n/a
625.576201	6.560029	250230	sternberg_trial	n/a	n/a	431	0	0	431	1	1	1	626.7454359999999	628.761591	0.0	0.0	0.0	0.0	625.578686	628.761591	631.411747	632.1387149999999	intervals/trials	67	625.578686	632.138715
625.576201	0.000000	250230	ttl	11	n/a	n/a	n/a	n/a	n/a	n/a	n/a	n/a	n/a	n/a	n/a	n/a	n/a	n/a	n/a	n/a	n/a	n/a	n/a	n/a	625.578686	n/a
626.742951	0.000000	250697	stimulus_presentation	n/a	201	n/a	n/a	n/a	n/a	n/a	n/a	n/a	n/a	n/a	n/a	n/a	n/a	n/a	n/a	n/a	n/a	n/a	n/a	n/a	626.745436	n/a
626.742951	0.000000	250697	ttl	1	n/a	n/a	n/a	n/a	n/a	n/a	n/a	n/a	n/a	n/a	n/a	n/a	n/a	n/a	n/a	n/a	n/a	n/a	n/a	n/a	626.745436	n/a
626.752951	0.000000	250701	stimulus_presentation	n/a	0	n/a	n/a	n/a	n/a	n/a	n/a	n/a	n/a	n/a	n/a	n/a	n/a	n/a	n/a	n/a	n/a	n/a	n/a	n/a	626.755436	n/a
626.762951	0.000000	250705	stimulus_presentation	n/a	0	n/a	n/a	n/a	n/a	n/a	n/a	n/a	n/a	n/a	n/a	n/a	n/a	n/a	n/a	n/a	n/a	n/a	n/a	n/a	626.765436	n/a
628.759106	0.000000	251504	ttl	6	n/a	n/a	n/a	n/a	n/a	n/a	n/a	n/a	n/a	n/a	n/a	n/a	n/a	n/a	n/a	n/a	n/a	n/a	n/a	n/a	628.761591	n/a
631.409262	0.000000	252564	stimulus_presentation	n/a	201	n/a	n/a	n/a	n/a	n/a	n/a	n/a	n/a	n/a	n/a	n/a	n/a	n/a	n/a	n/a	n/a	n/a	n/a	n/a	631.411747	n/a
631.409262	0.000000	252564	ttl	7	n/a	n/a	n/a	n/a	n/a	n/a	n/a	n/a	n/a	n/a	n/a	n/a	n/a	n/a	n/a	n/a	n/a	n/a	n/a	n/a	631.411747	n/a
632.136230	0.000000	252854	ttl	8	n/a	n/a	n/a	n/a	n/a	n/a	n/a	n/a	n/a	n/a	n/a	n/a	n/a	n/a	n/a	n/a	n/a	n/a	n/a	n/a	632.138715	n/a
632.174949	6.535685	252870	sternberg_trial	n/a	n/a	124	0	0	425	1	0	1	633.3109959999999	635.327151	0.0	0.0	0.0	0.0	632.177434	635.327151	637.910338	638.713119	intervals/trials	68	632.177434	638.713119
632.174949	0.000000	252870	ttl	11	n/a	n/a	n/a	n/a	n/a	n/a	n/a	n/a	n/a	n/a	n/a	n/a	n/a	n/a	n/a	n/a	n/a	n/a	n/a	n/a	632.177434	n/a
633.308511	0.000000	253323	stimulus_presentation	n/a	24	n/a	n/a	n/a	n/a	n/a	n/a	n/a	n/a	n/a	n/a	n/a	n/a	n/a	n/a	n/a	n/a	n/a	n/a	n/a	633.310996	n/a
633.308511	0.000000	253323	ttl	1	n/a	n/a	n/a	n/a	n/a	n/a	n/a	n/a	n/a	n/a	n/a	n/a	n/a	n/a	n/a	n/a	n/a	n/a	n/a	n/a	633.310996	n/a
633.318511	0.000000	253327	stimulus_presentation	n/a	0	n/a	n/a	n/a	n/a	n/a	n/a	n/a	n/a	n/a	n/a	n/a	n/a	n/a	n/a	n/a	n/a	n/a	n/a	n/a	633.320996	n/a
633.328511	0.000000	253331	stimulus_presentation	n/a	0	n/a	n/a	n/a	n/a	n/a	n/a	n/a	n/a	n/a	n/a	n/a	n/a	n/a	n/a	n/a	n/a	n/a	n/a	n/a	633.330996	n/a
635.324666	0.000000	254130	ttl	6	n/a	n/a	n/a	n/a	n/a	n/a	n/a	n/a	n/a	n/a	n/a	n/a	n/a	n/a	n/a	n/a	n/a	n/a	n/a	n/a	635.327151	n/a
637.907853	0.000000	255163	stimulus_presentation	n/a	195	n/a	n/a	n/a	n/a	n/a	n/a	n/a	n/a	n/a	n/a	n/a	n/a	n/a	n/a	n/a	n/a	n/a	n/a	n/a	637.910338	n/a
637.907853	0.000000	255163	ttl	7	n/a	n/a	n/a	n/a	n/a	n/a	n/a	n/a	n/a	n/a	n/a	n/a	n/a	n/a	n/a	n/a	n/a	n/a	n/a	n/a	637.910338	n/a
638.710634	0.000000	255484	ttl	8	n/a	n/a	n/a	n/a	n/a	n/a	n/a	n/a	n/a	n/a	n/a	n/a	n/a	n/a	n/a	n/a	n/a	n/a	n/a	n/a	638.713119	n/a
638.757071	6.815872	255503	sternberg_trial	n/a	n/a	432	0	0	527	1	0	1	639.909368	641.9256799999999	0.0	0.0	0.0	0.0	638.759556	641.9256799999999	644.609023	645.575428	intervals/trials	69	638.759556	645.575428
638.757071	0.000000	255503	ttl	11	n/a	n/a	n/a	n/a	n/a	n/a	n/a	n/a	n/a	n/a	n/a	n/a	n/a	n/a	n/a	n/a	n/a	n/a	n/a	n/a	638.759556	n/a
639.906883	0.000000	255963	stimulus_presentation	n/a	202	n/a	n/a	n/a	n/a	n/a	n/a	n/a	n/a	n/a	n/a	n/a	n/a	n/a	n/a	n/a	n/a	n/a	n/a	n/a	639.909368	n/a
639.906883	0.000000	255963	ttl	1	n/a	n/a	n/a	n/a	n/a	n/a	n/a	n/a	n/a	n/a	n/a	n/a	n/a	n/a	n/a	n/a	n/a	n/a	n/a	n/a	639.909368	n/a
639.916883	0.000000	255967	stimulus_presentation	n/a	0	n/a	n/a	n/a	n/a	n/a	n/a	n/a	n/a	n/a	n/a	n/a	n/a	n/a	n/a	n/a	n/a	n/a	n/a	n/a	639.919368	n/a
639.926883	0.000000	255971	stimulus_presentation	n/a	0	n/a	n/a	n/a	n/a	n/a	n/a	n/a	n/a	n/a	n/a	n/a	n/a	n/a	n/a	n/a	n/a	n/a	n/a	n/a	639.929368	n/a
641.923195	0.000000	256769	ttl	6	n/a	n/a	n/a	n/a	n/a	n/a	n/a	n/a	n/a	n/a	n/a	n/a	n/a	n/a	n/a	n/a	n/a	n/a	n/a	n/a	641.925680	n/a
644.606538	0.000000	257843	stimulus_presentation	n/a	252	n/a	n/a	n/a	n/a	n/a	n/a	n/a	n/a	n/a	n/a	n/a	n/a	n/a	n/a	n/a	n/a	n/a	n/a	n/a	644.609023	n/a
644.606538	0.000000	257843	ttl	7	n/a	n/a	n/a	n/a	n/a	n/a	n/a	n/a	n/a	n/a	n/a	n/a	n/a	n/a	n/a	n/a	n/a	n/a	n/a	n/a	644.609023	n/a
645.572943	0.000000	258229	ttl	8	n/a	n/a	n/a	n/a	n/a	n/a	n/a	n/a	n/a	n/a	n/a	n/a	n/a	n/a	n/a	n/a	n/a	n/a	n/a	n/a	645.575428	n/a
707.077825	10.702121	282831	sternberg_trial	n/a	n/a	125	433	530	530	3	1	1	708.0797779999999	710.095996	710.296027	712.312402	712.328995	714.345182	707.0803099999999	714.345182	717.028462	717.782431	intervals/trials	70	707.080310	717.782431
707.077825	0.000000	282831	ttl	11	n/a	n/a	n/a	n/a	n/a	n/a	n/a	n/a	n/a	n/a	n/a	n/a	n/a	n/a	n/a	n/a	n/a	n/a	n/a	n/a	707.080310	n/a
708.077293	0.000000	283231	stimulus_presentation	n/a	25	n/a	n/a	n/a	n/a	n/a	n/a	n/a	n/a	n/a	n/a	n/a	n/a	n/a	n/a	n/a	n/a	n/a	n/a	n/a	708.079778	n/a
708.077293	0.000000	283231	ttl	1	n/a	n/a	n/a	n/a	n/a	n/a	n/a	n/a	n/a	n/a	n/a	n/a	n/a	n/a	n/a	n/a	n/a	n/a	n/a	n/a	708.079778	n/a
710.093511	0.000000	284037	ttl	5	n/a	n/a	n/a	n/a	n/a	n/a	n/a	n/a	n/a	n/a	n/a	n/a	n/a	n/a	n/a	n/a	n/a	n/a	n/a	n/a	710.095996	n/a
710.293542	0.000000	284117	stimulus_presentation	n/a	203	n/a	n/a	n/a	n/a	n/a	n/a	n/a	n/a	n/a	n/a	n/a	n/a	n/a	n/a	n/a	n/a	n/a	n/a	n/a	710.296027	n/a
710.293542	0.000000	284117	ttl	2	n/a	n/a	n/a	n/a	n/a	n/a	n/a	n/a	n/a	n/a	n/a	n/a	n/a	n/a	n/a	n/a	n/a	n/a	n/a	n/a	710.296027	n/a
712.309917	0.000000	284924	ttl	5	n/a	n/a	n/a	n/a	n/a	n/a	n/a	n/a	n/a	n/a	n/a	n/a	n/a	n/a	n/a	n/a	n/a	n/a	n/a	n/a	712.312402	n/a
712.326510	0.000000	284931	stimulus_presentation	n/a	255	n/a	n/a	n/a	n/a	n/a	n/a	n/a	n/a	n/a	n/a	n/a	n/a	n/a	n/a	n/a	n/a	n/a	n/a	n/a	712.328995	n/a
712.326510	0.000000	284931	ttl	3	n/a	n/a	n/a	n/a	n/a	n/a	n/a	n/a	n/a	n/a	n/a	n/a	n/a	n/a	n/a	n/a	n/a	n/a	n/a	n/a	712.328995	n/a
714.342697	0.000000	285737	ttl	6	n/a	n/a	n/a	n/a	n/a	n/a	n/a	n/a	n/a	n/a	n/a	n/a	n/a	n/a	n/a	n/a	n/a	n/a	n/a	n/a	714.345182	n/a
717.025977	0.000000	286810	stimulus_presentation	n/a	255	n/a	n/a	n/a	n/a	n/a	n/a	n/a	n/a	n/a	n/a	n/a	n/a	n/a	n/a	n/a	n/a	n/a	n/a	n/a	717.028462	n/a
717.025977	0.000000	286810	ttl	7	n/a	n/a	n/a	n/a	n/a	n/a	n/a	n/a	n/a	n/a	n/a	n/a	n/a	n/a	n/a	n/a	n/a	n/a	n/a	n/a	717.028462	n/a
717.779946	0.000000	287112	ttl	8	n/a	n/a	n/a	n/a	n/a	n/a	n/a	n/a	n/a	n/a	n/a	n/a	n/a	n/a	n/a	n/a	n/a	n/a	n/a	n/a	717.782431	n/a
717.825321	7.584778	287130	sternberg_trial	n/a	n/a	126	0	0	210	1	0	1	718.894368	720.910679	0.0	0.0	0.0	0.0	717.827806	720.910679	723.6439909999999	725.4125839999999	intervals/trials	71	717.827806	725.412584
717.825321	0.000000	287130	ttl	11	n/a	n/a	n/a	n/a	n/a	n/a	n/a	n/a	n/a	n/a	n/a	n/a	n/a	n/a	n/a	n/a	n/a	n/a	n/a	n/a	717.827806	n/a
718.891883	0.000000	287557	stimulus_presentation	n/a	26	n/a	n/a	n/a	n/a	n/a	n/a	n/a	n/a	n/a	n/a	n/a	n/a	n/a	n/a	n/a	n/a	n/a	n/a	n/a	718.894368	n/a
718.891883	0.000000	287557	ttl	1	n/a	n/a	n/a	n/a	n/a	n/a	n/a	n/a	n/a	n/a	n/a	n/a	n/a	n/a	n/a	n/a	n/a	n/a	n/a	n/a	718.894368	n/a
718.901883	0.000000	287561	stimulus_presentation	n/a	0	n/a	n/a	n/a	n/a	n/a	n/a	n/a	n/a	n/a	n/a	n/a	n/a	n/a	n/a	n/a	n/a	n/a	n/a	n/a	718.904368	n/a
718.911883	0.000000	287565	stimulus_presentation	n/a	0	n/a	n/a	n/a	n/a	n/a	n/a	n/a	n/a	n/a	n/a	n/a	n/a	n/a	n/a	n/a	n/a	n/a	n/a	n/a	718.914368	n/a
720.908194	0.000000	288363	ttl	6	n/a	n/a	n/a	n/a	n/a	n/a	n/a	n/a	n/a	n/a	n/a	n/a	n/a	n/a	n/a	n/a	n/a	n/a	n/a	n/a	720.910679	n/a
723.641506	0.000000	289457	stimulus_presentation	n/a	67	n/a	n/a	n/a	n/a	n/a	n/a	n/a	n/a	n/a	n/a	n/a	n/a	n/a	n/a	n/a	n/a	n/a	n/a	n/a	723.643991	n/a
723.641506	0.000000	289457	ttl	7	n/a	n/a	n/a	n/a	n/a	n/a	n/a	n/a	n/a	n/a	n/a	n/a	n/a	n/a	n/a	n/a	n/a	n/a	n/a	n/a	723.643991	n/a
725.410099	0.000000	290164	ttl	8	n/a	n/a	n/a	n/a	n/a	n/a	n/a	n/a	n/a	n/a	n/a	n/a	n/a	n/a	n/a	n/a	n/a	n/a	n/a	n/a	725.412584	n/a
725.457224	12.877745	290183	sternberg_trial	n/a	n/a	127	531	229	531	3	1	0	726.5430829999999	728.559083	728.659083	730.675488	730.7253	732.741581	725.459709	732.741581	735.408361	738.337454	intervals/trials	72	725.459709	738.337454
725.457224	0.000000	290183	ttl	11	n/a	n/a	n/a	n/a	n/a	n/a	n/a	n/a	n/a	n/a	n/a	n/a	n/a	n/a	n/a	n/a	n/a	n/a	n/a	n/a	725.459709	n/a
726.540598	0.000000	290616	stimulus_presentation	n/a	27	n/a	n/a	n/a	n/a	n/a	n/a	n/a	n/a	n/a	n/a	n/a	n/a	n/a	n/a	n/a	n/a	n/a	n/a	n/a	726.543083	n/a
726.540598	0.000000	290616	ttl	1	n/a	n/a	n/a	n/a	n/a	n/a	n/a	n/a	n/a	n/a	n/a	n/a	n/a	n/a	n/a	n/a	n/a	n/a	n/a	n/a	726.543083	n/a
728.556598	0.000000	291423	ttl	5	n/a	n/a	n/a	n/a	n/a	n/a	n/a	n/a	n/a	n/a	n/a	n/a	n/a	n/a	n/a	n/a	n/a	n/a	n/a	n/a	728.559083	n/a
728.656598	0.000000	291463	stimulus_presentation	n/a	256	n/a	n/a	n/a	n/a	n/a	n/a	n/a	n/a	n/a	n/a	n/a	n/a	n/a	n/a	n/a	n/a	n/a	n/a	n/a	728.659083	n/a
728.656598	0.000000	291463	ttl	2	n/a	n/a	n/a	n/a	n/a	n/a	n/a	n/a	n/a	n/a	n/a	n/a	n/a	n/a	n/a	n/a	n/a	n/a	n/a	n/a	728.659083	n/a
730.673003	0.000000	292269	ttl	5	n/a	n/a	n/a	n/a	n/a	n/a	n/a	n/a	n/a	n/a	n/a	n/a	n/a	n/a	n/a	n/a	n/a	n/a	n/a	n/a	730.675488	n/a
730.722815	0.000000	292289	stimulus_presentation	n/a	86	n/a	n/a	n/a	n/a	n/a	n/a	n/a	n/a	n/a	n/a	n/a	n/a	n/a	n/a	n/a	n/a	n/a	n/a	n/a	730.725300	n/a
730.722815	0.000000	292289	ttl	3	n/a	n/a	n/a	n/a	n/a	n/a	n/a	n/a	n/a	n/a	n/a	n/a	n/a	n/a	n/a	n/a	n/a	n/a	n/a	n/a	730.725300	n/a
732.739096	0.000000	293096	ttl	6	n/a	n/a	n/a	n/a	n/a	n/a	n/a	n/a	n/a	n/a	n/a	n/a	n/a	n/a	n/a	n/a	n/a	n/a	n/a	n/a	732.741581	n/a
735.405876	0.000000	294162	stimulus_presentation	n/a	256	n/a	n/a	n/a	n/a	n/a	n/a	n/a	n/a	n/a	n/a	n/a	n/a	n/a	n/a	n/a	n/a	n/a	n/a	n/a	735.408361	n/a
735.405876	0.000000	294162	ttl	7	n/a	n/a	n/a	n/a	n/a	n/a	n/a	n/a	n/a	n/a	n/a	n/a	n/a	n/a	n/a	n/a	n/a	n/a	n/a	n/a	735.408361	n/a
738.334969	0.000000	295334	ttl	8	n/a	n/a	n/a	n/a	n/a	n/a	n/a	n/a	n/a	n/a	n/a	n/a	n/a	n/a	n/a	n/a	n/a	n/a	n/a	n/a	738.337454	n/a
738.387719	11.528589	295355	sternberg_trial	n/a	n/a	434	128	230	230	3	1	1	739.423547	741.439984	741.640077	743.65617	743.7230139999999	745.739326	738.3902039999999	745.739326	748.439231	749.9187929999999	intervals/trials	73	738.390204	749.918793
738.387719	0.000000	295355	ttl	11	n/a	n/a	n/a	n/a	n/a	n/a	n/a	n/a	n/a	n/a	n/a	n/a	n/a	n/a	n/a	n/a	n/a	n/a	n/a	n/a	738.390204	n/a
739.421062	0.000000	295768	stimulus_presentation	n/a	204	n/a	n/a	n/a	n/a	n/a	n/a	n/a	n/a	n/a	n/a	n/a	n/a	n/a	n/a	n/a	n/a	n/a	n/a	n/a	739.423547	n/a
739.421062	0.000000	295768	ttl	1	n/a	n/a	n/a	n/a	n/a	n/a	n/a	n/a	n/a	n/a	n/a	n/a	n/a	n/a	n/a	n/a	n/a	n/a	n/a	n/a	739.423547	n/a
741.437499	0.000000	296575	ttl	5	n/a	n/a	n/a	n/a	n/a	n/a	n/a	n/a	n/a	n/a	n/a	n/a	n/a	n/a	n/a	n/a	n/a	n/a	n/a	n/a	741.439984	n/a
741.637592	0.000000	296655	stimulus_presentation	n/a	28	n/a	n/a	n/a	n/a	n/a	n/a	n/a	n/a	n/a	n/a	n/a	n/a	n/a	n/a	n/a	n/a	n/a	n/a	n/a	741.640077	n/a
741.637592	0.000000	296655	ttl	2	n/a	n/a	n/a	n/a	n/a	n/a	n/a	n/a	n/a	n/a	n/a	n/a	n/a	n/a	n/a	n/a	n/a	n/a	n/a	n/a	741.640077	n/a
743.653685	0.000000	297461	ttl	5	n/a	n/a	n/a	n/a	n/a	n/a	n/a	n/a	n/a	n/a	n/a	n/a	n/a	n/a	n/a	n/a	n/a	n/a	n/a	n/a	743.656170	n/a
743.720529	0.000000	297488	stimulus_presentation	n/a	87	n/a	n/a	n/a	n/a	n/a	n/a	n/a	n/a	n/a	n/a	n/a	n/a	n/a	n/a	n/a	n/a	n/a	n/a	n/a	743.723014	n/a
743.720529	0.000000	297488	ttl	3	n/a	n/a	n/a	n/a	n/a	n/a	n/a	n/a	n/a	n/a	n/a	n/a	n/a	n/a	n/a	n/a	n/a	n/a	n/a	n/a	743.723014	n/a
745.736841	0.000000	298295	ttl	6	n/a	n/a	n/a	n/a	n/a	n/a	n/a	n/a	n/a	n/a	n/a	n/a	n/a	n/a	n/a	n/a	n/a	n/a	n/a	n/a	745.739326	n/a
748.436746	0.000000	299375	stimulus_presentation	n/a	87	n/a	n/a	n/a	n/a	n/a	n/a	n/a	n/a	n/a	n/a	n/a	n/a	n/a	n/a	n/a	n/a	n/a	n/a	n/a	748.439231	n/a
748.436746	0.000000	299375	ttl	7	n/a	n/a	n/a	n/a	n/a	n/a	n/a	n/a	n/a	n/a	n/a	n/a	n/a	n/a	n/a	n/a	n/a	n/a	n/a	n/a	748.439231	n/a
749.916308	0.000000	299967	ttl	8	n/a	n/a	n/a	n/a	n/a	n/a	n/a	n/a	n/a	n/a	n/a	n/a	n/a	n/a	n/a	n/a	n/a	n/a	n/a	n/a	749.918793	n/a
749.969214	11.368308	299988	sternberg_trial	n/a	n/a	532	326	129	129	3	1	1	751.0215109999999	753.037729	753.187854	755.203978	755.320759	757.336946	749.971699	757.336946	760.020539	761.340007	intervals/trials	74	749.971699	761.340007
749.969214	0.000000	299988	ttl	11	n/a	n/a	n/a	n/a	n/a	n/a	n/a	n/a	n/a	n/a	n/a	n/a	n/a	n/a	n/a	n/a	n/a	n/a	n/a	n/a	749.971699	n/a
751.019026	0.000000	300408	stimulus_presentation	n/a	257	n/a	n/a	n/a	n/a	n/a	n/a	n/a	n/a	n/a	n/a	n/a	n/a	n/a	n/a	n/a	n/a	n/a	n/a	n/a	751.021511	n/a
751.019026	0.000000	300408	ttl	1	n/a	n/a	n/a	n/a	n/a	n/a	n/a	n/a	n/a	n/a	n/a	n/a	n/a	n/a	n/a	n/a	n/a	n/a	n/a	n/a	751.021511	n/a
753.035244	0.000000	301214	ttl	5	n/a	n/a	n/a	n/a	n/a	n/a	n/a	n/a	n/a	n/a	n/a	n/a	n/a	n/a	n/a	n/a	n/a	n/a	n/a	n/a	753.037729	n/a
753.185369	0.000000	301274	stimulus_presentation	n/a	140	n/a	n/a	n/a	n/a	n/a	n/a	n/a	n/a	n/a	n/a	n/a	n/a	n/a	n/a	n/a	n/a	n/a	n/a	n/a	753.187854	n/a
753.185369	0.000000	301274	ttl	2	n/a	n/a	n/a	n/a	n/a	n/a	n/a	n/a	n/a	n/a	n/a	n/a	n/a	n/a	n/a	n/a	n/a	n/a	n/a	n/a	753.187854	n/a
755.201493	0.000000	302081	ttl	5	n/a	n/a	n/a	n/a	n/a	n/a	n/a	n/a	n/a	n/a	n/a	n/a	n/a	n/a	n/a	n/a	n/a	n/a	n/a	n/a	755.203978	n/a
755.318274	0.000000	302127	stimulus_presentation	n/a	29	n/a	n/a	n/a	n/a	n/a	n/a	n/a	n/a	n/a	n/a	n/a	n/a	n/a	n/a	n/a	n/a	n/a	n/a	n/a	755.320759	n/a
755.318274	0.000000	302127	ttl	3	n/a	n/a	n/a	n/a	n/a	n/a	n/a	n/a	n/a	n/a	n/a	n/a	n/a	n/a	n/a	n/a	n/a	n/a	n/a	n/a	755.320759	n/a
757.334461	0.000000	302934	ttl	6	n/a	n/a	n/a	n/a	n/a	n/a	n/a	n/a	n/a	n/a	n/a	n/a	n/a	n/a	n/a	n/a	n/a	n/a	n/a	n/a	757.336946	n/a
760.018054	0.000000	304007	stimulus_presentation	n/a	29	n/a	n/a	n/a	n/a	n/a	n/a	n/a	n/a	n/a	n/a	n/a	n/a	n/a	n/a	n/a	n/a	n/a	n/a	n/a	760.020539	n/a
760.018054	0.000000	304007	ttl	7	n/a	n/a	n/a	n/a	n/a	n/a	n/a	n/a	n/a	n/a	n/a	n/a	n/a	n/a	n/a	n/a	n/a	n/a	n/a	n/a	760.020539	n/a
761.337522	0.000000	304535	ttl	8	n/a	n/a	n/a	n/a	n/a	n/a	n/a	n/a	n/a	n/a	n/a	n/a	n/a	n/a	n/a	n/a	n/a	n/a	n/a	n/a	761.340007	n/a
761.383678	7.264185	304553	sternberg_trial	n/a	n/a	130	0	0	130	1	1	1	762.5029129999999	764.518912	0.0	0.0	0.0	0.0	761.386163	764.518912	767.252317	768.650348	intervals/trials	75	761.386163	768.650348
761.383678	0.000000	304553	ttl	11	n/a	n/a	n/a	n/a	n/a	n/a	n/a	n/a	n/a	n/a	n/a	n/a	n/a	n/a	n/a	n/a	n/a	n/a	n/a	n/a	761.386163	n/a
762.500428	0.000000	305000	stimulus_presentation	n/a	30	n/a	n/a	n/a	n/a	n/a	n/a	n/a	n/a	n/a	n/a	n/a	n/a	n/a	n/a	n/a	n/a	n/a	n/a	n/a	762.502913	n/a
762.500428	0.000000	305000	ttl	1	n/a	n/a	n/a	n/a	n/a	n/a	n/a	n/a	n/a	n/a	n/a	n/a	n/a	n/a	n/a	n/a	n/a	n/a	n/a	n/a	762.502913	n/a
762.510428	0.000000	305004	stimulus_presentation	n/a	0	n/a	n/a	n/a	n/a	n/a	n/a	n/a	n/a	n/a	n/a	n/a	n/a	n/a	n/a	n/a	n/a	n/a	n/a	n/a	762.512913	n/a
762.520428	0.000000	305008	stimulus_presentation	n/a	0	n/a	n/a	n/a	n/a	n/a	n/a	n/a	n/a	n/a	n/a	n/a	n/a	n/a	n/a	n/a	n/a	n/a	n/a	n/a	762.522913	n/a
764.516427	0.000000	305807	ttl	6	n/a	n/a	n/a	n/a	n/a	n/a	n/a	n/a	n/a	n/a	n/a	n/a	n/a	n/a	n/a	n/a	n/a	n/a	n/a	n/a	764.518912	n/a
767.249832	0.000000	306900	stimulus_presentation	n/a	30	n/a	n/a	n/a	n/a	n/a	n/a	n/a	n/a	n/a	n/a	n/a	n/a	n/a	n/a	n/a	n/a	n/a	n/a	n/a	767.252317	n/a
767.249832	0.000000	306900	ttl	7	n/a	n/a	n/a	n/a	n/a	n/a	n/a	n/a	n/a	n/a	n/a	n/a	n/a	n/a	n/a	n/a	n/a	n/a	n/a	n/a	767.252317	n/a
768.647863	0.000000	307459	ttl	8	n/a	n/a	n/a	n/a	n/a	n/a	n/a	n/a	n/a	n/a	n/a	n/a	n/a	n/a	n/a	n/a	n/a	n/a	n/a	n/a	768.650348	n/a
768.698894	11.098339	307480	sternberg_trial	n/a	n/a	327	231	131	131	3	1	1	769.668316	771.684253	771.8174399999999	773.833752	773.933689	775.950032	768.701379	775.950032	778.650344	779.799718	intervals/trials	76	768.701379	779.799718
768.698894	0.000000	307480	ttl	11	n/a	n/a	n/a	n/a	n/a	n/a	n/a	n/a	n/a	n/a	n/a	n/a	n/a	n/a	n/a	n/a	n/a	n/a	n/a	n/a	768.701379	n/a
769.665831	0.000000	307866	stimulus_presentation	n/a	141	n/a	n/a	n/a	n/a	n/a	n/a	n/a	n/a	n/a	n/a	n/a	n/a	n/a	n/a	n/a	n/a	n/a	n/a	n/a	769.668316	n/a
769.665831	0.000000	307866	ttl	1	n/a	n/a	n/a	n/a	n/a	n/a	n/a	n/a	n/a	n/a	n/a	n/a	n/a	n/a	n/a	n/a	n/a	n/a	n/a	n/a	769.668316	n/a
771.681768	0.000000	308673	ttl	5	n/a	n/a	n/a	n/a	n/a	n/a	n/a	n/a	n/a	n/a	n/a	n/a	n/a	n/a	n/a	n/a	n/a	n/a	n/a	n/a	771.684253	n/a
771.814955	0.000000	308726	stimulus_presentation	n/a	88	n/a	n/a	n/a	n/a	n/a	n/a	n/a	n/a	n/a	n/a	n/a	n/a	n/a	n/a	n/a	n/a	n/a	n/a	n/a	771.817440	n/a
771.814955	0.000000	308726	ttl	2	n/a	n/a	n/a	n/a	n/a	n/a	n/a	n/a	n/a	n/a	n/a	n/a	n/a	n/a	n/a	n/a	n/a	n/a	n/a	n/a	771.817440	n/a
773.831267	0.000000	309533	ttl	5	n/a	n/a	n/a	n/a	n/a	n/a	n/a	n/a	n/a	n/a	n/a	n/a	n/a	n/a	n/a	n/a	n/a	n/a	n/a	n/a	773.833752	n/a
773.931204	0.000000	309572	stimulus_presentation	n/a	31	n/a	n/a	n/a	n/a	n/a	n/a	n/a	n/a	n/a	n/a	n/a	n/a	n/a	n/a	n/a	n/a	n/a	n/a	n/a	773.933689	n/a
773.931204	0.000000	309572	ttl	3	n/a	n/a	n/a	n/a	n/a	n/a	n/a	n/a	n/a	n/a	n/a	n/a	n/a	n/a	n/a	n/a	n/a	n/a	n/a	n/a	773.933689	n/a
775.947547	0.000000	310379	ttl	6	n/a	n/a	n/a	n/a	n/a	n/a	n/a	n/a	n/a	n/a	n/a	n/a	n/a	n/a	n/a	n/a	n/a	n/a	n/a	n/a	775.950032	n/a
778.647859	0.000000	311459	stimulus_presentation	n/a	31	n/a	n/a	n/a	n/a	n/a	n/a	n/a	n/a	n/a	n/a	n/a	n/a	n/a	n/a	n/a	n/a	n/a	n/a	n/a	778.650344	n/a
778.647859	0.000000	311459	ttl	7	n/a	n/a	n/a	n/a	n/a	n/a	n/a	n/a	n/a	n/a	n/a	n/a	n/a	n/a	n/a	n/a	n/a	n/a	n/a	n/a	778.650344	n/a
779.797233	0.000000	311919	ttl	8	n/a	n/a	n/a	n/a	n/a	n/a	n/a	n/a	n/a	n/a	n/a	n/a	n/a	n/a	n/a	n/a	n/a	n/a	n/a	n/a	779.799718	n/a
779.846827	6.620872	311939	sternberg_trial	n/a	n/a	533	0	0	533	1	1	1	780.9325299999999	782.948779	0.0	0.0	0.0	0.0	779.8493119999999	782.948779	785.648778	786.470184	intervals/trials	77	779.849312	786.470184
779.846827	0.000000	311939	ttl	11	n/a	n/a	n/a	n/a	n/a	n/a	n/a	n/a	n/a	n/a	n/a	n/a	n/a	n/a	n/a	n/a	n/a	n/a	n/a	n/a	779.849312	n/a
780.930045	0.000000	312372	stimulus_presentation	n/a	258	n/a	n/a	n/a	n/a	n/a	n/a	n/a	n/a	n/a	n/a	n/a	n/a	n/a	n/a	n/a	n/a	n/a	n/a	n/a	780.932530	n/a
780.930045	0.000000	312372	ttl	1	n/a	n/a	n/a	n/a	n/a	n/a	n/a	n/a	n/a	n/a	n/a	n/a	n/a	n/a	n/a	n/a	n/a	n/a	n/a	n/a	780.932530	n/a
780.940045	0.000000	312376	stimulus_presentation	n/a	0	n/a	n/a	n/a	n/a	n/a	n/a	n/a	n/a	n/a	n/a	n/a	n/a	n/a	n/a	n/a	n/a	n/a	n/a	n/a	780.942530	n/a
780.950045	0.000000	312380	stimulus_presentation	n/a	0	n/a	n/a	n/a	n/a	n/a	n/a	n/a	n/a	n/a	n/a	n/a	n/a	n/a	n/a	n/a	n/a	n/a	n/a	n/a	780.952530	n/a
782.946294	0.000000	313179	ttl	6	n/a	n/a	n/a	n/a	n/a	n/a	n/a	n/a	n/a	n/a	n/a	n/a	n/a	n/a	n/a	n/a	n/a	n/a	n/a	n/a	782.948779	n/a
785.646293	0.000000	314259	stimulus_presentation	n/a	258	n/a	n/a	n/a	n/a	n/a	n/a	n/a	n/a	n/a	n/a	n/a	n/a	n/a	n/a	n/a	n/a	n/a	n/a	n/a	785.648778	n/a
785.646293	0.000000	314259	ttl	7	n/a	n/a	n/a	n/a	n/a	n/a	n/a	n/a	n/a	n/a	n/a	n/a	n/a	n/a	n/a	n/a	n/a	n/a	n/a	n/a	785.648778	n/a
786.467699	0.000000	314587	ttl	8	n/a	n/a	n/a	n/a	n/a	n/a	n/a	n/a	n/a	n/a	n/a	n/a	n/a	n/a	n/a	n/a	n/a	n/a	n/a	n/a	786.470184	n/a
786.512481	10.848651	314605	sternberg_trial	n/a	n/a	232	328	534	123	3	0	1	787.5813089999999	789.5977459999999	789.730839	791.7472759999999	791.863713	793.880244	786.514966	793.880244	796.630868	797.363617	intervals/trials	78	786.514966	797.363617
786.512481	0.000000	314605	ttl	11	n/a	n/a	n/a	n/a	n/a	n/a	n/a	n/a	n/a	n/a	n/a	n/a	n/a	n/a	n/a	n/a	n/a	n/a	n/a	n/a	786.514966	n/a
787.578824	0.000000	315032	stimulus_presentation	n/a	89	n/a	n/a	n/a	n/a	n/a	n/a	n/a	n/a	n/a	n/a	n/a	n/a	n/a	n/a	n/a	n/a	n/a	n/a	n/a	787.581309	n/a
787.578824	0.000000	315032	ttl	1	n/a	n/a	n/a	n/a	n/a	n/a	n/a	n/a	n/a	n/a	n/a	n/a	n/a	n/a	n/a	n/a	n/a	n/a	n/a	n/a	787.581309	n/a
789.595261	0.000000	315838	ttl	5	n/a	n/a	n/a	n/a	n/a	n/a	n/a	n/a	n/a	n/a	n/a	n/a	n/a	n/a	n/a	n/a	n/a	n/a	n/a	n/a	789.597746	n/a
789.728354	0.000000	315891	stimulus_presentation	n/a	142	n/a	n/a	n/a	n/a	n/a	n/a	n/a	n/a	n/a	n/a	n/a	n/a	n/a	n/a	n/a	n/a	n/a	n/a	n/a	789.730839	n/a
789.728354	0.000000	315891	ttl	2	n/a	n/a	n/a	n/a	n/a	n/a	n/a	n/a	n/a	n/a	n/a	n/a	n/a	n/a	n/a	n/a	n/a	n/a	n/a	n/a	789.730839	n/a
791.744791	0.000000	316698	ttl	5	n/a	n/a	n/a	n/a	n/a	n/a	n/a	n/a	n/a	n/a	n/a	n/a	n/a	n/a	n/a	n/a	n/a	n/a	n/a	n/a	791.747276	n/a
791.861228	0.000000	316744	stimulus_presentation	n/a	259	n/a	n/a	n/a	n/a	n/a	n/a	n/a	n/a	n/a	n/a	n/a	n/a	n/a	n/a	n/a	n/a	n/a	n/a	n/a	791.863713	n/a
791.861228	0.000000	316744	ttl	3	n/a	n/a	n/a	n/a	n/a	n/a	n/a	n/a	n/a	n/a	n/a	n/a	n/a	n/a	n/a	n/a	n/a	n/a	n/a	n/a	791.863713	n/a
793.877759	0.000000	317551	ttl	6	n/a	n/a	n/a	n/a	n/a	n/a	n/a	n/a	n/a	n/a	n/a	n/a	n/a	n/a	n/a	n/a	n/a	n/a	n/a	n/a	793.880244	n/a
796.628383	0.000000	318651	stimulus_presentation	n/a	23	n/a	n/a	n/a	n/a	n/a	n/a	n/a	n/a	n/a	n/a	n/a	n/a	n/a	n/a	n/a	n/a	n/a	n/a	n/a	796.630868	n/a
796.628383	0.000000	318651	ttl	7	n/a	n/a	n/a	n/a	n/a	n/a	n/a	n/a	n/a	n/a	n/a	n/a	n/a	n/a	n/a	n/a	n/a	n/a	n/a	n/a	796.630868	n/a
797.361132	0.000000	318944	ttl	8	n/a	n/a	n/a	n/a	n/a	n/a	n/a	n/a	n/a	n/a	n/a	n/a	n/a	n/a	n/a	n/a	n/a	n/a	n/a	n/a	797.363617	n/a
797.410070	12.572026	318964	sternberg_trial	n/a	n/a	435	233	132	435	3	1	1	798.529367	800.545429	800.695522	802.7117089999999	802.82849	804.844583	797.412555	804.844583	807.561801	809.9845809999999	intervals/trials	79	797.412555	809.984581
797.410070	0.000000	318964	ttl	11	n/a	n/a	n/a	n/a	n/a	n/a	n/a	n/a	n/a	n/a	n/a	n/a	n/a	n/a	n/a	n/a	n/a	n/a	n/a	n/a	797.412555	n/a
798.526882	0.000000	319411	stimulus_presentation	n/a	205	n/a	n/a	n/a	n/a	n/a	n/a	n/a	n/a	n/a	n/a	n/a	n/a	n/a	n/a	n/a	n/a	n/a	n/a	n/a	798.529367	n/a
798.526882	0.000000	319411	ttl	1	n/a	n/a	n/a	n/a	n/a	n/a	n/a	n/a	n/a	n/a	n/a	n/a	n/a	n/a	n/a	n/a	n/a	n/a	n/a	n/a	798.529367	n/a
800.542944	0.000000	320217	ttl	5	n/a	n/a	n/a	n/a	n/a	n/a	n/a	n/a	n/a	n/a	n/a	n/a	n/a	n/a	n/a	n/a	n/a	n/a	n/a	n/a	800.545429	n/a
800.693037	0.000000	320277	stimulus_presentation	n/a	90	n/a	n/a	n/a	n/a	n/a	n/a	n/a	n/a	n/a	n/a	n/a	n/a	n/a	n/a	n/a	n/a	n/a	n/a	n/a	800.695522	n/a
800.693037	0.000000	320277	ttl	2	n/a	n/a	n/a	n/a	n/a	n/a	n/a	n/a	n/a	n/a	n/a	n/a	n/a	n/a	n/a	n/a	n/a	n/a	n/a	n/a	800.695522	n/a
802.709224	0.000000	321084	ttl	5	n/a	n/a	n/a	n/a	n/a	n/a	n/a	n/a	n/a	n/a	n/a	n/a	n/a	n/a	n/a	n/a	n/a	n/a	n/a	n/a	802.711709	n/a
802.826005	0.000000	321130	stimulus_presentation	n/a	32	n/a	n/a	n/a	n/a	n/a	n/a	n/a	n/a	n/a	n/a	n/a	n/a	n/a	n/a	n/a	n/a	n/a	n/a	n/a	802.828490	n/a
802.826005	0.000000	321130	ttl	3	n/a	n/a	n/a	n/a	n/a	n/a	n/a	n/a	n/a	n/a	n/a	n/a	n/a	n/a	n/a	n/a	n/a	n/a	n/a	n/a	802.828490	n/a
804.842098	0.000000	321937	ttl	6	n/a	n/a	n/a	n/a	n/a	n/a	n/a	n/a	n/a	n/a	n/a	n/a	n/a	n/a	n/a	n/a	n/a	n/a	n/a	n/a	804.844583	n/a
807.559316	0.000000	323024	stimulus_presentation	n/a	205	n/a	n/a	n/a	n/a	n/a	n/a	n/a	n/a	n/a	n/a	n/a	n/a	n/a	n/a	n/a	n/a	n/a	n/a	n/a	807.561801	n/a
807.559316	0.000000	323024	ttl	7	n/a	n/a	n/a	n/a	n/a	n/a	n/a	n/a	n/a	n/a	n/a	n/a	n/a	n/a	n/a	n/a	n/a	n/a	n/a	n/a	807.561801	n/a
809.982096	0.000000	323993	ttl	8	n/a	n/a	n/a	n/a	n/a	n/a	n/a	n/a	n/a	n/a	n/a	n/a	n/a	n/a	n/a	n/a	n/a	n/a	n/a	n/a	809.984581	n/a
810.024690	13.010245	324010	sternberg_trial	n/a	n/a	133	329	234	234	3	1	1	811.143549	813.15958	813.276299	815.29286	815.5093909999999	817.525547	810.0271749999999	817.525547	820.125546	823.03742	intervals/trials	80	810.027175	823.037420
810.024690	0.000000	324010	ttl	11	n/a	n/a	n/a	n/a	n/a	n/a	n/a	n/a	n/a	n/a	n/a	n/a	n/a	n/a	n/a	n/a	n/a	n/a	n/a	n/a	810.027175	n/a
811.141064	0.000000	324456	stimulus_presentation	n/a	33	n/a	n/a	n/a	n/a	n/a	n/a	n/a	n/a	n/a	n/a	n/a	n/a	n/a	n/a	n/a	n/a	n/a	n/a	n/a	811.143549	n/a
811.141064	0.000000	324456	ttl	1	n/a	n/a	n/a	n/a	n/a	n/a	n/a	n/a	n/a	n/a	n/a	n/a	n/a	n/a	n/a	n/a	n/a	n/a	n/a	n/a	811.143549	n/a
813.157095	0.000000	325263	ttl	5	n/a	n/a	n/a	n/a	n/a	n/a	n/a	n/a	n/a	n/a	n/a	n/a	n/a	n/a	n/a	n/a	n/a	n/a	n/a	n/a	813.159580	n/a
813.273814	0.000000	325310	stimulus_presentation	n/a	143	n/a	n/a	n/a	n/a	n/a	n/a	n/a	n/a	n/a	n/a	n/a	n/a	n/a	n/a	n/a	n/a	n/a	n/a	n/a	813.276299	n/a
813.273814	0.000000	325310	ttl	2	n/a	n/a	n/a	n/a	n/a	n/a	n/a	n/a	n/a	n/a	n/a	n/a	n/a	n/a	n/a	n/a	n/a	n/a	n/a	n/a	813.276299	n/a
815.290375	0.000000	326116	ttl	5	n/a	n/a	n/a	n/a	n/a	n/a	n/a	n/a	n/a	n/a	n/a	n/a	n/a	n/a	n/a	n/a	n/a	n/a	n/a	n/a	815.292860	n/a
815.506906	0.000000	326203	stimulus_presentation	n/a	91	n/a	n/a	n/a	n/a	n/a	n/a	n/a	n/a	n/a	n/a	n/a	n/a	n/a	n/a	n/a	n/a	n/a	n/a	n/a	815.509391	n/a
815.506906	0.000000	326203	ttl	3	n/a	n/a	n/a	n/a	n/a	n/a	n/a	n/a	n/a	n/a	n/a	n/a	n/a	n/a	n/a	n/a	n/a	n/a	n/a	n/a	815.509391	n/a
817.523062	0.000000	327009	ttl	6	n/a	n/a	n/a	n/a	n/a	n/a	n/a	n/a	n/a	n/a	n/a	n/a	n/a	n/a	n/a	n/a	n/a	n/a	n/a	n/a	817.525547	n/a
820.123061	0.000000	328049	stimulus_presentation	n/a	91	n/a	n/a	n/a	n/a	n/a	n/a	n/a	n/a	n/a	n/a	n/a	n/a	n/a	n/a	n/a	n/a	n/a	n/a	n/a	820.125546	n/a
820.123061	0.000000	328049	ttl	7	n/a	n/a	n/a	n/a	n/a	n/a	n/a	n/a	n/a	n/a	n/a	n/a	n/a	n/a	n/a	n/a	n/a	n/a	n/a	n/a	820.125546	n/a
823.034935	0.000000	329214	ttl	8	n/a	n/a	n/a	n/a	n/a	n/a	n/a	n/a	n/a	n/a	n/a	n/a	n/a	n/a	n/a	n/a	n/a	n/a	n/a	n/a	823.037420	n/a
823.088841	11.719370	329236	sternberg_trial	n/a	n/a	535	134	235	535	3	1	1	824.0909499999999	826.107137	826.207137	828.2234179999999	828.306793	830.32301	823.091326	830.32301	833.073103	834.810696	intervals/trials	81	823.091326	834.810696
823.088841	0.000000	329236	ttl	11	n/a	n/a	n/a	n/a	n/a	n/a	n/a	n/a	n/a	n/a	n/a	n/a	n/a	n/a	n/a	n/a	n/a	n/a	n/a	n/a	823.091326	n/a
824.088465	0.000000	329635	stimulus_presentation	n/a	260	n/a	n/a	n/a	n/a	n/a	n/a	n/a	n/a	n/a	n/a	n/a	n/a	n/a	n/a	n/a	n/a	n/a	n/a	n/a	824.090950	n/a
824.088465	0.000000	329635	ttl	1	n/a	n/a	n/a	n/a	n/a	n/a	n/a	n/a	n/a	n/a	n/a	n/a	n/a	n/a	n/a	n/a	n/a	n/a	n/a	n/a	824.090950	n/a
826.104652	0.000000	330442	ttl	5	n/a	n/a	n/a	n/a	n/a	n/a	n/a	n/a	n/a	n/a	n/a	n/a	n/a	n/a	n/a	n/a	n/a	n/a	n/a	n/a	826.107137	n/a
826.204652	0.000000	330482	stimulus_presentation	n/a	34	n/a	n/a	n/a	n/a	n/a	n/a	n/a	n/a	n/a	n/a	n/a	n/a	n/a	n/a	n/a	n/a	n/a	n/a	n/a	826.207137	n/a
826.204652	0.000000	330482	ttl	2	n/a	n/a	n/a	n/a	n/a	n/a	n/a	n/a	n/a	n/a	n/a	n/a	n/a	n/a	n/a	n/a	n/a	n/a	n/a	n/a	826.207137	n/a
828.220933	0.000000	331288	ttl	5	n/a	n/a	n/a	n/a	n/a	n/a	n/a	n/a	n/a	n/a	n/a	n/a	n/a	n/a	n/a	n/a	n/a	n/a	n/a	n/a	828.223418	n/a
828.304308	0.000000	331322	stimulus_presentation	n/a	92	n/a	n/a	n/a	n/a	n/a	n/a	n/a	n/a	n/a	n/a	n/a	n/a	n/a	n/a	n/a	n/a	n/a	n/a	n/a	828.306793	n/a
828.304308	0.000000	331322	ttl	3	n/a	n/a	n/a	n/a	n/a	n/a	n/a	n/a	n/a	n/a	n/a	n/a	n/a	n/a	n/a	n/a	n/a	n/a	n/a	n/a	828.306793	n/a
830.320525	0.000000	332128	ttl	6	n/a	n/a	n/a	n/a	n/a	n/a	n/a	n/a	n/a	n/a	n/a	n/a	n/a	n/a	n/a	n/a	n/a	n/a	n/a	n/a	830.323010	n/a
833.070618	0.000000	333228	stimulus_presentation	n/a	260	n/a	n/a	n/a	n/a	n/a	n/a	n/a	n/a	n/a	n/a	n/a	n/a	n/a	n/a	n/a	n/a	n/a	n/a	n/a	833.073103	n/a
833.070618	0.000000	333228	ttl	7	n/a	n/a	n/a	n/a	n/a	n/a	n/a	n/a	n/a	n/a	n/a	n/a	n/a	n/a	n/a	n/a	n/a	n/a	n/a	n/a	833.073103	n/a
834.808211	0.000000	333923	ttl	8	n/a	n/a	n/a	n/a	n/a	n/a	n/a	n/a	n/a	n/a	n/a	n/a	n/a	n/a	n/a	n/a	n/a	n/a	n/a	n/a	834.810696	n/a
834.853117	11.632277	333941	sternberg_trial	n/a	n/a	330	236	536	121	3	0	1	836.055258	838.0716319999999	838.121539	840.1378189999999	840.1710999999999	842.187412	834.855602	842.187412	844.8708799999999	846.4878789999999	intervals/trials	82	834.855602	846.487879
834.853117	0.000000	333941	ttl	11	n/a	n/a	n/a	n/a	n/a	n/a	n/a	n/a	n/a	n/a	n/a	n/a	n/a	n/a	n/a	n/a	n/a	n/a	n/a	n/a	834.855602	n/a
836.052773	0.000000	334421	stimulus_presentation	n/a	144	n/a	n/a	n/a	n/a	n/a	n/a	n/a	n/a	n/a	n/a	n/a	n/a	n/a	n/a	n/a	n/a	n/a	n/a	n/a	836.055258	n/a
836.052773	0.000000	334421	ttl	1	n/a	n/a	n/a	n/a	n/a	n/a	n/a	n/a	n/a	n/a	n/a	n/a	n/a	n/a	n/a	n/a	n/a	n/a	n/a	n/a	836.055258	n/a
838.069147	0.000000	335228	ttl	5	n/a	n/a	n/a	n/a	n/a	n/a	n/a	n/a	n/a	n/a	n/a	n/a	n/a	n/a	n/a	n/a	n/a	n/a	n/a	n/a	838.071632	n/a
838.119054	0.000000	335248	stimulus_presentation	n/a	93	n/a	n/a	n/a	n/a	n/a	n/a	n/a	n/a	n/a	n/a	n/a	n/a	n/a	n/a	n/a	n/a	n/a	n/a	n/a	838.121539	n/a
838.119054	0.000000	335248	ttl	2	n/a	n/a	n/a	n/a	n/a	n/a	n/a	n/a	n/a	n/a	n/a	n/a	n/a	n/a	n/a	n/a	n/a	n/a	n/a	n/a	838.121539	n/a
840.135334	0.000000	336054	ttl	5	n/a	n/a	n/a	n/a	n/a	n/a	n/a	n/a	n/a	n/a	n/a	n/a	n/a	n/a	n/a	n/a	n/a	n/a	n/a	n/a	840.137819	n/a
840.168615	0.000000	336067	stimulus_presentation	n/a	261	n/a	n/a	n/a	n/a	n/a	n/a	n/a	n/a	n/a	n/a	n/a	n/a	n/a	n/a	n/a	n/a	n/a	n/a	n/a	840.171100	n/a
840.168615	0.000000	336067	ttl	3	n/a	n/a	n/a	n/a	n/a	n/a	n/a	n/a	n/a	n/a	n/a	n/a	n/a	n/a	n/a	n/a	n/a	n/a	n/a	n/a	840.171100	n/a
842.184927	0.000000	336874	ttl	6	n/a	n/a	n/a	n/a	n/a	n/a	n/a	n/a	n/a	n/a	n/a	n/a	n/a	n/a	n/a	n/a	n/a	n/a	n/a	n/a	842.187412	n/a
844.868395	0.000000	337947	stimulus_presentation	n/a	21	n/a	n/a	n/a	n/a	n/a	n/a	n/a	n/a	n/a	n/a	n/a	n/a	n/a	n/a	n/a	n/a	n/a	n/a	n/a	844.870880	n/a
844.868395	0.000000	337947	ttl	7	n/a	n/a	n/a	n/a	n/a	n/a	n/a	n/a	n/a	n/a	n/a	n/a	n/a	n/a	n/a	n/a	n/a	n/a	n/a	n/a	844.870880	n/a
846.485394	0.000000	338594	ttl	8	n/a	n/a	n/a	n/a	n/a	n/a	n/a	n/a	n/a	n/a	n/a	n/a	n/a	n/a	n/a	n/a	n/a	n/a	n/a	n/a	846.487879	n/a
846.534081	6.925560	338614	sternberg_trial	n/a	n/a	331	0	0	410	1	0	1	847.686691	849.7027529999999	0.0	0.0	0.0	0.0	846.536566	849.7027529999999	852.3861579999999	853.462126	intervals/trials	83	846.536566	853.462126
846.534081	0.000000	338614	ttl	11	n/a	n/a	n/a	n/a	n/a	n/a	n/a	n/a	n/a	n/a	n/a	n/a	n/a	n/a	n/a	n/a	n/a	n/a	n/a	n/a	846.536566	n/a
847.684206	0.000000	339074	stimulus_presentation	n/a	145	n/a	n/a	n/a	n/a	n/a	n/a	n/a	n/a	n/a	n/a	n/a	n/a	n/a	n/a	n/a	n/a	n/a	n/a	n/a	847.686691	n/a
847.684206	0.000000	339074	ttl	1	n/a	n/a	n/a	n/a	n/a	n/a	n/a	n/a	n/a	n/a	n/a	n/a	n/a	n/a	n/a	n/a	n/a	n/a	n/a	n/a	847.686691	n/a
847.694206	0.000000	339078	stimulus_presentation	n/a	0	n/a	n/a	n/a	n/a	n/a	n/a	n/a	n/a	n/a	n/a	n/a	n/a	n/a	n/a	n/a	n/a	n/a	n/a	n/a	847.696691	n/a
847.704206	0.000000	339082	stimulus_presentation	n/a	0	n/a	n/a	n/a	n/a	n/a	n/a	n/a	n/a	n/a	n/a	n/a	n/a	n/a	n/a	n/a	n/a	n/a	n/a	n/a	847.706691	n/a
849.700268	0.000000	339880	ttl	6	n/a	n/a	n/a	n/a	n/a	n/a	n/a	n/a	n/a	n/a	n/a	n/a	n/a	n/a	n/a	n/a	n/a	n/a	n/a	n/a	849.702753	n/a
852.383673	0.000000	340953	stimulus_presentation	n/a	180	n/a	n/a	n/a	n/a	n/a	n/a	n/a	n/a	n/a	n/a	n/a	n/a	n/a	n/a	n/a	n/a	n/a	n/a	n/a	852.386158	n/a
852.383673	0.000000	340953	ttl	7	n/a	n/a	n/a	n/a	n/a	n/a	n/a	n/a	n/a	n/a	n/a	n/a	n/a	n/a	n/a	n/a	n/a	n/a	n/a	n/a	852.386158	n/a
853.459641	0.000000	341384	ttl	8	n/a	n/a	n/a	n/a	n/a	n/a	n/a	n/a	n/a	n/a	n/a	n/a	n/a	n/a	n/a	n/a	n/a	n/a	n/a	n/a	853.462126	n/a
853.499360	6.918716	341400	sternberg_trial	n/a	n/a	537	0	0	128	1	0	1	854.6023759999999	856.618156	0.0	0.0	0.0	0.0	853.501845	856.618156	859.234874	860.4205609999999	intervals/trials	84	853.501845	860.420561
853.499360	0.000000	341400	ttl	11	n/a	n/a	n/a	n/a	n/a	n/a	n/a	n/a	n/a	n/a	n/a	n/a	n/a	n/a	n/a	n/a	n/a	n/a	n/a	n/a	853.501845	n/a
854.599891	0.000000	341840	stimulus_presentation	n/a	262	n/a	n/a	n/a	n/a	n/a	n/a	n/a	n/a	n/a	n/a	n/a	n/a	n/a	n/a	n/a	n/a	n/a	n/a	n/a	854.602376	n/a
854.599891	0.000000	341840	ttl	1	n/a	n/a	n/a	n/a	n/a	n/a	n/a	n/a	n/a	n/a	n/a	n/a	n/a	n/a	n/a	n/a	n/a	n/a	n/a	n/a	854.602376	n/a
854.609891	0.000000	341844	stimulus_presentation	n/a	0	n/a	n/a	n/a	n/a	n/a	n/a	n/a	n/a	n/a	n/a	n/a	n/a	n/a	n/a	n/a	n/a	n/a	n/a	n/a	854.612376	n/a
854.619891	0.000000	341848	stimulus_presentation	n/a	0	n/a	n/a	n/a	n/a	n/a	n/a	n/a	n/a	n/a	n/a	n/a	n/a	n/a	n/a	n/a	n/a	n/a	n/a	n/a	854.622376	n/a
856.615671	0.000000	342646	ttl	6	n/a	n/a	n/a	n/a	n/a	n/a	n/a	n/a	n/a	n/a	n/a	n/a	n/a	n/a	n/a	n/a	n/a	n/a	n/a	n/a	856.618156	n/a
859.232389	0.000000	343693	stimulus_presentation	n/a	28	n/a	n/a	n/a	n/a	n/a	n/a	n/a	n/a	n/a	n/a	n/a	n/a	n/a	n/a	n/a	n/a	n/a	n/a	n/a	859.234874	n/a
859.232389	0.000000	343693	ttl	7	n/a	n/a	n/a	n/a	n/a	n/a	n/a	n/a	n/a	n/a	n/a	n/a	n/a	n/a	n/a	n/a	n/a	n/a	n/a	n/a	859.234874	n/a
860.418076	0.000000	344167	ttl	8	n/a	n/a	n/a	n/a	n/a	n/a	n/a	n/a	n/a	n/a	n/a	n/a	n/a	n/a	n/a	n/a	n/a	n/a	n/a	n/a	860.420561	n/a
860.464763	6.591748	344186	sternberg_trial	n/a	n/a	135	0	0	314	1	0	1	861.417185	863.433716	0.0	0.0	0.0	0.0	860.4672479999999	863.433716	866.150277	867.058996	intervals/trials	85	860.467248	867.058996
860.464763	0.000000	344186	ttl	11	n/a	n/a	n/a	n/a	n/a	n/a	n/a	n/a	n/a	n/a	n/a	n/a	n/a	n/a	n/a	n/a	n/a	n/a	n/a	n/a	860.467248	n/a
861.414700	0.000000	344566	stimulus_presentation	n/a	35	n/a	n/a	n/a	n/a	n/a	n/a	n/a	n/a	n/a	n/a	n/a	n/a	n/a	n/a	n/a	n/a	n/a	n/a	n/a	861.417185	n/a
861.414700	0.000000	344566	ttl	1	n/a	n/a	n/a	n/a	n/a	n/a	n/a	n/a	n/a	n/a	n/a	n/a	n/a	n/a	n/a	n/a	n/a	n/a	n/a	n/a	861.417185	n/a
861.424700	0.000000	344570	stimulus_presentation	n/a	0	n/a	n/a	n/a	n/a	n/a	n/a	n/a	n/a	n/a	n/a	n/a	n/a	n/a	n/a	n/a	n/a	n/a	n/a	n/a	861.427185	n/a
861.434700	0.000000	344574	stimulus_presentation	n/a	0	n/a	n/a	n/a	n/a	n/a	n/a	n/a	n/a	n/a	n/a	n/a	n/a	n/a	n/a	n/a	n/a	n/a	n/a	n/a	861.437185	n/a
863.431231	0.000000	345372	ttl	6	n/a	n/a	n/a	n/a	n/a	n/a	n/a	n/a	n/a	n/a	n/a	n/a	n/a	n/a	n/a	n/a	n/a	n/a	n/a	n/a	863.433716	n/a
866.147792	0.000000	346459	stimulus_presentation	n/a	128	n/a	n/a	n/a	n/a	n/a	n/a	n/a	n/a	n/a	n/a	n/a	n/a	n/a	n/a	n/a	n/a	n/a	n/a	n/a	866.150277	n/a
866.147792	0.000000	346459	ttl	7	n/a	n/a	n/a	n/a	n/a	n/a	n/a	n/a	n/a	n/a	n/a	n/a	n/a	n/a	n/a	n/a	n/a	n/a	n/a	n/a	866.150277	n/a
867.056511	0.000000	346823	ttl	8	n/a	n/a	n/a	n/a	n/a	n/a	n/a	n/a	n/a	n/a	n/a	n/a	n/a	n/a	n/a	n/a	n/a	n/a	n/a	n/a	867.058996	n/a
867.096823	6.726154	346839	sternberg_trial	n/a	n/a	436	0	0	135	1	0	1	868.165902	870.182057	0.0	0.0	0.0	0.0	867.099308	870.182057	872.915587	873.825462	intervals/trials	86	867.099308	873.825462
867.096823	0.000000	346839	ttl	11	n/a	n/a	n/a	n/a	n/a	n/a	n/a	n/a	n/a	n/a	n/a	n/a	n/a	n/a	n/a	n/a	n/a	n/a	n/a	n/a	867.099308	n/a
868.163417	0.000000	347265	stimulus_presentation	n/a	206	n/a	n/a	n/a	n/a	n/a	n/a	n/a	n/a	n/a	n/a	n/a	n/a	n/a	n/a	n/a	n/a	n/a	n/a	n/a	868.165902	n/a
868.163417	0.000000	347265	ttl	1	n/a	n/a	n/a	n/a	n/a	n/a	n/a	n/a	n/a	n/a	n/a	n/a	n/a	n/a	n/a	n/a	n/a	n/a	n/a	n/a	868.165902	n/a
868.173417	0.000000	347269	stimulus_presentation	n/a	0	n/a	n/a	n/a	n/a	n/a	n/a	n/a	n/a	n/a	n/a	n/a	n/a	n/a	n/a	n/a	n/a	n/a	n/a	n/a	868.175902	n/a
868.183417	0.000000	347273	stimulus_presentation	n/a	0	n/a	n/a	n/a	n/a	n/a	n/a	n/a	n/a	n/a	n/a	n/a	n/a	n/a	n/a	n/a	n/a	n/a	n/a	n/a	868.185902	n/a
870.179572	0.000000	348072	ttl	6	n/a	n/a	n/a	n/a	n/a	n/a	n/a	n/a	n/a	n/a	n/a	n/a	n/a	n/a	n/a	n/a	n/a	n/a	n/a	n/a	870.182057	n/a
872.913102	0.000000	349165	stimulus_presentation	n/a	35	n/a	n/a	n/a	n/a	n/a	n/a	n/a	n/a	n/a	n/a	n/a	n/a	n/a	n/a	n/a	n/a	n/a	n/a	n/a	872.915587	n/a
872.913102	0.000000	349165	ttl	7	n/a	n/a	n/a	n/a	n/a	n/a	n/a	n/a	n/a	n/a	n/a	n/a	n/a	n/a	n/a	n/a	n/a	n/a	n/a	n/a	872.915587	n/a
873.822977	0.000000	349529	ttl	8	n/a	n/a	n/a	n/a	n/a	n/a	n/a	n/a	n/a	n/a	n/a	n/a	n/a	n/a	n/a	n/a	n/a	n/a	n/a	n/a	873.825462	n/a
873.862164	6.311404	349545	sternberg_trial	n/a	n/a	332	0	0	518	1	0	1	874.948211	876.9643669999999	0.0	0.0	0.0	0.0	873.864649	876.9643669999999	879.5478969999999	880.1760529999999	intervals/trials	87	873.864649	880.176053
873.862164	0.000000	349545	ttl	11	n/a	n/a	n/a	n/a	n/a	n/a	n/a	n/a	n/a	n/a	n/a	n/a	n/a	n/a	n/a	n/a	n/a	n/a	n/a	n/a	873.864649	n/a
874.945726	0.000000	349978	stimulus_presentation	n/a	146	n/a	n/a	n/a	n/a	n/a	n/a	n/a	n/a	n/a	n/a	n/a	n/a	n/a	n/a	n/a	n/a	n/a	n/a	n/a	874.948211	n/a
874.945726	0.000000	349978	ttl	1	n/a	n/a	n/a	n/a	n/a	n/a	n/a	n/a	n/a	n/a	n/a	n/a	n/a	n/a	n/a	n/a	n/a	n/a	n/a	n/a	874.948211	n/a
874.955726	0.000000	349982	stimulus_presentation	n/a	0	n/a	n/a	n/a	n/a	n/a	n/a	n/a	n/a	n/a	n/a	n/a	n/a	n/a	n/a	n/a	n/a	n/a	n/a	n/a	874.958211	n/a
874.965726	0.000000	349986	stimulus_presentation	n/a	0	n/a	n/a	n/a	n/a	n/a	n/a	n/a	n/a	n/a	n/a	n/a	n/a	n/a	n/a	n/a	n/a	n/a	n/a	n/a	874.968211	n/a
876.961882	0.000000	350785	ttl	6	n/a	n/a	n/a	n/a	n/a	n/a	n/a	n/a	n/a	n/a	n/a	n/a	n/a	n/a	n/a	n/a	n/a	n/a	n/a	n/a	876.964367	n/a
879.545412	0.000000	351818	stimulus_presentation	n/a	243	n/a	n/a	n/a	n/a	n/a	n/a	n/a	n/a	n/a	n/a	n/a	n/a	n/a	n/a	n/a	n/a	n/a	n/a	n/a	879.547897	n/a
879.545412	0.000000	351818	ttl	7	n/a	n/a	n/a	n/a	n/a	n/a	n/a	n/a	n/a	n/a	n/a	n/a	n/a	n/a	n/a	n/a	n/a	n/a	n/a	n/a	879.547897	n/a
880.173568	0.000000	352069	ttl	8	n/a	n/a	n/a	n/a	n/a	n/a	n/a	n/a	n/a	n/a	n/a	n/a	n/a	n/a	n/a	n/a	n/a	n/a	n/a	n/a	880.176053	n/a
880.227787	6.552060	352091	sternberg_trial	n/a	n/a	136	0	0	136	1	1	1	881.230365	883.246677	0.0	0.0	0.0	0.0	880.230272	883.246677	885.9963319999999	886.782332	intervals/trials	88	880.230272	886.782332
880.227787	0.000000	352091	ttl	11	n/a	n/a	n/a	n/a	n/a	n/a	n/a	n/a	n/a	n/a	n/a	n/a	n/a	n/a	n/a	n/a	n/a	n/a	n/a	n/a	880.230272	n/a
881.227880	0.000000	352491	stimulus_presentation	n/a	36	n/a	n/a	n/a	n/a	n/a	n/a	n/a	n/a	n/a	n/a	n/a	n/a	n/a	n/a	n/a	n/a	n/a	n/a	n/a	881.230365	n/a
881.227880	0.000000	352491	ttl	1	n/a	n/a	n/a	n/a	n/a	n/a	n/a	n/a	n/a	n/a	n/a	n/a	n/a	n/a	n/a	n/a	n/a	n/a	n/a	n/a	881.230365	n/a
881.237880	0.000000	352495	stimulus_presentation	n/a	0	n/a	n/a	n/a	n/a	n/a	n/a	n/a	n/a	n/a	n/a	n/a	n/a	n/a	n/a	n/a	n/a	n/a	n/a	n/a	881.240365	n/a
881.247880	0.000000	352499	stimulus_presentation	n/a	0	n/a	n/a	n/a	n/a	n/a	n/a	n/a	n/a	n/a	n/a	n/a	n/a	n/a	n/a	n/a	n/a	n/a	n/a	n/a	881.250365	n/a
883.244192	0.000000	353298	ttl	6	n/a	n/a	n/a	n/a	n/a	n/a	n/a	n/a	n/a	n/a	n/a	n/a	n/a	n/a	n/a	n/a	n/a	n/a	n/a	n/a	883.246677	n/a
885.993847	0.000000	354398	stimulus_presentation	n/a	36	n/a	n/a	n/a	n/a	n/a	n/a	n/a	n/a	n/a	n/a	n/a	n/a	n/a	n/a	n/a	n/a	n/a	n/a	n/a	885.996332	n/a
885.993847	0.000000	354398	ttl	7	n/a	n/a	n/a	n/a	n/a	n/a	n/a	n/a	n/a	n/a	n/a	n/a	n/a	n/a	n/a	n/a	n/a	n/a	n/a	n/a	885.996332	n/a
886.779847	0.000000	354712	ttl	8	n/a	n/a	n/a	n/a	n/a	n/a	n/a	n/a	n/a	n/a	n/a	n/a	n/a	n/a	n/a	n/a	n/a	n/a	n/a	n/a	886.782332	n/a
886.826472	11.086683	354731	sternberg_trial	n/a	n/a	137	333	237	237	3	1	1	887.945644	889.96183	890.0617679999999	892.0781109999999	892.2446729999999	894.26086	886.828957	894.26086	896.9775149999999	897.9156399999999	intervals/trials	89	886.828957	897.915640
886.826472	0.000000	354731	ttl	11	n/a	n/a	n/a	n/a	n/a	n/a	n/a	n/a	n/a	n/a	n/a	n/a	n/a	n/a	n/a	n/a	n/a	n/a	n/a	n/a	886.828957	n/a
887.943159	0.000000	355177	stimulus_presentation	n/a	37	n/a	n/a	n/a	n/a	n/a	n/a	n/a	n/a	n/a	n/a	n/a	n/a	n/a	n/a	n/a	n/a	n/a	n/a	n/a	887.945644	n/a
887.943159	0.000000	355177	ttl	1	n/a	n/a	n/a	n/a	n/a	n/a	n/a	n/a	n/a	n/a	n/a	n/a	n/a	n/a	n/a	n/a	n/a	n/a	n/a	n/a	887.945644	n/a
889.959345	0.000000	355984	ttl	5	n/a	n/a	n/a	n/a	n/a	n/a	n/a	n/a	n/a	n/a	n/a	n/a	n/a	n/a	n/a	n/a	n/a	n/a	n/a	n/a	889.961830	n/a
890.059283	0.000000	356024	stimulus_presentation	n/a	147	n/a	n/a	n/a	n/a	n/a	n/a	n/a	n/a	n/a	n/a	n/a	n/a	n/a	n/a	n/a	n/a	n/a	n/a	n/a	890.061768	n/a
890.059283	0.000000	356024	ttl	2	n/a	n/a	n/a	n/a	n/a	n/a	n/a	n/a	n/a	n/a	n/a	n/a	n/a	n/a	n/a	n/a	n/a	n/a	n/a	n/a	890.061768	n/a
892.075626	0.000000	356830	ttl	5	n/a	n/a	n/a	n/a	n/a	n/a	n/a	n/a	n/a	n/a	n/a	n/a	n/a	n/a	n/a	n/a	n/a	n/a	n/a	n/a	892.078111	n/a
892.242188	0.000000	356897	stimulus_presentation	n/a	94	n/a	n/a	n/a	n/a	n/a	n/a	n/a	n/a	n/a	n/a	n/a	n/a	n/a	n/a	n/a	n/a	n/a	n/a	n/a	892.244673	n/a
892.242188	0.000000	356897	ttl	3	n/a	n/a	n/a	n/a	n/a	n/a	n/a	n/a	n/a	n/a	n/a	n/a	n/a	n/a	n/a	n/a	n/a	n/a	n/a	n/a	892.244673	n/a
894.258375	0.000000	357703	ttl	6	n/a	n/a	n/a	n/a	n/a	n/a	n/a	n/a	n/a	n/a	n/a	n/a	n/a	n/a	n/a	n/a	n/a	n/a	n/a	n/a	894.260860	n/a
896.975030	0.000000	358790	stimulus_presentation	n/a	94	n/a	n/a	n/a	n/a	n/a	n/a	n/a	n/a	n/a	n/a	n/a	n/a	n/a	n/a	n/a	n/a	n/a	n/a	n/a	896.977515	n/a
896.975030	0.000000	358790	ttl	7	n/a	n/a	n/a	n/a	n/a	n/a	n/a	n/a	n/a	n/a	n/a	n/a	n/a	n/a	n/a	n/a	n/a	n/a	n/a	n/a	896.977515	n/a
897.913155	0.000000	359165	ttl	8	n/a	n/a	n/a	n/a	n/a	n/a	n/a	n/a	n/a	n/a	n/a	n/a	n/a	n/a	n/a	n/a	n/a	n/a	n/a	n/a	897.915640	n/a
897.957623	11.936746	359183	sternberg_trial	n/a	n/a	538	138	334	212	3	0	1	899.143295	901.159763	901.2429199999999	903.259106	903.409356	905.425387	897.960108	905.425387	908.125417	909.896854	intervals/trials	90	897.960108	909.896854
897.957623	0.000000	359183	ttl	11	n/a	n/a	n/a	n/a	n/a	n/a	n/a	n/a	n/a	n/a	n/a	n/a	n/a	n/a	n/a	n/a	n/a	n/a	n/a	n/a	897.960108	n/a
899.140810	0.000000	359656	stimulus_presentation	n/a	263	n/a	n/a	n/a	n/a	n/a	n/a	n/a	n/a	n/a	n/a	n/a	n/a	n/a	n/a	n/a	n/a	n/a	n/a	n/a	899.143295	n/a
899.140810	0.000000	359656	ttl	1	n/a	n/a	n/a	n/a	n/a	n/a	n/a	n/a	n/a	n/a	n/a	n/a	n/a	n/a	n/a	n/a	n/a	n/a	n/a	n/a	899.143295	n/a
901.157278	0.000000	360463	ttl	5	n/a	n/a	n/a	n/a	n/a	n/a	n/a	n/a	n/a	n/a	n/a	n/a	n/a	n/a	n/a	n/a	n/a	n/a	n/a	n/a	901.159763	n/a
901.240435	0.000000	360496	stimulus_presentation	n/a	38	n/a	n/a	n/a	n/a	n/a	n/a	n/a	n/a	n/a	n/a	n/a	n/a	n/a	n/a	n/a	n/a	n/a	n/a	n/a	901.242920	n/a
901.240435	0.000000	360496	ttl	2	n/a	n/a	n/a	n/a	n/a	n/a	n/a	n/a	n/a	n/a	n/a	n/a	n/a	n/a	n/a	n/a	n/a	n/a	n/a	n/a	901.242920	n/a
903.256621	0.000000	361303	ttl	5	n/a	n/a	n/a	n/a	n/a	n/a	n/a	n/a	n/a	n/a	n/a	n/a	n/a	n/a	n/a	n/a	n/a	n/a	n/a	n/a	903.259106	n/a
903.406871	0.000000	361363	stimulus_presentation	n/a	148	n/a	n/a	n/a	n/a	n/a	n/a	n/a	n/a	n/a	n/a	n/a	n/a	n/a	n/a	n/a	n/a	n/a	n/a	n/a	903.409356	n/a
903.406871	0.000000	361363	ttl	3	n/a	n/a	n/a	n/a	n/a	n/a	n/a	n/a	n/a	n/a	n/a	n/a	n/a	n/a	n/a	n/a	n/a	n/a	n/a	n/a	903.409356	n/a
905.422902	0.000000	362169	ttl	6	n/a	n/a	n/a	n/a	n/a	n/a	n/a	n/a	n/a	n/a	n/a	n/a	n/a	n/a	n/a	n/a	n/a	n/a	n/a	n/a	905.425387	n/a
908.122932	0.000000	363249	stimulus_presentation	n/a	69	n/a	n/a	n/a	n/a	n/a	n/a	n/a	n/a	n/a	n/a	n/a	n/a	n/a	n/a	n/a	n/a	n/a	n/a	n/a	908.125417	n/a
908.122932	0.000000	363249	ttl	7	n/a	n/a	n/a	n/a	n/a	n/a	n/a	n/a	n/a	n/a	n/a	n/a	n/a	n/a	n/a	n/a	n/a	n/a	n/a	n/a	908.125417	n/a
909.894369	0.000000	363958	ttl	8	n/a	n/a	n/a	n/a	n/a	n/a	n/a	n/a	n/a	n/a	n/a	n/a	n/a	n/a	n/a	n/a	n/a	n/a	n/a	n/a	909.896854	n/a
909.938369	7.010309	363975	sternberg_trial	n/a	n/a	139	0	0	427	1	0	1	911.040884	913.0572589999999	0.0	0.0	0.0	0.0	909.940854	913.0572589999999	915.840789	916.951163	intervals/trials	91	909.940854	916.951163
909.938369	0.000000	363975	ttl	11	n/a	n/a	n/a	n/a	n/a	n/a	n/a	n/a	n/a	n/a	n/a	n/a	n/a	n/a	n/a	n/a	n/a	n/a	n/a	n/a	909.940854	n/a
911.038399	0.000000	364415	stimulus_presentation	n/a	39	n/a	n/a	n/a	n/a	n/a	n/a	n/a	n/a	n/a	n/a	n/a	n/a	n/a	n/a	n/a	n/a	n/a	n/a	n/a	911.040884	n/a
911.038399	0.000000	364415	ttl	1	n/a	n/a	n/a	n/a	n/a	n/a	n/a	n/a	n/a	n/a	n/a	n/a	n/a	n/a	n/a	n/a	n/a	n/a	n/a	n/a	911.040884	n/a
911.048399	0.000000	364419	stimulus_presentation	n/a	0	n/a	n/a	n/a	n/a	n/a	n/a	n/a	n/a	n/a	n/a	n/a	n/a	n/a	n/a	n/a	n/a	n/a	n/a	n/a	911.050884	n/a
911.058399	0.000000	364423	stimulus_presentation	n/a	0	n/a	n/a	n/a	n/a	n/a	n/a	n/a	n/a	n/a	n/a	n/a	n/a	n/a	n/a	n/a	n/a	n/a	n/a	n/a	911.060884	n/a
913.054774	0.000000	365222	ttl	6	n/a	n/a	n/a	n/a	n/a	n/a	n/a	n/a	n/a	n/a	n/a	n/a	n/a	n/a	n/a	n/a	n/a	n/a	n/a	n/a	913.057259	n/a
915.838304	0.000000	366335	stimulus_presentation	n/a	197	n/a	n/a	n/a	n/a	n/a	n/a	n/a	n/a	n/a	n/a	n/a	n/a	n/a	n/a	n/a	n/a	n/a	n/a	n/a	915.840789	n/a
915.838304	0.000000	366335	ttl	7	n/a	n/a	n/a	n/a	n/a	n/a	n/a	n/a	n/a	n/a	n/a	n/a	n/a	n/a	n/a	n/a	n/a	n/a	n/a	n/a	915.840789	n/a
916.948678	0.000000	366779	ttl	8	n/a	n/a	n/a	n/a	n/a	n/a	n/a	n/a	n/a	n/a	n/a	n/a	n/a	n/a	n/a	n/a	n/a	n/a	n/a	n/a	916.951163	n/a
916.987303	11.318621	366795	sternberg_trial	n/a	n/a	437	539	335	220	3	0	1	917.990225	920.005912	920.0560059999999	922.072192	922.172161	924.188598	916.989788	924.188598	926.955159	928.308409	intervals/trials	92	916.989788	928.308409
916.987303	0.000000	366795	ttl	11	n/a	n/a	n/a	n/a	n/a	n/a	n/a	n/a	n/a	n/a	n/a	n/a	n/a	n/a	n/a	n/a	n/a	n/a	n/a	n/a	916.989788	n/a
917.987740	0.000000	367195	stimulus_presentation	n/a	207	n/a	n/a	n/a	n/a	n/a	n/a	n/a	n/a	n/a	n/a	n/a	n/a	n/a	n/a	n/a	n/a	n/a	n/a	n/a	917.990225	n/a
917.987740	0.000000	367195	ttl	1	n/a	n/a	n/a	n/a	n/a	n/a	n/a	n/a	n/a	n/a	n/a	n/a	n/a	n/a	n/a	n/a	n/a	n/a	n/a	n/a	917.990225	n/a
920.003427	0.000000	368001	ttl	5	n/a	n/a	n/a	n/a	n/a	n/a	n/a	n/a	n/a	n/a	n/a	n/a	n/a	n/a	n/a	n/a	n/a	n/a	n/a	n/a	920.005912	n/a
920.053521	0.000000	368021	stimulus_presentation	n/a	264	n/a	n/a	n/a	n/a	n/a	n/a	n/a	n/a	n/a	n/a	n/a	n/a	n/a	n/a	n/a	n/a	n/a	n/a	n/a	920.056006	n/a
920.053521	0.000000	368021	ttl	2	n/a	n/a	n/a	n/a	n/a	n/a	n/a	n/a	n/a	n/a	n/a	n/a	n/a	n/a	n/a	n/a	n/a	n/a	n/a	n/a	920.056006	n/a
922.069707	0.000000	368828	ttl	5	n/a	n/a	n/a	n/a	n/a	n/a	n/a	n/a	n/a	n/a	n/a	n/a	n/a	n/a	n/a	n/a	n/a	n/a	n/a	n/a	922.072192	n/a
922.169676	0.000000	368868	stimulus_presentation	n/a	149	n/a	n/a	n/a	n/a	n/a	n/a	n/a	n/a	n/a	n/a	n/a	n/a	n/a	n/a	n/a	n/a	n/a	n/a	n/a	922.172161	n/a
922.169676	0.000000	368868	ttl	3	n/a	n/a	n/a	n/a	n/a	n/a	n/a	n/a	n/a	n/a	n/a	n/a	n/a	n/a	n/a	n/a	n/a	n/a	n/a	n/a	922.172161	n/a
924.186113	0.000000	369674	ttl	6	n/a	n/a	n/a	n/a	n/a	n/a	n/a	n/a	n/a	n/a	n/a	n/a	n/a	n/a	n/a	n/a	n/a	n/a	n/a	n/a	924.188598	n/a
926.952674	0.000000	370781	stimulus_presentation	n/a	77	n/a	n/a	n/a	n/a	n/a	n/a	n/a	n/a	n/a	n/a	n/a	n/a	n/a	n/a	n/a	n/a	n/a	n/a	n/a	926.955159	n/a
926.952674	0.000000	370781	ttl	7	n/a	n/a	n/a	n/a	n/a	n/a	n/a	n/a	n/a	n/a	n/a	n/a	n/a	n/a	n/a	n/a	n/a	n/a	n/a	n/a	926.955159	n/a
928.305924	0.000000	371322	ttl	8	n/a	n/a	n/a	n/a	n/a	n/a	n/a	n/a	n/a	n/a	n/a	n/a	n/a	n/a	n/a	n/a	n/a	n/a	n/a	n/a	928.308409	n/a
928.351830	6.816497	371341	sternberg_trial	n/a	n/a	238	0	0	513	1	0	1	929.404314	931.420345	0.0	0.0	0.0	0.0	928.3543149999999	931.420345	933.986813	935.170812	intervals/trials	93	928.354315	935.170812
928.351830	0.000000	371341	ttl	11	n/a	n/a	n/a	n/a	n/a	n/a	n/a	n/a	n/a	n/a	n/a	n/a	n/a	n/a	n/a	n/a	n/a	n/a	n/a	n/a	928.354315	n/a
929.401829	0.000000	371761	stimulus_presentation	n/a	95	n/a	n/a	n/a	n/a	n/a	n/a	n/a	n/a	n/a	n/a	n/a	n/a	n/a	n/a	n/a	n/a	n/a	n/a	n/a	929.404314	n/a
929.401829	0.000000	371761	ttl	1	n/a	n/a	n/a	n/a	n/a	n/a	n/a	n/a	n/a	n/a	n/a	n/a	n/a	n/a	n/a	n/a	n/a	n/a	n/a	n/a	929.404314	n/a
929.411829	0.000000	371765	stimulus_presentation	n/a	0	n/a	n/a	n/a	n/a	n/a	n/a	n/a	n/a	n/a	n/a	n/a	n/a	n/a	n/a	n/a	n/a	n/a	n/a	n/a	929.414314	n/a
929.421829	0.000000	371769	stimulus_presentation	n/a	0	n/a	n/a	n/a	n/a	n/a	n/a	n/a	n/a	n/a	n/a	n/a	n/a	n/a	n/a	n/a	n/a	n/a	n/a	n/a	929.424314	n/a
931.417860	0.000000	372567	ttl	6	n/a	n/a	n/a	n/a	n/a	n/a	n/a	n/a	n/a	n/a	n/a	n/a	n/a	n/a	n/a	n/a	n/a	n/a	n/a	n/a	931.420345	n/a
933.984328	0.000000	373594	stimulus_presentation	n/a	238	n/a	n/a	n/a	n/a	n/a	n/a	n/a	n/a	n/a	n/a	n/a	n/a	n/a	n/a	n/a	n/a	n/a	n/a	n/a	933.986813	n/a
933.984328	0.000000	373594	ttl	7	n/a	n/a	n/a	n/a	n/a	n/a	n/a	n/a	n/a	n/a	n/a	n/a	n/a	n/a	n/a	n/a	n/a	n/a	n/a	n/a	933.986813	n/a
935.168327	0.000000	374067	ttl	8	n/a	n/a	n/a	n/a	n/a	n/a	n/a	n/a	n/a	n/a	n/a	n/a	n/a	n/a	n/a	n/a	n/a	n/a	n/a	n/a	935.170812	n/a
935.217515	6.797278	374087	sternberg_trial	n/a	n/a	438	0	0	312	1	0	1	936.3032179999999	938.3194669999999	0.0	0.0	0.0	0.0	935.2199999999999	938.3194669999999	940.935747	942.0172779999999	intervals/trials	94	935.220000	942.017278
935.217515	0.000000	374087	ttl	11	n/a	n/a	n/a	n/a	n/a	n/a	n/a	n/a	n/a	n/a	n/a	n/a	n/a	n/a	n/a	n/a	n/a	n/a	n/a	n/a	935.220000	n/a
936.300733	0.000000	374520	stimulus_presentation	n/a	208	n/a	n/a	n/a	n/a	n/a	n/a	n/a	n/a	n/a	n/a	n/a	n/a	n/a	n/a	n/a	n/a	n/a	n/a	n/a	936.303218	n/a
936.300733	0.000000	374520	ttl	1	n/a	n/a	n/a	n/a	n/a	n/a	n/a	n/a	n/a	n/a	n/a	n/a	n/a	n/a	n/a	n/a	n/a	n/a	n/a	n/a	936.303218	n/a
936.310733	0.000000	374524	stimulus_presentation	n/a	0	n/a	n/a	n/a	n/a	n/a	n/a	n/a	n/a	n/a	n/a	n/a	n/a	n/a	n/a	n/a	n/a	n/a	n/a	n/a	936.313218	n/a
936.320733	0.000000	374528	stimulus_presentation	n/a	0	n/a	n/a	n/a	n/a	n/a	n/a	n/a	n/a	n/a	n/a	n/a	n/a	n/a	n/a	n/a	n/a	n/a	n/a	n/a	936.323218	n/a
938.316982	0.000000	375327	ttl	6	n/a	n/a	n/a	n/a	n/a	n/a	n/a	n/a	n/a	n/a	n/a	n/a	n/a	n/a	n/a	n/a	n/a	n/a	n/a	n/a	938.319467	n/a
940.933262	0.000000	376373	stimulus_presentation	n/a	126	n/a	n/a	n/a	n/a	n/a	n/a	n/a	n/a	n/a	n/a	n/a	n/a	n/a	n/a	n/a	n/a	n/a	n/a	n/a	940.935747	n/a
940.933262	0.000000	376373	ttl	7	n/a	n/a	n/a	n/a	n/a	n/a	n/a	n/a	n/a	n/a	n/a	n/a	n/a	n/a	n/a	n/a	n/a	n/a	n/a	n/a	940.935747	n/a
942.014793	0.000000	376806	ttl	8	n/a	n/a	n/a	n/a	n/a	n/a	n/a	n/a	n/a	n/a	n/a	n/a	n/a	n/a	n/a	n/a	n/a	n/a	n/a	n/a	942.017278	n/a
942.065856	11.194245	376826	sternberg_trial	n/a	n/a	140	439	540	320	3	0	1	943.168403	945.1844639999999	945.317808	947.3342759999999	947.534057	949.5503689999999	942.0683409999999	949.5503689999999	952.2838049999999	953.2625859999999	intervals/trials	95	942.068341	953.262586
942.065856	0.000000	376826	ttl	11	n/a	n/a	n/a	n/a	n/a	n/a	n/a	n/a	n/a	n/a	n/a	n/a	n/a	n/a	n/a	n/a	n/a	n/a	n/a	n/a	942.068341	n/a
943.165918	0.000000	377266	stimulus_presentation	n/a	40	n/a	n/a	n/a	n/a	n/a	n/a	n/a	n/a	n/a	n/a	n/a	n/a	n/a	n/a	n/a	n/a	n/a	n/a	n/a	943.168403	n/a
943.165918	0.000000	377266	ttl	1	n/a	n/a	n/a	n/a	n/a	n/a	n/a	n/a	n/a	n/a	n/a	n/a	n/a	n/a	n/a	n/a	n/a	n/a	n/a	n/a	943.168403	n/a
945.181979	0.000000	378073	ttl	5	n/a	n/a	n/a	n/a	n/a	n/a	n/a	n/a	n/a	n/a	n/a	n/a	n/a	n/a	n/a	n/a	n/a	n/a	n/a	n/a	945.184464	n/a
945.315323	0.000000	378126	stimulus_presentation	n/a	209	n/a	n/a	n/a	n/a	n/a	n/a	n/a	n/a	n/a	n/a	n/a	n/a	n/a	n/a	n/a	n/a	n/a	n/a	n/a	945.317808	n/a
945.315323	0.000000	378126	ttl	2	n/a	n/a	n/a	n/a	n/a	n/a	n/a	n/a	n/a	n/a	n/a	n/a	n/a	n/a	n/a	n/a	n/a	n/a	n/a	n/a	945.317808	n/a
947.331791	0.000000	378933	ttl	5	n/a	n/a	n/a	n/a	n/a	n/a	n/a	n/a	n/a	n/a	n/a	n/a	n/a	n/a	n/a	n/a	n/a	n/a	n/a	n/a	947.334276	n/a
947.531572	0.000000	379013	stimulus_presentation	n/a	265	n/a	n/a	n/a	n/a	n/a	n/a	n/a	n/a	n/a	n/a	n/a	n/a	n/a	n/a	n/a	n/a	n/a	n/a	n/a	947.534057	n/a
947.531572	0.000000	379013	ttl	3	n/a	n/a	n/a	n/a	n/a	n/a	n/a	n/a	n/a	n/a	n/a	n/a	n/a	n/a	n/a	n/a	n/a	n/a	n/a	n/a	947.534057	n/a
949.547884	0.000000	379819	ttl	6	n/a	n/a	n/a	n/a	n/a	n/a	n/a	n/a	n/a	n/a	n/a	n/a	n/a	n/a	n/a	n/a	n/a	n/a	n/a	n/a	949.550369	n/a
952.281320	0.000000	380913	stimulus_presentation	n/a	134	n/a	n/a	n/a	n/a	n/a	n/a	n/a	n/a	n/a	n/a	n/a	n/a	n/a	n/a	n/a	n/a	n/a	n/a	n/a	952.283805	n/a
952.281320	0.000000	380913	ttl	7	n/a	n/a	n/a	n/a	n/a	n/a	n/a	n/a	n/a	n/a	n/a	n/a	n/a	n/a	n/a	n/a	n/a	n/a	n/a	n/a	952.283805	n/a
953.260101	0.000000	381304	ttl	8	n/a	n/a	n/a	n/a	n/a	n/a	n/a	n/a	n/a	n/a	n/a	n/a	n/a	n/a	n/a	n/a	n/a	n/a	n/a	n/a	953.262586	n/a
953.313789	11.575495	381326	sternberg_trial	n/a	n/a	239	141	336	141	3	1	1	954.516367	956.532554	956.54896	958.5652399999999	958.748521	960.764833	953.3162739999999	960.764833	963.514863	964.891769	intervals/trials	96	953.316274	964.891769
953.313789	0.000000	381326	ttl	11	n/a	n/a	n/a	n/a	n/a	n/a	n/a	n/a	n/a	n/a	n/a	n/a	n/a	n/a	n/a	n/a	n/a	n/a	n/a	n/a	953.316274	n/a
954.513882	0.000000	381806	stimulus_presentation	n/a	96	n/a	n/a	n/a	n/a	n/a	n/a	n/a	n/a	n/a	n/a	n/a	n/a	n/a	n/a	n/a	n/a	n/a	n/a	n/a	954.516367	n/a
954.513882	0.000000	381806	ttl	1	n/a	n/a	n/a	n/a	n/a	n/a	n/a	n/a	n/a	n/a	n/a	n/a	n/a	n/a	n/a	n/a	n/a	n/a	n/a	n/a	954.516367	n/a
956.530069	0.000000	382612	ttl	5	n/a	n/a	n/a	n/a	n/a	n/a	n/a	n/a	n/a	n/a	n/a	n/a	n/a	n/a	n/a	n/a	n/a	n/a	n/a	n/a	956.532554	n/a
956.546475	0.000000	382619	stimulus_presentation	n/a	41	n/a	n/a	n/a	n/a	n/a	n/a	n/a	n/a	n/a	n/a	n/a	n/a	n/a	n/a	n/a	n/a	n/a	n/a	n/a	956.548960	n/a
956.546475	0.000000	382619	ttl	2	n/a	n/a	n/a	n/a	n/a	n/a	n/a	n/a	n/a	n/a	n/a	n/a	n/a	n/a	n/a	n/a	n/a	n/a	n/a	n/a	956.548960	n/a
958.562755	0.000000	383425	ttl	5	n/a	n/a	n/a	n/a	n/a	n/a	n/a	n/a	n/a	n/a	n/a	n/a	n/a	n/a	n/a	n/a	n/a	n/a	n/a	n/a	958.565240	n/a
958.746036	0.000000	383498	stimulus_presentation	n/a	150	n/a	n/a	n/a	n/a	n/a	n/a	n/a	n/a	n/a	n/a	n/a	n/a	n/a	n/a	n/a	n/a	n/a	n/a	n/a	958.748521	n/a
958.746036	0.000000	383498	ttl	3	n/a	n/a	n/a	n/a	n/a	n/a	n/a	n/a	n/a	n/a	n/a	n/a	n/a	n/a	n/a	n/a	n/a	n/a	n/a	n/a	958.748521	n/a
960.762348	0.000000	384305	ttl	6	n/a	n/a	n/a	n/a	n/a	n/a	n/a	n/a	n/a	n/a	n/a	n/a	n/a	n/a	n/a	n/a	n/a	n/a	n/a	n/a	960.764833	n/a
963.512378	0.000000	385405	stimulus_presentation	n/a	41	n/a	n/a	n/a	n/a	n/a	n/a	n/a	n/a	n/a	n/a	n/a	n/a	n/a	n/a	n/a	n/a	n/a	n/a	n/a	963.514863	n/a
963.512378	0.000000	385405	ttl	7	n/a	n/a	n/a	n/a	n/a	n/a	n/a	n/a	n/a	n/a	n/a	n/a	n/a	n/a	n/a	n/a	n/a	n/a	n/a	n/a	963.514863	n/a
964.889284	0.000000	385956	ttl	8	n/a	n/a	n/a	n/a	n/a	n/a	n/a	n/a	n/a	n/a	n/a	n/a	n/a	n/a	n/a	n/a	n/a	n/a	n/a	n/a	964.891769	n/a
964.928378	11.526214	385971	sternberg_trial	n/a	n/a	337	142	240	240	3	1	1	966.063893	968.080299	968.1302049999999	970.1463289999999	970.2632669999999	972.27936	964.9308629999999	972.27936	975.062827	976.4570769999999	intervals/trials	97	964.930863	976.457077
964.928378	0.000000	385971	ttl	11	n/a	n/a	n/a	n/a	n/a	n/a	n/a	n/a	n/a	n/a	n/a	n/a	n/a	n/a	n/a	n/a	n/a	n/a	n/a	n/a	964.930863	n/a
966.061408	0.000000	386425	stimulus_presentation	n/a	151	n/a	n/a	n/a	n/a	n/a	n/a	n/a	n/a	n/a	n/a	n/a	n/a	n/a	n/a	n/a	n/a	n/a	n/a	n/a	966.063893	n/a
966.061408	0.000000	386425	ttl	1	n/a	n/a	n/a	n/a	n/a	n/a	n/a	n/a	n/a	n/a	n/a	n/a	n/a	n/a	n/a	n/a	n/a	n/a	n/a	n/a	966.063893	n/a
968.077814	0.000000	387231	ttl	5	n/a	n/a	n/a	n/a	n/a	n/a	n/a	n/a	n/a	n/a	n/a	n/a	n/a	n/a	n/a	n/a	n/a	n/a	n/a	n/a	968.080299	n/a
968.127720	0.000000	387251	stimulus_presentation	n/a	42	n/a	n/a	n/a	n/a	n/a	n/a	n/a	n/a	n/a	n/a	n/a	n/a	n/a	n/a	n/a	n/a	n/a	n/a	n/a	968.130205	n/a
968.127720	0.000000	387251	ttl	2	n/a	n/a	n/a	n/a	n/a	n/a	n/a	n/a	n/a	n/a	n/a	n/a	n/a	n/a	n/a	n/a	n/a	n/a	n/a	n/a	968.130205	n/a
970.143844	0.000000	388058	ttl	5	n/a	n/a	n/a	n/a	n/a	n/a	n/a	n/a	n/a	n/a	n/a	n/a	n/a	n/a	n/a	n/a	n/a	n/a	n/a	n/a	970.146329	n/a
970.260782	0.000000	388104	stimulus_presentation	n/a	97	n/a	n/a	n/a	n/a	n/a	n/a	n/a	n/a	n/a	n/a	n/a	n/a	n/a	n/a	n/a	n/a	n/a	n/a	n/a	970.263267	n/a
970.260782	0.000000	388104	ttl	3	n/a	n/a	n/a	n/a	n/a	n/a	n/a	n/a	n/a	n/a	n/a	n/a	n/a	n/a	n/a	n/a	n/a	n/a	n/a	n/a	970.263267	n/a
972.276875	0.000000	388911	ttl	6	n/a	n/a	n/a	n/a	n/a	n/a	n/a	n/a	n/a	n/a	n/a	n/a	n/a	n/a	n/a	n/a	n/a	n/a	n/a	n/a	972.279360	n/a
975.060342	0.000000	390024	stimulus_presentation	n/a	97	n/a	n/a	n/a	n/a	n/a	n/a	n/a	n/a	n/a	n/a	n/a	n/a	n/a	n/a	n/a	n/a	n/a	n/a	n/a	975.062827	n/a
975.060342	0.000000	390024	ttl	7	n/a	n/a	n/a	n/a	n/a	n/a	n/a	n/a	n/a	n/a	n/a	n/a	n/a	n/a	n/a	n/a	n/a	n/a	n/a	n/a	975.062827	n/a
976.454592	0.000000	390582	ttl	8	n/a	n/a	n/a	n/a	n/a	n/a	n/a	n/a	n/a	n/a	n/a	n/a	n/a	n/a	n/a	n/a	n/a	n/a	n/a	n/a	976.457077	n/a
976.492779	6.264248	390597	sternberg_trial	n/a	n/a	338	0	0	338	1	1	1	977.611639	979.6279189999999	0.0	0.0	0.0	0.0	976.4952639999999	979.6279189999999	982.277981	982.759512	intervals/trials	98	976.495264	982.759512
976.492779	0.000000	390597	ttl	11	n/a	n/a	n/a	n/a	n/a	n/a	n/a	n/a	n/a	n/a	n/a	n/a	n/a	n/a	n/a	n/a	n/a	n/a	n/a	n/a	976.495264	n/a
977.609154	0.000000	391044	stimulus_presentation	n/a	152	n/a	n/a	n/a	n/a	n/a	n/a	n/a	n/a	n/a	n/a	n/a	n/a	n/a	n/a	n/a	n/a	n/a	n/a	n/a	977.611639	n/a
977.609154	0.000000	391044	ttl	1	n/a	n/a	n/a	n/a	n/a	n/a	n/a	n/a	n/a	n/a	n/a	n/a	n/a	n/a	n/a	n/a	n/a	n/a	n/a	n/a	977.611639	n/a
977.619154	0.000000	391048	stimulus_presentation	n/a	0	n/a	n/a	n/a	n/a	n/a	n/a	n/a	n/a	n/a	n/a	n/a	n/a	n/a	n/a	n/a	n/a	n/a	n/a	n/a	977.621639	n/a
977.629154	0.000000	391052	stimulus_presentation	n/a	0	n/a	n/a	n/a	n/a	n/a	n/a	n/a	n/a	n/a	n/a	n/a	n/a	n/a	n/a	n/a	n/a	n/a	n/a	n/a	977.631639	n/a
979.625434	0.000000	391850	ttl	6	n/a	n/a	n/a	n/a	n/a	n/a	n/a	n/a	n/a	n/a	n/a	n/a	n/a	n/a	n/a	n/a	n/a	n/a	n/a	n/a	979.627919	n/a
982.275496	0.000000	392910	stimulus_presentation	n/a	152	n/a	n/a	n/a	n/a	n/a	n/a	n/a	n/a	n/a	n/a	n/a	n/a	n/a	n/a	n/a	n/a	n/a	n/a	n/a	982.277981	n/a
982.275496	0.000000	392910	ttl	7	n/a	n/a	n/a	n/a	n/a	n/a	n/a	n/a	n/a	n/a	n/a	n/a	n/a	n/a	n/a	n/a	n/a	n/a	n/a	n/a	982.277981	n/a
982.757027	0.000000	393103	ttl	8	n/a	n/a	n/a	n/a	n/a	n/a	n/a	n/a	n/a	n/a	n/a	n/a	n/a	n/a	n/a	n/a	n/a	n/a	n/a	n/a	982.759512	n/a
982.808183	11.498120	393123	sternberg_trial	n/a	n/a	440	143	339	440	3	1	1	983.92723	985.9437919999999	986.110104	988.126228	988.309572	990.3260399999999	982.810668	990.3260399999999	993.14257	994.3087879999999	intervals/trials	99	982.810668	994.308788
982.808183	0.000000	393123	ttl	11	n/a	n/a	n/a	n/a	n/a	n/a	n/a	n/a	n/a	n/a	n/a	n/a	n/a	n/a	n/a	n/a	n/a	n/a	n/a	n/a	982.810668	n/a
983.924745	0.000000	393570	stimulus_presentation	n/a	210	n/a	n/a	n/a	n/a	n/a	n/a	n/a	n/a	n/a	n/a	n/a	n/a	n/a	n/a	n/a	n/a	n/a	n/a	n/a	983.927230	n/a
983.924745	0.000000	393570	ttl	1	n/a	n/a	n/a	n/a	n/a	n/a	n/a	n/a	n/a	n/a	n/a	n/a	n/a	n/a	n/a	n/a	n/a	n/a	n/a	n/a	983.927230	n/a
985.941307	0.000000	394377	ttl	5	n/a	n/a	n/a	n/a	n/a	n/a	n/a	n/a	n/a	n/a	n/a	n/a	n/a	n/a	n/a	n/a	n/a	n/a	n/a	n/a	985.943792	n/a
986.107619	0.000000	394443	stimulus_presentation	n/a	43	n/a	n/a	n/a	n/a	n/a	n/a	n/a	n/a	n/a	n/a	n/a	n/a	n/a	n/a	n/a	n/a	n/a	n/a	n/a	986.110104	n/a
986.107619	0.000000	394443	ttl	2	n/a	n/a	n/a	n/a	n/a	n/a	n/a	n/a	n/a	n/a	n/a	n/a	n/a	n/a	n/a	n/a	n/a	n/a	n/a	n/a	986.110104	n/a
988.123743	0.000000	395249	ttl	5	n/a	n/a	n/a	n/a	n/a	n/a	n/a	n/a	n/a	n/a	n/a	n/a	n/a	n/a	n/a	n/a	n/a	n/a	n/a	n/a	988.126228	n/a
988.307087	0.000000	395323	stimulus_presentation	n/a	153	n/a	n/a	n/a	n/a	n/a	n/a	n/a	n/a	n/a	n/a	n/a	n/a	n/a	n/a	n/a	n/a	n/a	n/a	n/a	988.309572	n/a
988.307087	0.000000	395323	ttl	3	n/a	n/a	n/a	n/a	n/a	n/a	n/a	n/a	n/a	n/a	n/a	n/a	n/a	n/a	n/a	n/a	n/a	n/a	n/a	n/a	988.309572	n/a
990.323555	0.000000	396129	ttl	6	n/a	n/a	n/a	n/a	n/a	n/a	n/a	n/a	n/a	n/a	n/a	n/a	n/a	n/a	n/a	n/a	n/a	n/a	n/a	n/a	990.326040	n/a
993.140085	0.000000	397256	stimulus_presentation	n/a	210	n/a	n/a	n/a	n/a	n/a	n/a	n/a	n/a	n/a	n/a	n/a	n/a	n/a	n/a	n/a	n/a	n/a	n/a	n/a	993.142570	n/a
993.140085	0.000000	397256	ttl	7	n/a	n/a	n/a	n/a	n/a	n/a	n/a	n/a	n/a	n/a	n/a	n/a	n/a	n/a	n/a	n/a	n/a	n/a	n/a	n/a	993.142570	n/a
994.306303	0.000000	397723	ttl	8	n/a	n/a	n/a	n/a	n/a	n/a	n/a	n/a	n/a	n/a	n/a	n/a	n/a	n/a	n/a	n/a	n/a	n/a	n/a	n/a	994.308788	n/a
994.355897	6.524935	397742	sternberg_trial	n/a	n/a	144	0	0	144	1	1	1	995.491413	997.507787	0.0	0.0	0.0	0.0	994.358382	997.507787	1000.0579419999999	1000.8833169999999	intervals/trials	100	994.358382	1000.883317
994.355897	0.000000	397742	ttl	11	n/a	n/a	n/a	n/a	n/a	n/a	n/a	n/a	n/a	n/a	n/a	n/a	n/a	n/a	n/a	n/a	n/a	n/a	n/a	n/a	994.358382	n/a
995.488928	0.000000	398196	stimulus_presentation	n/a	44	n/a	n/a	n/a	n/a	n/a	n/a	n/a	n/a	n/a	n/a	n/a	n/a	n/a	n/a	n/a	n/a	n/a	n/a	n/a	995.491413	n/a
995.488928	0.000000	398196	ttl	1	n/a	n/a	n/a	n/a	n/a	n/a	n/a	n/a	n/a	n/a	n/a	n/a	n/a	n/a	n/a	n/a	n/a	n/a	n/a	n/a	995.491413	n/a
995.498928	0.000000	398200	stimulus_presentation	n/a	0	n/a	n/a	n/a	n/a	n/a	n/a	n/a	n/a	n/a	n/a	n/a	n/a	n/a	n/a	n/a	n/a	n/a	n/a	n/a	995.501413	n/a
995.508928	0.000000	398204	stimulus_presentation	n/a	0	n/a	n/a	n/a	n/a	n/a	n/a	n/a	n/a	n/a	n/a	n/a	n/a	n/a	n/a	n/a	n/a	n/a	n/a	n/a	995.511413	n/a
997.505302	0.000000	399002	ttl	6	n/a	n/a	n/a	n/a	n/a	n/a	n/a	n/a	n/a	n/a	n/a	n/a	n/a	n/a	n/a	n/a	n/a	n/a	n/a	n/a	997.507787	n/a
1000.055457	0.000000	400022	stimulus_presentation	n/a	44	n/a	n/a	n/a	n/a	n/a	n/a	n/a	n/a	n/a	n/a	n/a	n/a	n/a	n/a	n/a	n/a	n/a	n/a	n/a	1000.057942	n/a
1000.055457	0.000000	400022	ttl	7	n/a	n/a	n/a	n/a	n/a	n/a	n/a	n/a	n/a	n/a	n/a	n/a	n/a	n/a	n/a	n/a	n/a	n/a	n/a	n/a	1000.057942	n/a
1000.880832	0.000000	400352	ttl	8	n/a	n/a	n/a	n/a	n/a	n/a	n/a	n/a	n/a	n/a	n/a	n/a	n/a	n/a	n/a	n/a	n/a	n/a	n/a	n/a	1000.883317	n/a
1000.921394	11.188715	400369	sternberg_trial	n/a	n/a	241	541	340	434	3	0	1	1002.057098	1004.0735659999999	1004.123159	1006.139565	1006.2562519999999	1008.2724079999999	1000.9238789999999	1008.2724079999999	1010.9390629999999	1012.112594	intervals/trials	101	1000.923879	1012.112594
1000.921394	0.000000	400369	ttl	11	n/a	n/a	n/a	n/a	n/a	n/a	n/a	n/a	n/a	n/a	n/a	n/a	n/a	n/a	n/a	n/a	n/a	n/a	n/a	n/a	1000.923879	n/a
1002.054613	0.000000	400822	stimulus_presentation	n/a	98	n/a	n/a	n/a	n/a	n/a	n/a	n/a	n/a	n/a	n/a	n/a	n/a	n/a	n/a	n/a	n/a	n/a	n/a	n/a	1002.057098	n/a
1002.054613	0.000000	400822	ttl	1	n/a	n/a	n/a	n/a	n/a	n/a	n/a	n/a	n/a	n/a	n/a	n/a	n/a	n/a	n/a	n/a	n/a	n/a	n/a	n/a	1002.057098	n/a
1004.071081	0.000000	401628	ttl	5	n/a	n/a	n/a	n/a	n/a	n/a	n/a	n/a	n/a	n/a	n/a	n/a	n/a	n/a	n/a	n/a	n/a	n/a	n/a	n/a	1004.073566	n/a
1004.120674	0.000000	401648	stimulus_presentation	n/a	266	n/a	n/a	n/a	n/a	n/a	n/a	n/a	n/a	n/a	n/a	n/a	n/a	n/a	n/a	n/a	n/a	n/a	n/a	n/a	1004.123159	n/a
1004.120674	0.000000	401648	ttl	2	n/a	n/a	n/a	n/a	n/a	n/a	n/a	n/a	n/a	n/a	n/a	n/a	n/a	n/a	n/a	n/a	n/a	n/a	n/a	n/a	1004.123159	n/a
1006.137080	0.000000	402455	ttl	5	n/a	n/a	n/a	n/a	n/a	n/a	n/a	n/a	n/a	n/a	n/a	n/a	n/a	n/a	n/a	n/a	n/a	n/a	n/a	n/a	1006.139565	n/a
1006.253767	0.000000	402502	stimulus_presentation	n/a	154	n/a	n/a	n/a	n/a	n/a	n/a	n/a	n/a	n/a	n/a	n/a	n/a	n/a	n/a	n/a	n/a	n/a	n/a	n/a	1006.256252	n/a
1006.253767	0.000000	402502	ttl	3	n/a	n/a	n/a	n/a	n/a	n/a	n/a	n/a	n/a	n/a	n/a	n/a	n/a	n/a	n/a	n/a	n/a	n/a	n/a	n/a	1006.256252	n/a
1008.269923	0.000000	403308	ttl	6	n/a	n/a	n/a	n/a	n/a	n/a	n/a	n/a	n/a	n/a	n/a	n/a	n/a	n/a	n/a	n/a	n/a	n/a	n/a	n/a	1008.272408	n/a
1010.936578	0.000000	404375	stimulus_presentation	n/a	204	n/a	n/a	n/a	n/a	n/a	n/a	n/a	n/a	n/a	n/a	n/a	n/a	n/a	n/a	n/a	n/a	n/a	n/a	n/a	1010.939063	n/a
1010.936578	0.000000	404375	ttl	7	n/a	n/a	n/a	n/a	n/a	n/a	n/a	n/a	n/a	n/a	n/a	n/a	n/a	n/a	n/a	n/a	n/a	n/a	n/a	n/a	1010.939063	n/a
1012.110109	0.000000	404844	ttl	8	n/a	n/a	n/a	n/a	n/a	n/a	n/a	n/a	n/a	n/a	n/a	n/a	n/a	n/a	n/a	n/a	n/a	n/a	n/a	n/a	1012.112594	n/a
1012.152515	7.171872	404861	sternberg_trial	n/a	n/a	441	0	0	441	1	1	1	1013.1215619999999	1015.1377799999999	0.0	0.0	0.0	0.0	1012.155	1015.1377799999999	1017.787779	1019.326872	intervals/trials	102	1012.155000	1019.326872
1012.152515	0.000000	404861	ttl	11	n/a	n/a	n/a	n/a	n/a	n/a	n/a	n/a	n/a	n/a	n/a	n/a	n/a	n/a	n/a	n/a	n/a	n/a	n/a	n/a	1012.155000	n/a
1013.119077	0.000000	405248	stimulus_presentation	n/a	211	n/a	n/a	n/a	n/a	n/a	n/a	n/a	n/a	n/a	n/a	n/a	n/a	n/a	n/a	n/a	n/a	n/a	n/a	n/a	1013.121562	n/a
1013.119077	0.000000	405248	ttl	1	n/a	n/a	n/a	n/a	n/a	n/a	n/a	n/a	n/a	n/a	n/a	n/a	n/a	n/a	n/a	n/a	n/a	n/a	n/a	n/a	1013.121562	n/a
1013.129077	0.000000	405252	stimulus_presentation	n/a	0	n/a	n/a	n/a	n/a	n/a	n/a	n/a	n/a	n/a	n/a	n/a	n/a	n/a	n/a	n/a	n/a	n/a	n/a	n/a	1013.131562	n/a
1013.139077	0.000000	405256	stimulus_presentation	n/a	0	n/a	n/a	n/a	n/a	n/a	n/a	n/a	n/a	n/a	n/a	n/a	n/a	n/a	n/a	n/a	n/a	n/a	n/a	n/a	1013.141562	n/a
1015.135295	0.000000	406054	ttl	6	n/a	n/a	n/a	n/a	n/a	n/a	n/a	n/a	n/a	n/a	n/a	n/a	n/a	n/a	n/a	n/a	n/a	n/a	n/a	n/a	1015.137780	n/a
1017.785294	0.000000	407114	stimulus_presentation	n/a	211	n/a	n/a	n/a	n/a	n/a	n/a	n/a	n/a	n/a	n/a	n/a	n/a	n/a	n/a	n/a	n/a	n/a	n/a	n/a	1017.787779	n/a
1017.785294	0.000000	407114	ttl	7	n/a	n/a	n/a	n/a	n/a	n/a	n/a	n/a	n/a	n/a	n/a	n/a	n/a	n/a	n/a	n/a	n/a	n/a	n/a	n/a	1017.787779	n/a
1019.324387	0.000000	407730	ttl	8	n/a	n/a	n/a	n/a	n/a	n/a	n/a	n/a	n/a	n/a	n/a	n/a	n/a	n/a	n/a	n/a	n/a	n/a	n/a	n/a	1019.326872	n/a
1019.367793	11.313871	407747	sternberg_trial	n/a	n/a	542	341	442	206	3	0	1	1020.337278	1022.3531519999999	1022.403152	1024.419308	1024.435995	1026.4523689999999	1019.370278	1026.4523689999999	1029.152306	1030.684149	intervals/trials	103	1019.370278	1030.684149
1019.367793	0.000000	407747	ttl	11	n/a	n/a	n/a	n/a	n/a	n/a	n/a	n/a	n/a	n/a	n/a	n/a	n/a	n/a	n/a	n/a	n/a	n/a	n/a	n/a	1019.370278	n/a
1020.334793	0.000000	408134	stimulus_presentation	n/a	267	n/a	n/a	n/a	n/a	n/a	n/a	n/a	n/a	n/a	n/a	n/a	n/a	n/a	n/a	n/a	n/a	n/a	n/a	n/a	1020.337278	n/a
1020.334793	0.000000	408134	ttl	1	n/a	n/a	n/a	n/a	n/a	n/a	n/a	n/a	n/a	n/a	n/a	n/a	n/a	n/a	n/a	n/a	n/a	n/a	n/a	n/a	1020.337278	n/a
1022.350667	0.000000	408940	ttl	5	n/a	n/a	n/a	n/a	n/a	n/a	n/a	n/a	n/a	n/a	n/a	n/a	n/a	n/a	n/a	n/a	n/a	n/a	n/a	n/a	1022.353152	n/a
1022.400667	0.000000	408960	stimulus_presentation	n/a	155	n/a	n/a	n/a	n/a	n/a	n/a	n/a	n/a	n/a	n/a	n/a	n/a	n/a	n/a	n/a	n/a	n/a	n/a	n/a	1022.403152	n/a
1022.400667	0.000000	408960	ttl	2	n/a	n/a	n/a	n/a	n/a	n/a	n/a	n/a	n/a	n/a	n/a	n/a	n/a	n/a	n/a	n/a	n/a	n/a	n/a	n/a	1022.403152	n/a
1024.416823	0.000000	409767	ttl	5	n/a	n/a	n/a	n/a	n/a	n/a	n/a	n/a	n/a	n/a	n/a	n/a	n/a	n/a	n/a	n/a	n/a	n/a	n/a	n/a	1024.419308	n/a
1024.433510	0.000000	409773	stimulus_presentation	n/a	212	n/a	n/a	n/a	n/a	n/a	n/a	n/a	n/a	n/a	n/a	n/a	n/a	n/a	n/a	n/a	n/a	n/a	n/a	n/a	1024.435995	n/a
1024.433510	0.000000	409773	ttl	3	n/a	n/a	n/a	n/a	n/a	n/a	n/a	n/a	n/a	n/a	n/a	n/a	n/a	n/a	n/a	n/a	n/a	n/a	n/a	n/a	1024.435995	n/a
1026.449884	0.000000	410580	ttl	6	n/a	n/a	n/a	n/a	n/a	n/a	n/a	n/a	n/a	n/a	n/a	n/a	n/a	n/a	n/a	n/a	n/a	n/a	n/a	n/a	1026.452369	n/a
1029.149821	0.000000	411660	stimulus_presentation	n/a	63	n/a	n/a	n/a	n/a	n/a	n/a	n/a	n/a	n/a	n/a	n/a	n/a	n/a	n/a	n/a	n/a	n/a	n/a	n/a	1029.152306	n/a
1029.149821	0.000000	411660	ttl	7	n/a	n/a	n/a	n/a	n/a	n/a	n/a	n/a	n/a	n/a	n/a	n/a	n/a	n/a	n/a	n/a	n/a	n/a	n/a	n/a	1029.152306	n/a
1030.681664	0.000000	412273	ttl	8	n/a	n/a	n/a	n/a	n/a	n/a	n/a	n/a	n/a	n/a	n/a	n/a	n/a	n/a	n/a	n/a	n/a	n/a	n/a	n/a	1030.684149	n/a
1030.732383	11.738620	412293	sternberg_trial	n/a	n/a	543	145	443	318	3	0	1	1031.834773	1033.850835	1033.9674909999999	1035.984209	1036.0843969999999	1038.100083	1030.734868	1038.100083	1040.716895	1042.4734879999999	intervals/trials	104	1030.734868	1042.473488
1030.732383	0.000000	412293	ttl	11	n/a	n/a	n/a	n/a	n/a	n/a	n/a	n/a	n/a	n/a	n/a	n/a	n/a	n/a	n/a	n/a	n/a	n/a	n/a	n/a	1030.734868	n/a
1031.832288	0.000000	412733	stimulus_presentation	n/a	268	n/a	n/a	n/a	n/a	n/a	n/a	n/a	n/a	n/a	n/a	n/a	n/a	n/a	n/a	n/a	n/a	n/a	n/a	n/a	1031.834773	n/a
1031.832288	0.000000	412733	ttl	1	n/a	n/a	n/a	n/a	n/a	n/a	n/a	n/a	n/a	n/a	n/a	n/a	n/a	n/a	n/a	n/a	n/a	n/a	n/a	n/a	1031.834773	n/a
1033.848350	0.000000	413539	ttl	5	n/a	n/a	n/a	n/a	n/a	n/a	n/a	n/a	n/a	n/a	n/a	n/a	n/a	n/a	n/a	n/a	n/a	n/a	n/a	n/a	1033.850835	n/a
1033.965006	0.000000	413586	stimulus_presentation	n/a	45	n/a	n/a	n/a	n/a	n/a	n/a	n/a	n/a	n/a	n/a	n/a	n/a	n/a	n/a	n/a	n/a	n/a	n/a	n/a	1033.967491	n/a
1033.965006	0.000000	413586	ttl	2	n/a	n/a	n/a	n/a	n/a	n/a	n/a	n/a	n/a	n/a	n/a	n/a	n/a	n/a	n/a	n/a	n/a	n/a	n/a	n/a	1033.967491	n/a
1035.981724	0.000000	414393	ttl	5	n/a	n/a	n/a	n/a	n/a	n/a	n/a	n/a	n/a	n/a	n/a	n/a	n/a	n/a	n/a	n/a	n/a	n/a	n/a	n/a	1035.984209	n/a
1036.081912	0.000000	414433	stimulus_presentation	n/a	213	n/a	n/a	n/a	n/a	n/a	n/a	n/a	n/a	n/a	n/a	n/a	n/a	n/a	n/a	n/a	n/a	n/a	n/a	n/a	1036.084397	n/a
1036.081912	0.000000	414433	ttl	3	n/a	n/a	n/a	n/a	n/a	n/a	n/a	n/a	n/a	n/a	n/a	n/a	n/a	n/a	n/a	n/a	n/a	n/a	n/a	n/a	1036.084397	n/a
1038.097598	0.000000	415239	ttl	6	n/a	n/a	n/a	n/a	n/a	n/a	n/a	n/a	n/a	n/a	n/a	n/a	n/a	n/a	n/a	n/a	n/a	n/a	n/a	n/a	1038.100083	n/a
1040.714410	0.000000	416286	stimulus_presentation	n/a	132	n/a	n/a	n/a	n/a	n/a	n/a	n/a	n/a	n/a	n/a	n/a	n/a	n/a	n/a	n/a	n/a	n/a	n/a	n/a	1040.716895	n/a
1040.714410	0.000000	416286	ttl	7	n/a	n/a	n/a	n/a	n/a	n/a	n/a	n/a	n/a	n/a	n/a	n/a	n/a	n/a	n/a	n/a	n/a	n/a	n/a	n/a	1040.716895	n/a
1042.471003	0.000000	416988	ttl	8	n/a	n/a	n/a	n/a	n/a	n/a	n/a	n/a	n/a	n/a	n/a	n/a	n/a	n/a	n/a	n/a	n/a	n/a	n/a	n/a	1042.473488	n/a
1042.513378	19.856773	417005	sternberg_trial	n/a	n/a	544	242	444	142	3	0	1	1043.582706	1045.5985799999999	1045.648705	1047.6649539999999	1047.798298	1049.814516	1042.5158629999999	1049.814516	1052.531359	1062.372636	intervals/trials	105	1042.515863	1062.372636
1042.513378	0.000000	417005	ttl	11	n/a	n/a	n/a	n/a	n/a	n/a	n/a	n/a	n/a	n/a	n/a	n/a	n/a	n/a	n/a	n/a	n/a	n/a	n/a	n/a	1042.515863	n/a
1043.580221	0.000000	417432	stimulus_presentation	n/a	269	n/a	n/a	n/a	n/a	n/a	n/a	n/a	n/a	n/a	n/a	n/a	n/a	n/a	n/a	n/a	n/a	n/a	n/a	n/a	1043.582706	n/a
1043.580221	0.000000	417432	ttl	1	n/a	n/a	n/a	n/a	n/a	n/a	n/a	n/a	n/a	n/a	n/a	n/a	n/a	n/a	n/a	n/a	n/a	n/a	n/a	n/a	1043.582706	n/a
1045.596095	0.000000	418238	ttl	5	n/a	n/a	n/a	n/a	n/a	n/a	n/a	n/a	n/a	n/a	n/a	n/a	n/a	n/a	n/a	n/a	n/a	n/a	n/a	n/a	1045.598580	n/a
1045.646220	0.000000	418258	stimulus_presentation	n/a	99	n/a	n/a	n/a	n/a	n/a	n/a	n/a	n/a	n/a	n/a	n/a	n/a	n/a	n/a	n/a	n/a	n/a	n/a	n/a	1045.648705	n/a
1045.646220	0.000000	418258	ttl	2	n/a	n/a	n/a	n/a	n/a	n/a	n/a	n/a	n/a	n/a	n/a	n/a	n/a	n/a	n/a	n/a	n/a	n/a	n/a	n/a	1045.648705	n/a
1047.662469	0.000000	419065	ttl	5	n/a	n/a	n/a	n/a	n/a	n/a	n/a	n/a	n/a	n/a	n/a	n/a	n/a	n/a	n/a	n/a	n/a	n/a	n/a	n/a	1047.664954	n/a
1047.795813	0.000000	419118	stimulus_presentation	n/a	214	n/a	n/a	n/a	n/a	n/a	n/a	n/a	n/a	n/a	n/a	n/a	n/a	n/a	n/a	n/a	n/a	n/a	n/a	n/a	1047.798298	n/a
1047.795813	0.000000	419118	ttl	3	n/a	n/a	n/a	n/a	n/a	n/a	n/a	n/a	n/a	n/a	n/a	n/a	n/a	n/a	n/a	n/a	n/a	n/a	n/a	n/a	1047.798298	n/a
1049.812031	0.000000	419925	ttl	6	n/a	n/a	n/a	n/a	n/a	n/a	n/a	n/a	n/a	n/a	n/a	n/a	n/a	n/a	n/a	n/a	n/a	n/a	n/a	n/a	1049.814516	n/a
1052.528874	0.000000	421012	stimulus_presentation	n/a	42	n/a	n/a	n/a	n/a	n/a	n/a	n/a	n/a	n/a	n/a	n/a	n/a	n/a	n/a	n/a	n/a	n/a	n/a	n/a	1052.531359	n/a
1052.528874	0.000000	421012	ttl	7	n/a	n/a	n/a	n/a	n/a	n/a	n/a	n/a	n/a	n/a	n/a	n/a	n/a	n/a	n/a	n/a	n/a	n/a	n/a	n/a	1052.531359	n/a
1062.370151	0.000000	424948	ttl	8	n/a	n/a	n/a	n/a	n/a	n/a	n/a	n/a	n/a	n/a	n/a	n/a	n/a	n/a	n/a	n/a	n/a	n/a	n/a	n/a	1062.372636	n/a
1062.409526	9.222403	424964	sternberg_trial	n/a	n/a	243	0	0	316	1	0	1	1063.445417	1065.461447	0.0	0.0	0.0	0.0	1062.412011	1065.461447	1068.028321	1071.6344139999999	intervals/trials	106	1062.412011	1071.634414
1062.409526	0.000000	424964	ttl	11	n/a	n/a	n/a	n/a	n/a	n/a	n/a	n/a	n/a	n/a	n/a	n/a	n/a	n/a	n/a	n/a	n/a	n/a	n/a	n/a	1062.412011	n/a
1063.442932	0.000000	425377	stimulus_presentation	n/a	100	n/a	n/a	n/a	n/a	n/a	n/a	n/a	n/a	n/a	n/a	n/a	n/a	n/a	n/a	n/a	n/a	n/a	n/a	n/a	1063.445417	n/a
1063.442932	0.000000	425377	ttl	1	n/a	n/a	n/a	n/a	n/a	n/a	n/a	n/a	n/a	n/a	n/a	n/a	n/a	n/a	n/a	n/a	n/a	n/a	n/a	n/a	1063.445417	n/a
1063.452932	0.000000	425381	stimulus_presentation	n/a	0	n/a	n/a	n/a	n/a	n/a	n/a	n/a	n/a	n/a	n/a	n/a	n/a	n/a	n/a	n/a	n/a	n/a	n/a	n/a	1063.455417	n/a
1063.462932	0.000000	425385	stimulus_presentation	n/a	0	n/a	n/a	n/a	n/a	n/a	n/a	n/a	n/a	n/a	n/a	n/a	n/a	n/a	n/a	n/a	n/a	n/a	n/a	n/a	1063.465417	n/a
1065.458962	0.000000	426184	ttl	6	n/a	n/a	n/a	n/a	n/a	n/a	n/a	n/a	n/a	n/a	n/a	n/a	n/a	n/a	n/a	n/a	n/a	n/a	n/a	n/a	1065.461447	n/a
1068.025836	0.000000	427210	stimulus_presentation	n/a	130	n/a	n/a	n/a	n/a	n/a	n/a	n/a	n/a	n/a	n/a	n/a	n/a	n/a	n/a	n/a	n/a	n/a	n/a	n/a	1068.028321	n/a
1068.025836	0.000000	427210	ttl	7	n/a	n/a	n/a	n/a	n/a	n/a	n/a	n/a	n/a	n/a	n/a	n/a	n/a	n/a	n/a	n/a	n/a	n/a	n/a	n/a	1068.028321	n/a
1071.631929	0.000000	428653	ttl	8	n/a	n/a	n/a	n/a	n/a	n/a	n/a	n/a	n/a	n/a	n/a	n/a	n/a	n/a	n/a	n/a	n/a	n/a	n/a	n/a	1071.634414	n/a
1071.691147	11.170121	428676	sternberg_trial	n/a	n/a	244	146	342	146	3	1	1	1072.793851	1074.809787	1074.8262869999999	1076.842693	1077.04263	1079.058848	1071.693632	1079.058848	1081.8260659999999	1082.8637529999999	intervals/trials	107	1071.693632	1082.863753
1071.691147	0.000000	428676	ttl	11	n/a	n/a	n/a	n/a	n/a	n/a	n/a	n/a	n/a	n/a	n/a	n/a	n/a	n/a	n/a	n/a	n/a	n/a	n/a	n/a	1071.693632	n/a
1072.791366	0.000000	429117	stimulus_presentation	n/a	101	n/a	n/a	n/a	n/a	n/a	n/a	n/a	n/a	n/a	n/a	n/a	n/a	n/a	n/a	n/a	n/a	n/a	n/a	n/a	1072.793851	n/a
1072.791366	0.000000	429117	ttl	1	n/a	n/a	n/a	n/a	n/a	n/a	n/a	n/a	n/a	n/a	n/a	n/a	n/a	n/a	n/a	n/a	n/a	n/a	n/a	n/a	1072.793851	n/a
1074.807302	0.000000	429923	ttl	5	n/a	n/a	n/a	n/a	n/a	n/a	n/a	n/a	n/a	n/a	n/a	n/a	n/a	n/a	n/a	n/a	n/a	n/a	n/a	n/a	1074.809787	n/a
1074.823802	0.000000	429930	stimulus_presentation	n/a	46	n/a	n/a	n/a	n/a	n/a	n/a	n/a	n/a	n/a	n/a	n/a	n/a	n/a	n/a	n/a	n/a	n/a	n/a	n/a	1074.826287	n/a
1074.823802	0.000000	429930	ttl	2	n/a	n/a	n/a	n/a	n/a	n/a	n/a	n/a	n/a	n/a	n/a	n/a	n/a	n/a	n/a	n/a	n/a	n/a	n/a	n/a	1074.826287	n/a
1076.840208	0.000000	430736	ttl	5	n/a	n/a	n/a	n/a	n/a	n/a	n/a	n/a	n/a	n/a	n/a	n/a	n/a	n/a	n/a	n/a	n/a	n/a	n/a	n/a	1076.842693	n/a
1077.040145	0.000000	430816	stimulus_presentation	n/a	156	n/a	n/a	n/a	n/a	n/a	n/a	n/a	n/a	n/a	n/a	n/a	n/a	n/a	n/a	n/a	n/a	n/a	n/a	n/a	1077.042630	n/a
1077.040145	0.000000	430816	ttl	3	n/a	n/a	n/a	n/a	n/a	n/a	n/a	n/a	n/a	n/a	n/a	n/a	n/a	n/a	n/a	n/a	n/a	n/a	n/a	n/a	1077.042630	n/a
1079.056363	0.000000	431623	ttl	6	n/a	n/a	n/a	n/a	n/a	n/a	n/a	n/a	n/a	n/a	n/a	n/a	n/a	n/a	n/a	n/a	n/a	n/a	n/a	n/a	1079.058848	n/a
1081.823581	0.000000	432729	stimulus_presentation	n/a	46	n/a	n/a	n/a	n/a	n/a	n/a	n/a	n/a	n/a	n/a	n/a	n/a	n/a	n/a	n/a	n/a	n/a	n/a	n/a	1081.826066	n/a
1081.823581	0.000000	432729	ttl	7	n/a	n/a	n/a	n/a	n/a	n/a	n/a	n/a	n/a	n/a	n/a	n/a	n/a	n/a	n/a	n/a	n/a	n/a	n/a	n/a	1081.826066	n/a
1082.861268	0.000000	433145	ttl	8	n/a	n/a	n/a	n/a	n/a	n/a	n/a	n/a	n/a	n/a	n/a	n/a	n/a	n/a	n/a	n/a	n/a	n/a	n/a	n/a	1082.863753	n/a
1082.905862	8.401434	433162	sternberg_trial	n/a	n/a	343	0	0	343	1	1	1	1084.108127	1086.1243769999999	0.0	0.0	0.0	0.0	1082.908347	1086.1243769999999	1088.940875	1091.309781	intervals/trials	108	1082.908347	1091.309781
1082.905862	0.000000	433162	ttl	11	n/a	n/a	n/a	n/a	n/a	n/a	n/a	n/a	n/a	n/a	n/a	n/a	n/a	n/a	n/a	n/a	n/a	n/a	n/a	n/a	1082.908347	n/a
1084.105642	0.000000	433642	stimulus_presentation	n/a	157	n/a	n/a	n/a	n/a	n/a	n/a	n/a	n/a	n/a	n/a	n/a	n/a	n/a	n/a	n/a	n/a	n/a	n/a	n/a	1084.108127	n/a
1084.105642	0.000000	433642	ttl	1	n/a	n/a	n/a	n/a	n/a	n/a	n/a	n/a	n/a	n/a	n/a	n/a	n/a	n/a	n/a	n/a	n/a	n/a	n/a	n/a	1084.108127	n/a
1084.115642	0.000000	433646	stimulus_presentation	n/a	0	n/a	n/a	n/a	n/a	n/a	n/a	n/a	n/a	n/a	n/a	n/a	n/a	n/a	n/a	n/a	n/a	n/a	n/a	n/a	1084.118127	n/a
1084.125642	0.000000	433650	stimulus_presentation	n/a	0	n/a	n/a	n/a	n/a	n/a	n/a	n/a	n/a	n/a	n/a	n/a	n/a	n/a	n/a	n/a	n/a	n/a	n/a	n/a	1084.128127	n/a
1086.121892	0.000000	434449	ttl	6	n/a	n/a	n/a	n/a	n/a	n/a	n/a	n/a	n/a	n/a	n/a	n/a	n/a	n/a	n/a	n/a	n/a	n/a	n/a	n/a	1086.124377	n/a
1088.938390	0.000000	435575	stimulus_presentation	n/a	157	n/a	n/a	n/a	n/a	n/a	n/a	n/a	n/a	n/a	n/a	n/a	n/a	n/a	n/a	n/a	n/a	n/a	n/a	n/a	1088.940875	n/a
1088.938390	0.000000	435575	ttl	7	n/a	n/a	n/a	n/a	n/a	n/a	n/a	n/a	n/a	n/a	n/a	n/a	n/a	n/a	n/a	n/a	n/a	n/a	n/a	n/a	1088.940875	n/a
1091.307296	0.000000	436523	ttl	8	n/a	n/a	n/a	n/a	n/a	n/a	n/a	n/a	n/a	n/a	n/a	n/a	n/a	n/a	n/a	n/a	n/a	n/a	n/a	n/a	1091.309781	n/a
1091.354171	10.830683	436542	sternberg_trial	n/a	n/a	445	344	245	127	3	0	1	1092.356624	1094.372654	1094.4725919999998	1096.488997	1096.522372	1098.5386529999998	1091.356656	1098.5386529999998	1101.171964	1102.1873389999998	intervals/trials	109	1091.356656	1102.187339
1091.354171	0.000000	436542	ttl	11	n/a	n/a	n/a	n/a	n/a	n/a	n/a	n/a	n/a	n/a	n/a	n/a	n/a	n/a	n/a	n/a	n/a	n/a	n/a	n/a	1091.356656	n/a
1092.354139	0.000000	436942	stimulus_presentation	n/a	215	n/a	n/a	n/a	n/a	n/a	n/a	n/a	n/a	n/a	n/a	n/a	n/a	n/a	n/a	n/a	n/a	n/a	n/a	n/a	1092.356624	n/a
1092.354139	0.000000	436942	ttl	1	n/a	n/a	n/a	n/a	n/a	n/a	n/a	n/a	n/a	n/a	n/a	n/a	n/a	n/a	n/a	n/a	n/a	n/a	n/a	n/a	1092.356624	n/a
1094.370169	0.000000	437748	ttl	5	n/a	n/a	n/a	n/a	n/a	n/a	n/a	n/a	n/a	n/a	n/a	n/a	n/a	n/a	n/a	n/a	n/a	n/a	n/a	n/a	1094.372654	n/a
1094.470107	0.000000	437788	stimulus_presentation	n/a	158	n/a	n/a	n/a	n/a	n/a	n/a	n/a	n/a	n/a	n/a	n/a	n/a	n/a	n/a	n/a	n/a	n/a	n/a	n/a	1094.472592	n/a
1094.470107	0.000000	437788	ttl	2	n/a	n/a	n/a	n/a	n/a	n/a	n/a	n/a	n/a	n/a	n/a	n/a	n/a	n/a	n/a	n/a	n/a	n/a	n/a	n/a	1094.472592	n/a
1096.486512	0.000000	438595	ttl	5	n/a	n/a	n/a	n/a	n/a	n/a	n/a	n/a	n/a	n/a	n/a	n/a	n/a	n/a	n/a	n/a	n/a	n/a	n/a	n/a	1096.488997	n/a
1096.519887	0.000000	438608	stimulus_presentation	n/a	102	n/a	n/a	n/a	n/a	n/a	n/a	n/a	n/a	n/a	n/a	n/a	n/a	n/a	n/a	n/a	n/a	n/a	n/a	n/a	1096.522372	n/a
1096.519887	0.000000	438608	ttl	3	n/a	n/a	n/a	n/a	n/a	n/a	n/a	n/a	n/a	n/a	n/a	n/a	n/a	n/a	n/a	n/a	n/a	n/a	n/a	n/a	1096.522372	n/a
1098.536168	0.000000	439414	ttl	6	n/a	n/a	n/a	n/a	n/a	n/a	n/a	n/a	n/a	n/a	n/a	n/a	n/a	n/a	n/a	n/a	n/a	n/a	n/a	n/a	1098.538653	n/a
1101.169479	0.000000	440468	stimulus_presentation	n/a	27	n/a	n/a	n/a	n/a	n/a	n/a	n/a	n/a	n/a	n/a	n/a	n/a	n/a	n/a	n/a	n/a	n/a	n/a	n/a	1101.171964	n/a
1101.169479	0.000000	440468	ttl	7	n/a	n/a	n/a	n/a	n/a	n/a	n/a	n/a	n/a	n/a	n/a	n/a	n/a	n/a	n/a	n/a	n/a	n/a	n/a	n/a	1101.171964	n/a
1102.184854	0.000000	440874	ttl	8	n/a	n/a	n/a	n/a	n/a	n/a	n/a	n/a	n/a	n/a	n/a	n/a	n/a	n/a	n/a	n/a	n/a	n/a	n/a	n/a	1102.187339	n/a
1102.235291	11.354746	440894	sternberg_trial	n/a	n/a	147	246	545	545	3	1	1	1103.25462	1105.270556	1105.370525	1107.3868049999999	1107.536899	1109.5530549999999	1102.237776	1109.5530549999999	1112.169929	1113.592522	intervals/trials	110	1102.237776	1113.592522
1102.235291	0.000000	440894	ttl	11	n/a	n/a	n/a	n/a	n/a	n/a	n/a	n/a	n/a	n/a	n/a	n/a	n/a	n/a	n/a	n/a	n/a	n/a	n/a	n/a	1102.237776	n/a
1103.252135	0.000000	441301	stimulus_presentation	n/a	47	n/a	n/a	n/a	n/a	n/a	n/a	n/a	n/a	n/a	n/a	n/a	n/a	n/a	n/a	n/a	n/a	n/a	n/a	n/a	1103.254620	n/a
1103.252135	0.000000	441301	ttl	1	n/a	n/a	n/a	n/a	n/a	n/a	n/a	n/a	n/a	n/a	n/a	n/a	n/a	n/a	n/a	n/a	n/a	n/a	n/a	n/a	1103.254620	n/a
1105.268071	0.000000	442107	ttl	5	n/a	n/a	n/a	n/a	n/a	n/a	n/a	n/a	n/a	n/a	n/a	n/a	n/a	n/a	n/a	n/a	n/a	n/a	n/a	n/a	1105.270556	n/a
1105.368040	0.000000	442147	stimulus_presentation	n/a	103	n/a	n/a	n/a	n/a	n/a	n/a	n/a	n/a	n/a	n/a	n/a	n/a	n/a	n/a	n/a	n/a	n/a	n/a	n/a	1105.370525	n/a
1105.368040	0.000000	442147	ttl	2	n/a	n/a	n/a	n/a	n/a	n/a	n/a	n/a	n/a	n/a	n/a	n/a	n/a	n/a	n/a	n/a	n/a	n/a	n/a	n/a	1105.370525	n/a
1107.384320	0.000000	442954	ttl	5	n/a	n/a	n/a	n/a	n/a	n/a	n/a	n/a	n/a	n/a	n/a	n/a	n/a	n/a	n/a	n/a	n/a	n/a	n/a	n/a	1107.386805	n/a
1107.534414	0.000000	443014	stimulus_presentation	n/a	270	n/a	n/a	n/a	n/a	n/a	n/a	n/a	n/a	n/a	n/a	n/a	n/a	n/a	n/a	n/a	n/a	n/a	n/a	n/a	1107.536899	n/a
1107.534414	0.000000	443014	ttl	3	n/a	n/a	n/a	n/a	n/a	n/a	n/a	n/a	n/a	n/a	n/a	n/a	n/a	n/a	n/a	n/a	n/a	n/a	n/a	n/a	1107.536899	n/a
1109.550570	0.000000	443820	ttl	6	n/a	n/a	n/a	n/a	n/a	n/a	n/a	n/a	n/a	n/a	n/a	n/a	n/a	n/a	n/a	n/a	n/a	n/a	n/a	n/a	1109.553055	n/a
1112.167444	0.000000	444867	stimulus_presentation	n/a	270	n/a	n/a	n/a	n/a	n/a	n/a	n/a	n/a	n/a	n/a	n/a	n/a	n/a	n/a	n/a	n/a	n/a	n/a	n/a	1112.169929	n/a
1112.167444	0.000000	444867	ttl	7	n/a	n/a	n/a	n/a	n/a	n/a	n/a	n/a	n/a	n/a	n/a	n/a	n/a	n/a	n/a	n/a	n/a	n/a	n/a	n/a	1112.169929	n/a
1113.590037	0.000000	445436	ttl	8	n/a	n/a	n/a	n/a	n/a	n/a	n/a	n/a	n/a	n/a	n/a	n/a	n/a	n/a	n/a	n/a	n/a	n/a	n/a	n/a	1113.592522	n/a
1113.633037	11.394245	445453	sternberg_trial	n/a	n/a	446	148	546	337	3	0	1	1114.702209	1116.718427	1116.818458	1118.834645	1118.851332	1120.867675	1113.635522	1120.867675	1123.50108	1125.029767	intervals/trials	111	1113.635522	1125.029767
1113.633037	0.000000	445453	ttl	11	n/a	n/a	n/a	n/a	n/a	n/a	n/a	n/a	n/a	n/a	n/a	n/a	n/a	n/a	n/a	n/a	n/a	n/a	n/a	n/a	1113.635522	n/a
1114.699724	0.000000	445880	stimulus_presentation	n/a	216	n/a	n/a	n/a	n/a	n/a	n/a	n/a	n/a	n/a	n/a	n/a	n/a	n/a	n/a	n/a	n/a	n/a	n/a	n/a	1114.702209	n/a
1114.699724	0.000000	445880	ttl	1	n/a	n/a	n/a	n/a	n/a	n/a	n/a	n/a	n/a	n/a	n/a	n/a	n/a	n/a	n/a	n/a	n/a	n/a	n/a	n/a	1114.702209	n/a
1116.715942	0.000000	446686	ttl	5	n/a	n/a	n/a	n/a	n/a	n/a	n/a	n/a	n/a	n/a	n/a	n/a	n/a	n/a	n/a	n/a	n/a	n/a	n/a	n/a	1116.718427	n/a
1116.815973	0.000000	446726	stimulus_presentation	n/a	48	n/a	n/a	n/a	n/a	n/a	n/a	n/a	n/a	n/a	n/a	n/a	n/a	n/a	n/a	n/a	n/a	n/a	n/a	n/a	1116.818458	n/a
1116.815973	0.000000	446726	ttl	2	n/a	n/a	n/a	n/a	n/a	n/a	n/a	n/a	n/a	n/a	n/a	n/a	n/a	n/a	n/a	n/a	n/a	n/a	n/a	n/a	1116.818458	n/a
1118.832160	0.000000	447533	ttl	5	n/a	n/a	n/a	n/a	n/a	n/a	n/a	n/a	n/a	n/a	n/a	n/a	n/a	n/a	n/a	n/a	n/a	n/a	n/a	n/a	1118.834645	n/a
1118.848847	0.000000	447540	stimulus_presentation	n/a	271	n/a	n/a	n/a	n/a	n/a	n/a	n/a	n/a	n/a	n/a	n/a	n/a	n/a	n/a	n/a	n/a	n/a	n/a	n/a	1118.851332	n/a
1118.848847	0.000000	447540	ttl	3	n/a	n/a	n/a	n/a	n/a	n/a	n/a	n/a	n/a	n/a	n/a	n/a	n/a	n/a	n/a	n/a	n/a	n/a	n/a	n/a	1118.851332	n/a
1120.865190	0.000000	448346	ttl	6	n/a	n/a	n/a	n/a	n/a	n/a	n/a	n/a	n/a	n/a	n/a	n/a	n/a	n/a	n/a	n/a	n/a	n/a	n/a	n/a	1120.867675	n/a
1123.498595	0.000000	449399	stimulus_presentation	n/a	151	n/a	n/a	n/a	n/a	n/a	n/a	n/a	n/a	n/a	n/a	n/a	n/a	n/a	n/a	n/a	n/a	n/a	n/a	n/a	1123.501080	n/a
1123.498595	0.000000	449399	ttl	7	n/a	n/a	n/a	n/a	n/a	n/a	n/a	n/a	n/a	n/a	n/a	n/a	n/a	n/a	n/a	n/a	n/a	n/a	n/a	n/a	1123.501080	n/a
1125.027282	0.000000	450011	ttl	8	n/a	n/a	n/a	n/a	n/a	n/a	n/a	n/a	n/a	n/a	n/a	n/a	n/a	n/a	n/a	n/a	n/a	n/a	n/a	n/a	1125.029767	n/a
1125.080626	6.793247	450032	sternberg_trial	n/a	n/a	149	0	0	149	1	1	0	1126.1169539999999	1128.13286	0.0	0.0	0.0	0.0	1125.083111	1128.13286	1130.9164839999999	1131.876358	intervals/trials	112	1125.083111	1131.876358
1125.080626	0.000000	450032	ttl	11	n/a	n/a	n/a	n/a	n/a	n/a	n/a	n/a	n/a	n/a	n/a	n/a	n/a	n/a	n/a	n/a	n/a	n/a	n/a	n/a	1125.083111	n/a
1126.114469	0.000000	450446	stimulus_presentation	n/a	49	n/a	n/a	n/a	n/a	n/a	n/a	n/a	n/a	n/a	n/a	n/a	n/a	n/a	n/a	n/a	n/a	n/a	n/a	n/a	1126.116954	n/a
1126.114469	0.000000	450446	ttl	1	n/a	n/a	n/a	n/a	n/a	n/a	n/a	n/a	n/a	n/a	n/a	n/a	n/a	n/a	n/a	n/a	n/a	n/a	n/a	n/a	1126.116954	n/a
1126.124469	0.000000	450450	stimulus_presentation	n/a	0	n/a	n/a	n/a	n/a	n/a	n/a	n/a	n/a	n/a	n/a	n/a	n/a	n/a	n/a	n/a	n/a	n/a	n/a	n/a	1126.126954	n/a
1126.134469	0.000000	450454	stimulus_presentation	n/a	0	n/a	n/a	n/a	n/a	n/a	n/a	n/a	n/a	n/a	n/a	n/a	n/a	n/a	n/a	n/a	n/a	n/a	n/a	n/a	1126.136954	n/a
1128.130375	0.000000	451252	ttl	6	n/a	n/a	n/a	n/a	n/a	n/a	n/a	n/a	n/a	n/a	n/a	n/a	n/a	n/a	n/a	n/a	n/a	n/a	n/a	n/a	1128.132860	n/a
1130.913999	0.000000	452366	stimulus_presentation	n/a	49	n/a	n/a	n/a	n/a	n/a	n/a	n/a	n/a	n/a	n/a	n/a	n/a	n/a	n/a	n/a	n/a	n/a	n/a	n/a	1130.916484	n/a
1130.913999	0.000000	452366	ttl	7	n/a	n/a	n/a	n/a	n/a	n/a	n/a	n/a	n/a	n/a	n/a	n/a	n/a	n/a	n/a	n/a	n/a	n/a	n/a	n/a	1130.916484	n/a
1131.873873	0.000000	452750	ttl	8	n/a	n/a	n/a	n/a	n/a	n/a	n/a	n/a	n/a	n/a	n/a	n/a	n/a	n/a	n/a	n/a	n/a	n/a	n/a	n/a	1131.876358	n/a
1131.912998	11.749933	452765	sternberg_trial	n/a	n/a	150	547	345	444	3	0	1	1132.998858	1135.015076	1135.114857	1137.131294	1137.231075	1139.247449	1131.915483	1139.247449	1142.014229	1143.665416	intervals/trials	113	1131.915483	1143.665416
1131.912998	0.000000	452765	ttl	11	n/a	n/a	n/a	n/a	n/a	n/a	n/a	n/a	n/a	n/a	n/a	n/a	n/a	n/a	n/a	n/a	n/a	n/a	n/a	n/a	1131.915483	n/a
1132.996373	0.000000	453199	stimulus_presentation	n/a	50	n/a	n/a	n/a	n/a	n/a	n/a	n/a	n/a	n/a	n/a	n/a	n/a	n/a	n/a	n/a	n/a	n/a	n/a	n/a	1132.998858	n/a
1132.996373	0.000000	453199	ttl	1	n/a	n/a	n/a	n/a	n/a	n/a	n/a	n/a	n/a	n/a	n/a	n/a	n/a	n/a	n/a	n/a	n/a	n/a	n/a	n/a	1132.998858	n/a
1135.012591	0.000000	454005	ttl	5	n/a	n/a	n/a	n/a	n/a	n/a	n/a	n/a	n/a	n/a	n/a	n/a	n/a	n/a	n/a	n/a	n/a	n/a	n/a	n/a	1135.015076	n/a
1135.112372	0.000000	454045	stimulus_presentation	n/a	272	n/a	n/a	n/a	n/a	n/a	n/a	n/a	n/a	n/a	n/a	n/a	n/a	n/a	n/a	n/a	n/a	n/a	n/a	n/a	1135.114857	n/a
1135.112372	0.000000	454045	ttl	2	n/a	n/a	n/a	n/a	n/a	n/a	n/a	n/a	n/a	n/a	n/a	n/a	n/a	n/a	n/a	n/a	n/a	n/a	n/a	n/a	1135.114857	n/a
1137.128809	0.000000	454852	ttl	5	n/a	n/a	n/a	n/a	n/a	n/a	n/a	n/a	n/a	n/a	n/a	n/a	n/a	n/a	n/a	n/a	n/a	n/a	n/a	n/a	1137.131294	n/a
1137.228590	0.000000	454891	stimulus_presentation	n/a	159	n/a	n/a	n/a	n/a	n/a	n/a	n/a	n/a	n/a	n/a	n/a	n/a	n/a	n/a	n/a	n/a	n/a	n/a	n/a	1137.231075	n/a
1137.228590	0.000000	454891	ttl	3	n/a	n/a	n/a	n/a	n/a	n/a	n/a	n/a	n/a	n/a	n/a	n/a	n/a	n/a	n/a	n/a	n/a	n/a	n/a	n/a	1137.231075	n/a
1139.244964	0.000000	455698	ttl	6	n/a	n/a	n/a	n/a	n/a	n/a	n/a	n/a	n/a	n/a	n/a	n/a	n/a	n/a	n/a	n/a	n/a	n/a	n/a	n/a	1139.247449	n/a
1142.011744	0.000000	456805	stimulus_presentation	n/a	214	n/a	n/a	n/a	n/a	n/a	n/a	n/a	n/a	n/a	n/a	n/a	n/a	n/a	n/a	n/a	n/a	n/a	n/a	n/a	1142.014229	n/a
1142.011744	0.000000	456805	ttl	7	n/a	n/a	n/a	n/a	n/a	n/a	n/a	n/a	n/a	n/a	n/a	n/a	n/a	n/a	n/a	n/a	n/a	n/a	n/a	n/a	1142.014229	n/a
1143.662931	0.000000	457465	ttl	8	n/a	n/a	n/a	n/a	n/a	n/a	n/a	n/a	n/a	n/a	n/a	n/a	n/a	n/a	n/a	n/a	n/a	n/a	n/a	n/a	1143.665416	n/a
1143.710681	11.197495	457484	sternberg_trial	n/a	n/a	151	346	548	446	3	0	1	1144.729915	1146.7462269999999	1146.7627579999998	1148.778914	1148.8955079999998	1150.9119759999999	1143.713166	1150.9119759999999	1153.528568	1154.910661	intervals/trials	114	1143.713166	1154.910661
1143.710681	0.000000	457484	ttl	11	n/a	n/a	n/a	n/a	n/a	n/a	n/a	n/a	n/a	n/a	n/a	n/a	n/a	n/a	n/a	n/a	n/a	n/a	n/a	n/a	1143.713166	n/a
1144.727430	0.000000	457891	stimulus_presentation	n/a	51	n/a	n/a	n/a	n/a	n/a	n/a	n/a	n/a	n/a	n/a	n/a	n/a	n/a	n/a	n/a	n/a	n/a	n/a	n/a	1144.729915	n/a
1144.727430	0.000000	457891	ttl	1	n/a	n/a	n/a	n/a	n/a	n/a	n/a	n/a	n/a	n/a	n/a	n/a	n/a	n/a	n/a	n/a	n/a	n/a	n/a	n/a	1144.729915	n/a
1146.743742	0.000000	458697	ttl	5	n/a	n/a	n/a	n/a	n/a	n/a	n/a	n/a	n/a	n/a	n/a	n/a	n/a	n/a	n/a	n/a	n/a	n/a	n/a	n/a	1146.746227	n/a
1146.760273	0.000000	458704	stimulus_presentation	n/a	160	n/a	n/a	n/a	n/a	n/a	n/a	n/a	n/a	n/a	n/a	n/a	n/a	n/a	n/a	n/a	n/a	n/a	n/a	n/a	1146.762758	n/a
1146.760273	0.000000	458704	ttl	2	n/a	n/a	n/a	n/a	n/a	n/a	n/a	n/a	n/a	n/a	n/a	n/a	n/a	n/a	n/a	n/a	n/a	n/a	n/a	n/a	1146.762758	n/a
1148.776429	0.000000	459511	ttl	5	n/a	n/a	n/a	n/a	n/a	n/a	n/a	n/a	n/a	n/a	n/a	n/a	n/a	n/a	n/a	n/a	n/a	n/a	n/a	n/a	1148.778914	n/a
1148.893023	0.000000	459557	stimulus_presentation	n/a	273	n/a	n/a	n/a	n/a	n/a	n/a	n/a	n/a	n/a	n/a	n/a	n/a	n/a	n/a	n/a	n/a	n/a	n/a	n/a	1148.895508	n/a
1148.893023	0.000000	459557	ttl	3	n/a	n/a	n/a	n/a	n/a	n/a	n/a	n/a	n/a	n/a	n/a	n/a	n/a	n/a	n/a	n/a	n/a	n/a	n/a	n/a	1148.895508	n/a
1150.909491	0.000000	460364	ttl	6	n/a	n/a	n/a	n/a	n/a	n/a	n/a	n/a	n/a	n/a	n/a	n/a	n/a	n/a	n/a	n/a	n/a	n/a	n/a	n/a	1150.911976	n/a
1153.526083	0.000000	461410	stimulus_presentation	n/a	216	n/a	n/a	n/a	n/a	n/a	n/a	n/a	n/a	n/a	n/a	n/a	n/a	n/a	n/a	n/a	n/a	n/a	n/a	n/a	1153.528568	n/a
1153.526083	0.000000	461410	ttl	7	n/a	n/a	n/a	n/a	n/a	n/a	n/a	n/a	n/a	n/a	n/a	n/a	n/a	n/a	n/a	n/a	n/a	n/a	n/a	n/a	1153.528568	n/a
1154.908176	0.000000	461963	ttl	8	n/a	n/a	n/a	n/a	n/a	n/a	n/a	n/a	n/a	n/a	n/a	n/a	n/a	n/a	n/a	n/a	n/a	n/a	n/a	n/a	1154.910661	n/a
1154.958270	11.211371	461983	sternberg_trial	n/a	n/a	447	347	247	447	3	1	1	1156.11063	1158.127348	1158.227191	1160.2434409999998	1160.443503	1162.459783	1154.9607549999998	1162.459783	1165.093189	1166.172126	intervals/trials	115	1154.960755	1166.172126
1154.958270	0.000000	461983	ttl	11	n/a	n/a	n/a	n/a	n/a	n/a	n/a	n/a	n/a	n/a	n/a	n/a	n/a	n/a	n/a	n/a	n/a	n/a	n/a	n/a	1154.960755	n/a
1156.108145	0.000000	462443	stimulus_presentation	n/a	217	n/a	n/a	n/a	n/a	n/a	n/a	n/a	n/a	n/a	n/a	n/a	n/a	n/a	n/a	n/a	n/a	n/a	n/a	n/a	1156.110630	n/a
1156.108145	0.000000	462443	ttl	1	n/a	n/a	n/a	n/a	n/a	n/a	n/a	n/a	n/a	n/a	n/a	n/a	n/a	n/a	n/a	n/a	n/a	n/a	n/a	n/a	1156.110630	n/a
1158.124863	0.000000	463250	ttl	5	n/a	n/a	n/a	n/a	n/a	n/a	n/a	n/a	n/a	n/a	n/a	n/a	n/a	n/a	n/a	n/a	n/a	n/a	n/a	n/a	1158.127348	n/a
1158.224706	0.000000	463290	stimulus_presentation	n/a	161	n/a	n/a	n/a	n/a	n/a	n/a	n/a	n/a	n/a	n/a	n/a	n/a	n/a	n/a	n/a	n/a	n/a	n/a	n/a	1158.227191	n/a
1158.224706	0.000000	463290	ttl	2	n/a	n/a	n/a	n/a	n/a	n/a	n/a	n/a	n/a	n/a	n/a	n/a	n/a	n/a	n/a	n/a	n/a	n/a	n/a	n/a	1158.227191	n/a
1160.240956	0.000000	464096	ttl	5	n/a	n/a	n/a	n/a	n/a	n/a	n/a	n/a	n/a	n/a	n/a	n/a	n/a	n/a	n/a	n/a	n/a	n/a	n/a	n/a	1160.243441	n/a
1160.441018	0.000000	464176	stimulus_presentation	n/a	104	n/a	n/a	n/a	n/a	n/a	n/a	n/a	n/a	n/a	n/a	n/a	n/a	n/a	n/a	n/a	n/a	n/a	n/a	n/a	1160.443503	n/a
1160.441018	0.000000	464176	ttl	3	n/a	n/a	n/a	n/a	n/a	n/a	n/a	n/a	n/a	n/a	n/a	n/a	n/a	n/a	n/a	n/a	n/a	n/a	n/a	n/a	1160.443503	n/a
1162.457298	0.000000	464983	ttl	6	n/a	n/a	n/a	n/a	n/a	n/a	n/a	n/a	n/a	n/a	n/a	n/a	n/a	n/a	n/a	n/a	n/a	n/a	n/a	n/a	1162.459783	n/a
1165.090704	0.000000	466036	stimulus_presentation	n/a	217	n/a	n/a	n/a	n/a	n/a	n/a	n/a	n/a	n/a	n/a	n/a	n/a	n/a	n/a	n/a	n/a	n/a	n/a	n/a	1165.093189	n/a
1165.090704	0.000000	466036	ttl	7	n/a	n/a	n/a	n/a	n/a	n/a	n/a	n/a	n/a	n/a	n/a	n/a	n/a	n/a	n/a	n/a	n/a	n/a	n/a	n/a	1165.093189	n/a
1166.169641	0.000000	466468	ttl	8	n/a	n/a	n/a	n/a	n/a	n/a	n/a	n/a	n/a	n/a	n/a	n/a	n/a	n/a	n/a	n/a	n/a	n/a	n/a	n/a	1166.172126	n/a
1166.239766	11.223120	466496	sternberg_trial	n/a	n/a	549	448	348	119	3	0	1	1167.258969	1169.275124	1169.408312	1171.4247169999999	1171.491217	1173.507623	1166.242251	1173.507623	1176.0908399999998	1177.465371	intervals/trials	116	1166.242251	1177.465371
1166.239766	0.000000	466496	ttl	11	n/a	n/a	n/a	n/a	n/a	n/a	n/a	n/a	n/a	n/a	n/a	n/a	n/a	n/a	n/a	n/a	n/a	n/a	n/a	n/a	1166.242251	n/a
1167.256484	0.000000	466903	stimulus_presentation	n/a	274	n/a	n/a	n/a	n/a	n/a	n/a	n/a	n/a	n/a	n/a	n/a	n/a	n/a	n/a	n/a	n/a	n/a	n/a	n/a	1167.258969	n/a
1167.256484	0.000000	466903	ttl	1	n/a	n/a	n/a	n/a	n/a	n/a	n/a	n/a	n/a	n/a	n/a	n/a	n/a	n/a	n/a	n/a	n/a	n/a	n/a	n/a	1167.258969	n/a
1169.272639	0.000000	467709	ttl	5	n/a	n/a	n/a	n/a	n/a	n/a	n/a	n/a	n/a	n/a	n/a	n/a	n/a	n/a	n/a	n/a	n/a	n/a	n/a	n/a	1169.275124	n/a
1169.405827	0.000000	467762	stimulus_presentation	n/a	218	n/a	n/a	n/a	n/a	n/a	n/a	n/a	n/a	n/a	n/a	n/a	n/a	n/a	n/a	n/a	n/a	n/a	n/a	n/a	1169.408312	n/a
1169.405827	0.000000	467762	ttl	2	n/a	n/a	n/a	n/a	n/a	n/a	n/a	n/a	n/a	n/a	n/a	n/a	n/a	n/a	n/a	n/a	n/a	n/a	n/a	n/a	1169.408312	n/a
1171.422232	0.000000	468569	ttl	5	n/a	n/a	n/a	n/a	n/a	n/a	n/a	n/a	n/a	n/a	n/a	n/a	n/a	n/a	n/a	n/a	n/a	n/a	n/a	n/a	1171.424717	n/a
1171.488732	0.000000	468595	stimulus_presentation	n/a	162	n/a	n/a	n/a	n/a	n/a	n/a	n/a	n/a	n/a	n/a	n/a	n/a	n/a	n/a	n/a	n/a	n/a	n/a	n/a	1171.491217	n/a
1171.488732	0.000000	468595	ttl	3	n/a	n/a	n/a	n/a	n/a	n/a	n/a	n/a	n/a	n/a	n/a	n/a	n/a	n/a	n/a	n/a	n/a	n/a	n/a	n/a	1171.491217	n/a
1173.505138	0.000000	469402	ttl	6	n/a	n/a	n/a	n/a	n/a	n/a	n/a	n/a	n/a	n/a	n/a	n/a	n/a	n/a	n/a	n/a	n/a	n/a	n/a	n/a	1173.507623	n/a
1176.088355	0.000000	470435	stimulus_presentation	n/a	19	n/a	n/a	n/a	n/a	n/a	n/a	n/a	n/a	n/a	n/a	n/a	n/a	n/a	n/a	n/a	n/a	n/a	n/a	n/a	1176.090840	n/a
1176.088355	0.000000	470435	ttl	7	n/a	n/a	n/a	n/a	n/a	n/a	n/a	n/a	n/a	n/a	n/a	n/a	n/a	n/a	n/a	n/a	n/a	n/a	n/a	n/a	1176.090840	n/a
1177.462886	0.000000	470985	ttl	8	n/a	n/a	n/a	n/a	n/a	n/a	n/a	n/a	n/a	n/a	n/a	n/a	n/a	n/a	n/a	n/a	n/a	n/a	n/a	n/a	1177.465371	n/a
1177.504230	7.492934	471002	sternberg_trial	n/a	n/a	248	0	0	248	1	1	1	1178.490121	1180.5062759999998	0.0	0.0	0.0	0.0	1177.506715	1180.5062759999998	1183.1061809999999	1184.9996489999999	intervals/trials	117	1177.506715	1184.999649
1177.504230	0.000000	471002	ttl	11	n/a	n/a	n/a	n/a	n/a	n/a	n/a	n/a	n/a	n/a	n/a	n/a	n/a	n/a	n/a	n/a	n/a	n/a	n/a	n/a	1177.506715	n/a
1178.487636	0.000000	471395	stimulus_presentation	n/a	105	n/a	n/a	n/a	n/a	n/a	n/a	n/a	n/a	n/a	n/a	n/a	n/a	n/a	n/a	n/a	n/a	n/a	n/a	n/a	1178.490121	n/a
1178.487636	0.000000	471395	ttl	1	n/a	n/a	n/a	n/a	n/a	n/a	n/a	n/a	n/a	n/a	n/a	n/a	n/a	n/a	n/a	n/a	n/a	n/a	n/a	n/a	1178.490121	n/a
1178.497636	0.000000	471399	stimulus_presentation	n/a	0	n/a	n/a	n/a	n/a	n/a	n/a	n/a	n/a	n/a	n/a	n/a	n/a	n/a	n/a	n/a	n/a	n/a	n/a	n/a	1178.500121	n/a
1178.507636	0.000000	471403	stimulus_presentation	n/a	0	n/a	n/a	n/a	n/a	n/a	n/a	n/a	n/a	n/a	n/a	n/a	n/a	n/a	n/a	n/a	n/a	n/a	n/a	n/a	1178.510121	n/a
1180.503791	0.000000	472202	ttl	6	n/a	n/a	n/a	n/a	n/a	n/a	n/a	n/a	n/a	n/a	n/a	n/a	n/a	n/a	n/a	n/a	n/a	n/a	n/a	n/a	1180.506276	n/a
1183.103696	0.000000	473241	stimulus_presentation	n/a	105	n/a	n/a	n/a	n/a	n/a	n/a	n/a	n/a	n/a	n/a	n/a	n/a	n/a	n/a	n/a	n/a	n/a	n/a	n/a	1183.106181	n/a
1183.103696	0.000000	473241	ttl	7	n/a	n/a	n/a	n/a	n/a	n/a	n/a	n/a	n/a	n/a	n/a	n/a	n/a	n/a	n/a	n/a	n/a	n/a	n/a	n/a	1183.106181	n/a
1184.997164	0.000000	473999	ttl	8	n/a	n/a	n/a	n/a	n/a	n/a	n/a	n/a	n/a	n/a	n/a	n/a	n/a	n/a	n/a	n/a	n/a	n/a	n/a	n/a	1184.999649	n/a
1185.036133	7.383278	474014	sternberg_trial	n/a	n/a	550	0	0	245	1	0	1	1186.0889929999998	1188.104867	0.0	0.0	0.0	0.0	1185.038618	1188.104867	1190.688116	1192.4218959999998	intervals/trials	118	1185.038618	1192.421896
1185.036133	0.000000	474014	ttl	11	n/a	n/a	n/a	n/a	n/a	n/a	n/a	n/a	n/a	n/a	n/a	n/a	n/a	n/a	n/a	n/a	n/a	n/a	n/a	n/a	1185.038618	n/a
1186.086508	0.000000	474435	stimulus_presentation	n/a	275	n/a	n/a	n/a	n/a	n/a	n/a	n/a	n/a	n/a	n/a	n/a	n/a	n/a	n/a	n/a	n/a	n/a	n/a	n/a	1186.088993	n/a
1186.086508	0.000000	474435	ttl	1	n/a	n/a	n/a	n/a	n/a	n/a	n/a	n/a	n/a	n/a	n/a	n/a	n/a	n/a	n/a	n/a	n/a	n/a	n/a	n/a	1186.088993	n/a
1186.096508	0.000000	474439	stimulus_presentation	n/a	0	n/a	n/a	n/a	n/a	n/a	n/a	n/a	n/a	n/a	n/a	n/a	n/a	n/a	n/a	n/a	n/a	n/a	n/a	n/a	1186.098993	n/a
1186.106508	0.000000	474443	stimulus_presentation	n/a	0	n/a	n/a	n/a	n/a	n/a	n/a	n/a	n/a	n/a	n/a	n/a	n/a	n/a	n/a	n/a	n/a	n/a	n/a	n/a	1186.108993	n/a
1188.102382	0.000000	475241	ttl	6	n/a	n/a	n/a	n/a	n/a	n/a	n/a	n/a	n/a	n/a	n/a	n/a	n/a	n/a	n/a	n/a	n/a	n/a	n/a	n/a	1188.104867	n/a
1190.685631	0.000000	476274	stimulus_presentation	n/a	102	n/a	n/a	n/a	n/a	n/a	n/a	n/a	n/a	n/a	n/a	n/a	n/a	n/a	n/a	n/a	n/a	n/a	n/a	n/a	1190.688116	n/a
1190.685631	0.000000	476274	ttl	7	n/a	n/a	n/a	n/a	n/a	n/a	n/a	n/a	n/a	n/a	n/a	n/a	n/a	n/a	n/a	n/a	n/a	n/a	n/a	n/a	1190.688116	n/a
1192.419411	0.000000	476968	ttl	8	n/a	n/a	n/a	n/a	n/a	n/a	n/a	n/a	n/a	n/a	n/a	n/a	n/a	n/a	n/a	n/a	n/a	n/a	n/a	n/a	1192.421896	n/a
1192.468099	11.820401	476987	sternberg_trial	n/a	n/a	249	551	152	249	3	1	1	1193.6038019999999	1195.6202389999999	1195.703301	1197.719582	1197.786332	1199.802518	1192.470584	1199.802518	1202.385861	1204.2909849999999	intervals/trials	119	1192.470584	1204.290985
1192.468099	0.000000	476987	ttl	11	n/a	n/a	n/a	n/a	n/a	n/a	n/a	n/a	n/a	n/a	n/a	n/a	n/a	n/a	n/a	n/a	n/a	n/a	n/a	n/a	1192.470584	n/a
1193.601317	0.000000	477441	stimulus_presentation	n/a	106	n/a	n/a	n/a	n/a	n/a	n/a	n/a	n/a	n/a	n/a	n/a	n/a	n/a	n/a	n/a	n/a	n/a	n/a	n/a	1193.603802	n/a
1193.601317	0.000000	477441	ttl	1	n/a	n/a	n/a	n/a	n/a	n/a	n/a	n/a	n/a	n/a	n/a	n/a	n/a	n/a	n/a	n/a	n/a	n/a	n/a	n/a	1193.603802	n/a
1195.617754	0.000000	478247	ttl	5	n/a	n/a	n/a	n/a	n/a	n/a	n/a	n/a	n/a	n/a	n/a	n/a	n/a	n/a	n/a	n/a	n/a	n/a	n/a	n/a	1195.620239	n/a
1195.700816	0.000000	478280	stimulus_presentation	n/a	276	n/a	n/a	n/a	n/a	n/a	n/a	n/a	n/a	n/a	n/a	n/a	n/a	n/a	n/a	n/a	n/a	n/a	n/a	n/a	1195.703301	n/a
1195.700816	0.000000	478280	ttl	2	n/a	n/a	n/a	n/a	n/a	n/a	n/a	n/a	n/a	n/a	n/a	n/a	n/a	n/a	n/a	n/a	n/a	n/a	n/a	n/a	1195.703301	n/a
1197.717097	0.000000	479087	ttl	5	n/a	n/a	n/a	n/a	n/a	n/a	n/a	n/a	n/a	n/a	n/a	n/a	n/a	n/a	n/a	n/a	n/a	n/a	n/a	n/a	1197.719582	n/a
1197.783847	0.000000	479114	stimulus_presentation	n/a	52	n/a	n/a	n/a	n/a	n/a	n/a	n/a	n/a	n/a	n/a	n/a	n/a	n/a	n/a	n/a	n/a	n/a	n/a	n/a	1197.786332	n/a
1197.783847	0.000000	479114	ttl	3	n/a	n/a	n/a	n/a	n/a	n/a	n/a	n/a	n/a	n/a	n/a	n/a	n/a	n/a	n/a	n/a	n/a	n/a	n/a	n/a	1197.786332	n/a
1199.800033	0.000000	479920	ttl	6	n/a	n/a	n/a	n/a	n/a	n/a	n/a	n/a	n/a	n/a	n/a	n/a	n/a	n/a	n/a	n/a	n/a	n/a	n/a	n/a	1199.802518	n/a
1202.383376	0.000000	480953	stimulus_presentation	n/a	106	n/a	n/a	n/a	n/a	n/a	n/a	n/a	n/a	n/a	n/a	n/a	n/a	n/a	n/a	n/a	n/a	n/a	n/a	n/a	1202.385861	n/a
1202.383376	0.000000	480953	ttl	7	n/a	n/a	n/a	n/a	n/a	n/a	n/a	n/a	n/a	n/a	n/a	n/a	n/a	n/a	n/a	n/a	n/a	n/a	n/a	n/a	1202.385861	n/a
1204.288500	0.000000	481715	ttl	8	n/a	n/a	n/a	n/a	n/a	n/a	n/a	n/a	n/a	n/a	n/a	n/a	n/a	n/a	n/a	n/a	n/a	n/a	n/a	n/a	1204.290985	n/a
1204.332407	7.378403	481733	sternberg_trial	n/a	n/a	449	0	0	449	1	1	1	1205.4516409999999	1207.4677649999999	0.0	0.0	0.0	0.0	1204.3348919999999	1207.4677649999999	1210.1510449999998	1211.713295	intervals/trials	120	1204.334892	1211.713295
1204.332407	0.000000	481733	ttl	11	n/a	n/a	n/a	n/a	n/a	n/a	n/a	n/a	n/a	n/a	n/a	n/a	n/a	n/a	n/a	n/a	n/a	n/a	n/a	n/a	1204.334892	n/a
1205.449156	0.000000	482180	stimulus_presentation	n/a	219	n/a	n/a	n/a	n/a	n/a	n/a	n/a	n/a	n/a	n/a	n/a	n/a	n/a	n/a	n/a	n/a	n/a	n/a	n/a	1205.451641	n/a
1205.449156	0.000000	482180	ttl	1	n/a	n/a	n/a	n/a	n/a	n/a	n/a	n/a	n/a	n/a	n/a	n/a	n/a	n/a	n/a	n/a	n/a	n/a	n/a	n/a	1205.451641	n/a
1205.459156	0.000000	482184	stimulus_presentation	n/a	0	n/a	n/a	n/a	n/a	n/a	n/a	n/a	n/a	n/a	n/a	n/a	n/a	n/a	n/a	n/a	n/a	n/a	n/a	n/a	1205.461641	n/a
1205.469156	0.000000	482188	stimulus_presentation	n/a	0	n/a	n/a	n/a	n/a	n/a	n/a	n/a	n/a	n/a	n/a	n/a	n/a	n/a	n/a	n/a	n/a	n/a	n/a	n/a	1205.471641	n/a
1207.465280	0.000000	482986	ttl	6	n/a	n/a	n/a	n/a	n/a	n/a	n/a	n/a	n/a	n/a	n/a	n/a	n/a	n/a	n/a	n/a	n/a	n/a	n/a	n/a	1207.467765	n/a
1210.148560	0.000000	484059	stimulus_presentation	n/a	219	n/a	n/a	n/a	n/a	n/a	n/a	n/a	n/a	n/a	n/a	n/a	n/a	n/a	n/a	n/a	n/a	n/a	n/a	n/a	1210.151045	n/a
1210.148560	0.000000	484059	ttl	7	n/a	n/a	n/a	n/a	n/a	n/a	n/a	n/a	n/a	n/a	n/a	n/a	n/a	n/a	n/a	n/a	n/a	n/a	n/a	n/a	1210.151045	n/a
1211.710810	0.000000	484684	ttl	8	n/a	n/a	n/a	n/a	n/a	n/a	n/a	n/a	n/a	n/a	n/a	n/a	n/a	n/a	n/a	n/a	n/a	n/a	n/a	n/a	1211.713295	n/a
1211.764435	6.920716	484706	sternberg_trial	n/a	n/a	450	0	0	450	1	1	1	1212.950357	1214.966262	0.0	0.0	0.0	0.0	1211.76692	1214.966262	1217.616386	1218.6876359999999	intervals/trials	121	1211.766920	1218.687636
1211.764435	0.000000	484706	ttl	11	n/a	n/a	n/a	n/a	n/a	n/a	n/a	n/a	n/a	n/a	n/a	n/a	n/a	n/a	n/a	n/a	n/a	n/a	n/a	n/a	1211.766920	n/a
1212.947872	0.000000	485179	stimulus_presentation	n/a	220	n/a	n/a	n/a	n/a	n/a	n/a	n/a	n/a	n/a	n/a	n/a	n/a	n/a	n/a	n/a	n/a	n/a	n/a	n/a	1212.950357	n/a
1212.947872	0.000000	485179	ttl	1	n/a	n/a	n/a	n/a	n/a	n/a	n/a	n/a	n/a	n/a	n/a	n/a	n/a	n/a	n/a	n/a	n/a	n/a	n/a	n/a	1212.950357	n/a
1212.957872	0.000000	485183	stimulus_presentation	n/a	0	n/a	n/a	n/a	n/a	n/a	n/a	n/a	n/a	n/a	n/a	n/a	n/a	n/a	n/a	n/a	n/a	n/a	n/a	n/a	1212.960357	n/a
1212.967872	0.000000	485187	stimulus_presentation	n/a	0	n/a	n/a	n/a	n/a	n/a	n/a	n/a	n/a	n/a	n/a	n/a	n/a	n/a	n/a	n/a	n/a	n/a	n/a	n/a	1212.970357	n/a
1214.963777	0.000000	485986	ttl	6	n/a	n/a	n/a	n/a	n/a	n/a	n/a	n/a	n/a	n/a	n/a	n/a	n/a	n/a	n/a	n/a	n/a	n/a	n/a	n/a	1214.966262	n/a
1217.613901	0.000000	487046	stimulus_presentation	n/a	220	n/a	n/a	n/a	n/a	n/a	n/a	n/a	n/a	n/a	n/a	n/a	n/a	n/a	n/a	n/a	n/a	n/a	n/a	n/a	1217.616386	n/a
1217.613901	0.000000	487046	ttl	7	n/a	n/a	n/a	n/a	n/a	n/a	n/a	n/a	n/a	n/a	n/a	n/a	n/a	n/a	n/a	n/a	n/a	n/a	n/a	n/a	1217.616386	n/a
1218.685151	0.000000	487474	ttl	8	n/a	n/a	n/a	n/a	n/a	n/a	n/a	n/a	n/a	n/a	n/a	n/a	n/a	n/a	n/a	n/a	n/a	n/a	n/a	n/a	1218.687636	n/a
1218.729963	10.880652	487492	sternberg_trial	n/a	n/a	153	349	451	153	3	1	1	1219.7487919999999	1221.765353	1221.931697	1223.947946	1223.964602	1225.980914	1218.732448	1225.980914	1228.597538	1229.6131	intervals/trials	122	1218.732448	1229.613100
1218.729963	0.000000	487492	ttl	11	n/a	n/a	n/a	n/a	n/a	n/a	n/a	n/a	n/a	n/a	n/a	n/a	n/a	n/a	n/a	n/a	n/a	n/a	n/a	n/a	1218.732448	n/a
1219.746307	0.000000	487899	stimulus_presentation	n/a	53	n/a	n/a	n/a	n/a	n/a	n/a	n/a	n/a	n/a	n/a	n/a	n/a	n/a	n/a	n/a	n/a	n/a	n/a	n/a	1219.748792	n/a
1219.746307	0.000000	487899	ttl	1	n/a	n/a	n/a	n/a	n/a	n/a	n/a	n/a	n/a	n/a	n/a	n/a	n/a	n/a	n/a	n/a	n/a	n/a	n/a	n/a	1219.748792	n/a
1221.762868	0.000000	488705	ttl	5	n/a	n/a	n/a	n/a	n/a	n/a	n/a	n/a	n/a	n/a	n/a	n/a	n/a	n/a	n/a	n/a	n/a	n/a	n/a	n/a	1221.765353	n/a
1221.929212	0.000000	488772	stimulus_presentation	n/a	163	n/a	n/a	n/a	n/a	n/a	n/a	n/a	n/a	n/a	n/a	n/a	n/a	n/a	n/a	n/a	n/a	n/a	n/a	n/a	1221.931697	n/a
1221.929212	0.000000	488772	ttl	2	n/a	n/a	n/a	n/a	n/a	n/a	n/a	n/a	n/a	n/a	n/a	n/a	n/a	n/a	n/a	n/a	n/a	n/a	n/a	n/a	1221.931697	n/a
1223.945461	0.000000	489578	ttl	5	n/a	n/a	n/a	n/a	n/a	n/a	n/a	n/a	n/a	n/a	n/a	n/a	n/a	n/a	n/a	n/a	n/a	n/a	n/a	n/a	1223.947946	n/a
1223.962117	0.000000	489585	stimulus_presentation	n/a	221	n/a	n/a	n/a	n/a	n/a	n/a	n/a	n/a	n/a	n/a	n/a	n/a	n/a	n/a	n/a	n/a	n/a	n/a	n/a	1223.964602	n/a
1223.962117	0.000000	489585	ttl	3	n/a	n/a	n/a	n/a	n/a	n/a	n/a	n/a	n/a	n/a	n/a	n/a	n/a	n/a	n/a	n/a	n/a	n/a	n/a	n/a	1223.964602	n/a
1225.978429	0.000000	490391	ttl	6	n/a	n/a	n/a	n/a	n/a	n/a	n/a	n/a	n/a	n/a	n/a	n/a	n/a	n/a	n/a	n/a	n/a	n/a	n/a	n/a	1225.980914	n/a
1228.595053	0.000000	491438	stimulus_presentation	n/a	53	n/a	n/a	n/a	n/a	n/a	n/a	n/a	n/a	n/a	n/a	n/a	n/a	n/a	n/a	n/a	n/a	n/a	n/a	n/a	1228.597538	n/a
1228.595053	0.000000	491438	ttl	7	n/a	n/a	n/a	n/a	n/a	n/a	n/a	n/a	n/a	n/a	n/a	n/a	n/a	n/a	n/a	n/a	n/a	n/a	n/a	n/a	1228.597538	n/a
1229.610615	0.000000	491844	ttl	8	n/a	n/a	n/a	n/a	n/a	n/a	n/a	n/a	n/a	n/a	n/a	n/a	n/a	n/a	n/a	n/a	n/a	n/a	n/a	n/a	1229.613100	n/a
1229.660990	7.019841	491864	sternberg_trial	n/a	n/a	452	0	0	242	1	0	1	1230.7803179999999	1232.796318	0.0	0.0	0.0	0.0	1229.6634749999998	1232.796318	1235.56266	1236.6833159999999	intervals/trials	123	1229.663475	1236.683316
1229.660990	0.000000	491864	ttl	11	n/a	n/a	n/a	n/a	n/a	n/a	n/a	n/a	n/a	n/a	n/a	n/a	n/a	n/a	n/a	n/a	n/a	n/a	n/a	n/a	1229.663475	n/a
1230.777833	0.000000	492311	stimulus_presentation	n/a	222	n/a	n/a	n/a	n/a	n/a	n/a	n/a	n/a	n/a	n/a	n/a	n/a	n/a	n/a	n/a	n/a	n/a	n/a	n/a	1230.780318	n/a
1230.777833	0.000000	492311	ttl	1	n/a	n/a	n/a	n/a	n/a	n/a	n/a	n/a	n/a	n/a	n/a	n/a	n/a	n/a	n/a	n/a	n/a	n/a	n/a	n/a	1230.780318	n/a
1230.787833	0.000000	492315	stimulus_presentation	n/a	0	n/a	n/a	n/a	n/a	n/a	n/a	n/a	n/a	n/a	n/a	n/a	n/a	n/a	n/a	n/a	n/a	n/a	n/a	n/a	1230.790318	n/a
1230.797833	0.000000	492319	stimulus_presentation	n/a	0	n/a	n/a	n/a	n/a	n/a	n/a	n/a	n/a	n/a	n/a	n/a	n/a	n/a	n/a	n/a	n/a	n/a	n/a	n/a	1230.800318	n/a
1232.793833	0.000000	493118	ttl	6	n/a	n/a	n/a	n/a	n/a	n/a	n/a	n/a	n/a	n/a	n/a	n/a	n/a	n/a	n/a	n/a	n/a	n/a	n/a	n/a	1232.796318	n/a
1235.560175	0.000000	494224	stimulus_presentation	n/a	99	n/a	n/a	n/a	n/a	n/a	n/a	n/a	n/a	n/a	n/a	n/a	n/a	n/a	n/a	n/a	n/a	n/a	n/a	n/a	1235.562660	n/a
1235.560175	0.000000	494224	ttl	7	n/a	n/a	n/a	n/a	n/a	n/a	n/a	n/a	n/a	n/a	n/a	n/a	n/a	n/a	n/a	n/a	n/a	n/a	n/a	n/a	1235.562660	n/a
1236.680831	0.000000	494672	ttl	8	n/a	n/a	n/a	n/a	n/a	n/a	n/a	n/a	n/a	n/a	n/a	n/a	n/a	n/a	n/a	n/a	n/a	n/a	n/a	n/a	1236.683316	n/a
1236.725987	7.425185	494690	sternberg_trial	n/a	n/a	154	0	0	528	1	0	1	1237.828847	1239.8452519999998	0.0	0.0	0.0	0.0	1236.728472	1239.8452519999998	1242.478251	1244.1536569999998	intervals/trials	124	1236.728472	1244.153657
1236.725987	0.000000	494690	ttl	11	n/a	n/a	n/a	n/a	n/a	n/a	n/a	n/a	n/a	n/a	n/a	n/a	n/a	n/a	n/a	n/a	n/a	n/a	n/a	n/a	1236.728472	n/a
1237.826362	0.000000	495131	stimulus_presentation	n/a	54	n/a	n/a	n/a	n/a	n/a	n/a	n/a	n/a	n/a	n/a	n/a	n/a	n/a	n/a	n/a	n/a	n/a	n/a	n/a	1237.828847	n/a
1237.826362	0.000000	495131	ttl	1	n/a	n/a	n/a	n/a	n/a	n/a	n/a	n/a	n/a	n/a	n/a	n/a	n/a	n/a	n/a	n/a	n/a	n/a	n/a	n/a	1237.828847	n/a
1237.836362	0.000000	495135	stimulus_presentation	n/a	0	n/a	n/a	n/a	n/a	n/a	n/a	n/a	n/a	n/a	n/a	n/a	n/a	n/a	n/a	n/a	n/a	n/a	n/a	n/a	1237.838847	n/a
1237.846362	0.000000	495139	stimulus_presentation	n/a	0	n/a	n/a	n/a	n/a	n/a	n/a	n/a	n/a	n/a	n/a	n/a	n/a	n/a	n/a	n/a	n/a	n/a	n/a	n/a	1237.848847	n/a
1239.842767	0.000000	495937	ttl	6	n/a	n/a	n/a	n/a	n/a	n/a	n/a	n/a	n/a	n/a	n/a	n/a	n/a	n/a	n/a	n/a	n/a	n/a	n/a	n/a	1239.845252	n/a
1242.475766	0.000000	496990	stimulus_presentation	n/a	253	n/a	n/a	n/a	n/a	n/a	n/a	n/a	n/a	n/a	n/a	n/a	n/a	n/a	n/a	n/a	n/a	n/a	n/a	n/a	1242.478251	n/a
1242.475766	0.000000	496990	ttl	7	n/a	n/a	n/a	n/a	n/a	n/a	n/a	n/a	n/a	n/a	n/a	n/a	n/a	n/a	n/a	n/a	n/a	n/a	n/a	n/a	1242.478251	n/a
1244.151172	0.000000	497660	ttl	8	n/a	n/a	n/a	n/a	n/a	n/a	n/a	n/a	n/a	n/a	n/a	n/a	n/a	n/a	n/a	n/a	n/a	n/a	n/a	n/a	1244.153657	n/a
1244.191484	6.821935	497677	sternberg_trial	n/a	n/a	350	0	0	350	1	1	1	1245.2775	1247.2934989999999	0.0	0.0	0.0	0.0	1244.193969	1247.2934989999999	1249.993561	1251.0159039999999	intervals/trials	125	1244.193969	1251.015904
1244.191484	0.000000	497677	ttl	11	n/a	n/a	n/a	n/a	n/a	n/a	n/a	n/a	n/a	n/a	n/a	n/a	n/a	n/a	n/a	n/a	n/a	n/a	n/a	n/a	1244.193969	n/a
1245.275015	0.000000	498110	stimulus_presentation	n/a	164	n/a	n/a	n/a	n/a	n/a	n/a	n/a	n/a	n/a	n/a	n/a	n/a	n/a	n/a	n/a	n/a	n/a	n/a	n/a	1245.277500	n/a
1245.275015	0.000000	498110	ttl	1	n/a	n/a	n/a	n/a	n/a	n/a	n/a	n/a	n/a	n/a	n/a	n/a	n/a	n/a	n/a	n/a	n/a	n/a	n/a	n/a	1245.277500	n/a
1245.285015	0.000000	498114	stimulus_presentation	n/a	0	n/a	n/a	n/a	n/a	n/a	n/a	n/a	n/a	n/a	n/a	n/a	n/a	n/a	n/a	n/a	n/a	n/a	n/a	n/a	1245.287500	n/a
1245.295015	0.000000	498118	stimulus_presentation	n/a	0	n/a	n/a	n/a	n/a	n/a	n/a	n/a	n/a	n/a	n/a	n/a	n/a	n/a	n/a	n/a	n/a	n/a	n/a	n/a	1245.297500	n/a
1247.291014	0.000000	498916	ttl	6	n/a	n/a	n/a	n/a	n/a	n/a	n/a	n/a	n/a	n/a	n/a	n/a	n/a	n/a	n/a	n/a	n/a	n/a	n/a	n/a	1247.293499	n/a
1249.991076	0.000000	499996	stimulus_presentation	n/a	164	n/a	n/a	n/a	n/a	n/a	n/a	n/a	n/a	n/a	n/a	n/a	n/a	n/a	n/a	n/a	n/a	n/a	n/a	n/a	1249.993561	n/a
1249.991076	0.000000	499996	ttl	7	n/a	n/a	n/a	n/a	n/a	n/a	n/a	n/a	n/a	n/a	n/a	n/a	n/a	n/a	n/a	n/a	n/a	n/a	n/a	n/a	1249.993561	n/a
1251.013419	0.000000	500405	ttl	8	n/a	n/a	n/a	n/a	n/a	n/a	n/a	n/a	n/a	n/a	n/a	n/a	n/a	n/a	n/a	n/a	n/a	n/a	n/a	n/a	1251.015904	n/a
1251.056919	6.962779	500423	sternberg_trial	n/a	n/a	351	0	0	351	1	1	1	1252.126247	1254.142247	0.0	0.0	0.0	0.0	1251.0594039999999	1254.142247	1256.942214	1258.022183	intervals/trials	126	1251.059404	1258.022183
1251.056919	0.000000	500423	ttl	11	n/a	n/a	n/a	n/a	n/a	n/a	n/a	n/a	n/a	n/a	n/a	n/a	n/a	n/a	n/a	n/a	n/a	n/a	n/a	n/a	1251.059404	n/a
1252.123762	0.000000	500850	stimulus_presentation	n/a	165	n/a	n/a	n/a	n/a	n/a	n/a	n/a	n/a	n/a	n/a	n/a	n/a	n/a	n/a	n/a	n/a	n/a	n/a	n/a	1252.126247	n/a
1252.123762	0.000000	500850	ttl	1	n/a	n/a	n/a	n/a	n/a	n/a	n/a	n/a	n/a	n/a	n/a	n/a	n/a	n/a	n/a	n/a	n/a	n/a	n/a	n/a	1252.126247	n/a
1252.133762	0.000000	500854	stimulus_presentation	n/a	0	n/a	n/a	n/a	n/a	n/a	n/a	n/a	n/a	n/a	n/a	n/a	n/a	n/a	n/a	n/a	n/a	n/a	n/a	n/a	1252.136247	n/a
1252.143762	0.000000	500858	stimulus_presentation	n/a	0	n/a	n/a	n/a	n/a	n/a	n/a	n/a	n/a	n/a	n/a	n/a	n/a	n/a	n/a	n/a	n/a	n/a	n/a	n/a	1252.146247	n/a
1254.139762	0.000000	501656	ttl	6	n/a	n/a	n/a	n/a	n/a	n/a	n/a	n/a	n/a	n/a	n/a	n/a	n/a	n/a	n/a	n/a	n/a	n/a	n/a	n/a	1254.142247	n/a
1256.939729	0.000000	502776	stimulus_presentation	n/a	165	n/a	n/a	n/a	n/a	n/a	n/a	n/a	n/a	n/a	n/a	n/a	n/a	n/a	n/a	n/a	n/a	n/a	n/a	n/a	1256.942214	n/a
1256.939729	0.000000	502776	ttl	7	n/a	n/a	n/a	n/a	n/a	n/a	n/a	n/a	n/a	n/a	n/a	n/a	n/a	n/a	n/a	n/a	n/a	n/a	n/a	n/a	1256.942214	n/a
1258.019698	0.000000	503208	ttl	8	n/a	n/a	n/a	n/a	n/a	n/a	n/a	n/a	n/a	n/a	n/a	n/a	n/a	n/a	n/a	n/a	n/a	n/a	n/a	n/a	1258.022183	n/a
1258.072229	7.049809	503229	sternberg_trial	n/a	n/a	155	0	0	551	1	0	1	1259.008026	1261.0246809999999	0.0	0.0	0.0	0.0	1258.0747139999999	1261.0246809999999	1263.657618	1265.124523	intervals/trials	127	1258.074714	1265.124523
1258.072229	0.000000	503229	ttl	11	n/a	n/a	n/a	n/a	n/a	n/a	n/a	n/a	n/a	n/a	n/a	n/a	n/a	n/a	n/a	n/a	n/a	n/a	n/a	n/a	1258.074714	n/a
1259.005541	0.000000	503602	stimulus_presentation	n/a	55	n/a	n/a	n/a	n/a	n/a	n/a	n/a	n/a	n/a	n/a	n/a	n/a	n/a	n/a	n/a	n/a	n/a	n/a	n/a	1259.008026	n/a
1259.005541	0.000000	503602	ttl	1	n/a	n/a	n/a	n/a	n/a	n/a	n/a	n/a	n/a	n/a	n/a	n/a	n/a	n/a	n/a	n/a	n/a	n/a	n/a	n/a	1259.008026	n/a
1259.015541	0.000000	503606	stimulus_presentation	n/a	0	n/a	n/a	n/a	n/a	n/a	n/a	n/a	n/a	n/a	n/a	n/a	n/a	n/a	n/a	n/a	n/a	n/a	n/a	n/a	1259.018026	n/a
1259.025541	0.000000	503610	stimulus_presentation	n/a	0	n/a	n/a	n/a	n/a	n/a	n/a	n/a	n/a	n/a	n/a	n/a	n/a	n/a	n/a	n/a	n/a	n/a	n/a	n/a	1259.028026	n/a
1261.022196	0.000000	504409	ttl	6	n/a	n/a	n/a	n/a	n/a	n/a	n/a	n/a	n/a	n/a	n/a	n/a	n/a	n/a	n/a	n/a	n/a	n/a	n/a	n/a	1261.024681	n/a
1263.655133	0.000000	505462	stimulus_presentation	n/a	276	n/a	n/a	n/a	n/a	n/a	n/a	n/a	n/a	n/a	n/a	n/a	n/a	n/a	n/a	n/a	n/a	n/a	n/a	n/a	1263.657618	n/a
1263.655133	0.000000	505462	ttl	7	n/a	n/a	n/a	n/a	n/a	n/a	n/a	n/a	n/a	n/a	n/a	n/a	n/a	n/a	n/a	n/a	n/a	n/a	n/a	n/a	1263.657618	n/a
1265.122038	0.000000	506049	ttl	8	n/a	n/a	n/a	n/a	n/a	n/a	n/a	n/a	n/a	n/a	n/a	n/a	n/a	n/a	n/a	n/a	n/a	n/a	n/a	n/a	1265.124523	n/a
1265.170976	11.132402	506068	sternberg_trial	n/a	n/a	250	552	453	335	3	0	1	1266.1898979999999	1268.20621	1268.356428	1270.37274	1270.405834	1272.421989	1265.1734609999999	1272.421989	1275.038676	1276.305863	intervals/trials	128	1265.173461	1276.305863
1265.170976	0.000000	506068	ttl	11	n/a	n/a	n/a	n/a	n/a	n/a	n/a	n/a	n/a	n/a	n/a	n/a	n/a	n/a	n/a	n/a	n/a	n/a	n/a	n/a	1265.173461	n/a
1266.187413	0.000000	506475	stimulus_presentation	n/a	107	n/a	n/a	n/a	n/a	n/a	n/a	n/a	n/a	n/a	n/a	n/a	n/a	n/a	n/a	n/a	n/a	n/a	n/a	n/a	1266.189898	n/a
1266.187413	0.000000	506475	ttl	1	n/a	n/a	n/a	n/a	n/a	n/a	n/a	n/a	n/a	n/a	n/a	n/a	n/a	n/a	n/a	n/a	n/a	n/a	n/a	n/a	1266.189898	n/a
1268.203725	0.000000	507281	ttl	5	n/a	n/a	n/a	n/a	n/a	n/a	n/a	n/a	n/a	n/a	n/a	n/a	n/a	n/a	n/a	n/a	n/a	n/a	n/a	n/a	1268.206210	n/a
1268.353943	0.000000	507342	stimulus_presentation	n/a	277	n/a	n/a	n/a	n/a	n/a	n/a	n/a	n/a	n/a	n/a	n/a	n/a	n/a	n/a	n/a	n/a	n/a	n/a	n/a	1268.356428	n/a
1268.353943	0.000000	507342	ttl	2	n/a	n/a	n/a	n/a	n/a	n/a	n/a	n/a	n/a	n/a	n/a	n/a	n/a	n/a	n/a	n/a	n/a	n/a	n/a	n/a	1268.356428	n/a
1270.370255	0.000000	508148	ttl	5	n/a	n/a	n/a	n/a	n/a	n/a	n/a	n/a	n/a	n/a	n/a	n/a	n/a	n/a	n/a	n/a	n/a	n/a	n/a	n/a	1270.372740	n/a
1270.403349	0.000000	508161	stimulus_presentation	n/a	223	n/a	n/a	n/a	n/a	n/a	n/a	n/a	n/a	n/a	n/a	n/a	n/a	n/a	n/a	n/a	n/a	n/a	n/a	n/a	1270.405834	n/a
1270.403349	0.000000	508161	ttl	3	n/a	n/a	n/a	n/a	n/a	n/a	n/a	n/a	n/a	n/a	n/a	n/a	n/a	n/a	n/a	n/a	n/a	n/a	n/a	n/a	1270.405834	n/a
1272.419504	0.000000	508968	ttl	6	n/a	n/a	n/a	n/a	n/a	n/a	n/a	n/a	n/a	n/a	n/a	n/a	n/a	n/a	n/a	n/a	n/a	n/a	n/a	n/a	1272.421989	n/a
1275.036191	0.000000	510014	stimulus_presentation	n/a	149	n/a	n/a	n/a	n/a	n/a	n/a	n/a	n/a	n/a	n/a	n/a	n/a	n/a	n/a	n/a	n/a	n/a	n/a	n/a	1275.038676	n/a
1275.036191	0.000000	510014	ttl	7	n/a	n/a	n/a	n/a	n/a	n/a	n/a	n/a	n/a	n/a	n/a	n/a	n/a	n/a	n/a	n/a	n/a	n/a	n/a	n/a	1275.038676	n/a
1276.303378	0.000000	510521	ttl	8	n/a	n/a	n/a	n/a	n/a	n/a	n/a	n/a	n/a	n/a	n/a	n/a	n/a	n/a	n/a	n/a	n/a	n/a	n/a	n/a	1276.305863	n/a
1276.352159	6.973591	510541	sternberg_trial	n/a	n/a	352	0	0	352	1	1	1	1277.4877999999999	1279.504205	0.0	0.0	0.0	0.0	1276.354644	1279.504205	1282.2551099999998	1283.328235	intervals/trials	129	1276.354644	1283.328235
1276.352159	0.000000	510541	ttl	11	n/a	n/a	n/a	n/a	n/a	n/a	n/a	n/a	n/a	n/a	n/a	n/a	n/a	n/a	n/a	n/a	n/a	n/a	n/a	n/a	1276.354644	n/a
1277.485315	0.000000	510994	stimulus_presentation	n/a	166	n/a	n/a	n/a	n/a	n/a	n/a	n/a	n/a	n/a	n/a	n/a	n/a	n/a	n/a	n/a	n/a	n/a	n/a	n/a	1277.487800	n/a
1277.485315	0.000000	510994	ttl	1	n/a	n/a	n/a	n/a	n/a	n/a	n/a	n/a	n/a	n/a	n/a	n/a	n/a	n/a	n/a	n/a	n/a	n/a	n/a	n/a	1277.487800	n/a
1277.495315	0.000000	510998	stimulus_presentation	n/a	0	n/a	n/a	n/a	n/a	n/a	n/a	n/a	n/a	n/a	n/a	n/a	n/a	n/a	n/a	n/a	n/a	n/a	n/a	n/a	1277.497800	n/a
1277.505315	0.000000	511002	stimulus_presentation	n/a	0	n/a	n/a	n/a	n/a	n/a	n/a	n/a	n/a	n/a	n/a	n/a	n/a	n/a	n/a	n/a	n/a	n/a	n/a	n/a	1277.507800	n/a
1279.501720	0.000000	511801	ttl	6	n/a	n/a	n/a	n/a	n/a	n/a	n/a	n/a	n/a	n/a	n/a	n/a	n/a	n/a	n/a	n/a	n/a	n/a	n/a	n/a	1279.504205	n/a
1282.252625	0.000000	512901	stimulus_presentation	n/a	166	n/a	n/a	n/a	n/a	n/a	n/a	n/a	n/a	n/a	n/a	n/a	n/a	n/a	n/a	n/a	n/a	n/a	n/a	n/a	1282.255110	n/a
1282.252625	0.000000	512901	ttl	7	n/a	n/a	n/a	n/a	n/a	n/a	n/a	n/a	n/a	n/a	n/a	n/a	n/a	n/a	n/a	n/a	n/a	n/a	n/a	n/a	1282.255110	n/a
1283.325750	0.000000	513330	ttl	8	n/a	n/a	n/a	n/a	n/a	n/a	n/a	n/a	n/a	n/a	n/a	n/a	n/a	n/a	n/a	n/a	n/a	n/a	n/a	n/a	1283.328235	n/a
1283.367437	6.868685	513347	sternberg_trial	n/a	n/a	251	0	0	428	1	0	1	1284.553297	1286.5694839999999	0.0	0.0	0.0	0.0	1283.3699219999999	1286.5694839999999	1289.286107	1290.238607	intervals/trials	130	1283.369922	1290.238607
1283.367437	0.000000	513347	ttl	11	n/a	n/a	n/a	n/a	n/a	n/a	n/a	n/a	n/a	n/a	n/a	n/a	n/a	n/a	n/a	n/a	n/a	n/a	n/a	n/a	1283.369922	n/a
1284.550812	0.000000	513820	stimulus_presentation	n/a	108	n/a	n/a	n/a	n/a	n/a	n/a	n/a	n/a	n/a	n/a	n/a	n/a	n/a	n/a	n/a	n/a	n/a	n/a	n/a	1284.553297	n/a
1284.550812	0.000000	513820	ttl	1	n/a	n/a	n/a	n/a	n/a	n/a	n/a	n/a	n/a	n/a	n/a	n/a	n/a	n/a	n/a	n/a	n/a	n/a	n/a	n/a	1284.553297	n/a
1284.560812	0.000000	513824	stimulus_presentation	n/a	0	n/a	n/a	n/a	n/a	n/a	n/a	n/a	n/a	n/a	n/a	n/a	n/a	n/a	n/a	n/a	n/a	n/a	n/a	n/a	1284.563297	n/a
1284.570812	0.000000	513828	stimulus_presentation	n/a	0	n/a	n/a	n/a	n/a	n/a	n/a	n/a	n/a	n/a	n/a	n/a	n/a	n/a	n/a	n/a	n/a	n/a	n/a	n/a	1284.573297	n/a
1286.566999	0.000000	514627	ttl	6	n/a	n/a	n/a	n/a	n/a	n/a	n/a	n/a	n/a	n/a	n/a	n/a	n/a	n/a	n/a	n/a	n/a	n/a	n/a	n/a	1286.569484	n/a
1289.283622	0.000000	515713	stimulus_presentation	n/a	198	n/a	n/a	n/a	n/a	n/a	n/a	n/a	n/a	n/a	n/a	n/a	n/a	n/a	n/a	n/a	n/a	n/a	n/a	n/a	1289.286107	n/a
1289.283622	0.000000	515713	ttl	7	n/a	n/a	n/a	n/a	n/a	n/a	n/a	n/a	n/a	n/a	n/a	n/a	n/a	n/a	n/a	n/a	n/a	n/a	n/a	n/a	1289.286107	n/a
1290.236122	0.000000	516094	ttl	8	n/a	n/a	n/a	n/a	n/a	n/a	n/a	n/a	n/a	n/a	n/a	n/a	n/a	n/a	n/a	n/a	n/a	n/a	n/a	n/a	1290.238607	n/a
1290.282841	11.326527	516113	sternberg_trial	n/a	n/a	454	252	353	538	3	0	1	1291.385763	1293.4013869999999	1293.534731	1295.5513549999998	1295.717699	1297.733917	1290.285326	1297.733917	1300.368228	1301.6118529999999	intervals/trials	131	1290.285326	1301.611853
1290.282841	0.000000	516113	ttl	11	n/a	n/a	n/a	n/a	n/a	n/a	n/a	n/a	n/a	n/a	n/a	n/a	n/a	n/a	n/a	n/a	n/a	n/a	n/a	n/a	1290.285326	n/a
1291.383278	0.000000	516553	stimulus_presentation	n/a	224	n/a	n/a	n/a	n/a	n/a	n/a	n/a	n/a	n/a	n/a	n/a	n/a	n/a	n/a	n/a	n/a	n/a	n/a	n/a	1291.385763	n/a
1291.383278	0.000000	516553	ttl	1	n/a	n/a	n/a	n/a	n/a	n/a	n/a	n/a	n/a	n/a	n/a	n/a	n/a	n/a	n/a	n/a	n/a	n/a	n/a	n/a	1291.385763	n/a
1293.398902	0.000000	517360	ttl	5	n/a	n/a	n/a	n/a	n/a	n/a	n/a	n/a	n/a	n/a	n/a	n/a	n/a	n/a	n/a	n/a	n/a	n/a	n/a	n/a	1293.401387	n/a
1293.532246	0.000000	517413	stimulus_presentation	n/a	109	n/a	n/a	n/a	n/a	n/a	n/a	n/a	n/a	n/a	n/a	n/a	n/a	n/a	n/a	n/a	n/a	n/a	n/a	n/a	1293.534731	n/a
1293.532246	0.000000	517413	ttl	2	n/a	n/a	n/a	n/a	n/a	n/a	n/a	n/a	n/a	n/a	n/a	n/a	n/a	n/a	n/a	n/a	n/a	n/a	n/a	n/a	1293.534731	n/a
1295.548870	0.000000	518220	ttl	5	n/a	n/a	n/a	n/a	n/a	n/a	n/a	n/a	n/a	n/a	n/a	n/a	n/a	n/a	n/a	n/a	n/a	n/a	n/a	n/a	1295.551355	n/a
1295.715214	0.000000	518286	stimulus_presentation	n/a	167	n/a	n/a	n/a	n/a	n/a	n/a	n/a	n/a	n/a	n/a	n/a	n/a	n/a	n/a	n/a	n/a	n/a	n/a	n/a	1295.717699	n/a
1295.715214	0.000000	518286	ttl	3	n/a	n/a	n/a	n/a	n/a	n/a	n/a	n/a	n/a	n/a	n/a	n/a	n/a	n/a	n/a	n/a	n/a	n/a	n/a	n/a	1295.717699	n/a
1297.731432	0.000000	519093	ttl	6	n/a	n/a	n/a	n/a	n/a	n/a	n/a	n/a	n/a	n/a	n/a	n/a	n/a	n/a	n/a	n/a	n/a	n/a	n/a	n/a	1297.733917	n/a
1300.365743	0.000000	520146	stimulus_presentation	n/a	263	n/a	n/a	n/a	n/a	n/a	n/a	n/a	n/a	n/a	n/a	n/a	n/a	n/a	n/a	n/a	n/a	n/a	n/a	n/a	1300.368228	n/a
1300.365743	0.000000	520146	ttl	7	n/a	n/a	n/a	n/a	n/a	n/a	n/a	n/a	n/a	n/a	n/a	n/a	n/a	n/a	n/a	n/a	n/a	n/a	n/a	n/a	1300.368228	n/a
1301.609368	0.000000	520644	ttl	8	n/a	n/a	n/a	n/a	n/a	n/a	n/a	n/a	n/a	n/a	n/a	n/a	n/a	n/a	n/a	n/a	n/a	n/a	n/a	n/a	1301.611853	n/a
1301.647336	7.096372	520659	sternberg_trial	n/a	n/a	354	0	0	536	1	0	1	1302.699977	1304.7167889999998	0.0	0.0	0.0	0.0	1301.649821	1304.7167889999998	1307.418256	1308.746193	intervals/trials	132	1301.649821	1308.746193
1301.647336	0.000000	520659	ttl	11	n/a	n/a	n/a	n/a	n/a	n/a	n/a	n/a	n/a	n/a	n/a	n/a	n/a	n/a	n/a	n/a	n/a	n/a	n/a	n/a	1301.649821	n/a
1302.697492	0.000000	521079	stimulus_presentation	n/a	168	n/a	n/a	n/a	n/a	n/a	n/a	n/a	n/a	n/a	n/a	n/a	n/a	n/a	n/a	n/a	n/a	n/a	n/a	n/a	1302.699977	n/a
1302.697492	0.000000	521079	ttl	1	n/a	n/a	n/a	n/a	n/a	n/a	n/a	n/a	n/a	n/a	n/a	n/a	n/a	n/a	n/a	n/a	n/a	n/a	n/a	n/a	1302.699977	n/a
1302.707492	0.000000	521083	stimulus_presentation	n/a	0	n/a	n/a	n/a	n/a	n/a	n/a	n/a	n/a	n/a	n/a	n/a	n/a	n/a	n/a	n/a	n/a	n/a	n/a	n/a	1302.709977	n/a
1302.717492	0.000000	521087	stimulus_presentation	n/a	0	n/a	n/a	n/a	n/a	n/a	n/a	n/a	n/a	n/a	n/a	n/a	n/a	n/a	n/a	n/a	n/a	n/a	n/a	n/a	1302.719977	n/a
1304.714304	0.000000	521886	ttl	6	n/a	n/a	n/a	n/a	n/a	n/a	n/a	n/a	n/a	n/a	n/a	n/a	n/a	n/a	n/a	n/a	n/a	n/a	n/a	n/a	1304.716789	n/a
1307.415771	0.000000	522966	stimulus_presentation	n/a	261	n/a	n/a	n/a	n/a	n/a	n/a	n/a	n/a	n/a	n/a	n/a	n/a	n/a	n/a	n/a	n/a	n/a	n/a	n/a	1307.418256	n/a
1307.415771	0.000000	522966	ttl	7	n/a	n/a	n/a	n/a	n/a	n/a	n/a	n/a	n/a	n/a	n/a	n/a	n/a	n/a	n/a	n/a	n/a	n/a	n/a	n/a	1307.418256	n/a
1308.743708	0.000000	523497	ttl	8	n/a	n/a	n/a	n/a	n/a	n/a	n/a	n/a	n/a	n/a	n/a	n/a	n/a	n/a	n/a	n/a	n/a	n/a	n/a	n/a	1308.746193	n/a
1308.778896	8.138872	523512	sternberg_trial	n/a	n/a	355	0	0	216	1	0	1	1309.883255	1311.899036	0.0	0.0	0.0	0.0	1308.781381	1311.899036	1314.583097	1316.920253	intervals/trials	133	1308.781381	1316.920253
1308.778896	0.000000	523512	ttl	11	n/a	n/a	n/a	n/a	n/a	n/a	n/a	n/a	n/a	n/a	n/a	n/a	n/a	n/a	n/a	n/a	n/a	n/a	n/a	n/a	1308.781381	n/a
1309.880770	0.000000	523952	stimulus_presentation	n/a	169	n/a	n/a	n/a	n/a	n/a	n/a	n/a	n/a	n/a	n/a	n/a	n/a	n/a	n/a	n/a	n/a	n/a	n/a	n/a	1309.883255	n/a
1309.880770	0.000000	523952	ttl	1	n/a	n/a	n/a	n/a	n/a	n/a	n/a	n/a	n/a	n/a	n/a	n/a	n/a	n/a	n/a	n/a	n/a	n/a	n/a	n/a	1309.883255	n/a
1309.890770	0.000000	523956	stimulus_presentation	n/a	0	n/a	n/a	n/a	n/a	n/a	n/a	n/a	n/a	n/a	n/a	n/a	n/a	n/a	n/a	n/a	n/a	n/a	n/a	n/a	1309.893255	n/a
1309.900770	0.000000	523960	stimulus_presentation	n/a	0	n/a	n/a	n/a	n/a	n/a	n/a	n/a	n/a	n/a	n/a	n/a	n/a	n/a	n/a	n/a	n/a	n/a	n/a	n/a	1309.903255	n/a
1311.896551	0.000000	524759	ttl	6	n/a	n/a	n/a	n/a	n/a	n/a	n/a	n/a	n/a	n/a	n/a	n/a	n/a	n/a	n/a	n/a	n/a	n/a	n/a	n/a	1311.899036	n/a
1314.580612	0.000000	525832	stimulus_presentation	n/a	73	n/a	n/a	n/a	n/a	n/a	n/a	n/a	n/a	n/a	n/a	n/a	n/a	n/a	n/a	n/a	n/a	n/a	n/a	n/a	1314.583097	n/a
1314.580612	0.000000	525832	ttl	7	n/a	n/a	n/a	n/a	n/a	n/a	n/a	n/a	n/a	n/a	n/a	n/a	n/a	n/a	n/a	n/a	n/a	n/a	n/a	n/a	1314.583097	n/a
1316.917768	0.000000	526767	ttl	8	n/a	n/a	n/a	n/a	n/a	n/a	n/a	n/a	n/a	n/a	n/a	n/a	n/a	n/a	n/a	n/a	n/a	n/a	n/a	n/a	1316.920253	n/a
1316.943986	10.899121	526778	sternberg_trial	n/a	n/a	156	553	253	156	3	1	1	1317.964565	1319.980658	1320.1139699999999	1322.130438	1322.163376	1324.1789059999999	1316.946471	1324.1789059999999	1326.8479049999999	1327.845592	intervals/trials	134	1316.946471	1327.845592
1316.943986	0.000000	526778	ttl	11	n/a	n/a	n/a	n/a	n/a	n/a	n/a	n/a	n/a	n/a	n/a	n/a	n/a	n/a	n/a	n/a	n/a	n/a	n/a	n/a	1316.946471	n/a
1317.962080	0.000000	527185	stimulus_presentation	n/a	56	n/a	n/a	n/a	n/a	n/a	n/a	n/a	n/a	n/a	n/a	n/a	n/a	n/a	n/a	n/a	n/a	n/a	n/a	n/a	1317.964565	n/a
1317.962080	0.000000	527185	ttl	1	n/a	n/a	n/a	n/a	n/a	n/a	n/a	n/a	n/a	n/a	n/a	n/a	n/a	n/a	n/a	n/a	n/a	n/a	n/a	n/a	1317.964565	n/a
1319.978173	0.000000	527991	ttl	5	n/a	n/a	n/a	n/a	n/a	n/a	n/a	n/a	n/a	n/a	n/a	n/a	n/a	n/a	n/a	n/a	n/a	n/a	n/a	n/a	1319.980658	n/a
1320.111485	0.000000	528045	stimulus_presentation	n/a	278	n/a	n/a	n/a	n/a	n/a	n/a	n/a	n/a	n/a	n/a	n/a	n/a	n/a	n/a	n/a	n/a	n/a	n/a	n/a	1320.113970	n/a
1320.111485	0.000000	528045	ttl	2	n/a	n/a	n/a	n/a	n/a	n/a	n/a	n/a	n/a	n/a	n/a	n/a	n/a	n/a	n/a	n/a	n/a	n/a	n/a	n/a	1320.113970	n/a
1322.127953	0.000000	528851	ttl	5	n/a	n/a	n/a	n/a	n/a	n/a	n/a	n/a	n/a	n/a	n/a	n/a	n/a	n/a	n/a	n/a	n/a	n/a	n/a	n/a	1322.130438	n/a
1322.160891	0.000000	528864	stimulus_presentation	n/a	110	n/a	n/a	n/a	n/a	n/a	n/a	n/a	n/a	n/a	n/a	n/a	n/a	n/a	n/a	n/a	n/a	n/a	n/a	n/a	1322.163376	n/a
1322.160891	0.000000	528864	ttl	3	n/a	n/a	n/a	n/a	n/a	n/a	n/a	n/a	n/a	n/a	n/a	n/a	n/a	n/a	n/a	n/a	n/a	n/a	n/a	n/a	1322.163376	n/a
1324.176421	0.000000	529671	ttl	6	n/a	n/a	n/a	n/a	n/a	n/a	n/a	n/a	n/a	n/a	n/a	n/a	n/a	n/a	n/a	n/a	n/a	n/a	n/a	n/a	1324.178906	n/a
1326.845420	0.000000	530738	stimulus_presentation	n/a	56	n/a	n/a	n/a	n/a	n/a	n/a	n/a	n/a	n/a	n/a	n/a	n/a	n/a	n/a	n/a	n/a	n/a	n/a	n/a	1326.847905	n/a
1326.845420	0.000000	530738	ttl	7	n/a	n/a	n/a	n/a	n/a	n/a	n/a	n/a	n/a	n/a	n/a	n/a	n/a	n/a	n/a	n/a	n/a	n/a	n/a	n/a	1326.847905	n/a
1327.843107	0.000000	531137	ttl	8	n/a	n/a	n/a	n/a	n/a	n/a	n/a	n/a	n/a	n/a	n/a	n/a	n/a	n/a	n/a	n/a	n/a	n/a	n/a	n/a	1327.845592	n/a
1327.878419	7.786904	531151	sternberg_trial	n/a	n/a	554	0	0	554	1	1	1	1328.945217	1330.961841	0.0	0.0	0.0	0.0	1327.8809039999999	1330.961841	1333.727527	1335.667808	intervals/trials	135	1327.880904	1335.667808
1327.878419	0.000000	531151	ttl	11	n/a	n/a	n/a	n/a	n/a	n/a	n/a	n/a	n/a	n/a	n/a	n/a	n/a	n/a	n/a	n/a	n/a	n/a	n/a	n/a	1327.880904	n/a
1328.942732	0.000000	531577	stimulus_presentation	n/a	279	n/a	n/a	n/a	n/a	n/a	n/a	n/a	n/a	n/a	n/a	n/a	n/a	n/a	n/a	n/a	n/a	n/a	n/a	n/a	1328.945217	n/a
1328.942732	0.000000	531577	ttl	1	n/a	n/a	n/a	n/a	n/a	n/a	n/a	n/a	n/a	n/a	n/a	n/a	n/a	n/a	n/a	n/a	n/a	n/a	n/a	n/a	1328.945217	n/a
1328.952732	0.000000	531581	stimulus_presentation	n/a	0	n/a	n/a	n/a	n/a	n/a	n/a	n/a	n/a	n/a	n/a	n/a	n/a	n/a	n/a	n/a	n/a	n/a	n/a	n/a	1328.955217	n/a
1328.962732	0.000000	531585	stimulus_presentation	n/a	0	n/a	n/a	n/a	n/a	n/a	n/a	n/a	n/a	n/a	n/a	n/a	n/a	n/a	n/a	n/a	n/a	n/a	n/a	n/a	1328.965217	n/a
1330.959356	0.000000	532384	ttl	6	n/a	n/a	n/a	n/a	n/a	n/a	n/a	n/a	n/a	n/a	n/a	n/a	n/a	n/a	n/a	n/a	n/a	n/a	n/a	n/a	1330.961841	n/a
1333.725042	0.000000	533490	stimulus_presentation	n/a	279	n/a	n/a	n/a	n/a	n/a	n/a	n/a	n/a	n/a	n/a	n/a	n/a	n/a	n/a	n/a	n/a	n/a	n/a	n/a	1333.727527	n/a
1333.725042	0.000000	533490	ttl	7	n/a	n/a	n/a	n/a	n/a	n/a	n/a	n/a	n/a	n/a	n/a	n/a	n/a	n/a	n/a	n/a	n/a	n/a	n/a	n/a	1333.727527	n/a
1335.665323	0.000000	534266	ttl	8	n/a	n/a	n/a	n/a	n/a	n/a	n/a	n/a	n/a	n/a	n/a	n/a	n/a	n/a	n/a	n/a	n/a	n/a	n/a	n/a	1335.667808	n/a
1335.707573	6.532122	534283	sternberg_trial	n/a	n/a	254	0	0	254	1	1	1	1336.843588	1338.8595559999999	0.0	0.0	0.0	0.0	1335.710058	1338.8595559999999	1341.5429299999998	1342.24218	intervals/trials	136	1335.710058	1342.242180
1335.707573	0.000000	534283	ttl	11	n/a	n/a	n/a	n/a	n/a	n/a	n/a	n/a	n/a	n/a	n/a	n/a	n/a	n/a	n/a	n/a	n/a	n/a	n/a	n/a	1335.710058	n/a
1336.841103	0.000000	534736	stimulus_presentation	n/a	111	n/a	n/a	n/a	n/a	n/a	n/a	n/a	n/a	n/a	n/a	n/a	n/a	n/a	n/a	n/a	n/a	n/a	n/a	n/a	1336.843588	n/a
1336.841103	0.000000	534736	ttl	1	n/a	n/a	n/a	n/a	n/a	n/a	n/a	n/a	n/a	n/a	n/a	n/a	n/a	n/a	n/a	n/a	n/a	n/a	n/a	n/a	1336.843588	n/a
1336.851103	0.000000	534740	stimulus_presentation	n/a	0	n/a	n/a	n/a	n/a	n/a	n/a	n/a	n/a	n/a	n/a	n/a	n/a	n/a	n/a	n/a	n/a	n/a	n/a	n/a	1336.853588	n/a
1336.861103	0.000000	534744	stimulus_presentation	n/a	0	n/a	n/a	n/a	n/a	n/a	n/a	n/a	n/a	n/a	n/a	n/a	n/a	n/a	n/a	n/a	n/a	n/a	n/a	n/a	1336.863588	n/a
1338.857071	0.000000	535543	ttl	6	n/a	n/a	n/a	n/a	n/a	n/a	n/a	n/a	n/a	n/a	n/a	n/a	n/a	n/a	n/a	n/a	n/a	n/a	n/a	n/a	1338.859556	n/a
1341.540445	0.000000	536616	stimulus_presentation	n/a	111	n/a	n/a	n/a	n/a	n/a	n/a	n/a	n/a	n/a	n/a	n/a	n/a	n/a	n/a	n/a	n/a	n/a	n/a	n/a	1341.542930	n/a
1341.540445	0.000000	536616	ttl	7	n/a	n/a	n/a	n/a	n/a	n/a	n/a	n/a	n/a	n/a	n/a	n/a	n/a	n/a	n/a	n/a	n/a	n/a	n/a	n/a	1341.542930	n/a
1342.239695	0.000000	536896	ttl	8	n/a	n/a	n/a	n/a	n/a	n/a	n/a	n/a	n/a	n/a	n/a	n/a	n/a	n/a	n/a	n/a	n/a	n/a	n/a	n/a	1342.242180	n/a
1342.289601	11.147589	536916	sternberg_trial	n/a	n/a	555	356	255	143	3	0	1	1343.342305	1345.358335	1345.425554	1347.441053	1347.607647	1349.6248329999999	1342.292086	1349.6248329999999	1352.3408009999998	1353.4396749999999	intervals/trials	137	1342.292086	1353.439675
1342.289601	0.000000	536916	ttl	11	n/a	n/a	n/a	n/a	n/a	n/a	n/a	n/a	n/a	n/a	n/a	n/a	n/a	n/a	n/a	n/a	n/a	n/a	n/a	n/a	1342.292086	n/a
1343.339820	0.000000	537336	stimulus_presentation	n/a	280	n/a	n/a	n/a	n/a	n/a	n/a	n/a	n/a	n/a	n/a	n/a	n/a	n/a	n/a	n/a	n/a	n/a	n/a	n/a	1343.342305	n/a
1343.339820	0.000000	537336	ttl	1	n/a	n/a	n/a	n/a	n/a	n/a	n/a	n/a	n/a	n/a	n/a	n/a	n/a	n/a	n/a	n/a	n/a	n/a	n/a	n/a	1343.342305	n/a
1345.355850	0.000000	538142	ttl	5	n/a	n/a	n/a	n/a	n/a	n/a	n/a	n/a	n/a	n/a	n/a	n/a	n/a	n/a	n/a	n/a	n/a	n/a	n/a	n/a	1345.358335	n/a
1345.423069	0.000000	538169	stimulus_presentation	n/a	170	n/a	n/a	n/a	n/a	n/a	n/a	n/a	n/a	n/a	n/a	n/a	n/a	n/a	n/a	n/a	n/a	n/a	n/a	n/a	1345.425554	n/a
1345.423069	0.000000	538169	ttl	2	n/a	n/a	n/a	n/a	n/a	n/a	n/a	n/a	n/a	n/a	n/a	n/a	n/a	n/a	n/a	n/a	n/a	n/a	n/a	n/a	1345.425554	n/a
1347.438568	0.000000	538975	ttl	5	n/a	n/a	n/a	n/a	n/a	n/a	n/a	n/a	n/a	n/a	n/a	n/a	n/a	n/a	n/a	n/a	n/a	n/a	n/a	n/a	1347.441053	n/a
1347.605162	0.000000	539042	stimulus_presentation	n/a	112	n/a	n/a	n/a	n/a	n/a	n/a	n/a	n/a	n/a	n/a	n/a	n/a	n/a	n/a	n/a	n/a	n/a	n/a	n/a	1347.607647	n/a
1347.605162	0.000000	539042	ttl	3	n/a	n/a	n/a	n/a	n/a	n/a	n/a	n/a	n/a	n/a	n/a	n/a	n/a	n/a	n/a	n/a	n/a	n/a	n/a	n/a	1347.607647	n/a
1349.622348	0.000000	539849	ttl	6	n/a	n/a	n/a	n/a	n/a	n/a	n/a	n/a	n/a	n/a	n/a	n/a	n/a	n/a	n/a	n/a	n/a	n/a	n/a	n/a	1349.624833	n/a
1352.338316	0.000000	540935	stimulus_presentation	n/a	43	n/a	n/a	n/a	n/a	n/a	n/a	n/a	n/a	n/a	n/a	n/a	n/a	n/a	n/a	n/a	n/a	n/a	n/a	n/a	1352.340801	n/a
1352.338316	0.000000	540935	ttl	7	n/a	n/a	n/a	n/a	n/a	n/a	n/a	n/a	n/a	n/a	n/a	n/a	n/a	n/a	n/a	n/a	n/a	n/a	n/a	n/a	1352.340801	n/a
1353.437190	0.000000	541375	ttl	8	n/a	n/a	n/a	n/a	n/a	n/a	n/a	n/a	n/a	n/a	n/a	n/a	n/a	n/a	n/a	n/a	n/a	n/a	n/a	n/a	1353.439675	n/a
1353.487409	11.163371	541395	sternberg_trial	n/a	n/a	157	256	455	157	3	1	1	1354.440081	1356.455987	1356.605705	1358.62233	1358.7222669999999	1360.738641	1353.489894	1360.738641	1363.4220149999999	1364.653265	intervals/trials	138	1353.489894	1364.653265
1353.487409	0.000000	541395	ttl	11	n/a	n/a	n/a	n/a	n/a	n/a	n/a	n/a	n/a	n/a	n/a	n/a	n/a	n/a	n/a	n/a	n/a	n/a	n/a	n/a	1353.489894	n/a
1354.437596	0.000000	541775	stimulus_presentation	n/a	57	n/a	n/a	n/a	n/a	n/a	n/a	n/a	n/a	n/a	n/a	n/a	n/a	n/a	n/a	n/a	n/a	n/a	n/a	n/a	1354.440081	n/a
1354.437596	0.000000	541775	ttl	1	n/a	n/a	n/a	n/a	n/a	n/a	n/a	n/a	n/a	n/a	n/a	n/a	n/a	n/a	n/a	n/a	n/a	n/a	n/a	n/a	1354.440081	n/a
1356.453502	0.000000	542581	ttl	5	n/a	n/a	n/a	n/a	n/a	n/a	n/a	n/a	n/a	n/a	n/a	n/a	n/a	n/a	n/a	n/a	n/a	n/a	n/a	n/a	1356.455987	n/a
1356.603220	0.000000	542641	stimulus_presentation	n/a	113	n/a	n/a	n/a	n/a	n/a	n/a	n/a	n/a	n/a	n/a	n/a	n/a	n/a	n/a	n/a	n/a	n/a	n/a	n/a	1356.605705	n/a
1356.603220	0.000000	542641	ttl	2	n/a	n/a	n/a	n/a	n/a	n/a	n/a	n/a	n/a	n/a	n/a	n/a	n/a	n/a	n/a	n/a	n/a	n/a	n/a	n/a	1356.605705	n/a
1358.619845	0.000000	543448	ttl	5	n/a	n/a	n/a	n/a	n/a	n/a	n/a	n/a	n/a	n/a	n/a	n/a	n/a	n/a	n/a	n/a	n/a	n/a	n/a	n/a	1358.622330	n/a
1358.719782	0.000000	543488	stimulus_presentation	n/a	225	n/a	n/a	n/a	n/a	n/a	n/a	n/a	n/a	n/a	n/a	n/a	n/a	n/a	n/a	n/a	n/a	n/a	n/a	n/a	1358.722267	n/a
1358.719782	0.000000	543488	ttl	3	n/a	n/a	n/a	n/a	n/a	n/a	n/a	n/a	n/a	n/a	n/a	n/a	n/a	n/a	n/a	n/a	n/a	n/a	n/a	n/a	1358.722267	n/a
1360.736156	0.000000	544294	ttl	6	n/a	n/a	n/a	n/a	n/a	n/a	n/a	n/a	n/a	n/a	n/a	n/a	n/a	n/a	n/a	n/a	n/a	n/a	n/a	n/a	1360.738641	n/a
1363.419530	0.000000	545368	stimulus_presentation	n/a	57	n/a	n/a	n/a	n/a	n/a	n/a	n/a	n/a	n/a	n/a	n/a	n/a	n/a	n/a	n/a	n/a	n/a	n/a	n/a	1363.422015	n/a
1363.419530	0.000000	545368	ttl	7	n/a	n/a	n/a	n/a	n/a	n/a	n/a	n/a	n/a	n/a	n/a	n/a	n/a	n/a	n/a	n/a	n/a	n/a	n/a	n/a	1363.422015	n/a
1364.650780	0.000000	545860	ttl	8	n/a	n/a	n/a	n/a	n/a	n/a	n/a	n/a	n/a	n/a	n/a	n/a	n/a	n/a	n/a	n/a	n/a	n/a	n/a	n/a	1364.653265	n/a
1364.701936	30.357269	545881	sternberg_trial	n/a	n/a	257	0	0	327	1	0	1	1365.8043579999999	1367.820638	0.0	0.0	0.0	0.0	1364.704421	1367.820638	1370.5038869999998	1395.06169	intervals/trials	139	1364.704421	1395.061690
1364.701936	0.000000	545881	ttl	11	n/a	n/a	n/a	n/a	n/a	n/a	n/a	n/a	n/a	n/a	n/a	n/a	n/a	n/a	n/a	n/a	n/a	n/a	n/a	n/a	1364.704421	n/a
1365.801873	0.000000	546321	stimulus_presentation	n/a	114	n/a	n/a	n/a	n/a	n/a	n/a	n/a	n/a	n/a	n/a	n/a	n/a	n/a	n/a	n/a	n/a	n/a	n/a	n/a	1365.804358	n/a
1365.801873	0.000000	546321	ttl	1	n/a	n/a	n/a	n/a	n/a	n/a	n/a	n/a	n/a	n/a	n/a	n/a	n/a	n/a	n/a	n/a	n/a	n/a	n/a	n/a	1365.804358	n/a
1365.811873	0.000000	546325	stimulus_presentation	n/a	0	n/a	n/a	n/a	n/a	n/a	n/a	n/a	n/a	n/a	n/a	n/a	n/a	n/a	n/a	n/a	n/a	n/a	n/a	n/a	1365.814358	n/a
1365.821873	0.000000	546329	stimulus_presentation	n/a	0	n/a	n/a	n/a	n/a	n/a	n/a	n/a	n/a	n/a	n/a	n/a	n/a	n/a	n/a	n/a	n/a	n/a	n/a	n/a	1365.824358	n/a
1367.818153	0.000000	547127	ttl	6	n/a	n/a	n/a	n/a	n/a	n/a	n/a	n/a	n/a	n/a	n/a	n/a	n/a	n/a	n/a	n/a	n/a	n/a	n/a	n/a	1367.820638	n/a
1370.501402	0.000000	548201	stimulus_presentation	n/a	141	n/a	n/a	n/a	n/a	n/a	n/a	n/a	n/a	n/a	n/a	n/a	n/a	n/a	n/a	n/a	n/a	n/a	n/a	n/a	1370.503887	n/a
1370.501402	0.000000	548201	ttl	7	n/a	n/a	n/a	n/a	n/a	n/a	n/a	n/a	n/a	n/a	n/a	n/a	n/a	n/a	n/a	n/a	n/a	n/a	n/a	n/a	1370.503887	n/a
1395.059205	0.000000	558024	ttl	8	n/a	n/a	n/a	n/a	n/a	n/a	n/a	n/a	n/a	n/a	n/a	n/a	n/a	n/a	n/a	n/a	n/a	n/a	n/a	n/a	1395.061690	n/a
1452.170651	0.000000	580868	ttl	60	n/a	n/a	n/a	n/a	n/a	n/a	n/a	n/a	n/a	n/a	n/a	n/a	n/a	n/a	n/a	n/a	n/a	n/a	n/a	n/a	1452.173136	n/a
